v -6.000000 -0.352994 -6.490334
v -6.000000 -0.352996 6.490334
v -6.000000 -0.000001 6.500000
v -5.980785 -0.000001 6.695090
v -6.000000 -0.000001 6.500000
v -6.000000 -0.352996 6.490334
v -6.000000 0.000001 -6.500000
v -6.000000 0.351555 6.490504
v -5.980785 0.656233 6.662852
v -6.000000 0.351555 6.490504
v -6.000000 -0.000001 6.500000
v -5.980785 -0.000001 6.695090
v -6.000000 -0.703264 -6.461831
v -6.000000 -0.703265 6.461831
v -5.980785 -0.656235 6.662852
v -6.000000 -0.703265 6.461831
v -6.000000 -1.050884 -6.414474
v -6.000000 -1.050885 6.414474
v -6.000000 -1.050885 6.414474
v -6.000000 -1.396849 -6.348046
v -6.000000 -1.396849 6.348046
v -5.980785 -1.306148 6.566446
v -6.000000 -1.396849 6.348046
v -6.000000 -1.739094 -6.262997
v -6.000000 -1.739094 6.262998
v -6.000000 -1.739094 6.262998
v -6.000000 -2.075120 -6.159833
v -6.000000 -2.075120 6.159833
v -5.980785 -1.943483 6.406802
v -6.000000 -2.075120 6.159833
v -6.000000 -2.406067 -6.038199
v -6.000000 -2.406066 6.038199
v -6.000000 -2.406066 6.038199
v -6.000000 -2.729799 -5.898987
v -6.000000 -2.729799 5.898989
v -5.980785 -2.562101 6.185457
v -6.000000 -2.729799 5.898989
v -6.000000 -3.044752 -5.742726
v -6.000000 -3.044751 5.742726
v -6.000000 -3.044751 5.742726
v -6.000000 -3.351781 -5.569082
v -6.000000 -3.351780 5.569083
v -5.980785 -3.156045 5.904542
v -6.000000 -3.351780 5.569083
v -6.000000 -3.648414 -5.379505
v -6.000000 -3.648414 5.379505
v -5.980785 -3.719594 5.566763
v -6.000000 -3.648414 5.379505
v -6.000000 -3.934141 -5.174139
v -6.000000 -3.934141 5.174139
v -6.000000 -3.934141 5.174139
v -6.000000 -4.209049 -4.953099
v -6.000000 -4.209048 4.953101
v -5.980785 -4.247321 5.175375
v -6.000000 -4.209048 4.953101
v -6.000000 -4.470788 -4.718263
v -6.000000 -4.470788 4.718263
v -6.000000 -4.470788 4.718263
v -6.000000 -4.719748 -4.469119
v -6.000000 -4.719748 4.469118
v -5.980785 -4.734145 4.734144
v -6.000000 -4.719748 4.469118
v -6.000000 -4.955166 -4.206646
v -6.000000 -4.955168 4.206645
v -6.000000 -4.955168 4.206645
v -6.000000 -5.175271 -3.932725
v -6.000000 -5.175273 3.932721
v -5.980785 -5.175375 4.247320
v -6.000000 -5.175273 3.932721
v -6.000000 -5.380753 -3.646439
v -6.000000 -5.380756 3.646433
v -6.000000 -5.380756 3.646433
v -6.000000 -5.570449 -3.349612
v -6.000000 -5.570454 3.349605
v -5.980785 -5.566764 3.719592
v -6.000000 -5.570454 3.349605
v -6.000000 -5.743279 -3.043723
v -6.000000 -5.743282 3.043715
v -5.980785 -5.904543 3.156043
v -6.000000 -5.743282 3.043715
v -6.000000 -5.899793 -2.727919
v -6.000000 -5.899797 2.727909
v -6.000000 -5.899797 2.727909
v -6.000000 -6.038823 -2.404704
v -6.000000 -6.038826 2.404693
v -5.980785 -6.185458 2.562099
v -6.000000 -6.038826 2.404693
v -6.000000 -6.159934 -2.074723
v -6.000000 -6.159937 2.074711
v -6.000000 -6.159937 2.074711
v -6.000000 -6.263335 -1.737793
v -6.000000 -6.263337 1.737781
v -5.980785 -6.406802 1.943481
v -6.000000 -6.263337 1.737781
v -6.000000 -6.348149 -1.396772
v -6.000000 -6.348151 1.396760
v -6.000000 -6.348151 1.396760
v -6.000000 -6.414364 -1.051196
v -6.000000 -6.414366 1.051183
v -5.980785 -6.566446 1.306146
v -6.000000 -6.414366 1.051183
v -6.000000 -6.461936 -0.702075
v -6.000000 -6.461937 0.702061
v -6.000000 -6.461937 0.702061
v -6.000000 -6.490443 -0.352042
v -6.000000 -6.490443 0.352028
v -5.980785 -6.662852 0.656233
v -6.000000 -6.490443 0.352028
v -6.000000 -6.499924 -0.000007
v -6.000000 -6.499924 -0.000007
v -5.980785 -6.695090 -0.000001
v -6.000000 -6.490443 -0.352042
v -5.980785 -6.662852 -0.656235
v -6.000000 -6.461936 -0.702075
v -6.000000 -6.414364 -1.051196
v -5.980785 -6.566446 -1.306148
v -6.000000 -6.348149 -1.396772
v -6.000000 -6.263335 -1.737793
v -5.980785 -6.406802 -1.943483
v -6.000000 -6.159934 -2.074723
v -6.000000 -6.038823 -2.404704
v -5.980785 -6.185457 -2.562101
v -6.000000 -5.899793 -2.727919
v -6.000000 -5.743279 -3.043723
v -5.980785 -5.904542 -3.156045
v -6.000000 -5.570449 -3.349612
v -5.980785 -5.566763 -3.719594
v -6.000000 -5.380753 -3.646439
v -6.000000 -5.175271 -3.932725
v -5.980785 -5.175375 -4.247321
v -6.000000 -4.955166 -4.206646
v -6.000000 -4.719748 -4.469119
v -5.980785 -4.734144 -4.734145
v -6.000000 -4.470788 -4.718263
v -6.000000 -4.209049 -4.953099
v -5.980785 -4.247320 -5.175375
v -6.000000 -3.934141 -5.174139
v -6.000000 -3.648414 -5.379505
v -5.980785 -3.719592 -5.566764
v -6.000000 -3.351781 -5.569082
v -5.980785 -3.156043 -5.904543
v -6.000000 -3.044752 -5.742726
v -6.000000 -2.729799 -5.898987
v -5.980785 -2.562099 -6.185458
v -6.000000 -2.406067 -6.038199
v -6.000000 -2.075120 -6.159833
v -5.980785 -1.943481 -6.406802
v -6.000000 -1.739094 -6.262997
v -6.000000 -1.396849 -6.348046
v -5.980785 -1.306146 -6.566446
v -6.000000 -1.050884 -6.414474
v -6.000000 -0.703264 -6.461831
v -5.980785 -0.656233 -6.662852
v -6.000000 -0.352994 -6.490334
v -6.000000 0.000001 -6.500000
v -6.000000 0.351557 -6.490504
v -5.980785 0.000001 -6.695090
v -6.000000 0.000001 -6.500000
v -6.000000 0.351557 -6.490504
v -5.980785 0.000001 -6.695090
v -6.000000 0.700818 6.462159
v -6.000000 0.700820 -6.462159
v -5.980785 0.656235 -6.662852
v -6.000000 0.700820 -6.462159
v -6.000000 1.047874 6.414947
v -6.000000 1.047876 -6.414947
v -6.000000 1.047876 -6.414947
v -6.000000 1.393893 6.348638
v -6.000000 1.393895 -6.348638
v -5.980785 1.306148 -6.566446
v -6.000000 1.393895 -6.348638
v -6.000000 1.736451 6.263710
v -6.000000 1.736453 -6.263710
v -6.000000 1.736453 -6.263710
v -6.000000 2.072556 6.160706
v -6.000000 2.072558 -6.160705
v -5.980785 1.943483 -6.406802
v -6.000000 2.072558 -6.160705
v -6.000000 2.403414 6.039270
v -6.000000 2.403416 -6.039269
v -6.000000 2.403416 -6.039269
v -6.000000 2.727062 5.900258
v -6.000000 2.727064 -5.900257
v -5.980785 2.562101 -6.185457
v -6.000000 2.727064 -5.900257
v -6.000000 3.042041 5.744156
v -6.000000 3.042043 -5.744155
v -6.000000 3.042043 -5.744155
v -6.000000 3.349166 5.570650
v -6.000000 3.349168 -5.570649
v -5.980785 3.156045 -5.904542
v -6.000000 3.349168 -5.570649
v -6.000000 3.645900 5.381208
v -6.000000 3.645902 -5.381207
v -5.980785 3.719594 -5.566763
v -6.000000 3.645902 -5.381207
v -6.000000 3.931697 5.176001
v -6.000000 3.931699 -5.176000
v -6.000000 3.931699 -5.176000
v -6.000000 4.206674 4.955122
v -6.000000 4.206675 -4.955122
v -5.980785 4.247321 -5.175375
v -6.000000 4.206675 -4.955122
v -6.000000 4.468512 4.720417
v -6.000000 4.468513 -4.720417
v -6.000000 4.468513 -4.720417
v -6.000000 4.717607 4.471376
v -6.000000 4.717608 -4.471375
v -5.980785 4.734145 -4.734144
v -6.000000 4.717608 -4.471375
v -6.000000 4.953187 4.208980
v -6.000000 4.953188 -4.208978
v -6.000000 4.953188 -4.208978
v -6.000000 5.173470 3.935092
v -6.000000 5.173470 -3.935090
v -5.980785 5.175375 -4.247320
v -6.000000 5.173470 -3.935090
v -6.000000 5.379149 3.648803
v -6.000000 5.379150 -3.648801
v -6.000000 5.379150 -3.648801
v -6.000000 5.569055 3.351933
v -6.000000 5.569056 -3.351931
v -5.980785 5.566764 -3.719592
v -6.000000 5.569056 -3.351931
v -6.000000 5.742094 3.045953
v -6.000000 5.742095 -3.045951
v -5.980785 5.904543 -3.156043
v -6.000000 5.742095 -3.045951
v -6.000000 5.898824 2.730012
v -6.000000 5.898825 -2.730010
v -6.000000 5.898825 -2.730010
v -6.000000 6.038059 2.406623
v -6.000000 6.038060 -2.406621
v -5.980785 6.185458 -2.562099
v -6.000000 6.038060 -2.406621
v -6.000000 6.159356 2.076431
v -6.000000 6.159357 -2.076429
v -6.000000 6.159357 -2.076429
v -6.000000 6.262929 1.739254
v -6.000000 6.262929 -1.739252
v -5.980785 6.406802 -1.943481
v -6.000000 6.262929 -1.739252
v -6.000000 6.347886 1.397968
v -6.000000 6.347886 -1.397966
v -6.000000 6.347886 -1.397966
v -6.000000 6.414214 1.052105
v -6.000000 6.414214 -1.052103
v -5.980785 6.566446 -1.306146
v -6.000000 6.414214 -1.052103
v -6.000000 6.461870 0.702682
v -6.000000 6.461870 -0.702680
v -6.000000 6.461870 -0.702680
v -6.000000 6.490426 0.352346
v -6.000000 6.490426 -0.352344
v -5.980785 6.662852 -0.656233
v -6.000000 6.490426 -0.352344
v -6.000000 6.499924 0.000001
v -6.000000 6.499924 0.000001
v -5.980785 6.695090 0.000001
v -6.000000 6.490426 0.352346
v -5.980785 6.662852 0.656235
v -6.000000 6.461870 0.702682
v -6.000000 6.414214 1.052105
v -5.980785 6.566446 1.306148
v -6.000000 6.347886 1.397968
v -6.000000 6.262929 1.739254
v -5.980785 6.406802 1.943483
v -6.000000 6.159356 2.076431
v -6.000000 6.038059 2.406623
v -5.980785 6.185457 2.562101
v -6.000000 5.898824 2.730012
v -6.000000 5.742094 3.045953
v -5.980785 5.904542 3.156045
v -6.000000 5.569055 3.351933
v -5.980785 5.566763 3.719594
v -6.000000 5.379149 3.648803
v -6.000000 5.173470 3.935092
v -5.980785 5.175375 4.247321
v -6.000000 4.953187 4.208980
v -6.000000 4.717607 4.471376
v -5.980785 4.734144 4.734145
v -6.000000 4.468512 4.720417
v -6.000000 4.206674 4.955122
v -5.980785 4.247320 5.175375
v -6.000000 3.931697 5.176001
v -6.000000 3.645900 5.381208
v -5.980785 3.719592 5.566764
v -6.000000 3.349166 5.570650
v -5.980785 3.156043 5.904543
v -6.000000 3.042041 5.744156
v -6.000000 2.727062 5.900258
v -5.980785 2.562099 6.185458
v -6.000000 2.403414 6.039270
v -6.000000 2.072556 6.160706
v -5.980785 1.943481 6.406802
v -6.000000 1.736451 6.263710
v -6.000000 1.393893 6.348638
v -5.980785 1.306146 6.566446
v -6.000000 1.047874 6.414947
v -6.000000 0.700818 6.462159
v 6.000000 -0.352996 6.490334
v 6.000000 -0.352994 -6.490334
v 6.000000 0.000001 -6.500000
v 5.981014 0.000001 -6.693935
v 6.000000 0.000001 -6.500000
v 6.000000 -0.352994 -6.490334
v 6.000000 -0.000001 6.500000
v 6.000000 0.351557 -6.490504
v 5.981014 0.656121 -6.661702
v 6.000000 0.351557 -6.490504
v 6.000000 0.000001 -6.500000
v 5.981014 0.000001 -6.693935
v 6.000000 -0.703265 6.461831
v 6.000000 -0.703264 -6.461831
v 5.981014 -0.656119 -6.661702
v 6.000000 -0.703264 -6.461831
v 6.000000 -1.050885 6.414474
v 6.000000 -1.050884 -6.414474
v 6.000000 -1.050884 -6.414474
v 6.000000 -1.396849 6.348046
v 6.000000 -1.396849 -6.348046
v 5.981014 -1.305921 -6.565313
v 6.000000 -1.396849 -6.348046
v 6.000000 -1.739094 6.262998
v 6.000000 -1.739094 -6.262997
v 6.000000 -1.739094 -6.262997
v 6.000000 -2.075120 6.159833
v 6.000000 -2.075120 -6.159833
v 5.981014 -1.943146 -6.405696
v 6.000000 -2.075120 -6.159833
v 6.000000 -2.406066 6.038199
v 6.000000 -2.406066 -6.038199
v 6.000000 -2.406066 -6.038199
v 6.000000 -2.729799 5.898989
v 6.000000 -2.729799 -5.898987
v 5.981014 -2.561657 -6.184390
v 6.000000 -2.729799 -5.898987
v 6.000000 -3.044751 5.742726
v 6.000000 -3.044751 -5.742726
v 6.000000 -3.044751 -5.742726
v 6.000000 -3.351780 5.569083
v 6.000000 -3.351781 -5.569082
v 5.981014 -3.155498 -5.903523
v 6.000000 -3.351781 -5.569082
v 6.000000 -3.648414 5.379505
v 6.000000 -3.648414 -5.379505
v 5.981014 -3.718950 -5.565804
v 6.000000 -3.648414 -5.379505
v 6.000000 -3.934141 5.174139
v 6.000000 -3.934141 -5.174139
v 6.000000 -3.934141 -5.174139
v 6.000000 -4.209048 4.953101
v 6.000000 -4.209049 -4.953099
v 5.981014 -4.246586 -5.174482
v 6.000000 -4.209049 -4.953099
v 6.000000 -4.470788 4.718263
v 6.000000 -4.470788 -4.718263
v 6.000000 -4.470788 -4.718263
v 6.000000 -4.719748 4.469118
v 6.000000 -4.719748 -4.469119
v 5.981014 -4.733326 -4.733327
v 6.000000 -4.719748 -4.469119
v 6.000000 -4.955168 4.206645
v 6.000000 -4.955165 -4.206646
v 6.000000 -4.955165 -4.206646
v 6.000000 -5.175273 3.932720
v 6.000000 -5.175271 -3.932725
v 5.981014 -5.174481 -4.246587
v 6.000000 -5.175271 -3.932725
v 6.000000 -5.380756 3.646433
v 6.000000 -5.380753 -3.646439
v 6.000000 -5.380753 -3.646439
v 6.000000 -5.570454 3.349605
v 6.000000 -5.570449 -3.349612
v 5.981014 -5.565803 -3.718952
v 6.000000 -5.570449 -3.349612
v 6.000000 -5.743282 3.043714
v 6.000000 -5.743279 -3.043723
v 5.981014 -5.903522 -3.155500
v 6.000000 -5.743279 -3.043723
v 6.000000 -5.899797 2.727909
v 6.000000 -5.899793 -2.727919
v 6.000000 -5.899793 -2.727919
v 6.000000 -6.038826 2.404693
v 6.000000 -6.038823 -2.404704
v 5.981014 -6.184389 -2.561659
v 6.000000 -6.038823 -2.404704
v 6.000000 -6.159937 2.074711
v 6.000000 -6.159934 -2.074723
v 6.000000 -6.159934 -2.074723
v 6.000000 -6.263337 1.737781
v 6.000000 -6.263335 -1.737793
v 5.981014 -6.405696 -1.943148
v 6.000000 -6.263335 -1.737793
v 6.000000 -6.348151 1.396759
v 6.000000 -6.348149 -1.396772
v 6.000000 -6.348149 -1.396772
v 6.000000 -6.414366 1.051183
v 6.000000 -6.414364 -1.051196
v 5.981014 -6.565313 -1.305923
v 6.000000 -6.414364 -1.051196
v 6.000000 -6.461937 0.702061
v 6.000000 -6.461936 -0.702075
v 6.000000 -6.461936 -0.702075
v 6.000000 -6.490443 0.352028
v 6.000000 -6.490443 -0.352042
v 5.981014 -6.661702 -0.656121
v 6.000000 -6.490443 -0.352042
v 6.000000 -6.499924 -0.000007
v 6.000000 -6.499924 -0.000007
v 5.981014 -6.693935 -0.000001
v 6.000000 -6.490443 0.352028
v 5.981014 -6.661702 0.656119
v 6.000000 -6.461937 0.702061
v 6.000000 -6.414366 1.051183
v 5.981014 -6.565313 1.305921
v 6.000000 -6.348151 1.396759
v 6.000000 -6.263337 1.737781
v 5.981014 -6.405696 1.943146
v 6.000000 -6.159937 2.074711
v 6.000000 -6.038826 2.404693
v 5.981014 -6.184390 2.561657
v 6.000000 -5.899797 2.727909
v 6.000000 -5.743282 3.043714
v 5.981014 -5.903523 3.155498
v 6.000000 -5.570454 3.349605
v 5.981014 -5.565804 3.718950
v 6.000000 -5.380756 3.646433
v 6.000000 -5.175273 3.932720
v 5.981014 -5.174482 4.246586
v 6.000000 -4.955168 4.206645
v 6.000000 -4.719748 4.469118
v 5.981014 -4.733327 4.733326
v 6.000000 -4.470788 4.718263
v 6.000000 -4.209048 4.953101
v 5.981014 -4.246587 5.174481
v 6.000000 -3.934141 5.174139
v 6.000000 -3.648414 5.379505
v 5.981014 -3.718952 5.565803
v 6.000000 -3.351780 5.569083
v 5.981014 -3.155500 5.903522
v 6.000000 -3.044751 5.742726
v 6.000000 -2.729799 5.898989
v 5.981014 -2.561659 6.184389
v 6.000000 -2.406066 6.038199
v 6.000000 -2.075120 6.159833
v 5.981014 -1.943148 6.405696
v 6.000000 -1.739094 6.262998
v 6.000000 -1.396849 6.348046
v 5.981014 -1.305923 6.565313
v 6.000000 -1.050885 6.414474
v 6.000000 -0.703265 6.461831
v 5.981014 -0.656121 6.661702
v 6.000000 -0.352996 6.490334
v 6.000000 -0.000001 6.500000
v 6.000000 0.351555 6.490504
v 5.981014 -0.000001 6.693935
v 6.000000 -0.000001 6.500000
v 6.000000 0.351555 6.490504
v 5.981014 -0.000001 6.693935
v 6.000000 0.700820 -6.462159
v 6.000000 0.700818 6.462159
v 5.981014 0.656119 6.661702
v 6.000000 0.700818 6.462159
v 6.000000 1.047876 -6.414947
v 6.000000 1.047874 6.414947
v 6.000000 1.047874 6.414947
v 6.000000 1.393895 -6.348638
v 6.000000 1.393893 6.348638
v 5.981014 1.305921 6.565313
v 6.000000 1.393893 6.348638
v 6.000000 1.736453 -6.263710
v 6.000000 1.736451 6.263710
v 6.000000 1.736451 6.263710
v 6.000000 2.072558 -6.160705
v 6.000000 2.072556 6.160706
v 5.981014 1.943146 6.405696
v 6.000000 2.072556 6.160706
v 6.000000 2.403416 -6.039269
v 6.000000 2.403414 6.039270
v 6.000000 2.403414 6.039270
v 6.000000 2.727064 -5.900257
v 6.000000 2.727062 5.900258
v 5.981014 2.561657 6.184390
v 6.000000 2.727062 5.900258
v 6.000000 3.042043 -5.744155
v 6.000000 3.042041 5.744156
v 6.000000 3.042041 5.744156
v 6.000000 3.349168 -5.570649
v 6.000000 3.349166 5.570650
v 5.981014 3.155498 5.903523
v 6.000000 3.349166 5.570650
v 6.000000 3.645902 -5.381207
v 6.000000 3.645900 5.381208
v 5.981014 3.718950 5.565804
v 6.000000 3.645900 5.381208
v 6.000000 3.931699 -5.176000
v 6.000000 3.931697 5.176001
v 6.000000 3.931697 5.176001
v 6.000000 4.206675 -4.955122
v 6.000000 4.206674 4.955122
v 5.981014 4.246586 5.174482
v 6.000000 4.206674 4.955122
v 6.000000 4.468513 -4.720417
v 6.000000 4.468512 4.720417
v 6.000000 4.468512 4.720417
v 6.000000 4.717608 -4.471375
v 6.000000 4.717607 4.471376
v 5.981014 4.733326 4.733327
v 6.000000 4.717607 4.471376
v 6.000000 4.953188 -4.208978
v 6.000000 4.953187 4.208980
v 6.000000 4.953187 4.208980
v 6.000000 5.173470 -3.935090
v 6.000000 5.173470 3.935092
v 5.981014 5.174481 4.246587
v 6.000000 5.173470 3.935092
v 6.000000 5.379150 -3.648801
v 6.000000 5.379149 3.648803
v 6.000000 5.379149 3.648803
v 6.000000 5.569056 -3.351931
v 6.000000 5.569055 3.351933
v 5.981014 5.565803 3.718952
v 6.000000 5.569055 3.351933
v 6.000000 5.742095 -3.045951
v 6.000000 5.742094 3.045953
v 5.981014 5.903522 3.155500
v 6.000000 5.742094 3.045953
v 6.000000 5.898825 -2.730010
v 6.000000 5.898824 2.730012
v 6.000000 5.898824 2.730012
v 6.000000 6.038060 -2.406621
v 6.000000 6.038059 2.406623
v 5.981014 6.184389 2.561659
v 6.000000 6.038059 2.406623
v 6.000000 6.159357 -2.076429
v 6.000000 6.159356 2.076431
v 6.000000 6.159356 2.076431
v 6.000000 6.262929 -1.739252
v 6.000000 6.262929 1.739254
v 5.981014 6.405696 1.943148
v 6.000000 6.262929 1.739254
v 6.000000 6.347886 -1.397966
v 6.000000 6.347886 1.397968
v 6.000000 6.347886 1.397968
v 6.000000 6.414214 -1.052103
v 6.000000 6.414214 1.052105
v 5.981014 6.565313 1.305923
v 6.000000 6.414214 1.052105
v 6.000000 6.461870 -0.702680
v 6.000000 6.461870 0.702682
v 6.000000 6.461870 0.702682
v 6.000000 6.490426 -0.352344
v 6.000000 6.490426 0.352346
v 5.981014 6.661702 0.656121
v 6.000000 6.490426 0.352346
v 6.000000 6.499924 0.000001
v 6.000000 6.499924 0.000001
v 5.981014 6.693935 0.000001
v 6.000000 6.490426 -0.352344
v 5.981014 6.661702 -0.656119
v 6.000000 6.461870 -0.702680
v 6.000000 6.414214 -1.052103
v 5.981014 6.565313 -1.305921
v 6.000000 6.347886 -1.397966
v 6.000000 6.262929 -1.739252
v 5.981014 6.405696 -1.943146
v 6.000000 6.159357 -2.076429
v 6.000000 6.038060 -2.406621
v 5.981014 6.184390 -2.561657
v 6.000000 5.898825 -2.730010
v 6.000000 5.742095 -3.045951
v 5.981014 5.903523 -3.155498
v 6.000000 5.569056 -3.351931
v 5.981014 5.565804 -3.718950
v 6.000000 5.379150 -3.648801
v 6.000000 5.173470 -3.935090
v 5.981014 5.174482 -4.246586
v 6.000000 4.953188 -4.208978
v 6.000000 4.717608 -4.471375
v 5.981014 4.733327 -4.733326
v 6.000000 4.468513 -4.720417
v 6.000000 4.206675 -4.955122
v 5.981014 4.246587 -5.174481
v 6.000000 3.931699 -5.176000
v 6.000000 3.645902 -5.381207
v 5.981014 3.718952 -5.565803
v 6.000000 3.349168 -5.570649
v 5.981014 3.155500 -5.903522
v 6.000000 3.042043 -5.744155
v 6.000000 2.727064 -5.900257
v 5.981014 2.561659 -6.184389
v 6.000000 2.403416 -6.039269
v 6.000000 2.072558 -6.160705
v 5.981014 1.943148 -6.405696
v 6.000000 1.736453 -6.263710
v 6.000000 1.393895 -6.348638
v 5.981014 1.305923 -6.565313
v 6.000000 1.047876 -6.414947
v 6.000000 0.700820 -6.462159
v -5.000000 -0.758762 7.461520
v 5.000000 -0.758762 7.461520
v 5.000000 -0.000001 7.500000
v 5.195090 -0.000001 7.480785
v 5.000000 -0.000001 7.500000
v 5.000000 -0.758762 7.461520
v -5.000000 -0.000001 7.500000
v 5.000000 0.735126 7.463886
v -5.000000 -0.000001 7.500000
v 5.000000 -0.000001 7.500000
v 5.195090 0.733244 7.444763
v 5.000000 0.735126 7.463886
v 5.000000 -0.000001 7.500000
v 5.195090 -0.000001 7.480785
v -5.000000 -1.509738 7.346475
v 5.000000 -1.509738 7.346475
v 5.195090 -1.459430 7.337044
v 5.000000 -1.509738 7.346475
v 5.195090 -0.733246 7.444763
v -5.000000 -2.245221 7.156044
v 5.000000 -2.245221 7.156044
v 5.195090 -2.171558 7.158665
v 5.000000 -2.245221 7.156044
v -5.000000 -2.957666 6.892185
v 5.000000 -2.957666 6.892185
v 5.195090 -2.862774 6.911344
v 5.000000 -2.957666 6.892185
v -5.000000 -3.639762 6.557601
v 5.000000 -3.639762 6.557601
v 5.195090 -3.526419 6.597464
v 5.000000 -3.639762 6.557601
v -5.000000 -4.284509 6.155728
v 5.000000 -4.284509 6.155728
v 5.195090 -4.156103 6.220046
v 5.000000 -4.284509 6.155728
v -5.000000 -4.885288 5.690691
v 5.000000 -4.885288 5.690691
v 5.195090 -4.745760 5.782724
v 5.000000 -4.885288 5.690691
v -5.000000 -5.435939 5.167260
v 5.000000 -5.435939 5.167260
v 5.195090 -5.289714 5.289713
v 5.000000 -5.435939 5.167260
v -5.000000 -5.930811 4.590804
v 5.000000 -5.930811 4.590804
v 5.195090 -5.782725 4.745759
v 5.000000 -5.930811 4.590804
v -5.000000 -6.364827 3.967239
v 5.000000 -6.364827 3.967239
v 5.195090 -6.220047 4.156101
v 5.000000 -6.364827 3.967239
v -5.000000 -6.733530 3.302965
v 5.000000 -6.733530 3.302965
v 5.195090 -6.597465 3.526417
v 5.000000 -6.733530 3.302965
v -5.000000 -7.033138 2.604796
v 5.000000 -7.033138 2.604796
v 5.195090 -6.911345 2.862772
v 5.000000 -7.033138 2.604796
v -5.000000 -7.260577 1.879897
v 5.000000 -7.260577 1.879897
v 5.195090 -7.158666 2.171556
v 5.000000 -7.260577 1.879897
v -5.000000 -7.413513 1.135707
v 5.000000 -7.413513 1.135707
v 5.195090 -7.337044 1.459428
v 5.000000 -7.413513 1.135707
v -5.000000 -7.490374 0.379867
v 5.000000 -7.490374 0.379867
v 5.195090 -7.444763 0.733244
v 5.000000 -7.490374 0.379867
v -5.000000 -7.490374 -0.379869
v 5.000000 -7.490374 -0.379869
v 5.195090 -7.480785 -0.000001
v 5.000000 -7.490374 -0.379869
v -5.000000 -7.413513 -1.135709
v 5.000000 -7.413513 -1.135709
v 5.195090 -7.444763 -0.733246
v 5.000000 -7.413513 -1.135709
v -5.000000 -7.260577 -1.879898
v 5.000000 -7.260577 -1.879898
v 5.195090 -7.337044 -1.459430
v 5.000000 -7.260577 -1.879898
v -5.000000 -7.033137 -2.604798
v 5.000000 -7.033137 -2.604798
v 5.195090 -7.158665 -2.171558
v 5.000000 -7.033137 -2.604798
v -5.000000 -6.733529 -3.302967
v 5.000000 -6.733529 -3.302967
v 5.195090 -6.911344 -2.862774
v 5.000000 -6.733529 -3.302967
v -5.000000 -6.364826 -3.967241
v 5.000000 -6.364826 -3.967241
v 5.195090 -6.597464 -3.526419
v 5.000000 -6.364826 -3.967241
v -5.000000 -5.930810 -4.590805
v 5.000000 -5.930810 -4.590805
v 5.195090 -6.220046 -4.156103
v 5.000000 -5.930810 -4.590805
v -5.000000 -5.435938 -5.167261
v 5.000000 -5.435938 -5.167261
v 5.195090 -5.782724 -4.745760
v 5.000000 -5.435938 -5.167261
v -5.000000 -4.885287 -5.690691
v 5.000000 -4.885287 -5.690691
v 5.195090 -5.289713 -5.289714
v 5.000000 -4.885287 -5.690691
v -5.000000 -4.284507 -6.155729
v 5.000000 -4.284507 -6.155729
v 5.195090 -4.745759 -5.782725
v 5.000000 -4.284507 -6.155729
v -5.000000 -3.639760 -6.557602
v 5.000000 -3.639760 -6.557602
v 5.195090 -4.156101 -6.220047
v 5.000000 -3.639760 -6.557602
v -5.000000 -2.957664 -6.892186
v 5.000000 -2.957664 -6.892186
v 5.195090 -3.526417 -6.597465
v 5.000000 -2.957664 -6.892186
v -5.000000 -2.245219 -7.156045
v 5.000000 -2.245219 -7.156045
v 5.195090 -2.862772 -6.911345
v 5.000000 -2.245219 -7.156045
v -5.000000 -1.509736 -7.346475
v 5.000000 -1.509736 -7.346475
v 5.195090 -2.171556 -7.158666
v 5.000000 -1.509736 -7.346475
v -5.000000 -0.758760 -7.461520
v 5.000000 -0.758760 -7.461520
v 5.195090 -1.459428 -7.337044
v 5.000000 -0.758760 -7.461520
v -5.000000 0.000001 -7.500000
v 5.000000 0.000001 -7.500000
v 5.195090 -0.733244 -7.444763
v 5.000000 0.000001 -7.500000
v -5.000000 0.735128 -7.463886
v 5.000000 0.735128 -7.463886
v 5.195090 0.000001 -7.480785
v 5.000000 0.000001 -7.500000
v 5.000000 0.735128 -7.463886
v 5.195090 0.000001 -7.480785
v -5.000000 1.463176 -7.355890
v 5.000000 1.463176 -7.355890
v 5.195090 0.733246 -7.444763
v 5.000000 1.463176 -7.355890
v -5.000000 2.177132 -7.177053
v 5.000000 2.177132 -7.177053
v 5.195090 1.459430 -7.337044
v 5.000000 2.177132 -7.177053
v -5.000000 2.870122 -6.929098
v 5.000000 2.870122 -6.929098
v 5.195090 2.171558 -7.158665
v 5.000000 2.870122 -6.929098
v -5.000000 3.535472 -6.614411
v 5.000000 3.535472 -6.614411
v 5.195090 2.862774 -6.911344
v 5.000000 3.535472 -6.614411
v -5.000000 4.166773 -6.236024
v 5.000000 4.166773 -6.236024
v 5.195090 3.526419 -6.597464
v 5.000000 4.166773 -6.236024
v -5.000000 4.757944 -5.797584
v 5.000000 4.757944 -5.797584
v 5.195090 4.156103 -6.220046
v 5.000000 4.757944 -5.797584
v -5.000000 5.303292 -5.303308
v 5.000000 5.303292 -5.303308
v 5.195090 4.745760 -5.782724
v 5.000000 5.303292 -5.303308
v 1.522938 5.793941 -4.762379
v 5.000000 5.797569 -4.757960
v 5.195090 5.289714 -5.289713
v 5.000000 5.797569 -4.757960
v 1.010886 5.680794 -4.896792
v 0.503041 5.612661 -4.974740
v 0.000125 5.590170 -5.000000
v -5.000000 5.797569 -4.757960
v 2.548940 6.143844 -4.301532
v 5.000000 6.236014 -4.166787
v 5.195090 5.782725 -4.745759
v 5.000000 6.236014 -4.166787
v 2.036845 5.949811 -4.566153
v 3.500797 6.596169 -3.569392
v 5.000000 6.614403 -3.535487
v 5.195090 6.220047 -4.156101
v 5.000000 6.614403 -3.535487
v 3.041429 6.364022 -3.968529
v 3.910276 6.822067 -3.115991
v 5.000000 6.929091 -2.870137
v 5.195090 6.597465 -3.526417
v 5.000000 6.929091 -2.870137
v 4.255371 7.025455 -2.625447
v 5.000000 7.177051 -2.177142
v 5.195090 6.911345 -2.862772
v 5.000000 7.177051 -2.177142
v 4.738565 7.328267 -1.595775
v 5.000000 7.355888 -1.463182
v 5.195090 7.158666 -2.171556
v 5.000000 7.355888 -1.463182
v 4.529970 7.195275 -2.116132
v 4.885104 7.423926 -1.065516
v 5.000000 7.463885 -0.735130
v 5.195090 7.337044 -1.459428
v 5.000000 7.463885 -0.735130
v 4.971936 7.481186 -0.530901
v 5.000000 7.500000 0.000001
v 5.195090 7.444763 -0.733244
v 5.000000 7.500000 0.000001
v 5.000000 10.000000 0.000001
v 5.000000 7.500000 0.000001
v 4.971936 7.481186 -0.530901
v 5.000000 7.463885 0.735133
v 5.000000 7.500000 0.000001
v 4.971937 7.481188 0.530872
v 4.960481 10.000000 0.627280
v 4.971937 7.481188 0.530872
v 5.000000 7.500000 0.000001
v 5.195090 7.480785 0.000001
v 5.000000 7.463885 0.735133
v 5.000000 10.000000 0.000001
v 4.960481 10.000000 -0.627278
v 4.885104 7.423926 -1.065516
v 4.842814 10.000000 -1.243583
v 4.738565 7.328267 -1.595775
v 4.648879 10.000000 -1.840453
v 4.529970 7.195275 -2.116132
v 4.381657 10.000000 -2.408481
v 4.255371 7.025455 -2.625447
v 4.045085 10.000000 -2.938925
v 3.910276 6.822067 -3.115991
v 3.644609 10.000000 -3.422941
v 3.500797 6.596169 -3.569392
v 3.186958 10.000000 -3.852614
v 3.041429 6.364022 -3.968529
v 2.679230 10.000001 -4.221499
v 2.548940 6.143844 -4.301532
v 2.129165 10.000001 -4.523975
v 2.036845 5.949811 -4.566153
v 1.545085 10.000001 -4.755281
v 1.522938 5.793941 -4.762379
v 1.010886 5.680794 -4.896792
v 0.936596 10.000001 -4.911465
v 0.503041 5.612661 -4.974740
v 0.313793 10.000001 -4.990077
v 0.000125 5.590170 -5.000000
v -0.502726 5.612631 -4.974772
v -0.313793 10.000001 -4.990077
v -0.502726 5.612631 -4.974772
v -1.010542 5.680731 -4.896865
v -0.936596 10.000001 -4.911465
v -1.010542 5.680731 -4.896865
v -1.522700 5.793880 -4.762453
v -1.522700 5.793880 -4.762453
v -2.036866 5.949820 -4.566142
v -1.545085 10.000001 -4.755281
v -2.036866 5.949820 -4.566142
v -5.000000 6.236014 -4.166787
v -2.549285 6.143989 -4.301326
v -2.129165 10.000001 -4.523975
v -2.549285 6.143989 -4.301326
v -3.041940 6.364268 -3.968133
v -2.679230 10.000001 -4.221499
v -3.041940 6.364268 -3.968133
v -5.000000 6.614403 -3.535487
v -3.501294 6.596431 -3.568906
v -3.186958 10.000000 -3.852614
v -3.501294 6.596431 -3.568906
v -3.910634 6.822269 -3.115547
v -3.644609 10.000000 -3.422941
v -3.910634 6.822269 -3.115547
v -5.000000 6.929091 -2.870137
v -4.255569 7.025577 -2.625125
v -4.045085 10.000000 -2.938925
v -4.255569 7.025577 -2.625125
v -5.000000 7.177051 -2.177142
v -4.530139 7.195383 -2.115767
v -4.381657 10.000000 -2.408481
v -4.530139 7.195383 -2.115767
v -5.000000 7.355888 -1.463182
v -4.738681 7.328343 -1.595426
v -4.648879 10.000000 -1.840453
v -4.738681 7.328343 -1.595426
v -4.885159 7.423960 -1.065275
v -4.842814 10.000000 -1.243583
v -4.885159 7.423960 -1.065275
v -5.000000 7.463885 -0.735130
v -4.971945 7.481193 -0.530807
v -4.960481 10.000000 -0.627278
v -4.971945 7.481193 -0.530807
v -5.000000 7.500000 0.000001
v -5.000000 7.500000 0.000001
v -5.193935 7.481014 0.000001
v -5.000000 7.500000 0.000001
v -5.000000 7.463885 -0.735130
v -4.971928 7.481181 0.530969
v -5.000000 7.500000 0.000001
v -5.000000 7.463885 0.735133
v -5.193935 7.444991 0.733269
v -5.000000 7.463885 0.735133
v -5.000000 10.000000 0.000001
v -5.000000 7.500000 0.000001
v -4.971928 7.481181 0.530969
v -5.000000 10.000000 0.000001
v -5.193935 7.444991 -0.733267
v -5.000000 7.355888 -1.463182
v -5.193935 7.337269 -1.459473
v -5.000000 7.177051 -2.177142
v -5.193935 7.158885 -2.171623
v -5.000000 6.929091 -2.870137
v -5.193935 6.911556 -2.862859
v -5.000000 6.614403 -3.535487
v -5.193935 6.597666 -3.526525
v -5.000000 6.236014 -4.166787
v -5.193935 6.220236 -4.156228
v -5.000000 5.797569 -4.757960
v -5.193935 5.782902 -4.745904
v -5.000000 5.303292 -5.303308
v -5.193935 5.289876 -5.289876
v -5.000000 4.757944 -5.797584
v -5.193935 4.745905 -5.782901
v -5.000000 4.166773 -6.236024
v -5.193935 4.156230 -6.220235
v -5.000000 3.535472 -6.614411
v -5.193935 3.526527 -6.597665
v -5.000000 2.870122 -6.929098
v -5.193935 2.862861 -6.911555
v -5.000000 2.177132 -7.177053
v -5.193935 2.171625 -7.158884
v -5.000000 1.463176 -7.355890
v -5.193935 1.459475 -7.337269
v -5.000000 0.735128 -7.463886
v -5.193935 0.733269 -7.444991
v -5.000000 0.000001 -7.500000
v -5.193935 0.000001 -7.481014
v -5.000000 0.000001 -7.500000
v -5.000000 -0.758760 -7.461520
v -5.193935 0.000001 -7.481014
v -5.193935 -1.459473 -7.337269
v -5.000000 -1.509736 -7.346475
v -5.193935 -0.733267 -7.444991
v -5.193935 -2.171623 -7.158885
v -5.000000 -2.245219 -7.156045
v -5.193935 -2.862859 -6.911556
v -5.000000 -2.957664 -6.892186
v -5.193935 -3.526525 -6.597666
v -5.000000 -3.639760 -6.557602
v -5.193935 -4.156228 -6.220236
v -5.000000 -4.284507 -6.155729
v -5.193935 -4.745904 -5.782902
v -5.000000 -4.885287 -5.690691
v -5.193935 -5.289876 -5.289876
v -5.000000 -5.435938 -5.167261
v -5.193935 -5.782901 -4.745905
v -5.000000 -5.930810 -4.590805
v -5.193935 -6.220235 -4.156230
v -5.000000 -6.364826 -3.967241
v -5.193935 -6.597665 -3.526527
v -5.000000 -6.733529 -3.302967
v -5.193935 -6.911555 -2.862861
v -5.000000 -7.033137 -2.604798
v -5.193935 -7.158884 -2.171625
v -5.000000 -7.260577 -1.879898
v -5.193935 -7.337269 -1.459475
v -5.000000 -7.413513 -1.135709
v -5.193935 -7.444991 -0.733269
v -5.000000 -7.490374 -0.379869
v -5.193935 -7.481014 -0.000001
v -5.000000 -7.490374 0.379867
v -5.193935 -7.444991 0.733267
v -5.000000 -7.413513 1.135707
v -5.193935 -7.337269 1.459473
v -5.000000 -7.260577 1.879897
v -5.193935 -7.158885 2.171623
v -5.000000 -7.033138 2.604796
v -5.193935 -6.911556 2.862859
v -5.000000 -6.733530 3.302965
v -5.193935 -6.597666 3.526525
v -5.000000 -6.364827 3.967239
v -5.193935 -6.220236 4.156228
v -5.000000 -5.930811 4.590804
v -5.193935 -5.782902 4.745904
v -5.000000 -5.435939 5.167260
v -5.193935 -5.289876 5.289876
v -5.000000 -4.885288 5.690691
v -5.193935 -4.745905 5.782901
v -5.000000 -4.284509 6.155728
v -5.193935 -4.156230 6.220235
v -5.000000 -3.639762 6.557601
v -5.193935 -3.526527 6.597665
v -5.000000 -2.957666 6.892185
v -5.193935 -2.862861 6.911555
v -5.000000 -2.245221 7.156044
v -5.193935 -2.171625 7.158884
v -5.000000 -1.509738 7.346475
v -5.193935 -1.459475 7.337269
v -5.000000 -0.758762 7.461520
v -5.193935 -0.733269 7.444991
v -5.000000 -0.000001 7.500000
v -5.000000 0.735126 7.463886
v -5.193935 -0.000001 7.481014
v -5.000000 -0.000001 7.500000
v -5.000000 0.735126 7.463886
v -5.193935 -0.000001 7.481014
v 5.000000 1.463174 7.355890
v -5.000000 1.463174 7.355890
v -5.193935 0.733267 7.444991
v -5.000000 1.463174 7.355890
v 5.000000 2.177130 7.177054
v -5.000000 2.177130 7.177054
v -5.193935 1.459473 7.337269
v -5.000000 2.177130 7.177054
v 5.000000 2.870120 6.929099
v -5.000000 2.870120 6.929099
v -5.193935 2.171623 7.158885
v -5.000000 2.870120 6.929099
v 5.000000 3.535470 6.614412
v -5.000000 3.535470 6.614412
v -5.193935 2.862859 6.911556
v -5.000000 3.535470 6.614412
v 5.000000 4.166771 6.236026
v -5.000000 4.166771 6.236026
v -5.193935 3.526525 6.597666
v -5.000000 4.166771 6.236026
v 5.000000 4.757943 5.797585
v -5.000000 4.757943 5.797585
v -5.193935 4.156228 6.220236
v -5.000000 4.757943 5.797585
v 5.000000 5.303291 5.303309
v -5.000000 5.303291 5.303309
v -5.193935 4.745904 5.782902
v -5.000000 5.303291 5.303309
v -1.522964 5.793947 4.762372
v -5.000000 5.797568 4.757961
v -5.193935 5.289876 5.289876
v -5.000000 5.797568 4.757961
v -1.010928 5.680801 4.896784
v -0.503071 5.612664 4.974738
v -0.000127 5.590169 5.000000
v 5.000000 5.797568 4.757961
v -2.548865 6.143812 4.301579
v -5.000000 6.236013 4.166789
v -5.193935 5.782901 4.745905
v -5.000000 6.236013 4.166789
v -2.036826 5.949803 4.566163
v -3.500663 6.596097 3.569525
v -5.000000 6.614402 3.535489
v -5.193935 6.220235 4.156230
v -5.000000 6.614402 3.535489
v -3.041317 6.363967 3.968617
v -3.910151 6.821996 3.116147
v -5.000000 6.929090 2.870139
v -5.193935 6.597665 3.526527
v -5.000000 6.929090 2.870139
v -4.255287 7.025403 2.625586
v -5.000000 7.177050 2.177144
v -5.193935 6.911555 2.862861
v -5.000000 7.177050 2.177144
v -4.738522 7.328239 1.595905
v -5.000000 7.355888 1.463184
v -5.193935 7.158884 2.171625
v -5.000000 7.355888 1.463184
v -4.529908 7.195236 2.116265
v -4.885080 7.423910 1.065627
v -5.193935 7.337269 1.459475
v -4.960481 10.000000 0.627280
v -4.885080 7.423910 1.065627
v -4.842814 10.000000 1.243585
v -4.738522 7.328239 1.595905
v -4.648879 10.000000 1.840455
v -4.529908 7.195236 2.116265
v -4.381657 10.000000 2.408483
v -4.255287 7.025403 2.625586
v -4.045085 10.000000 2.938927
v -3.910151 6.821996 3.116147
v -3.644609 10.000000 3.422943
v -3.500663 6.596097 3.569525
v -3.186958 10.000000 3.852616
v -3.041317 6.363967 3.968617
v -2.679230 9.999999 4.221502
v -2.548865 6.143812 4.301579
v -2.129165 9.999999 4.523978
v -2.036826 5.949803 4.566163
v -1.545085 9.999999 4.755284
v -1.522964 5.793947 4.762372
v -1.010928 5.680801 4.896784
v -0.936596 9.999999 4.911468
v -0.503071 5.612664 4.974738
v -0.313793 9.999999 4.990079
v -0.000127 5.590169 5.000000
v 0.502754 5.612634 4.974771
v 0.313793 9.999999 4.990079
v 0.502754 5.612634 4.974771
v 1.010582 5.680737 4.896859
v 0.936596 9.999999 4.911468
v 1.010582 5.680737 4.896859
v 1.522724 5.793886 4.762446
v 1.522724 5.793886 4.762446
v 2.036846 5.949811 4.566152
v 1.545085 9.999999 4.755284
v 2.036846 5.949811 4.566152
v 5.000000 6.236013 4.166789
v 2.549210 6.143956 4.301373
v 2.129165 9.999999 4.523978
v 2.549210 6.143956 4.301373
v 3.041829 6.364214 3.968221
v 2.679230 9.999999 4.221502
v 3.041829 6.364214 3.968221
v 5.000000 6.614402 3.535489
v 3.501163 6.596361 3.569038
v 3.186958 10.000000 3.852616
v 3.501163 6.596361 3.569038
v 3.910512 6.822199 3.115701
v 3.644609 10.000000 3.422943
v 3.910512 6.822199 3.115701
v 5.000000 6.929090 2.870139
v 4.255486 7.025526 2.625261
v 4.045085 10.000000 2.938927
v 4.255486 7.025526 2.625261
v 5.000000 7.177050 2.177144
v 4.530079 7.195343 2.115898
v 4.381657 10.000000 2.408483
v 4.530079 7.195343 2.115898
v 5.000000 7.355888 1.463184
v 4.738639 7.328316 1.595553
v 4.648879 10.000000 1.840455
v 4.738639 7.328316 1.595553
v 4.885136 7.423945 1.065383
v 4.842814 10.000000 1.243585
v 4.885136 7.423945 1.065383
v 5.195090 7.444763 0.733246
v 5.000000 7.355888 1.463184
v 5.195090 7.337044 1.459430
v 5.000000 7.177050 2.177144
v 5.195090 7.158665 2.171558
v 5.000000 6.929090 2.870139
v 5.195090 6.911344 2.862774
v 5.000000 6.614402 3.535489
v 5.195090 6.597464 3.526419
v 5.000000 6.236013 4.166789
v 5.195090 6.220046 4.156103
v 5.000000 5.797568 4.757961
v 5.195090 5.782724 4.745760
v 5.000000 5.303291 5.303309
v 5.195090 5.289713 5.289714
v 5.000000 4.757943 5.797585
v 5.195090 4.745759 5.782725
v 5.000000 4.166771 6.236026
v 5.195090 4.156101 6.220047
v 5.000000 3.535470 6.614412
v 5.195090 3.526417 6.597465
v 5.000000 2.870120 6.929099
v 5.195090 2.862772 6.911345
v 5.000000 2.177130 7.177054
v 5.195090 2.171556 7.158666
v 5.000000 1.463174 7.355890
v 5.195090 1.459428 7.337044
v 5.500000 10.000000 0.000001
v 5.000000 10.000000 0.000001
v 4.960481 10.000000 -0.627278
v 5.489786 10.000000 0.333427
v 4.960481 10.000000 0.627280
v 5.459784 10.000000 -0.663718
v 4.842814 10.000000 -1.243583
v 5.489786 10.000000 -0.333425
v 5.340089 10.000000 -1.316283
v 4.648879 10.000000 -1.840453
v 5.409946 10.000000 -0.991083
v 5.142640 10.000000 -1.950033
v 4.381657 10.000000 -2.408481
v 5.250895 10.000000 -1.636468
v 4.870102 10.000000 -2.555785
v 4.045085 10.000000 -2.938925
v 5.015278 10.000000 -2.257512
v 4.526212 10.000000 -3.124607
v 3.644609 10.000000 -3.422941
v 4.706766 10.000000 -2.845259
v 4.116628 10.000000 -3.647273
v 3.186958 10.000000 -3.852614
v 4.329688 10.000000 -3.391661
v 3.889087 10.000000 -3.889086
v 2.679230 10.000001 -4.221499
v 3.391662 10.000001 -4.329687
v 2.129165 10.000001 -4.523975
v 3.647274 10.000001 -4.116627
v 3.124608 10.000001 -4.526211
v 1.545085 10.000001 -4.755281
v 2.555786 10.000001 -4.870101
v 0.936596 10.000001 -4.911465
v 2.845260 10.000001 -4.706765
v 0.313793 10.000001 -4.990077
v -2.257513 10.000001 -5.015277
v -0.313793 10.000001 -4.990077
v 2.257513 10.000001 -5.015277
v -0.936596 10.000001 -4.911465
v -2.555786 10.000001 -4.870101
v -1.545085 10.000001 -4.755281
v -2.845260 10.000001 -4.706765
v -2.129165 10.000001 -4.523975
v -3.391662 10.000001 -4.329687
v -2.679230 10.000001 -4.221499
v -3.124608 10.000001 -4.526211
v -3.647274 10.000001 -4.116627
v -3.186958 10.000000 -3.852614
v -4.116628 10.000000 -3.647273
v -3.644609 10.000000 -3.422941
v -3.889087 10.000000 -3.889086
v -4.329688 10.000000 -3.391661
v -4.045085 10.000000 -2.938925
v -4.706766 10.000000 -2.845259
v -4.381657 10.000000 -2.408481
v -4.526212 10.000000 -3.124607
v -5.015278 10.000000 -2.257512
v -4.648879 10.000000 -1.840453
v -4.870102 10.000000 -2.555785
v -5.250895 10.000000 -1.636468
v -4.842814 10.000000 -1.243583
v -5.142640 10.000000 -1.950033
v -5.409946 10.000000 -0.991083
v -4.960481 10.000000 -0.627278
v -5.340089 10.000000 -1.316283
v -5.489786 10.000000 -0.333425
v -5.000000 10.000000 0.000001
v -5.459784 10.000000 -0.663718
v -5.500000 10.000000 0.000001
v -4.960481 10.000000 0.627280
v -5.459784 10.000000 0.663720
v -4.842814 10.000000 1.243585
v -5.489786 10.000000 0.333427
v -5.340089 10.000000 1.316285
v -4.648879 10.000000 1.840455
v -5.409946 10.000000 0.991085
v -5.142640 10.000000 1.950035
v -4.381657 10.000000 2.408483
v -5.250895 10.000000 1.636470
v -4.870102 10.000000 2.555787
v -4.045085 10.000000 2.938927
v -5.015278 10.000000 2.257514
v -4.526212 10.000000 3.124609
v -3.644609 10.000000 3.422943
v -4.706766 10.000000 2.845261
v -4.116628 10.000000 3.647275
v -3.186958 10.000000 3.852616
v -4.329688 10.000000 3.391663
v -3.889087 10.000000 3.889088
v -2.679230 9.999999 4.221502
v -3.391662 9.999999 4.329689
v -2.129165 9.999999 4.523978
v -3.647274 9.999999 4.116630
v -3.124608 9.999999 4.526214
v -1.545085 9.999999 4.755284
v -2.555786 9.999999 4.870103
v -0.936596 9.999999 4.911468
v -2.845260 9.999999 4.706767
v -0.313793 9.999999 4.990079
v 2.257513 9.999999 5.015279
v 0.313793 9.999999 4.990079
v -2.257513 9.999999 5.015279
v 0.936596 9.999999 4.911468
v 2.555786 9.999999 4.870103
v 1.545085 9.999999 4.755284
v 2.845260 9.999999 4.706767
v 2.129165 9.999999 4.523978
v 3.391662 9.999999 4.329689
v 2.679230 9.999999 4.221502
v 3.124608 9.999999 4.526214
v 3.647274 9.999999 4.116630
v 3.186958 10.000000 3.852616
v 4.116628 10.000000 3.647275
v 3.644609 10.000000 3.422943
v 3.889087 10.000000 3.889088
v 4.329688 10.000000 3.391663
v 4.045085 10.000000 2.938927
v 4.706766 10.000000 2.845261
v 4.381657 10.000000 2.408483
v 4.526212 10.000000 3.124609
v 5.015278 10.000000 2.257514
v 4.648879 10.000000 1.840455
v 4.870102 10.000000 2.555787
v 5.250895 10.000000 1.636470
v 4.842814 10.000000 1.243585
v 5.142640 10.000000 1.950035
v 5.409946 10.000000 0.991085
v 5.340089 10.000000 1.316285
v 5.459784 10.000000 0.663720
v 5.500000 13.000000 0.000002
v 5.500000 10.000000 0.000001
v 5.489786 10.000000 -0.333425
v 5.489786 13.000000 0.333428
v 5.489786 10.000000 0.333427
v 5.500000 10.000000 0.000001
v 5.500000 13.000000 0.000002
v 5.489786 13.000000 -0.333424
v 5.459784 10.000000 -0.663718
v 5.459784 13.000000 -0.663717
v 5.409946 10.000000 -0.991083
v 5.409946 13.000000 -0.991082
v 5.340089 10.000000 -1.316283
v 5.340089 13.000000 -1.316282
v 5.250895 10.000000 -1.636468
v 5.250895 13.000000 -1.636467
v 5.142640 10.000000 -1.950033
v 5.142640 13.000000 -1.950032
v 5.015278 10.000000 -2.257512
v 5.015278 13.000000 -2.257512
v 4.870102 10.000000 -2.555785
v 4.870102 13.000000 -2.555784
v 4.706766 10.000000 -2.845259
v 4.706766 13.000000 -2.845258
v 4.526212 10.000000 -3.124607
v 4.526212 13.000000 -3.124607
v 4.329688 10.000000 -3.391661
v 4.329688 13.000000 -3.391660
v 4.116628 10.000000 -3.647273
v 4.116628 13.000000 -3.647273
v 3.889087 10.000000 -3.889086
v 3.889087 13.000000 -3.889085
v 3.647274 10.000001 -4.116627
v 3.647274 13.000001 -4.116627
v 3.391662 10.000001 -4.329687
v 3.391662 13.000001 -4.329687
v 3.124608 10.000001 -4.526211
v 3.124608 13.000001 -4.526211
v 2.845260 10.000001 -4.706765
v 2.845260 13.000001 -4.706765
v 2.555786 10.000001 -4.870101
v 2.555786 13.000001 -4.870100
v 2.257513 10.000001 -5.015277
v -1.950034 10.000001 -5.142639
v 1.950034 10.000001 -5.142639
v 2.257513 13.000001 -5.015276
v 1.950034 10.000001 -5.142639
v -1.636469 10.000001 -5.250894
v 1.636469 10.000001 -5.250894
v 1.950034 13.000001 -5.142639
v 1.636469 10.000001 -5.250894
v -1.316284 10.000001 -5.340088
v 1.316284 10.000001 -5.340088
v 1.636469 13.000001 -5.250894
v 1.316284 10.000001 -5.340088
v -0.991084 10.000001 -5.409945
v 0.991084 10.000001 -5.409945
v 1.316284 13.000001 -5.340087
v 0.991084 10.000001 -5.409945
v -0.663285 10.000001 -5.459818
v 0.663285 10.000001 -5.459818
v 0.991084 13.000001 -5.409945
v 0.663285 10.000001 -5.459818
v -0.331883 10.000001 -5.489905
v 0.331883 10.000001 -5.489905
v 0.663285 13.000001 -5.459817
v 0.331883 10.000001 -5.489905
v 0.000000 10.000001 -5.499999
v 0.331883 13.000001 -5.489905
v 0.000000 10.000001 -5.499999
v 0.000000 13.000001 -5.499999
v -0.331883 10.000001 -5.489905
v -0.331883 13.000001 -5.489905
v -0.663285 10.000001 -5.459818
v -0.663285 13.000001 -5.459817
v -0.991084 10.000001 -5.409945
v -0.991084 13.000001 -5.409945
v -1.316284 10.000001 -5.340088
v -1.316284 13.000001 -5.340087
v -1.636469 10.000001 -5.250894
v -1.636469 13.000001 -5.250894
v -1.950034 10.000001 -5.142639
v -1.950034 13.000001 -5.142639
v -2.257513 10.000001 -5.015277
v -2.257513 13.000001 -5.015276
v -2.555786 10.000001 -4.870101
v -2.555786 13.000001 -4.870100
v -2.845260 10.000001 -4.706765
v -2.845260 13.000001 -4.706765
v -3.124608 10.000001 -4.526211
v -3.124608 13.000001 -4.526211
v -3.391662 10.000001 -4.329687
v -3.391662 13.000001 -4.329687
v -3.647274 10.000001 -4.116627
v -3.647274 13.000001 -4.116627
v -3.889087 10.000000 -3.889086
v -3.889087 13.000000 -3.889085
v -4.116628 10.000000 -3.647273
v -4.116628 13.000000 -3.647273
v -4.329688 10.000000 -3.391661
v -4.329688 13.000000 -3.391660
v -4.526212 10.000000 -3.124607
v -4.526212 13.000000 -3.124607
v -4.706766 10.000000 -2.845259
v -4.706766 13.000000 -2.845258
v -4.870102 10.000000 -2.555785
v -4.870102 13.000000 -2.555784
v -5.015278 10.000000 -2.257512
v -5.015278 13.000000 -2.257512
v -5.142640 10.000000 -1.950033
v -5.142640 13.000000 -1.950032
v -5.250895 10.000000 -1.636468
v -5.250895 13.000000 -1.636467
v -5.340089 10.000000 -1.316283
v -5.340089 13.000000 -1.316282
v -5.409946 10.000000 -0.991083
v -5.409946 13.000000 -0.991082
v -5.459784 10.000000 -0.663718
v -5.459784 13.000000 -0.663717
v -5.489786 10.000000 -0.333425
v -5.489786 13.000000 -0.333424
v -5.500000 10.000000 0.000001
v -5.500000 13.000000 0.000002
v -5.500000 10.000000 0.000001
v -5.489786 10.000000 0.333427
v -5.500000 13.000000 0.000002
v -5.489786 13.000000 0.333428
v -5.459784 10.000000 0.663720
v -5.459784 13.000000 0.663721
v -5.409946 10.000000 0.991085
v -5.409946 13.000000 0.991086
v -5.340089 10.000000 1.316285
v -5.340089 13.000000 1.316285
v -5.250895 10.000000 1.636470
v -5.250895 13.000000 1.636471
v -5.142640 10.000000 1.950035
v -5.142640 13.000000 1.950036
v -5.015278 10.000000 2.257514
v -5.015278 13.000000 2.257514
v -4.870102 10.000000 2.555787
v -4.870102 13.000000 2.555788
v -4.706766 10.000000 2.845261
v -4.706766 13.000000 2.845262
v -4.526212 10.000000 3.124609
v -4.526212 13.000000 3.124609
v -4.329688 10.000000 3.391663
v -4.329688 13.000000 3.391664
v -4.116628 10.000000 3.647275
v -4.116628 13.000000 3.647275
v -3.889087 10.000000 3.889088
v -3.889087 13.000000 3.889089
v -3.647274 9.999999 4.116630
v -3.647274 12.999999 4.116630
v -3.391662 9.999999 4.329689
v -3.391662 12.999999 4.329690
v -3.124608 9.999999 4.526214
v -3.124608 12.999999 4.526214
v -2.845260 9.999999 4.706767
v -2.845260 12.999999 4.706768
v -2.555786 9.999999 4.870103
v -2.555786 12.999999 4.870103
v -2.257513 9.999999 5.015279
v 1.950034 9.999999 5.142641
v -1.950034 9.999999 5.142641
v -2.257513 12.999999 5.015279
v -1.950034 9.999999 5.142641
v 1.636469 9.999999 5.250896
v -1.636469 9.999999 5.250896
v -1.950034 12.999999 5.142642
v -1.636469 9.999999 5.250896
v 1.316284 9.999999 5.340090
v -1.316284 9.999999 5.340090
v -1.636469 12.999999 5.250896
v -1.316284 9.999999 5.340090
v 0.991084 9.999999 5.409947
v -0.991084 9.999999 5.409947
v -1.316284 12.999999 5.340090
v -0.991084 9.999999 5.409947
v 0.663285 9.999999 5.459820
v -0.663285 9.999999 5.459820
v -0.991084 12.999999 5.409947
v -0.663285 9.999999 5.459820
v 0.331883 9.999999 5.489908
v -0.331883 9.999999 5.489908
v -0.663285 12.999999 5.459820
v -0.331883 9.999999 5.489908
v 0.000000 9.999999 5.500001
v -0.331883 12.999999 5.489908
v 0.000000 9.999999 5.500001
v 0.000000 12.999999 5.500001
v 0.331883 9.999999 5.489908
v 0.331883 12.999999 5.489908
v 0.663285 9.999999 5.459820
v 0.663285 12.999999 5.459820
v 0.991084 9.999999 5.409947
v 0.991084 12.999999 5.409947
v 1.316284 9.999999 5.340090
v 1.316284 12.999999 5.340090
v 1.636469 9.999999 5.250896
v 1.636469 12.999999 5.250896
v 1.950034 9.999999 5.142641
v 1.950034 12.999999 5.142642
v 2.257513 9.999999 5.015279
v 2.257513 12.999999 5.015279
v 2.555786 9.999999 4.870103
v 2.555786 12.999999 4.870103
v 2.845260 9.999999 4.706767
v 2.845260 12.999999 4.706768
v 3.124608 9.999999 4.526214
v 3.124608 12.999999 4.526214
v 3.391662 9.999999 4.329689
v 3.391662 12.999999 4.329690
v 3.647274 9.999999 4.116630
v 3.647274 12.999999 4.116630
v 3.889087 10.000000 3.889088
v 3.889087 13.000000 3.889089
v 4.116628 10.000000 3.647275
v 4.116628 13.000000 3.647275
v 4.329688 10.000000 3.391663
v 4.329688 13.000000 3.391664
v 4.526212 10.000000 3.124609
v 4.526212 13.000000 3.124609
v 4.706766 10.000000 2.845261
v 4.706766 13.000000 2.845262
v 4.870102 10.000000 2.555787
v 4.870102 13.000000 2.555788
v 5.015278 10.000000 2.257514
v 5.015278 13.000000 2.257514
v 5.142640 10.000000 1.950035
v 5.142640 13.000000 1.950036
v 5.250895 10.000000 1.636470
v 5.250895 13.000000 1.636471
v 5.340089 10.000000 1.316285
v 5.340089 13.000000 1.316285
v 5.409946 10.000000 0.991085
v 5.409946 13.000000 0.991086
v 5.459784 10.000000 0.663720
v 5.459784 13.000000 0.663721
v 3.976097 13.000000 0.436269
v 5.489786 13.000000 0.333428
v 5.500000 13.000000 0.000002
v 3.998503 13.000000 -0.109192
v 5.489786 13.000000 -0.333424
v 5.459784 13.000000 0.663721
v 3.879646 13.000000 0.973596
v 5.409946 13.000000 0.991086
v 3.710964 13.000000 1.492746
v 5.340089 13.000000 1.316285
v 5.250895 13.000000 1.636471
v 3.473161 13.000000 1.984146
v 5.142640 13.000000 1.950036
v 5.015278 13.000000 2.257514
v 3.170674 13.000000 2.438601
v 4.870102 13.000000 2.555788
v 2.808734 13.000000 2.847986
v 4.706766 13.000000 2.845262
v 2.934899 13.000000 3.097638
v 4.526212 13.000000 3.124609
v 2.886675 13.000000 2.965527
v 2.934297 13.000000 3.376915
v 4.329688 13.000000 3.391664
v 2.951064 13.000000 3.237331
v 2.807295 13.000000 3.625814
v 4.116628 13.000000 3.647275
v 2.885510 13.000000 3.508808
v 2.445402 13.000000 3.828566
v 3.889087 13.000000 3.889089
v 2.580851 13.000000 3.790336
v 2.703812 13.000000 3.721479
v -3.647274 12.999999 4.116630
v 3.647274 12.999999 4.116630
v 0.272933 13.000000 3.990621
v 0.813767 13.000000 3.916308
v 2.304888 13.000000 3.834208
v -3.391662 12.999999 4.329690
v 3.391662 12.999999 4.329690
v -3.124608 12.999999 4.526214
v 3.124608 12.999999 4.526214
v -2.845260 12.999999 4.706768
v 2.845260 12.999999 4.706768
v -2.555786 12.999999 4.870103
v 2.555786 12.999999 4.870103
v -2.257513 12.999999 5.015279
v 2.257513 12.999999 5.015279
v -1.950034 12.999999 5.142642
v 1.950034 12.999999 5.142642
v -1.636469 12.999999 5.250896
v 1.636469 12.999999 5.250896
v -1.316284 12.999999 5.340090
v 1.316284 12.999999 5.340090
v -0.991084 12.999999 5.409947
v 0.991084 12.999999 5.409947
v -0.663285 12.999999 5.459820
v 0.663285 12.999999 5.459820
v -0.331883 12.999999 5.489908
v 0.331883 12.999999 5.489908
v 0.000000 12.999999 5.500001
v -0.813767 13.000000 3.916308
v -3.889087 13.000000 3.889089
v -0.272933 13.000000 3.990621
v -2.703812 13.000000 3.721479
v -4.116628 13.000000 3.647275
v -2.580851 13.000000 3.790336
v -2.445402 13.000000 3.828566
v -2.304888 13.000000 3.834208
v -2.885510 13.000000 3.508808
v -4.329688 13.000000 3.391664
v -2.807295 13.000000 3.625814
v -2.951064 13.000000 3.237331
v -4.526212 13.000000 3.124609
v -2.934297 13.000000 3.376915
v -2.808734 13.000000 2.847986
v -4.706766 13.000000 2.845262
v -2.886675 13.000000 2.965527
v -2.934899 13.000000 3.097638
v -3.170674 13.000000 2.438601
v -4.870102 13.000000 2.555788
v -5.015278 13.000000 2.257514
v -3.473161 13.000000 1.984146
v -5.142640 13.000000 1.950036
v -3.710964 13.000000 1.492746
v -5.250895 13.000000 1.636471
v -5.340089 13.000000 1.316285
v -3.879646 13.000000 0.973596
v -5.409946 13.000000 0.991086
v -5.459784 13.000000 0.663721
v -3.976097 13.000000 0.436269
v -5.489786 13.000000 0.333428
v -3.998503 13.000000 -0.109192
v -5.500000 13.000000 0.000002
v -5.489786 13.000000 -0.333424
v -3.946317 13.000000 -0.653133
v -5.459784 13.000000 -0.663717
v -4.290316 13.000000 -0.884461
v -5.409946 13.000000 -0.991082
v -4.195128 13.000000 -0.780948
v -4.078461 13.000000 -0.702413
v -4.402348 13.000000 -1.283256
v -5.340089 13.000000 -1.316282
v -4.396852 13.000000 -1.142622
v -4.358797 13.000000 -1.007242
v -4.315855 13.000000 -1.549456
v -5.250895 13.000000 -1.636467
v -4.374860 13.000000 -1.421476
v -3.852960 13.000000 -1.834031
v -5.142640 13.000000 -1.950032
v -3.990813 13.000000 -1.806237
v -4.118384 13.000000 -1.747157
v -4.228745 13.000000 -1.660001
v -3.299039 13.000000 -2.261920
v -5.015278 13.000000 -2.257512
v -4.870102 13.000000 -2.555784
v -2.960299 13.000000 -2.690036
v -4.706766 13.000000 -2.845258
v -2.566435 13.000000 -3.068051
v -4.526212 13.000000 -3.124607
v -2.124819 13.000000 -3.388904
v -4.329688 13.000000 -3.391660
v -1.643596 13.000000 -3.646677
v -4.116628 13.000000 -3.647273
v -1.131756 13.000000 -3.836544
v -3.889087 13.000000 -3.889085
v -0.592277 13.000001 -4.095903
v -3.647274 13.000001 -4.116627
v -0.598310 13.000000 -3.954998
v -0.553639 13.000001 -4.231129
v -3.391662 13.000001 -4.329687
v -0.388996 13.000001 -4.456716
v -3.124608 13.000001 -4.526211
v -0.484606 13.000001 -4.353646
v 2.845260 13.000001 -4.706765
v -2.845260 13.000001 -4.706765
v 0.000000 13.000001 -4.599998
v -0.139950 13.000001 -4.583429
v -0.272002 13.000001 -4.534742
v 2.555786 13.000001 -4.870100
v -2.555786 13.000001 -4.870100
v 2.257513 13.000001 -5.015276
v -2.257513 13.000001 -5.015276
v 1.950034 13.000001 -5.142639
v -1.950034 13.000001 -5.142639
v 1.636469 13.000001 -5.250894
v -1.636469 13.000001 -5.250894
v 1.316284 13.000001 -5.340087
v -1.316284 13.000001 -5.340087
v 0.991084 13.000001 -5.409945
v -0.991084 13.000001 -5.409945
v 0.663285 13.000001 -5.459817
v -0.663285 13.000001 -5.459817
v 0.331883 13.000001 -5.489905
v -0.331883 13.000001 -5.489905
v 0.000000 13.000001 -5.499999
v 0.272002 13.000001 -4.534742
v 3.124608 13.000001 -4.526211
v 0.139950 13.000001 -4.583429
v 0.484606 13.000001 -4.353646
v 3.391662 13.000001 -4.329687
v 0.388996 13.000001 -4.456716
v 0.553639 13.000001 -4.231129
v 3.647274 13.000001 -4.116627
v 0.598310 13.000000 -3.954998
v 3.889087 13.000000 -3.889085
v 0.592277 13.000001 -4.095903
v 1.131756 13.000000 -3.836544
v 4.116628 13.000000 -3.647273
v 1.643596 13.000000 -3.646677
v 4.329688 13.000000 -3.391660
v 2.124819 13.000000 -3.388904
v 4.526212 13.000000 -3.124607
v 2.566435 13.000000 -3.068051
v 4.706766 13.000000 -2.845258
v 2.960299 13.000000 -2.690036
v 4.870102 13.000000 -2.555784
v 3.299039 13.000000 -2.261920
v 5.015278 13.000000 -2.257512
v 3.712414 13.000000 -1.828991
v 5.142640 13.000000 -1.950032
v 3.576541 13.000000 -1.791187
v 4.228745 13.000000 -1.660001
v 5.250895 13.000000 -1.636467
v 4.118384 13.000000 -1.747157
v 3.990813 13.000000 -1.806237
v 3.852960 13.000000 -1.834031
v 4.374860 13.000000 -1.421476
v 5.340089 13.000000 -1.316282
v 4.315855 13.000000 -1.549456
v 4.358797 13.000000 -1.007242
v 5.409946 13.000000 -0.991082
v 4.396852 13.000000 -1.142622
v 4.402348 13.000000 -1.283256
v 4.078461 13.000000 -0.702413
v 5.459784 13.000000 -0.663717
v 4.195128 13.000000 -0.780948
v 4.290316 13.000000 -0.884461
v 3.946317 13.000000 -0.653133
v 0.598310 12.000000 -3.954998
v 0.598310 13.000000 -3.954998
v 0.592277 13.000001 -4.095903
v 1.132553 12.000000 -3.836262
v 1.131756 13.000000 -3.836544
v 0.598310 13.000000 -3.954998
v 0.598310 12.000000 -3.954998
v 0.592219 12.000001 -4.096155
v 0.553639 13.000001 -4.231129
v 0.553621 12.000001 -4.231028
v 0.484606 13.000001 -4.353646
v 0.484738 12.000001 -4.353433
v 0.388996 13.000001 -4.456716
v 0.389151 12.000001 -4.456648
v 0.272002 13.000001 -4.534742
v 0.271725 12.000001 -4.534935
v 0.139950 13.000001 -4.583429
v 0.139531 12.000001 -4.583473
v 0.000000 13.000001 -4.599998
v 0.000000 12.000001 -4.599886
v -0.139950 13.000001 -4.583429
v -0.139531 12.000001 -4.583473
v -0.272002 13.000001 -4.534742
v -0.271725 12.000001 -4.534935
v -0.388996 13.000001 -4.456716
v -0.389151 12.000001 -4.456648
v -0.484606 13.000001 -4.353646
v -0.484738 12.000001 -4.353433
v -0.553639 13.000001 -4.231129
v -0.553621 12.000001 -4.231028
v -0.592277 13.000001 -4.095903
v -0.592219 12.000001 -4.096155
v -0.598310 13.000000 -3.954998
v -0.598310 12.000000 -3.954998
v -0.598310 13.000000 -3.954998
v -1.131756 13.000000 -3.836544
v -0.598310 12.000000 -3.954998
v -1.132553 12.000000 -3.836262
v -1.643596 13.000000 -3.646677
v -1.643198 12.000000 -3.646770
v -2.124819 13.000000 -3.388904
v -2.124408 12.000000 -3.389194
v -2.566435 13.000000 -3.068051
v -2.566839 12.000000 -3.067750
v -2.960299 13.000000 -2.690036
v -2.960509 12.000000 -2.689687
v -3.299039 13.000000 -2.261920
v -3.712414 13.000000 -1.828991
v -3.576541 13.000000 -1.791187
v -3.298526 12.000000 -2.262592
v -3.576541 13.000000 -1.791187
v -3.576541 12.000000 -1.791188
v -3.576541 13.000000 -1.791187
v -3.712414 13.000000 -1.828991
v -3.576541 12.000000 -1.791188
v -3.712670 12.000000 -1.829014
v -3.852960 13.000000 -1.834031
v -3.852869 12.000000 -1.833984
v -3.990813 13.000000 -1.806237
v -3.990569 12.000000 -1.806298
v -4.118384 13.000000 -1.747157
v -4.118271 12.000000 -1.747285
v -4.228745 13.000000 -1.660001
v -4.229012 12.000000 -1.659797
v -4.315855 13.000000 -1.549456
v -4.316025 12.000000 -1.549072
v -4.374860 13.000000 -1.421476
v -4.374754 12.000000 -1.421443
v -4.402348 13.000000 -1.283256
v -4.402260 12.000000 -1.283668
v -4.396852 13.000000 -1.142622
v -4.396948 12.000000 -1.142945
v -4.358797 13.000000 -1.007242
v -4.358780 12.000000 -1.007074
v -4.290316 13.000000 -0.884461
v -4.290154 12.000000 -0.884271
v -4.195128 13.000000 -0.780948
v -4.195026 12.000000 -0.780934
v -4.078461 13.000000 -0.702413
v -4.078682 12.000000 -0.702548
v -3.946317 13.000000 -0.653133
v -3.946317 12.000000 -0.653134
v -3.946317 13.000000 -0.653133
v -3.998503 13.000000 -0.109192
v -3.946317 12.000000 -0.653134
v -3.998482 12.000000 -0.108348
v -3.976097 13.000000 0.436269
v -3.976062 12.000000 0.435861
v -3.879646 13.000000 0.973596
v -3.879795 12.000000 0.973114
v -3.710964 13.000000 1.492746
v -3.710802 12.000000 1.493222
v -3.473161 13.000000 1.984146
v -3.472893 12.000000 1.984453
v -3.170674 13.000000 2.438601
v -3.171154 12.000000 2.437907
v -2.808734 13.000000 2.847986
v -2.808734 12.000000 2.847986
v -2.808734 13.000000 2.847986
v -2.886675 13.000000 2.965527
v -2.808734 12.000000 2.847986
v -2.886775 12.000000 2.965765
v -2.934899 13.000000 3.097638
v -2.934826 12.000000 3.097565
v -2.951064 13.000000 3.237331
v -2.951046 12.000000 3.237082
v -2.934297 13.000000 3.376915
v -2.934383 12.000000 3.376770
v -2.885510 13.000000 3.508808
v -2.885398 12.000000 3.509125
v -2.807295 13.000000 3.625814
v -2.806981 12.000000 3.626096
v -2.703812 13.000000 3.721479
v -2.703746 12.000000 3.721390
v -2.580851 13.000000 3.790336
v -2.581215 12.000000 3.790124
v -2.445402 13.000000 3.828566
v -2.445738 12.000000 3.828557
v -2.304888 13.000000 3.834208
v -1.339455 13.000000 3.769062
v -2.166955 13.000000 3.807020
v -2.304723 12.000000 3.834244
v -2.166955 13.000000 3.807020
v -2.039093 13.000000 3.748478
v -2.166723 12.000000 3.806926
v -2.039093 13.000000 3.748478
v -1.928350 13.000000 3.661790
v -2.039047 12.000000 3.748386
v -1.928350 13.000000 3.661790
v -1.840648 13.000000 3.551342
v -1.928545 12.000000 3.661958
v -1.840648 13.000000 3.551342
v -1.840648 12.000000 3.551342
v -1.840648 13.000000 3.551342
v -1.339455 13.000000 3.769062
v -1.840648 12.000000 3.551342
v -1.338645 12.000000 3.769302
v -0.813767 13.000000 3.916308
v -0.814143 12.000000 3.916148
v -0.272933 13.000000 3.990621
v -0.273437 12.000000 3.990614
v 0.272933 13.000000 3.990621
v 0.273437 12.000000 3.990614
v 0.813767 13.000000 3.916308
v 2.166955 13.000000 3.807020
v 1.339455 13.000000 3.769062
v 0.814143 12.000000 3.916148
v 1.339455 13.000000 3.769062
v 1.928350 13.000000 3.661790
v 1.840648 13.000000 3.551342
v 1.338645 12.000000 3.769302
v 1.840648 13.000000 3.551342
v 2.039093 13.000000 3.748478
v 1.840648 12.000000 3.551342
v 1.840648 13.000000 3.551342
v 1.928350 13.000000 3.661790
v 1.840648 12.000000 3.551342
v 1.928545 12.000000 3.661958
v 2.039093 13.000000 3.748478
v 2.039047 12.000000 3.748386
v 2.166955 13.000000 3.807020
v 2.166723 12.000000 3.806926
v 2.304888 13.000000 3.834208
v 2.304723 12.000000 3.834244
v 2.445402 13.000000 3.828566
v 2.445738 12.000000 3.828557
v 2.580851 13.000000 3.790336
v 2.581215 12.000000 3.790124
v 2.703812 13.000000 3.721479
v 2.703746 12.000000 3.721390
v 2.807295 13.000000 3.625814
v 2.806981 12.000000 3.626096
v 2.885510 13.000000 3.508808
v 2.885398 12.000000 3.509125
v 2.934297 13.000000 3.376915
v 2.934383 12.000000 3.376770
v 2.951064 13.000000 3.237331
v 2.951046 12.000000 3.237082
v 2.934899 13.000000 3.097638
v 2.934826 12.000000 3.097565
v 2.886675 13.000000 2.965527
v 2.886775 12.000000 2.965765
v 2.808734 13.000000 2.847986
v 2.808734 12.000000 2.847986
v 2.808734 13.000000 2.847986
v 3.170674 13.000000 2.438601
v 2.808734 12.000000 2.847986
v 3.171154 12.000000 2.437907
v 3.473161 13.000000 1.984146
v 3.472893 12.000000 1.984453
v 3.710964 13.000000 1.492746
v 3.710802 12.000000 1.493222
v 3.879646 13.000000 0.973596
v 3.879795 12.000000 0.973114
v 3.976097 13.000000 0.436269
v 3.976062 12.000000 0.435861
v 3.998503 13.000000 -0.109192
v 3.998482 12.000000 -0.108348
v 3.946317 13.000000 -0.653133
v 3.946317 12.000000 -0.653134
v 3.946317 13.000000 -0.653133
v 4.078461 13.000000 -0.702413
v 3.946317 12.000000 -0.653134
v 4.078682 12.000000 -0.702548
v 4.195128 13.000000 -0.780948
v 4.195026 12.000000 -0.780934
v 4.290316 13.000000 -0.884461
v 4.290154 12.000000 -0.884271
v 4.358797 13.000000 -1.007242
v 4.358780 12.000000 -1.007074
v 4.396852 13.000000 -1.142622
v 4.396948 12.000000 -1.142945
v 4.402348 13.000000 -1.283256
v 4.402260 12.000000 -1.283668
v 4.374860 13.000000 -1.421476
v 4.374754 12.000000 -1.421443
v 4.315855 13.000000 -1.549456
v 4.316025 12.000000 -1.549072
v 4.228745 13.000000 -1.660001
v 4.229012 12.000000 -1.659797
v 4.118384 13.000000 -1.747157
v 4.118271 12.000000 -1.747285
v 3.990813 13.000000 -1.806237
v 3.990569 12.000000 -1.806298
v 3.852960 13.000000 -1.834031
v 3.852869 12.000000 -1.833984
v 3.712414 13.000000 -1.828991
v 3.712670 12.000000 -1.829014
v 3.576541 13.000000 -1.791187
v 3.576541 12.000000 -1.791188
v 3.576541 13.000000 -1.791187
v 3.299039 13.000000 -2.261920
v 3.576541 12.000000 -1.791188
v 3.298526 12.000000 -2.262592
v 2.960299 13.000000 -2.690036
v 2.960509 12.000000 -2.689687
v 2.566435 13.000000 -3.068051
v 2.566839 12.000000 -3.067750
v 2.124819 13.000000 -3.388904
v 2.124408 12.000000 -3.389194
v 1.643596 13.000000 -3.646677
v 1.643198 12.000000 -3.646770
v 0.814143 12.000000 3.916148
v 1.132553 12.000000 -3.836262
v 0.598310 12.000000 -3.954998
v 0.592219 12.000001 -4.096155
v 1.338645 12.000000 3.769302
v 1.643198 12.000000 -3.646770
v 2.039047 12.000000 3.748386
v 2.124408 12.000000 -3.389194
v 1.928545 12.000000 3.661958
v 1.840648 12.000000 3.551342
v 2.445738 12.000000 3.828557
v 2.566839 12.000000 -3.067750
v 2.304723 12.000000 3.834244
v 2.166723 12.000000 3.806926
v 2.808734 12.000000 2.847986
v 2.960509 12.000000 -2.689687
v 2.806981 12.000000 3.626096
v 2.703746 12.000000 3.721390
v 2.581215 12.000000 3.790124
v 3.171154 12.000000 2.437907
v 3.298526 12.000000 -2.262592
v 3.472893 12.000000 1.984453
v 3.576541 12.000000 -1.791188
v 3.710802 12.000000 1.493222
v 3.712670 12.000000 -1.829014
v 3.879795 12.000000 0.973114
v 3.852869 12.000000 -1.833984
v 3.946317 12.000000 -0.653134
v 3.990569 12.000000 -1.806298
v 4.078682 12.000000 -0.702548
v 4.118271 12.000000 -1.747285
v 4.195026 12.000000 -0.780934
v 4.229012 12.000000 -1.659797
v 4.290154 12.000000 -0.884271
v 4.316025 12.000000 -1.549072
v 4.358780 12.000000 -1.007074
v 4.374754 12.000000 -1.421443
v 4.396948 12.000000 -1.142945
v 4.402260 12.000000 -1.283668
v 3.976062 12.000000 0.435861
v 3.998482 12.000000 -0.108348
v 2.885398 12.000000 3.509125
v 2.886775 12.000000 2.965765
v 2.934383 12.000000 3.376770
v 2.934826 12.000000 3.097565
v 2.951046 12.000000 3.237082
v 0.389151 12.000001 -4.456648
v 0.273437 12.000000 3.990614
v 0.484738 12.000001 -4.353433
v 0.553621 12.000001 -4.231028
v -0.271725 12.000001 -4.534935
v -0.273437 12.000000 3.990614
v -0.139531 12.000001 -4.583473
v 0.000000 12.000001 -4.599886
v 0.139531 12.000001 -4.583473
v 0.271725 12.000001 -4.534935
v -0.598310 12.000000 -3.954998
v -0.814143 12.000000 3.916148
v -0.592219 12.000001 -4.096155
v -0.553621 12.000001 -4.231028
v -0.484738 12.000001 -4.353433
v -0.389151 12.000001 -4.456648
v -1.132553 12.000000 -3.836262
v -1.338645 12.000000 3.769302
v -1.643198 12.000000 -3.646770
v -1.840648 12.000000 3.551342
v -2.124408 12.000000 -3.389194
v -1.928545 12.000000 3.661958
v -2.039047 12.000000 3.748386
v -2.166723 12.000000 3.806926
v -2.566839 12.000000 -3.067750
v -2.304723 12.000000 3.834244
v -2.445738 12.000000 3.828557
v -2.581215 12.000000 3.790124
v -2.960509 12.000000 -2.689687
v -2.703746 12.000000 3.721390
v -2.808734 12.000000 2.847986
v -2.806981 12.000000 3.626096
v -2.885398 12.000000 3.509125
v -2.886775 12.000000 2.965765
v -2.934383 12.000000 3.376770
v -2.934826 12.000000 3.097565
v -2.951046 12.000000 3.237082
v -3.171154 12.000000 2.437907
v -3.298526 12.000000 -2.262592
v -3.472893 12.000000 1.984453
v -3.576541 12.000000 -1.791188
v -3.710802 12.000000 1.493222
v -3.852869 12.000000 -1.833984
v -3.879795 12.000000 0.973114
v -3.712670 12.000000 -1.829014
v -3.946317 12.000000 -0.653134
v -3.976062 12.000000 0.435861
v -3.990569 12.000000 -1.806298
v -3.998482 12.000000 -0.108348
v -4.078682 12.000000 -0.702548
v -4.118271 12.000000 -1.747285
v -4.195026 12.000000 -0.780934
v -4.229012 12.000000 -1.659797
v -4.290154 12.000000 -0.884271
v -4.316025 12.000000 -1.549072
v -4.358780 12.000000 -1.007074
v -4.374754 12.000000 -1.421443
v -4.396948 12.000000 -1.142945
v -4.402260 12.000000 -1.283668
v -5.923804 -0.000001 6.882865
v -5.923804 0.674638 6.849722
v -5.923804 -0.000001 6.882865
v -5.923804 -0.674640 6.849722
v -5.923804 -1.342781 6.750613
v -5.923804 -1.997991 6.586491
v -5.923804 -2.633959 6.358938
v -5.923804 -3.244561 6.070145
v -5.923804 -3.823916 5.722893
v -5.923804 -4.366444 5.320526
v -5.923804 -4.866920 4.866920
v -5.923804 -5.320527 4.366443
v -5.923804 -5.722894 3.823914
v -5.923804 -6.070146 3.244559
v -5.923804 -6.358939 2.633957
v -5.923804 -6.586491 1.997989
v -5.923804 -6.750613 1.342779
v -5.923804 -6.849722 0.674638
v -5.923804 -6.882865 -0.000001
v -5.923804 -6.849722 -0.674640
v -5.923804 -6.750613 -1.342781
v -5.923804 -6.586491 -1.997991
v -5.923804 -6.358938 -2.633959
v -5.923804 -6.070145 -3.244561
v -5.923804 -5.722893 -3.823916
v -5.923804 -5.320526 -4.366444
v -5.923804 -4.866920 -4.866920
v -5.923804 -4.366443 -5.320527
v -5.923804 -3.823914 -5.722894
v -5.923804 -3.244559 -6.070146
v -5.923804 -2.633957 -6.358939
v -5.923804 -1.997989 -6.586491
v -5.923804 -1.342779 -6.750613
v -5.923804 -0.674638 -6.849722
v -5.923804 0.000001 -6.882865
v -5.923804 0.000001 -6.882865
v -5.831251 -0.000001 7.055897
v -5.831251 0.691598 7.021921
v -5.831251 -0.000001 7.055897
v -5.831251 -0.691600 7.021921
v -5.831251 -1.376538 6.920320
v -5.831251 -2.048220 6.752071
v -5.831251 -2.700176 6.518798
v -5.831251 -3.326128 6.222744
v -5.831251 -3.920047 5.866764
v -5.831251 -4.476213 5.454281
v -5.831251 -4.989273 4.989272
v -5.831251 -5.454282 4.476213
v -5.831251 -5.866765 3.920045
v -5.831251 -6.222745 3.326126
v -5.831251 -6.518799 2.700174
v -5.831251 -6.752072 2.048218
v -5.831251 -6.920320 1.376536
v -5.831251 -7.021921 0.691598
v -5.831251 -7.055897 -0.000001
v -5.831251 -7.021921 -0.691600
v -5.831251 -6.920320 -1.376538
v -5.831251 -6.752071 -2.048220
v -5.831251 -6.518798 -2.700176
v -5.831251 -6.222744 -3.326128
v -5.831251 -5.866764 -3.920047
v -5.831251 -5.454281 -4.476213
v -5.831251 -4.989272 -4.989273
v -5.831251 -4.476213 -5.454282
v -5.831251 -3.920045 -5.866765
v -5.831251 -3.326126 -6.222745
v -5.831251 -2.700174 -6.518799
v -5.831251 -2.048218 -6.752072
v -5.831251 -1.376536 -6.920320
v -5.831251 -0.691598 -7.021921
v -5.831251 0.000001 -7.055897
v -5.923804 0.674640 -6.849722
v -5.831251 0.000001 -7.055897
v -5.706690 -0.000001 7.207523
v -5.706690 0.706460 7.172817
v -5.706690 -0.000001 7.207523
v -5.706690 -0.706462 7.172817
v -5.706690 -1.406119 7.069033
v -5.706690 -2.092235 6.897170
v -5.706690 -2.758201 6.658883
v -5.706690 -3.397604 6.356468
v -5.706690 -4.004285 5.992836
v -5.706690 -4.572404 5.571490
v -5.706690 -5.096489 5.096488
v -5.706690 -5.571491 4.572403
v -5.706690 -5.992837 4.004284
v -5.706690 -6.356469 3.397602
v -5.706690 -6.658884 2.758199
v -5.706690 -6.897171 2.092233
v -5.706690 -7.069033 1.406117
v -5.706690 -7.172817 0.706460
v -5.706690 -7.207523 -0.000001
v -5.706690 -7.172817 -0.706462
v -5.706690 -7.069033 -1.406119
v -5.706690 -6.897170 -2.092235
v -5.706690 -6.658883 -2.758201
v -5.706690 -6.356468 -3.397604
v -5.706690 -5.992836 -4.004285
v -5.706690 -5.571490 -4.572404
v -5.706690 -5.096488 -5.096489
v -5.706690 -4.572403 -5.571491
v -5.706690 -4.004284 -5.992837
v -5.706690 -3.397602 -6.356469
v -5.706690 -2.758199 -6.658884
v -5.706690 -2.092233 -6.897171
v -5.706690 -1.406117 -7.069033
v -5.706690 -0.706460 -7.172817
v -5.706690 0.000001 -7.207523
v -5.831251 0.691600 -7.021921
v -5.706690 0.000001 -7.207523
v -5.554917 -0.000001 7.331906
v -5.554917 0.718651 7.296601
v -5.554917 -0.000001 7.331906
v -5.554917 -0.718653 7.296601
v -5.554917 -1.430385 7.191025
v -5.554917 -2.128341 7.016195
v -5.554917 -2.805800 6.773798
v -5.554917 -3.456237 6.466164
v -5.554917 -4.073390 6.096257
v -5.554917 -4.651312 5.667640
v -5.554917 -5.184441 5.184440
v -5.554917 -5.667641 4.651311
v -5.554917 -6.096258 4.073388
v -5.554917 -6.466165 3.456235
v -5.554917 -6.773798 2.805798
v -5.554917 -7.016196 2.128339
v -5.554917 -7.191025 1.430383
v -5.554917 -7.296601 0.718651
v -5.554917 -7.331906 -0.000001
v -5.554917 -7.296601 -0.718653
v -5.554917 -7.191025 -1.430385
v -5.554917 -7.016195 -2.128341
v -5.554917 -6.773798 -2.805800
v -5.554917 -6.466164 -3.456237
v -5.554917 -6.096257 -4.073390
v -5.554917 -5.667640 -4.651312
v -5.554917 -5.184440 -5.184441
v -5.554917 -4.651311 -5.667641
v -5.554917 -4.073388 -6.096258
v -5.554917 -3.456235 -6.466165
v -5.554917 -2.805798 -6.773798
v -5.554917 -2.128339 -7.016196
v -5.554917 -1.430383 -7.191025
v -5.554917 -0.718651 -7.296601
v -5.554917 0.000001 -7.331906
v -5.706690 0.706462 -7.172817
v -5.554917 0.000001 -7.331906
v -5.381776 -0.000001 7.424255
v -5.381776 0.727703 7.388505
v -5.381776 -0.000001 7.424255
v -5.381776 -0.727705 7.388505
v -5.381776 -1.448401 7.281600
v -5.381776 -2.155148 7.104568
v -5.381776 -2.841140 6.859117
v -5.381776 -3.499770 6.547607
v -5.381776 -4.124696 6.173041
v -5.381776 -4.709898 5.739027
v -5.381776 -5.249742 5.249741
v -5.381776 -5.739028 4.709897
v -5.381776 -6.173042 4.124694
v -5.381776 -6.547608 3.499768
v -5.381776 -6.859118 2.841138
v -5.381776 -7.104569 2.155146
v -5.381776 -7.281600 1.448399
v -5.381776 -7.388505 0.727703
v -5.381776 -7.424255 -0.000001
v -5.381776 -7.388505 -0.727705
v -5.381776 -7.281600 -1.448401
v -5.381776 -7.104568 -2.155148
v -5.381776 -6.859117 -2.841140
v -5.381776 -6.547607 -3.499770
v -5.381776 -6.173041 -4.124696
v -5.381776 -5.739027 -4.709898
v -5.381776 -5.249741 -5.249742
v -5.381776 -4.709897 -5.739028
v -5.381776 -4.124694 -6.173042
v -5.381776 -3.499768 -6.547608
v -5.381776 -2.841138 -6.859118
v -5.381776 -2.155146 -7.104569
v -5.381776 -1.448399 -7.281600
v -5.381776 -0.727703 -7.388505
v -5.381776 0.000001 -7.424255
v -5.554917 0.718653 -7.296601
v -5.381776 0.000001 -7.424255
v -5.381776 0.727705 -7.388505
v -5.923804 1.342781 -6.750613
v -5.923804 1.997991 -6.586491
v -5.923804 2.633959 -6.358938
v -5.923804 3.244561 -6.070145
v -5.923804 3.823916 -5.722893
v -5.923804 4.366444 -5.320526
v -5.923804 4.866920 -4.866920
v -5.923804 5.320527 -4.366443
v -5.923804 5.722894 -3.823914
v -5.923804 6.070146 -3.244559
v -5.923804 6.358939 -2.633957
v -5.923804 6.586491 -1.997989
v -5.923804 6.750613 -1.342779
v -5.923804 6.849722 -0.674638
v -5.923804 6.882865 0.000001
v -5.923804 6.849722 0.674640
v -5.923804 6.750613 1.342781
v -5.923804 6.586491 1.997991
v -5.923804 6.358938 2.633959
v -5.923804 6.070145 3.244561
v -5.923804 5.722893 3.823916
v -5.923804 5.320526 4.366444
v -5.923804 4.866920 4.866920
v -5.923804 4.366443 5.320527
v -5.923804 3.823914 5.722894
v -5.923804 3.244559 6.070146
v -5.923804 2.633957 6.358939
v -5.923804 1.997989 6.586491
v -5.923804 1.342779 6.750613
v -5.831251 1.376538 -6.920320
v -5.831251 2.048220 -6.752071
v -5.831251 2.700176 -6.518798
v -5.831251 3.326128 -6.222744
v -5.831251 3.920047 -5.866764
v -5.831251 4.476213 -5.454281
v -5.831251 4.989273 -4.989272
v -5.831251 5.454282 -4.476213
v -5.831251 5.866765 -3.920045
v -5.831251 6.222745 -3.326126
v -5.831251 6.518799 -2.700174
v -5.831251 6.752072 -2.048218
v -5.831251 6.920320 -1.376536
v -5.831251 7.021921 -0.691598
v -5.831251 7.055897 0.000001
v -5.831251 7.021921 0.691600
v -5.831251 6.920320 1.376538
v -5.831251 6.752071 2.048220
v -5.831251 6.518798 2.700176
v -5.831251 6.222744 3.326128
v -5.831251 5.866764 3.920047
v -5.831251 5.454281 4.476213
v -5.831251 4.989272 4.989273
v -5.831251 4.476213 5.454282
v -5.831251 3.920045 5.866765
v -5.831251 3.326126 6.222745
v -5.831251 2.700174 6.518799
v -5.831251 2.048218 6.752072
v -5.831251 1.376536 6.920320
v -5.706690 1.406119 -7.069033
v -5.706690 2.092235 -6.897170
v -5.706690 2.758201 -6.658883
v -5.706690 3.397604 -6.356468
v -5.706690 4.004285 -5.992836
v -5.706690 4.572404 -5.571490
v -5.706690 5.096489 -5.096488
v -5.706690 5.571491 -4.572403
v -5.706690 5.992837 -4.004284
v -5.706690 6.356469 -3.397602
v -5.706690 6.658884 -2.758199
v -5.706690 6.897171 -2.092233
v -5.706690 7.069033 -1.406117
v -5.706690 7.172817 -0.706460
v -5.706690 7.207523 0.000001
v -5.706690 7.172817 0.706462
v -5.706690 7.069033 1.406119
v -5.706690 6.897170 2.092235
v -5.706690 6.658883 2.758201
v -5.706690 6.356468 3.397604
v -5.706690 5.992836 4.004285
v -5.706690 5.571490 4.572404
v -5.706690 5.096488 5.096489
v -5.706690 4.572403 5.571491
v -5.706690 4.004284 5.992837
v -5.706690 3.397602 6.356469
v -5.706690 2.758199 6.658884
v -5.706690 2.092233 6.897171
v -5.706690 1.406117 7.069033
v -5.554917 1.430385 -7.191025
v -5.554917 2.128341 -7.016195
v -5.554917 2.805800 -6.773798
v -5.554917 3.456237 -6.466164
v -5.554917 4.073390 -6.096257
v -5.554917 4.651312 -5.667640
v -5.554917 5.184441 -5.184440
v -5.554917 5.667641 -4.651311
v -5.554917 6.096258 -4.073388
v -5.554917 6.466165 -3.456235
v -5.554917 6.773798 -2.805798
v -5.554917 7.016196 -2.128339
v -5.554917 7.191025 -1.430383
v -5.554917 7.296601 -0.718651
v -5.554917 7.331906 0.000001
v -5.554917 7.296601 0.718653
v -5.554917 7.191025 1.430385
v -5.554917 7.016195 2.128341
v -5.554917 6.773798 2.805800
v -5.554917 6.466164 3.456237
v -5.554917 6.096257 4.073390
v -5.554917 5.667640 4.651312
v -5.554917 5.184440 5.184441
v -5.554917 4.651311 5.667641
v -5.554917 4.073388 6.096258
v -5.554917 3.456235 6.466165
v -5.554917 2.805798 6.773798
v -5.554917 2.128339 7.016196
v -5.554917 1.430383 7.191025
v -5.381776 1.448401 -7.281600
v -5.381776 2.155148 -7.104568
v -5.381776 2.841140 -6.859117
v -5.381776 3.499770 -6.547607
v -5.381776 4.124696 -6.173041
v -5.381776 4.709898 -5.739027
v -5.381776 5.249742 -5.249741
v -5.381776 5.739028 -4.709897
v -5.381776 6.173042 -4.124694
v -5.381776 6.547608 -3.499768
v -5.381776 6.859118 -2.841138
v -5.381776 7.104569 -2.155146
v -5.381776 7.281600 -1.448399
v -5.381776 7.388505 -0.727703
v -5.381776 7.424255 0.000001
v -5.381776 7.388505 0.727705
v -5.381776 7.281600 1.448401
v -5.381776 7.104568 2.155148
v -5.381776 6.859117 2.841140
v -5.381776 6.547607 3.499770
v -5.381776 6.173041 4.124696
v -5.381776 5.739027 4.709898
v -5.381776 5.249741 5.249742
v -5.381776 4.709897 5.739028
v -5.381776 4.124694 6.173042
v -5.381776 3.499768 6.547608
v -5.381776 2.841138 6.859118
v -5.381776 2.155146 7.104569
v -5.381776 1.448399 7.281600
v 5.924255 0.000001 -6.881776
v 5.924255 0.674533 -6.848639
v 5.924255 0.000001 -6.881776
v 5.924255 -0.674531 -6.848639
v 5.924255 -1.342567 -6.749545
v 5.924255 -1.997673 -6.585449
v 5.924255 -2.633541 -6.357933
v 5.924255 -3.244046 -6.069185
v 5.924255 -3.823309 -5.721989
v 5.924255 -4.365753 -5.319685
v 5.924255 -4.866150 -4.866151
v 5.924255 -5.319685 -4.365754
v 5.924255 -5.721988 -3.823311
v 5.924255 -6.069184 -3.244048
v 5.924255 -6.357932 -2.633543
v 5.924255 -6.585449 -1.997675
v 5.924255 -6.749545 -1.342569
v 5.924255 -6.848639 -0.674533
v 5.924255 -6.881776 -0.000001
v 5.924255 -6.848639 0.674531
v 5.924255 -6.749545 1.342567
v 5.924255 -6.585449 1.997673
v 5.924255 -6.357933 2.633541
v 5.924255 -6.069185 3.244046
v 5.924255 -5.721989 3.823309
v 5.924255 -5.319685 4.365753
v 5.924255 -4.866151 4.866150
v 5.924255 -4.365754 5.319685
v 5.924255 -3.823311 5.721988
v 5.924255 -3.244048 6.069184
v 5.924255 -2.633543 6.357932
v 5.924255 -1.997675 6.585449
v 5.924255 -1.342569 6.749545
v 5.924255 -0.674533 6.848639
v 5.924255 -0.000001 6.881776
v 5.924255 -0.000001 6.881776
v 5.831906 0.000001 -7.054917
v 5.831906 0.691504 -7.020946
v 5.831906 0.000001 -7.054917
v 5.831906 -0.691502 -7.020946
v 5.831906 -1.376345 -6.919359
v 5.831906 -2.047933 -6.751135
v 5.831906 -2.699799 -6.517893
v 5.831906 -3.325664 -6.221881
v 5.831906 -3.919501 -5.865950
v 5.831906 -4.475592 -5.453526
v 5.831906 -4.988580 -4.988581
v 5.831906 -5.453525 -4.475593
v 5.831906 -5.865949 -3.919503
v 5.831906 -6.221880 -3.325666
v 5.831906 -6.517892 -2.699801
v 5.831906 -6.751134 -2.047935
v 5.831906 -6.919359 -1.376347
v 5.831906 -7.020946 -0.691504
v 5.831906 -7.054917 -0.000001
v 5.831906 -7.020946 0.691502
v 5.831906 -6.919359 1.376345
v 5.831906 -6.751135 2.047933
v 5.831906 -6.517893 2.699799
v 5.831906 -6.221881 3.325664
v 5.831906 -5.865950 3.919501
v 5.831906 -5.453526 4.475592
v 5.831906 -4.988581 4.988580
v 5.831906 -4.475593 5.453525
v 5.831906 -3.919503 5.865949
v 5.831906 -3.325666 6.221880
v 5.831906 -2.699801 6.517892
v 5.831906 -2.047935 6.751134
v 5.831906 -1.376347 6.919359
v 5.831906 -0.691504 7.020946
v 5.831906 -0.000001 7.054917
v 5.924255 0.674531 6.848639
v 5.831906 -0.000001 7.054917
v 5.707523 0.000001 -7.206690
v 5.707523 0.706380 -7.171988
v 5.707523 0.000001 -7.206690
v 5.707523 -0.706378 -7.171988
v 5.707523 -1.405954 -7.068216
v 5.707523 -2.091991 -6.896372
v 5.707523 -2.757880 -6.658114
v 5.707523 -3.397209 -6.355733
v 5.707523 -4.003822 -5.992145
v 5.707523 -4.571876 -5.570848
v 5.707523 -5.095899 -5.095900
v 5.707523 -5.570847 -4.571877
v 5.707523 -5.992144 -4.003823
v 5.707523 -6.355732 -3.397211
v 5.707523 -6.658113 -2.757882
v 5.707523 -6.896371 -2.091993
v 5.707523 -7.068216 -1.405956
v 5.707523 -7.171988 -0.706380
v 5.707523 -7.206690 -0.000001
v 5.707523 -7.171988 0.706378
v 5.707523 -7.068216 1.405954
v 5.707523 -6.896372 2.091991
v 5.707523 -6.658114 2.757880
v 5.707523 -6.355733 3.397209
v 5.707523 -5.992145 4.003822
v 5.707523 -5.570848 4.571876
v 5.707523 -5.095900 5.095899
v 5.707523 -4.571877 5.570847
v 5.707523 -4.003823 5.992144
v 5.707523 -3.397211 6.355732
v 5.707523 -2.757882 6.658113
v 5.707523 -2.091993 6.896371
v 5.707523 -1.405956 7.068216
v 5.707523 -0.706380 7.171988
v 5.707523 -0.000001 7.206690
v 5.831906 0.691502 7.020946
v 5.707523 -0.000001 7.206690
v 5.555897 0.000001 -7.331251
v 5.555897 0.718589 -7.295949
v 5.555897 0.000001 -7.331251
v 5.555897 -0.718587 -7.295949
v 5.555897 -1.430255 -7.190383
v 5.555897 -2.128149 -7.015571
v 5.555897 -2.805547 -6.773193
v 5.555897 -3.455927 -6.465587
v 5.555897 -4.073024 -6.095714
v 5.555897 -4.650897 -5.667134
v 5.555897 -5.183978 -5.183979
v 5.555897 -5.667133 -4.650898
v 5.555897 -6.095713 -4.073026
v 5.555897 -6.465586 -3.455929
v 5.555897 -6.773192 -2.805549
v 5.555897 -7.015570 -2.128151
v 5.555897 -7.190383 -1.430257
v 5.555897 -7.295949 -0.718589
v 5.555897 -7.331251 -0.000001
v 5.555897 -7.295949 0.718587
v 5.555897 -7.190383 1.430255
v 5.555897 -7.015571 2.128149
v 5.555897 -6.773193 2.805547
v 5.555897 -6.465587 3.455927
v 5.555897 -6.095714 4.073024
v 5.555897 -5.667134 4.650897
v 5.555897 -5.183979 5.183978
v 5.555897 -4.650898 5.667133
v 5.555897 -4.073026 6.095713
v 5.555897 -3.455929 6.465586
v 5.555897 -2.805549 6.773192
v 5.555897 -2.128151 7.015570
v 5.555897 -1.430257 7.190383
v 5.555897 -0.718589 7.295949
v 5.555897 -0.000001 7.331251
v 5.707523 0.706378 7.171988
v 5.555897 -0.000001 7.331251
v 5.382865 0.000001 -7.423804
v 5.382865 0.727661 -7.388057
v 5.382865 0.000001 -7.423804
v 5.382865 -0.727659 -7.388057
v 5.382865 -1.448311 -7.281158
v 5.382865 -2.155016 -7.104138
v 5.382865 -2.840966 -6.858702
v 5.382865 -3.499556 -6.547212
v 5.382865 -4.124444 -6.172668
v 5.382865 -4.709611 -5.738678
v 5.382865 -5.249422 -5.249423
v 5.382865 -5.738678 -4.709612
v 5.382865 -6.172668 -4.124446
v 5.382865 -6.547211 -3.499558
v 5.382865 -6.858701 -2.840968
v 5.382865 -7.104137 -2.155018
v 5.382865 -7.281158 -1.448313
v 5.382865 -7.388057 -0.727661
v 5.382865 -7.423804 -0.000001
v 5.382865 -7.388057 0.727659
v 5.382865 -7.281158 1.448311
v 5.382865 -7.104138 2.155016
v 5.382865 -6.858702 2.840966
v 5.382865 -6.547212 3.499556
v 5.382865 -6.172668 4.124444
v 5.382865 -5.738678 4.709611
v 5.382865 -5.249423 5.249422
v 5.382865 -4.709612 5.738678
v 5.382865 -4.124446 6.172668
v 5.382865 -3.499558 6.547211
v 5.382865 -2.840968 6.858701
v 5.382865 -2.155018 7.104137
v 5.382865 -1.448313 7.281158
v 5.382865 -0.727661 7.388057
v 5.382865 -0.000001 7.423804
v 5.555897 0.718587 7.295949
v 5.382865 -0.000001 7.423804
v 5.382865 0.727659 7.388057
v 5.924255 1.342567 6.749545
v 5.924255 1.997673 6.585449
v 5.924255 2.633541 6.357933
v 5.924255 3.244046 6.069185
v 5.924255 3.823309 5.721989
v 5.924255 4.365753 5.319685
v 5.924255 4.866150 4.866151
v 5.924255 5.319685 4.365754
v 5.924255 5.721988 3.823311
v 5.924255 6.069184 3.244048
v 5.924255 6.357932 2.633543
v 5.924255 6.585449 1.997675
v 5.924255 6.749545 1.342569
v 5.924255 6.848639 0.674533
v 5.924255 6.881776 0.000001
v 5.924255 6.848639 -0.674531
v 5.924255 6.749545 -1.342567
v 5.924255 6.585449 -1.997673
v 5.924255 6.357933 -2.633541
v 5.924255 6.069185 -3.244046
v 5.924255 5.721989 -3.823309
v 5.924255 5.319685 -4.365753
v 5.924255 4.866151 -4.866150
v 5.924255 4.365754 -5.319685
v 5.924255 3.823311 -5.721988
v 5.924255 3.244048 -6.069184
v 5.924255 2.633543 -6.357932
v 5.924255 1.997675 -6.585449
v 5.924255 1.342569 -6.749545
v 5.831906 1.376345 6.919359
v 5.831906 2.047933 6.751135
v 5.831906 2.699799 6.517893
v 5.831906 3.325664 6.221881
v 5.831906 3.919501 5.865950
v 5.831906 4.475592 5.453526
v 5.831906 4.988580 4.988581
v 5.831906 5.453525 4.475593
v 5.831906 5.865949 3.919503
v 5.831906 6.221880 3.325666
v 5.831906 6.517892 2.699801
v 5.831906 6.751134 2.047935
v 5.831906 6.919359 1.376347
v 5.831906 7.020946 0.691504
v 5.831906 7.054917 0.000001
v 5.831906 7.020946 -0.691502
v 5.831906 6.919359 -1.376345
v 5.831906 6.751135 -2.047933
v 5.831906 6.517893 -2.699799
v 5.831906 6.221881 -3.325664
v 5.831906 5.865950 -3.919501
v 5.831906 5.453526 -4.475592
v 5.831906 4.988581 -4.988580
v 5.831906 4.475593 -5.453525
v 5.831906 3.919503 -5.865949
v 5.831906 3.325666 -6.221880
v 5.831906 2.699801 -6.517892
v 5.831906 2.047935 -6.751134
v 5.831906 1.376347 -6.919359
v 5.707523 1.405954 7.068216
v 5.707523 2.091991 6.896372
v 5.707523 2.757880 6.658114
v 5.707523 3.397209 6.355733
v 5.707523 4.003822 5.992145
v 5.707523 4.571876 5.570848
v 5.707523 5.095899 5.095900
v 5.707523 5.570847 4.571877
v 5.707523 5.992144 4.003823
v 5.707523 6.355732 3.397211
v 5.707523 6.658113 2.757882
v 5.707523 6.896371 2.091993
v 5.707523 7.068216 1.405956
v 5.707523 7.171988 0.706380
v 5.707523 7.206690 0.000001
v 5.707523 7.171988 -0.706378
v 5.707523 7.068216 -1.405954
v 5.707523 6.896372 -2.091991
v 5.707523 6.658114 -2.757880
v 5.707523 6.355733 -3.397209
v 5.707523 5.992145 -4.003822
v 5.707523 5.570848 -4.571876
v 5.707523 5.095900 -5.095899
v 5.707523 4.571877 -5.570847
v 5.707523 4.003823 -5.992144
v 5.707523 3.397211 -6.355732
v 5.707523 2.757882 -6.658113
v 5.707523 2.091993 -6.896371
v 5.707523 1.405956 -7.068216
v 5.555897 1.430255 7.190383
v 5.555897 2.128149 7.015571
v 5.555897 2.805547 6.773193
v 5.555897 3.455927 6.465587
v 5.555897 4.073024 6.095714
v 5.555897 4.650897 5.667134
v 5.555897 5.183978 5.183979
v 5.555897 5.667133 4.650898
v 5.555897 6.095713 4.073026
v 5.555897 6.465586 3.455929
v 5.555897 6.773192 2.805549
v 5.555897 7.015570 2.128151
v 5.555897 7.190383 1.430257
v 5.555897 7.295949 0.718589
v 5.555897 7.331251 0.000001
v 5.555897 7.295949 -0.718587
v 5.555897 7.190383 -1.430255
v 5.555897 7.015571 -2.128149
v 5.555897 6.773193 -2.805547
v 5.555897 6.465587 -3.455927
v 5.555897 6.095714 -4.073024
v 5.555897 5.667134 -4.650897
v 5.555897 5.183979 -5.183978
v 5.555897 4.650898 -5.667133
v 5.555897 4.073026 -6.095713
v 5.555897 3.455929 -6.465586
v 5.555897 2.805549 -6.773192
v 5.555897 2.128151 -7.015570
v 5.555897 1.430257 -7.190383
v 5.382865 1.448311 7.281158
v 5.382865 2.155016 7.104138
v 5.382865 2.840966 6.858702
v 5.382865 3.499556 6.547212
v 5.382865 4.124444 6.172668
v 5.382865 4.709611 5.738678
v 5.382865 5.249422 5.249423
v 5.382865 5.738678 4.709612
v 5.382865 6.172668 4.124446
v 5.382865 6.547211 3.499558
v 5.382865 6.858701 2.840968
v 5.382865 7.104137 2.155018
v 5.382865 7.281158 1.448313
v 5.382865 7.388057 0.727661
v 5.382865 7.423804 0.000001
v 5.382865 7.388057 -0.727659
v 5.382865 7.281158 -1.448311
v 5.382865 7.104138 -2.155016
v 5.382865 6.858702 -2.840966
v 5.382865 6.547212 -3.499556
v 5.382865 6.172668 -4.124444
v 5.382865 5.738678 -4.709611
v 5.382865 5.249423 -5.249422
v 5.382865 4.709612 -5.738678
v 5.382865 4.124446 -6.172668
v 5.382865 3.499558 -6.547211
v 5.382865 2.840968 -6.858701
v 5.382865 2.155018 -7.104137
v 5.382865 1.448313 -7.281158
vt 0.868755 0.417614
vt 0.131245 0.417614
vt 0.131363 0.435329
vt 0.133959 0.435329
vt 0.868637 0.435329
vt 0.131247 0.452972
vt 0.133577 0.467800
vt 0.869104 0.400007
vt 0.130896 0.400007
vt 0.133577 0.402858
vt 0.869688 0.382479
vt 0.130312 0.382479
vt 0.870515 0.364951
vt 0.129485 0.364951
vt 0.132423 0.370527
vt 0.871587 0.347502
vt 0.128413 0.347502
vt 0.872908 0.330236
vt 0.127092 0.330236
vt 0.130471 0.338482
vt 0.874495 0.313070
vt 0.125505 0.313070
vt 0.876351 0.296096
vt 0.123649 0.296096
vt 0.127677 0.306880
vt 0.878486 0.279377
vt 0.121514 0.279377
vt 0.880925 0.262853
vt 0.119075 0.262853
vt 0.123979 0.275896
vt 0.883670 0.246647
vt 0.116330 0.246647
vt 0.119296 0.245728
vt 0.886742 0.230778
vt 0.113258 0.230778
vt 0.890166 0.215240
vt 0.109834 0.215240
vt 0.113530 0.216607
vt 0.893943 0.200170
vt 0.106058 0.200170
vt 0.898109 0.185548
vt 0.101891 0.185548
vt 0.106566 0.188803
vt 0.902682 0.171440
vt 0.097318 0.171440
vt 0.907658 0.157969
vt 0.092342 0.157969
vt 0.098280 0.162636
vt 0.913087 0.145120
vt 0.086913 0.145119
vt 0.918963 0.133002
vt 0.081037 0.133002
vt 0.088551 0.138480
vt 0.925283 0.121721
vt 0.074717 0.121721
vt 0.077279 0.116767
vt 0.932086 0.111290
vt 0.067914 0.111290
vt 0.939333 0.101840
vt 0.060667 0.101839
vt 0.064416 0.097978
vt 0.947015 0.093448
vt 0.052985 0.093447
vt 0.955131 0.086161
vt 0.044868 0.086160
vt 0.050005 0.082624
vt 0.963598 0.080095
vt 0.036402 0.080095
vt 0.972396 0.075295
vt 0.027603 0.075295
vt 0.034221 0.071206
vt 0.981461 0.071816
vt 0.018538 0.071816
vt 0.990673 0.069717
vt 0.009327 0.069717
vt 0.017393 0.064156
vt 1.000000 0.069014
vt 0.000000 0.061771
vt 0.982607 0.064156
vt 0.965779 0.071206
vt 0.949995 0.082624
vt 0.935584 0.097978
vt 0.922721 0.116767
vt 0.911449 0.138480
vt 0.901720 0.162636
vt 0.893434 0.188803
vt 0.886470 0.216607
vt 0.880704 0.245728
vt 0.876021 0.275896
vt 0.872323 0.306880
vt 0.869529 0.338482
vt 0.867577 0.370527
vt 0.866423 0.402858
vt 0.868753 0.452972
vt 0.866041 0.435329
vt 0.130900 0.470527
vt 0.869100 0.470527
vt 0.866423 0.467800
vt 0.130317 0.488027
vt 0.869683 0.488027
vt 0.129492 0.505557
vt 0.870508 0.505557
vt 0.867577 0.500131
vt 0.128422 0.523020
vt 0.871578 0.523020
vt 0.127103 0.540290
vt 0.872897 0.540290
vt 0.869529 0.532176
vt 0.125519 0.557449
vt 0.874481 0.557449
vt 0.123666 0.574417
vt 0.876334 0.574417
vt 0.872323 0.563778
vt 0.121533 0.591136
vt 0.878467 0.591136
vt 0.119097 0.607663
vt 0.880903 0.607663
vt 0.876021 0.594762
vt 0.116355 0.623872
vt 0.883645 0.623872
vt 0.880704 0.624930
vt 0.113287 0.639743
vt 0.886713 0.639743
vt 0.109866 0.655282
vt 0.890134 0.655282
vt 0.886470 0.654051
vt 0.106093 0.670356
vt 0.893907 0.670356
vt 0.101929 0.684982
vt 0.898071 0.684982
vt 0.893434 0.681855
vt 0.097360 0.699098
vt 0.902640 0.699098
vt 0.092386 0.712577
vt 0.907614 0.712577
vt 0.901720 0.708022
vt 0.086959 0.725437
vt 0.913041 0.725437
vt 0.081084 0.737566
vt 0.918916 0.737566
vt 0.911449 0.732178
vt 0.074764 0.748858
vt 0.925236 0.748858
vt 0.922721 0.753891
vt 0.067960 0.759303
vt 0.932040 0.759303
vt 0.060711 0.768766
vt 0.939289 0.768766
vt 0.935584 0.772680
vt 0.053026 0.777170
vt 0.946974 0.777170
vt 0.044904 0.784468
vt 0.955096 0.784468
vt 0.949995 0.788034
vt 0.036432 0.790544
vt 0.963568 0.790544
vt 0.027627 0.795352
vt 0.972373 0.795352
vt 0.965779 0.799452
vt 0.018555 0.798837
vt 0.981445 0.798837
vt 0.009336 0.800940
vt 0.990664 0.800940
vt 0.982607 0.806502
vt 0.000000 0.801644
vt 1.000000 0.808887
vt 0.017393 0.806502
vt 0.034221 0.799452
vt 0.050005 0.788034
vt 0.064416 0.772680
vt 0.077279 0.753891
vt 0.088551 0.732178
vt 0.098280 0.708022
vt 0.106566 0.681855
vt 0.113530 0.654051
vt 0.119296 0.624930
vt 0.123979 0.594762
vt 0.127677 0.563778
vt 0.130471 0.532176
vt 0.132423 0.500131
vt 0.368755 0.417614
vt 0.631245 0.417614
vt 0.631363 0.435329
vt 0.633942 0.435329
vt 0.368637 0.435329
vt 0.631247 0.452972
vt 0.633561 0.467797
vt 0.369104 0.400007
vt 0.630896 0.400007
vt 0.633561 0.402861
vt 0.369688 0.382479
vt 0.630312 0.382479
vt 0.370515 0.364951
vt 0.629485 0.364951
vt 0.632407 0.370533
vt 0.371587 0.347502
vt 0.628413 0.347502
vt 0.372908 0.330236
vt 0.627092 0.330236
vt 0.630455 0.338491
vt 0.374495 0.313070
vt 0.625505 0.313070
vt 0.376351 0.296096
vt 0.623649 0.296096
vt 0.627660 0.306892
vt 0.378486 0.279377
vt 0.621514 0.279377
vt 0.380925 0.262853
vt 0.619075 0.262853
vt 0.623962 0.275912
vt 0.383670 0.246647
vt 0.616330 0.246647
vt 0.619279 0.245747
vt 0.386742 0.230778
vt 0.613258 0.230778
vt 0.390166 0.215240
vt 0.609834 0.215240
vt 0.613513 0.216629
vt 0.393942 0.200170
vt 0.606057 0.200170
vt 0.398109 0.185548
vt 0.601891 0.185548
vt 0.606549 0.188829
vt 0.402682 0.171440
vt 0.597318 0.171440
vt 0.407658 0.157969
vt 0.592342 0.157969
vt 0.598264 0.162665
vt 0.413087 0.145119
vt 0.586913 0.145120
vt 0.418963 0.133002
vt 0.581037 0.133002
vt 0.588536 0.138513
vt 0.425283 0.121721
vt 0.574717 0.121721
vt 0.577265 0.116803
vt 0.432086 0.111290
vt 0.567914 0.111290
vt 0.439333 0.101839
vt 0.560667 0.101840
vt 0.564404 0.098017
vt 0.447015 0.093447
vt 0.552985 0.093448
vt 0.455132 0.086160
vt 0.544869 0.086161
vt 0.549995 0.082666
vt 0.463598 0.080095
vt 0.536402 0.080095
vt 0.472397 0.075295
vt 0.527604 0.075295
vt 0.534214 0.071251
vt 0.481462 0.071816
vt 0.518539 0.071816
vt 0.490673 0.069717
vt 0.509327 0.069717
vt 0.517390 0.064202
vt 0.500000 0.069014
vt 0.500000 0.061818
vt 0.482610 0.064202
vt 0.465786 0.071251
vt 0.450005 0.082666
vt 0.435596 0.098017
vt 0.422735 0.116803
vt 0.411464 0.138513
vt 0.401736 0.162665
vt 0.393451 0.188829
vt 0.386487 0.216629
vt 0.380721 0.245747
vt 0.376038 0.275912
vt 0.372340 0.306892
vt 0.369545 0.338491
vt 0.367593 0.370533
vt 0.366439 0.402861
vt 0.368753 0.452972
vt 0.366058 0.435329
vt 0.630900 0.470527
vt 0.369100 0.470527
vt 0.366439 0.467797
vt 0.630317 0.488027
vt 0.369683 0.488027
vt 0.629492 0.505557
vt 0.370508 0.505557
vt 0.367593 0.500125
vt 0.628422 0.523020
vt 0.371578 0.523020
vt 0.627103 0.540290
vt 0.372897 0.540290
vt 0.369545 0.532167
vt 0.625519 0.557449
vt 0.374481 0.557449
vt 0.623666 0.574417
vt 0.376334 0.574417
vt 0.372340 0.563765
vt 0.621533 0.591136
vt 0.378467 0.591136
vt 0.619097 0.607663
vt 0.380903 0.607663
vt 0.376038 0.594746
vt 0.616355 0.623872
vt 0.383645 0.623872
vt 0.380721 0.624911
vt 0.613287 0.639743
vt 0.386713 0.639743
vt 0.609866 0.655282
vt 0.390134 0.655282
vt 0.386487 0.654029
vt 0.606093 0.670356
vt 0.393907 0.670356
vt 0.601929 0.684982
vt 0.398071 0.684982
vt 0.393451 0.681829
vt 0.597360 0.699098
vt 0.402640 0.699098
vt 0.592386 0.712577
vt 0.407614 0.712577
vt 0.401736 0.707993
vt 0.586959 0.725437
vt 0.413041 0.725437
vt 0.581084 0.737566
vt 0.418916 0.737566
vt 0.411464 0.732145
vt 0.574764 0.748858
vt 0.425236 0.748858
vt 0.422735 0.753855
vt 0.567960 0.759303
vt 0.432040 0.759303
vt 0.560711 0.768766
vt 0.439289 0.768766
vt 0.435596 0.772641
vt 0.553026 0.777170
vt 0.446974 0.777170
vt 0.544904 0.784468
vt 0.455096 0.784468
vt 0.450005 0.787992
vt 0.536432 0.790544
vt 0.463568 0.790544
vt 0.527627 0.795352
vt 0.472373 0.795352
vt 0.465786 0.799407
vt 0.518555 0.798837
vt 0.481445 0.798837
vt 0.509336 0.800940
vt 0.490664 0.800940
vt 0.482610 0.806455
vt 0.500000 0.801644
vt 0.500000 0.808840
vt 0.517390 0.806455
vt 0.534214 0.799407
vt 0.549995 0.787992
vt 0.564404 0.772641
vt 0.577265 0.753855
vt 0.588536 0.732145
vt 0.598264 0.707993
vt 0.606549 0.681829
vt 0.613513 0.654029
vt 0.619279 0.624911
vt 0.623962 0.594746
vt 0.627660 0.563765
vt 0.630455 0.532167
vt 0.632407 0.500125
vt 0.156038 0.397925
vt 0.343962 0.397925
vt 0.343584 0.435329
vt 0.346607 0.435329
vt 0.156416 0.435329
vt 0.343938 0.471565
vt 0.346967 0.471099
vt 0.154891 0.360642
vt 0.345109 0.360642
vt 0.348058 0.363903
vt 0.346967 0.399559
vt 0.152938 0.323604
vt 0.347062 0.323604
vt 0.349913 0.328480
vt 0.150113 0.286953
vt 0.349887 0.286953
vt 0.352587 0.293421
vt 0.146321 0.250851
vt 0.353679 0.250851
vt 0.356162 0.258875
vt 0.141430 0.215492
vt 0.358570 0.215492
vt 0.360748 0.225020
vt 0.135268 0.181117
vt 0.364732 0.181117
vt 0.366489 0.192071
vt 0.127618 0.148029
vt 0.372382 0.148029
vt 0.373564 0.160294
vt 0.118214 0.116617
vt 0.381786 0.116617
vt 0.382189 0.130022
vt 0.106750 0.087377
vt 0.393250 0.087377
vt 0.392611 0.101675
vt 0.092912 0.060939
vt 0.407088 0.060939
vt 0.405087 0.075777
vt 0.076438 0.038078
vt 0.423562 0.038078
vt 0.419841 0.052964
vt 0.057237 0.019693
vt 0.442763 0.019693
vt 0.436986 0.033981
vt 0.035548 0.006727
vt 0.464452 0.006727
vt 0.456413 0.019623
vt 0.012068 0.000000
vt 0.487932 0.000000
vt 0.477684 0.010639
vt 0.987932 0.000000
vt 0.512068 0.000000
vt 0.500000 0.007577
vt 0.964452 0.006727
vt 0.535548 0.006727
vt 0.522316 0.010639
vt 0.942763 0.019693
vt 0.557237 0.019693
vt 0.543587 0.019623
vt 0.923562 0.038078
vt 0.576438 0.038078
vt 0.563014 0.033981
vt 0.907088 0.060939
vt 0.592912 0.060939
vt 0.580159 0.052964
vt 0.893250 0.087377
vt 0.606750 0.087377
vt 0.594913 0.075777
vt 0.881786 0.116617
vt 0.618214 0.116617
vt 0.607389 0.101675
vt 0.872382 0.148029
vt 0.627618 0.148029
vt 0.617811 0.130022
vt 0.864732 0.181117
vt 0.635268 0.181117
vt 0.626436 0.160294
vt 0.858570 0.215492
vt 0.641430 0.215492
vt 0.633511 0.192071
vt 0.853679 0.250851
vt 0.646321 0.250851
vt 0.639252 0.225020
vt 0.849887 0.286953
vt 0.650113 0.286953
vt 0.643838 0.258875
vt 0.847062 0.323604
vt 0.652938 0.323604
vt 0.647413 0.293421
vt 0.845109 0.360642
vt 0.654891 0.360642
vt 0.650087 0.328480
vt 0.843962 0.397925
vt 0.656038 0.397925
vt 0.651942 0.363903
vt 0.843584 0.435329
vt 0.656416 0.435329
vt 0.653033 0.399559
vt 0.843938 0.471565
vt 0.656062 0.471565
vt 0.653393 0.435329
vt 0.845014 0.507692
vt 0.654986 0.507692
vt 0.653033 0.471099
vt 0.846843 0.543596
vt 0.653157 0.543596
vt 0.651942 0.506754
vt 0.849483 0.579150
vt 0.650517 0.579150
vt 0.650087 0.542178
vt 0.853018 0.614210
vt 0.646982 0.614210
vt 0.647413 0.577237
vt 0.857562 0.648603
vt 0.642438 0.648603
vt 0.643838 0.611783
vt 0.863265 0.682120
vt 0.636735 0.682120
vt 0.639252 0.645638
vt 0.870316 0.714497
vt 0.629684 0.714497
vt 0.633511 0.678587
vt 0.700740 0.816491
vt 0.621053 0.745402
vt 0.626436 0.710364
vt 0.717599 0.812152
vt 0.733961 0.809491
vt 0.749996 0.808611
vt 0.878947 0.745402
vt 0.664862 0.829298
vt 0.610573 0.774412
vt 0.617811 0.740636
vt 0.683221 0.822312
vt 0.626544 0.844628
vt 0.597956 0.800992
vt 0.607389 0.768983
vt 0.645928 0.836923
vt 0.607084 0.851774
vt 0.582936 0.824481
vt 0.594913 0.794881
vt 0.587982 0.857956
vt 0.565360 0.844097
vt 0.580159 0.817693
vt 0.551699 0.866743
vt 0.545309 0.858983
vt 0.563014 0.836677
vt 0.569553 0.862954
vt 0.534179 0.869420
vt 0.523234 0.868323
vt 0.543587 0.851035
vt 0.516930 0.870988
vt 0.500000 0.871511
vt 0.522316 0.860019
vt 0.500000 0.926702
vt 0.476766 0.868323
vt 0.483071 0.870988
vt 0.479980 0.926703
vt 0.500000 0.863081
vt 0.520020 0.926703
vt 0.540005 0.926704
vt 0.559995 0.926704
vt 0.579990 0.926703
vt 0.600000 0.926702
vt 0.620010 0.926703
vt 0.640005 0.926704
vt 0.659995 0.926704
vt 0.679990 0.926703
vt 0.700000 0.926702
vt 0.720010 0.926703
vt 0.740005 0.926704
vt 0.766029 0.809490
vt 0.759995 0.926704
vt 0.782389 0.812149
vt 0.779990 0.926703
vt 0.799252 0.816489
vt 0.816780 0.822312
vt 0.800000 0.926702
vt 0.889427 0.774412
vt 0.835150 0.829303
vt 0.820010 0.926703
vt 0.854093 0.836932
vt 0.840005 0.926704
vt 0.902044 0.800992
vt 0.873478 0.844637
vt 0.859995 0.926704
vt 0.892934 0.851780
vt 0.879990 0.926703
vt 0.917064 0.824481
vt 0.912030 0.857960
vt 0.900000 0.926702
vt 0.934640 0.844097
vt 0.930459 0.862957
vt 0.920010 0.926703
vt 0.954691 0.858983
vt 0.948313 0.866745
vt 0.940005 0.926704
vt 0.965829 0.869421
vt 0.959995 0.926704
vt 0.976766 0.868323
vt 0.983073 0.870988
vt 0.979980 0.926703
vt 1.000000 0.871511
vt 1.000000 0.863134
vt 0.016932 0.870988
vt 0.023234 0.868323
vt 0.022322 0.860071
vt 1.000000 0.926702
vt 0.977678 0.860071
vt 0.956402 0.851085
vt 0.936972 0.836724
vt 0.919824 0.817736
vt 0.905069 0.794920
vt 0.892591 0.769017
vt 0.882169 0.740666
vt 0.873544 0.710390
vt 0.866469 0.678609
vt 0.860728 0.645656
vt 0.856142 0.611798
vt 0.852568 0.577249
vt 0.849894 0.542187
vt 0.848039 0.506760
vt 0.846948 0.471101
vt 0.846588 0.435329
vt 0.848039 0.363897
vt 0.846948 0.399556
vt 0.849894 0.328471
vt 0.852568 0.293409
vt 0.856142 0.258860
vt 0.860728 0.225002
vt 0.866469 0.192049
vt 0.873544 0.160268
vt 0.882169 0.129992
vt 0.892591 0.101641
vt 0.905069 0.075738
vt 0.919824 0.052922
vt 0.936972 0.033934
vt 0.956402 0.019573
vt 0.977678 0.010587
vt 0.000000 0.007524
vt 0.022322 0.010587
vt 0.043598 0.019573
vt 0.063028 0.033934
vt 0.080176 0.052922
vt 0.094931 0.075738
vt 0.107409 0.101641
vt 0.117831 0.129992
vt 0.126456 0.160268
vt 0.133531 0.192049
vt 0.139272 0.225002
vt 0.143858 0.258860
vt 0.147432 0.293409
vt 0.150106 0.328471
vt 0.151961 0.363897
vt 0.153052 0.399556
vt 0.156062 0.471565
vt 0.153412 0.435329
vt 0.345014 0.507692
vt 0.154986 0.507692
vt 0.153052 0.471101
vt 0.346843 0.543595
vt 0.153157 0.543595
vt 0.151961 0.506760
vt 0.349483 0.579150
vt 0.150517 0.579150
vt 0.150106 0.542187
vt 0.353018 0.614210
vt 0.146982 0.614210
vt 0.147432 0.577249
vt 0.357562 0.648603
vt 0.142438 0.648603
vt 0.143858 0.611798
vt 0.363265 0.682120
vt 0.136735 0.682120
vt 0.139272 0.645656
vt 0.370316 0.714497
vt 0.129684 0.714497
vt 0.133531 0.678609
vt 0.200739 0.816491
vt 0.121053 0.745402
vt 0.126456 0.710390
vt 0.217598 0.812152
vt 0.233960 0.809491
vt 0.249996 0.808611
vt 0.378947 0.745402
vt 0.164865 0.829297
vt 0.110573 0.774412
vt 0.117831 0.740666
vt 0.183222 0.822311
vt 0.126550 0.844626
vt 0.097956 0.800992
vt 0.107409 0.769017
vt 0.145932 0.836921
vt 0.107091 0.851772
vt 0.082936 0.824481
vt 0.094931 0.794920
vt 0.087987 0.857954
vt 0.065360 0.844097
vt 0.080176 0.817736
vt 0.051703 0.866743
vt 0.045309 0.858983
vt 0.063028 0.836724
vt 0.069558 0.862953
vt 0.034182 0.869420
vt 0.043598 0.851085
vt 0.020020 0.926703
vt 0.040005 0.926704
vt 0.059995 0.926704
vt 0.079990 0.926703
vt 0.100000 0.926702
vt 0.120010 0.926703
vt 0.140005 0.926704
vt 0.159995 0.926704
vt 0.179990 0.926703
vt 0.200000 0.926702
vt 0.220010 0.926703
vt 0.240005 0.926704
vt 0.266030 0.809490
vt 0.259995 0.926704
vt 0.282391 0.812150
vt 0.279990 0.926703
vt 0.299253 0.816489
vt 0.316779 0.822312
vt 0.300000 0.926702
vt 0.389427 0.774412
vt 0.335148 0.829302
vt 0.320010 0.926703
vt 0.354089 0.836930
vt 0.340005 0.926704
vt 0.402044 0.800992
vt 0.373472 0.844634
vt 0.359995 0.926704
vt 0.392928 0.851778
vt 0.379990 0.926703
vt 0.417064 0.824481
vt 0.412025 0.857958
vt 0.400000 0.926702
vt 0.434640 0.844097
vt 0.430455 0.862956
vt 0.420010 0.926703
vt 0.454691 0.858983
vt 0.448308 0.866745
vt 0.440005 0.926704
vt 0.465826 0.869421
vt 0.459995 0.926704
vt 0.477684 0.860019
vt 0.456413 0.851035
vt 0.436986 0.836677
vt 0.419841 0.817693
vt 0.405087 0.794881
vt 0.392611 0.768983
vt 0.382189 0.740636
vt 0.373564 0.710364
vt 0.366489 0.678587
vt 0.360748 0.645638
vt 0.356162 0.611783
vt 0.352587 0.577237
vt 0.349913 0.542178
vt 0.348058 0.506754
vt 0.500000 0.909306
vt 0.490345 0.909310
vt 0.519253 0.909307
vt 0.509655 0.909310
vt 0.538464 0.909309
vt 0.528837 0.909307
vt 0.557684 0.909308
vt 0.548083 0.909307
vt 0.576917 0.909307
vt 0.567316 0.909308
vt 0.596163 0.909307
vt 0.586536 0.909309
vt 0.615390 0.909309
vt 0.605759 0.909308
vt 0.625000 0.909306
vt 0.644241 0.909308
vt 0.634610 0.909309
vt 0.653837 0.909307
vt 0.673083 0.909307
vt 0.663464 0.909309
vt 0.817316 0.909308
vt 0.682684 0.909308
vt 0.826917 0.909307
vt 0.836536 0.909309
vt 0.855759 0.909308
vt 0.846163 0.909307
vt 0.865390 0.909309
vt 0.884610 0.909309
vt 0.875000 0.909306
vt 0.894241 0.909308
vt 0.913464 0.909309
vt 0.903837 0.909307
vt 0.932684 0.909308
vt 0.923083 0.909307
vt 0.951917 0.909307
vt 0.942316 0.909308
vt 0.971163 0.909307
vt 0.961536 0.909309
vt 0.990345 0.909310
vt 0.980747 0.909307
vt 1.000000 0.909306
vt 0.019253 0.909307
vt 0.009655 0.909310
vt 0.038464 0.909309
vt 0.028837 0.909307
vt 0.057684 0.909308
vt 0.048083 0.909307
vt 0.076917 0.909307
vt 0.067316 0.909308
vt 0.096163 0.909307
vt 0.086536 0.909309
vt 0.115390 0.909309
vt 0.105759 0.909308
vt 0.125000 0.909306
vt 0.144241 0.909308
vt 0.134610 0.909309
vt 0.153837 0.909307
vt 0.173083 0.909307
vt 0.163464 0.909309
vt 0.317316 0.909308
vt 0.182684 0.909308
vt 0.326917 0.909307
vt 0.336536 0.909309
vt 0.355759 0.909308
vt 0.346163 0.909307
vt 0.365390 0.909309
vt 0.384610 0.909309
vt 0.375000 0.909306
vt 0.394241 0.909308
vt 0.413464 0.909309
vt 0.403837 0.909307
vt 0.432684 0.909308
vt 0.423083 0.909307
vt 0.451917 0.909307
vt 0.442316 0.909308
vt 0.471163 0.909307
vt 0.461536 0.909309
vt 0.480747 0.909307
vt 0.500000 0.954843
vt 0.490345 0.954846
vt 0.509655 0.954846
vt 0.519253 0.954844
vt 0.528837 0.954844
vt 0.538464 0.954846
vt 0.548083 0.954844
vt 0.557684 0.954845
vt 0.567316 0.954845
vt 0.576917 0.954844
vt 0.586536 0.954846
vt 0.596163 0.954844
vt 0.605759 0.954844
vt 0.615390 0.954845
vt 0.625000 0.954843
vt 0.634610 0.954845
vt 0.644241 0.954844
vt 0.653837 0.954844
vt 0.663464 0.954846
vt 0.673083 0.954844
vt 0.807684 0.909308
vt 0.692316 0.909308
vt 0.682684 0.954845
vt 0.798083 0.909307
vt 0.701917 0.909307
vt 0.692316 0.954845
vt 0.788464 0.909309
vt 0.711536 0.909309
vt 0.701917 0.954844
vt 0.778837 0.909307
vt 0.721163 0.909307
vt 0.711536 0.954846
vt 0.769241 0.909308
vt 0.730759 0.909308
vt 0.721163 0.954844
vt 0.759610 0.909309
vt 0.740390 0.909309
vt 0.730759 0.954844
vt 0.750000 0.909306
vt 0.740390 0.954845
vt 0.750000 0.954843
vt 0.759610 0.954845
vt 0.769241 0.954844
vt 0.778837 0.954844
vt 0.788464 0.954846
vt 0.798083 0.954844
vt 0.807684 0.954845
vt 0.817316 0.954845
vt 0.826917 0.954844
vt 0.836536 0.954846
vt 0.846163 0.954844
vt 0.855759 0.954844
vt 0.865390 0.954845
vt 0.875000 0.954843
vt 0.884610 0.954845
vt 0.894241 0.954844
vt 0.903837 0.954844
vt 0.913464 0.954846
vt 0.923083 0.954844
vt 0.932684 0.954845
vt 0.942316 0.954845
vt 0.951917 0.954844
vt 0.961536 0.954846
vt 0.971163 0.954844
vt 0.980747 0.954844
vt 0.990345 0.954846
vt 1.000000 0.954843
vt 0.009655 0.954846
vt 0.019253 0.954844
vt 0.028837 0.954844
vt 0.038464 0.954846
vt 0.048083 0.954844
vt 0.057684 0.954845
vt 0.067316 0.954845
vt 0.076917 0.954844
vt 0.086536 0.954846
vt 0.096163 0.954844
vt 0.105759 0.954844
vt 0.115390 0.954845
vt 0.125000 0.954843
vt 0.134610 0.954845
vt 0.144241 0.954844
vt 0.153837 0.954844
vt 0.163464 0.954846
vt 0.173083 0.954844
vt 0.307684 0.909308
vt 0.192316 0.909308
vt 0.182684 0.954845
vt 0.298083 0.909307
vt 0.201917 0.909307
vt 0.192316 0.954845
vt 0.288464 0.909309
vt 0.211536 0.909309
vt 0.201917 0.954844
vt 0.278837 0.909307
vt 0.221163 0.909307
vt 0.211536 0.954846
vt 0.269241 0.909308
vt 0.230759 0.909308
vt 0.221163 0.954844
vt 0.259610 0.909309
vt 0.240390 0.909309
vt 0.230759 0.954844
vt 0.250000 0.909306
vt 0.240390 0.954845
vt 0.250000 0.954843
vt 0.259610 0.954845
vt 0.269241 0.954844
vt 0.278837 0.954844
vt 0.288464 0.954846
vt 0.298083 0.954844
vt 0.307684 0.954845
vt 0.317316 0.954845
vt 0.326917 0.954844
vt 0.336536 0.954846
vt 0.346163 0.954844
vt 0.355759 0.954844
vt 0.365390 0.954845
vt 0.375000 0.954843
vt 0.384610 0.954845
vt 0.394241 0.954844
vt 0.403837 0.954844
vt 0.413464 0.954846
vt 0.423083 0.954844
vt 0.432684 0.954845
vt 0.442316 0.954845
vt 0.451917 0.954844
vt 0.461536 0.954846
vt 0.471163 0.954844
vt 0.480747 0.954844
vt 0.482607 0.999999
vt 0.504345 0.999998
vt 0.460868 1.000000
vt 0.439132 1.000000
vt 0.417393 0.999999
vt 0.395655 0.999998
vt 0.373896 0.999998
vt 0.370708 0.991714
vt 0.372856 0.995692
vt 0.363856 0.985381
vt 0.367643 0.988230
vt 0.354858 0.981974
vt 0.359535 0.983271
vt 0.340465 0.983271
vt 0.345142 0.981974
vt 0.350000 0.981536
vt 0.260868 1.000000
vt 0.282607 0.999999
vt 0.336144 0.985381
vt 0.217393 0.999999
vt 0.239132 1.000000
vt 0.150000 0.981536
vt 0.154858 0.981974
vt 0.159535 0.983271
vt 0.163856 0.985381
vt 0.140465 0.983271
vt 0.145142 0.981974
vt 0.132357 0.988230
vt 0.136144 0.985381
vt 0.126104 0.999998
vt 0.127144 0.995692
vt 0.129292 0.991714
vt 0.104345 0.999998
vt 0.082607 0.999999
vt 0.060868 1.000000
vt 0.039132 1.000000
vt 0.017393 0.999999
vt 0.995655 0.999998
vt 0.973896 0.999998
vt 0.967643 0.988230
vt 0.970708 0.991714
vt 0.972856 0.995692
vt 0.954858 0.981974
vt 0.959535 0.983271
vt 0.963856 0.985381
vt 0.945142 0.981974
vt 0.950000 0.981536
vt 0.929292 0.991714
vt 0.932357 0.988230
vt 0.936144 0.985381
vt 0.940465 0.983271
vt 0.904345 0.999998
vt 0.882607 0.999999
vt 0.860868 1.000000
vt 0.839132 1.000000
vt 0.817393 0.999999
vt 0.795655 0.999998
vt 0.772856 0.995692
vt 0.773896 0.999998
vt 0.770708 0.991714
vt 0.763856 0.985381
vt 0.767643 0.988230
vt 0.750000 0.981536
vt 0.754858 0.981974
vt 0.759535 0.983271
vt 0.740465 0.983271
vt 0.745142 0.981974
vt 0.732357 0.988230
vt 0.736144 0.985381
vt 0.729292 0.991714
vt 0.726104 0.999998
vt 0.727144 0.995692
vt 0.704345 0.999998
vt 0.682607 0.999999
vt 0.660868 1.000000
vt 0.639132 1.000000
vt 0.617393 0.999999
vt 0.595655 0.999998
vt 0.572856 0.995692
vt 0.573896 0.999998
vt 0.559535 0.983271
vt 0.563856 0.985381
vt 0.567643 0.988230
vt 0.570708 0.991714
vt 0.550000 0.981536
vt 0.554858 0.981974
vt 0.536144 0.985381
vt 0.540465 0.983271
vt 0.545142 0.981974
vt 0.527144 0.995692
vt 0.529292 0.991714
vt 0.532357 0.988230
vt 0.526104 0.999998
vt 0.726104 0.989679
vt 0.704312 0.989680
vt 0.727148 0.985076
vt 0.729293 0.980848
vt 0.732351 0.977141
vt 0.736138 0.974105
vt 0.740475 0.971854
vt 0.745156 0.970480
vt 0.750000 0.970018
vt 0.754844 0.970480
vt 0.759525 0.971854
vt 0.763862 0.974105
vt 0.767649 0.977141
vt 0.770707 0.980848
vt 0.772852 0.985076
vt 0.773896 0.989679
vt 0.795688 0.989680
vt 0.817377 0.989683
vt 0.839112 0.989680
vt 0.860888 0.989680
vt 0.882623 0.989683
vt 0.927144 0.995692
vt 0.926104 0.999998
vt 0.904312 0.989680
vt 0.926104 0.989679
vt 0.927148 0.985076
vt 0.929293 0.980848
vt 0.932351 0.977141
vt 0.936138 0.974105
vt 0.940475 0.971854
vt 0.945156 0.970480
vt 0.950000 0.970018
vt 0.954844 0.970480
vt 0.959525 0.971854
vt 0.963862 0.974105
vt 0.967649 0.977141
vt 0.970707 0.980848
vt 0.972852 0.985076
vt 0.973896 0.989679
vt 0.995688 0.989680
vt 0.017377 0.989683
vt 0.039112 0.989680
vt 0.060888 0.989680
vt 0.082623 0.989683
vt 0.104312 0.989680
vt 0.126104 0.989679
vt 0.127148 0.985076
vt 0.129293 0.980848
vt 0.132351 0.977141
vt 0.136138 0.974105
vt 0.140475 0.971854
vt 0.145156 0.970480
vt 0.150000 0.970018
vt 0.154844 0.970480
vt 0.159525 0.971854
vt 0.195655 0.999998
vt 0.167643 0.988230
vt 0.163862 0.974105
vt 0.170708 0.991714
vt 0.167649 0.977141
vt 0.172856 0.995692
vt 0.170707 0.980848
vt 0.173896 0.999998
vt 0.172852 0.985076
vt 0.173896 0.989679
vt 0.195688 0.989680
vt 0.217377 0.989683
vt 0.239112 0.989680
vt 0.260888 0.989680
vt 0.332357 0.988230
vt 0.304345 0.999998
vt 0.282623 0.989683
vt 0.327144 0.995692
vt 0.326104 0.999998
vt 0.304312 0.989680
vt 0.329292 0.991714
vt 0.326104 0.989679
vt 0.327148 0.985076
vt 0.329293 0.980848
vt 0.332351 0.977141
vt 0.336138 0.974105
vt 0.340475 0.971854
vt 0.345156 0.970480
vt 0.350000 0.970018
vt 0.354844 0.970480
vt 0.359525 0.971854
vt 0.363862 0.974105
vt 0.367649 0.977141
vt 0.370707 0.980848
vt 0.372852 0.985076
vt 0.373896 0.989679
vt 0.395688 0.989680
vt 0.417377 0.989683
vt 0.439112 0.989680
vt 0.460888 0.989680
vt 0.482623 0.989683
vt 0.504312 0.989680
vt 0.526104 0.989679
vt 0.527148 0.985076
vt 0.529293 0.980848
vt 0.532351 0.977141
vt 0.536138 0.974105
vt 0.540475 0.971854
vt 0.545156 0.970480
vt 0.550000 0.970018
vt 0.554844 0.970480
vt 0.559525 0.971854
vt 0.563862 0.974105
vt 0.567649 0.977141
vt 0.570707 0.980848
vt 0.572852 0.985076
vt 0.573896 0.989679
vt 0.595688 0.989680
vt 0.617377 0.989683
vt 0.639112 0.989680
vt 0.660888 0.989680
vt 0.682623 0.989683
vt 0.136897 0.435329
vt 0.136517 0.468331
vt 0.136517 0.402327
vt 0.135368 0.369462
vt 0.133423 0.336875
vt 0.130636 0.304722
vt 0.126942 0.273173
vt 0.122255 0.242426
vt 0.116469 0.212709
vt 0.109461 0.184294
vt 0.101094 0.157506
vt 0.091230 0.132727
vt 0.079751 0.110404
vt 0.066588 0.091042
vt 0.051773 0.075183
vt 0.035477 0.063364
vt 0.018048 0.056055
vt 0.000000 0.053580
vt 0.981952 0.056055
vt 0.964523 0.063364
vt 0.948227 0.075183
vt 0.933412 0.091042
vt 0.920249 0.110404
vt 0.908770 0.132727
vt 0.898906 0.157506
vt 0.890539 0.184294
vt 0.883531 0.212709
vt 0.877745 0.242426
vt 0.873058 0.273173
vt 0.869364 0.304722
vt 0.866577 0.336875
vt 0.864632 0.369462
vt 0.863483 0.402327
vt 0.863103 0.435329
vt 0.140079 0.435329
vt 0.139702 0.468893
vt 0.139702 0.401764
vt 0.138560 0.368333
vt 0.136626 0.335172
vt 0.133851 0.302433
vt 0.130167 0.270282
vt 0.125483 0.238915
vt 0.119686 0.208558
vt 0.112641 0.179486
vt 0.104197 0.152024
vt 0.094197 0.126565
vt 0.082501 0.103572
vt 0.069018 0.083576
vt 0.053760 0.067153
vt 0.036895 0.054884
vt 0.018788 0.047282
vt 0.000000 0.044705
vt 0.981212 0.047282
vt 0.963105 0.054884
vt 0.946240 0.067153
vt 0.930982 0.083576
vt 0.917499 0.103572
vt 0.905803 0.126565
vt 0.895803 0.152024
vt 0.887359 0.179486
vt 0.880314 0.208558
vt 0.874517 0.238915
vt 0.869833 0.270282
vt 0.866149 0.302433
vt 0.863374 0.335172
vt 0.861440 0.368333
vt 0.860298 0.401764
vt 0.859921 0.435329
vt 0.863483 0.468331
vt 0.143414 0.435329
vt 0.143040 0.469468
vt 0.143040 0.401190
vt 0.141908 0.367178
vt 0.139988 0.333429
vt 0.137231 0.300088
vt 0.133565 0.267319
vt 0.128892 0.235312
vt 0.123092 0.204293
vt 0.116020 0.174535
vt 0.107508 0.146368
vt 0.097380 0.120192
vt 0.085468 0.096487
vt 0.071655 0.075810
vt 0.055929 0.058777
vt 0.038450 0.046018
vt 0.019603 0.038095
vt 0.000000 0.035406
vt 0.980397 0.038095
vt 0.961550 0.046018
vt 0.944071 0.058777
vt 0.928345 0.075810
vt 0.914532 0.096487
vt 0.902620 0.120192
vt 0.892492 0.146368
vt 0.883980 0.174535
vt 0.876908 0.204293
vt 0.871108 0.235312
vt 0.866435 0.267319
vt 0.862769 0.300088
vt 0.860012 0.333429
vt 0.858092 0.367178
vt 0.856960 0.401190
vt 0.856586 0.435329
vt 0.860298 0.468893
vt 0.146809 0.435329
vt 0.146439 0.470038
vt 0.146439 0.400620
vt 0.145319 0.366034
vt 0.143418 0.331700
vt 0.140684 0.297761
vt 0.137042 0.264374
vt 0.132389 0.231727
vt 0.126599 0.200042
vt 0.119512 0.169591
vt 0.110946 0.140706
vt 0.100701 0.113796
vt 0.088582 0.089355
vt 0.074440 0.067968
vt 0.058234 0.050294
vt 0.040111 0.037014
vt 0.020477 0.028748
vt 0.000000 0.025939
vt 0.979523 0.028748
vt 0.959889 0.037014
vt 0.941766 0.050294
vt 0.925560 0.067968
vt 0.911418 0.089355
vt 0.899299 0.113796
vt 0.889054 0.140706
vt 0.880488 0.169591
vt 0.873401 0.200042
vt 0.867611 0.231727
vt 0.862958 0.264374
vt 0.859316 0.297761
vt 0.856582 0.331700
vt 0.854681 0.366034
vt 0.853561 0.400620
vt 0.853191 0.435329
vt 0.856960 0.469468
vt 0.150172 0.435329
vt 0.149807 0.470587
vt 0.149807 0.400070
vt 0.148700 0.364931
vt 0.146821 0.330033
vt 0.144116 0.295515
vt 0.140505 0.261530
vt 0.135882 0.228260
vt 0.130111 0.195925
vt 0.123024 0.164793
vt 0.114419 0.135198
vt 0.104076 0.107556
vt 0.091767 0.082375
vt 0.077307 0.060269
vt 0.060622 0.041936
vt 0.041842 0.028118
vt 0.021391 0.019494
vt 0.000000 0.016560
vt 0.978609 0.019494
vt 0.958158 0.028118
vt 0.939378 0.041936
vt 0.922693 0.060269
vt 0.908233 0.082375
vt 0.895924 0.107556
vt 0.885581 0.135198
vt 0.876976 0.164793
vt 0.869889 0.195925
vt 0.864118 0.228260
vt 0.859495 0.261530
vt 0.855884 0.295515
vt 0.853179 0.330033
vt 0.851300 0.364931
vt 0.850193 0.400070
vt 0.849828 0.435329
vt 0.853561 0.470038
vt 0.850193 0.470587
vt 0.864632 0.501196
vt 0.866577 0.533782
vt 0.869364 0.565936
vt 0.873058 0.597484
vt 0.877745 0.628232
vt 0.883531 0.657949
vt 0.890539 0.686364
vt 0.898906 0.713152
vt 0.908770 0.737931
vt 0.920249 0.760254
vt 0.933412 0.779616
vt 0.948227 0.795475
vt 0.964523 0.807294
vt 0.981952 0.814603
vt 1.000000 0.817078
vt 0.018048 0.814603
vt 0.035477 0.807294
vt 0.051773 0.795475
vt 0.066588 0.779616
vt 0.079751 0.760254
vt 0.091230 0.737931
vt 0.101094 0.713152
vt 0.109461 0.686364
vt 0.116469 0.657949
vt 0.122255 0.628232
vt 0.126942 0.597484
vt 0.130636 0.565936
vt 0.133423 0.533782
vt 0.135368 0.501196
vt 0.861440 0.502325
vt 0.863374 0.535486
vt 0.866149 0.568225
vt 0.869833 0.600376
vt 0.874517 0.631743
vt 0.880314 0.662100
vt 0.887359 0.691172
vt 0.895803 0.718634
vt 0.905803 0.744093
vt 0.917499 0.767085
vt 0.930982 0.787082
vt 0.946240 0.803505
vt 0.963105 0.815774
vt 0.981212 0.823375
vt 1.000000 0.825952
vt 0.018788 0.823375
vt 0.036895 0.815774
vt 0.053760 0.803505
vt 0.069018 0.787082
vt 0.082501 0.767085
vt 0.094197 0.744093
vt 0.104197 0.718634
vt 0.112641 0.691172
vt 0.119686 0.662100
vt 0.125483 0.631743
vt 0.130167 0.600376
vt 0.133851 0.568225
vt 0.136626 0.535486
vt 0.138560 0.502325
vt 0.858092 0.503479
vt 0.860012 0.537228
vt 0.862769 0.570570
vt 0.866435 0.603339
vt 0.871108 0.635346
vt 0.876908 0.666365
vt 0.883980 0.696123
vt 0.892492 0.724290
vt 0.902620 0.750466
vt 0.914532 0.774171
vt 0.928345 0.794848
vt 0.944071 0.811881
vt 0.961550 0.824640
vt 0.980397 0.832563
vt 1.000000 0.835252
vt 0.019603 0.832563
vt 0.038450 0.824640
vt 0.055929 0.811881
vt 0.071655 0.794848
vt 0.085468 0.774171
vt 0.097380 0.750466
vt 0.107508 0.724290
vt 0.116020 0.696123
vt 0.123092 0.666365
vt 0.128892 0.635346
vt 0.133565 0.603339
vt 0.137231 0.570570
vt 0.139988 0.537228
vt 0.141908 0.503479
vt 0.854681 0.504624
vt 0.856582 0.538957
vt 0.859316 0.572897
vt 0.862958 0.606284
vt 0.867611 0.638931
vt 0.873401 0.670615
vt 0.880488 0.701067
vt 0.889054 0.729952
vt 0.899299 0.756862
vt 0.911418 0.781303
vt 0.925560 0.802690
vt 0.941766 0.820364
vt 0.959889 0.833644
vt 0.979523 0.841910
vt 1.000000 0.844719
vt 0.020477 0.841910
vt 0.040111 0.833644
vt 0.058234 0.820364
vt 0.074440 0.802690
vt 0.088582 0.781303
vt 0.100701 0.756862
vt 0.110946 0.729952
vt 0.119512 0.701067
vt 0.126599 0.670615
vt 0.132389 0.638931
vt 0.137042 0.606284
vt 0.140684 0.572897
vt 0.143418 0.538957
vt 0.145319 0.504624
vt 0.851300 0.505727
vt 0.853179 0.540624
vt 0.855884 0.575143
vt 0.859495 0.609128
vt 0.864118 0.642398
vt 0.869889 0.674733
vt 0.876976 0.705865
vt 0.885581 0.735460
vt 0.895924 0.763102
vt 0.908233 0.788283
vt 0.922693 0.810389
vt 0.939378 0.828721
vt 0.958158 0.842540
vt 0.978609 0.851163
vt 1.000000 0.854098
vt 0.021391 0.851163
vt 0.041842 0.842540
vt 0.060622 0.828721
vt 0.077307 0.810389
vt 0.091767 0.788283
vt 0.104076 0.763102
vt 0.114419 0.735460
vt 0.123024 0.705865
vt 0.130111 0.674733
vt 0.135882 0.642398
vt 0.140505 0.609128
vt 0.144116 0.575143
vt 0.146821 0.540624
vt 0.148700 0.505727
vt 0.636878 0.435329
vt 0.636498 0.468328
vt 0.636498 0.402330
vt 0.635349 0.369468
vt 0.633404 0.336885
vt 0.630617 0.304736
vt 0.626923 0.273190
vt 0.622236 0.242446
vt 0.616451 0.212733
vt 0.609443 0.184322
vt 0.601077 0.157538
vt 0.591213 0.132763
vt 0.579735 0.110444
vt 0.566575 0.091085
vt 0.551762 0.075229
vt 0.535469 0.063413
vt 0.518044 0.056106
vt 0.500000 0.053631
vt 0.481956 0.056106
vt 0.464531 0.063413
vt 0.448238 0.075229
vt 0.433425 0.091085
vt 0.420265 0.110444
vt 0.408787 0.132763
vt 0.398923 0.157538
vt 0.390557 0.184322
vt 0.383549 0.212733
vt 0.377764 0.242446
vt 0.373077 0.273190
vt 0.369383 0.304736
vt 0.366596 0.336885
vt 0.364651 0.369468
vt 0.363502 0.402330
vt 0.363122 0.435329
vt 0.640059 0.435329
vt 0.639682 0.468890
vt 0.639682 0.401768
vt 0.638540 0.368340
vt 0.636606 0.335183
vt 0.633831 0.302447
vt 0.630147 0.270300
vt 0.625463 0.238936
vt 0.619666 0.208584
vt 0.612621 0.179515
vt 0.604177 0.152057
vt 0.594178 0.126603
vt 0.582484 0.103614
vt 0.569003 0.083621
vt 0.553748 0.067202
vt 0.536886 0.054936
vt 0.518784 0.047336
vt 0.500000 0.044760
vt 0.481216 0.047336
vt 0.463114 0.054936
vt 0.446252 0.067202
vt 0.430997 0.083621
vt 0.417516 0.103614
vt 0.405822 0.126603
vt 0.395823 0.152057
vt 0.387379 0.179515
vt 0.380334 0.208584
vt 0.374537 0.238936
vt 0.369853 0.270300
vt 0.366169 0.302447
vt 0.363394 0.335183
vt 0.361460 0.368340
vt 0.360318 0.401768
vt 0.359941 0.435329
vt 0.363502 0.468328
vt 0.643393 0.435329
vt 0.643019 0.469465
vt 0.643019 0.401193
vt 0.641887 0.367185
vt 0.639968 0.333440
vt 0.637211 0.300102
vt 0.633544 0.267337
vt 0.628871 0.235334
vt 0.623071 0.204319
vt 0.615999 0.174565
vt 0.607488 0.146402
vt 0.597360 0.120230
vt 0.585449 0.096530
vt 0.571639 0.075857
vt 0.555915 0.058828
vt 0.538440 0.046072
vt 0.519598 0.038151
vt 0.500000 0.035463
vt 0.480402 0.038151
vt 0.461560 0.046072
vt 0.444085 0.058828
vt 0.428361 0.075857
vt 0.414551 0.096530
vt 0.402640 0.120230
vt 0.392512 0.146402
vt 0.384001 0.174565
vt 0.376929 0.204319
vt 0.371129 0.235334
vt 0.366456 0.267337
vt 0.362789 0.300102
vt 0.360032 0.333440
vt 0.358113 0.367185
vt 0.356981 0.401193
vt 0.356607 0.435329
vt 0.360318 0.468890
vt 0.646788 0.435329
vt 0.646418 0.470035
vt 0.646418 0.400623
vt 0.645298 0.366041
vt 0.643397 0.331711
vt 0.640663 0.297775
vt 0.637021 0.264392
vt 0.632368 0.231748
vt 0.626577 0.200068
vt 0.619491 0.169621
vt 0.610925 0.140740
vt 0.600681 0.113834
vt 0.588563 0.089397
vt 0.574423 0.068015
vt 0.558219 0.050344
vt 0.540101 0.037068
vt 0.520471 0.028804
vt 0.500000 0.025996
vt 0.479529 0.028804
vt 0.459899 0.037068
vt 0.441781 0.050344
vt 0.425577 0.068015
vt 0.411437 0.089397
vt 0.399319 0.113834
vt 0.389075 0.140740
vt 0.380509 0.169621
vt 0.373423 0.200068
vt 0.367632 0.231748
vt 0.362979 0.264392
vt 0.359337 0.297775
vt 0.356603 0.331711
vt 0.354702 0.366041
vt 0.353582 0.400623
vt 0.353212 0.435329
vt 0.356981 0.469465
vt 0.650152 0.435329
vt 0.649787 0.470584
vt 0.649787 0.400074
vt 0.648680 0.364937
vt 0.646801 0.330043
vt 0.644095 0.295528
vt 0.640484 0.261546
vt 0.635861 0.228280
vt 0.630090 0.195949
vt 0.623003 0.164821
vt 0.614399 0.135231
vt 0.604055 0.107592
vt 0.591747 0.082416
vt 0.577289 0.060314
vt 0.560607 0.041986
vt 0.541832 0.028170
vt 0.521385 0.019549
vt 0.500000 0.016615
vt 0.478615 0.019549
vt 0.458168 0.028170
vt 0.439393 0.041986
vt 0.422711 0.060314
vt 0.408253 0.082416
vt 0.395945 0.107592
vt 0.385601 0.135231
vt 0.376997 0.164821
vt 0.369910 0.195949
vt 0.364139 0.228280
vt 0.359516 0.261546
vt 0.355905 0.295528
vt 0.353199 0.330043
vt 0.351320 0.364937
vt 0.350213 0.400074
vt 0.349848 0.435329
vt 0.353582 0.470035
vt 0.350213 0.470584
vt 0.364651 0.501190
vt 0.366596 0.533772
vt 0.369383 0.565922
vt 0.373077 0.597467
vt 0.377764 0.628212
vt 0.383549 0.657925
vt 0.390557 0.686335
vt 0.398923 0.713120
vt 0.408787 0.737895
vt 0.420265 0.760214
vt 0.433425 0.779573
vt 0.448238 0.795429
vt 0.464531 0.807245
vt 0.481956 0.814552
vt 0.500000 0.817026
vt 0.518044 0.814552
vt 0.535469 0.807245
vt 0.551762 0.795429
vt 0.566575 0.779573
vt 0.579735 0.760214
vt 0.591213 0.737895
vt 0.601077 0.713120
vt 0.609443 0.686335
vt 0.616451 0.657925
vt 0.622236 0.628212
vt 0.626923 0.597467
vt 0.630617 0.565922
vt 0.633404 0.533772
vt 0.635349 0.501190
vt 0.361460 0.502318
vt 0.363394 0.535475
vt 0.366169 0.568211
vt 0.369853 0.600358
vt 0.374537 0.631722
vt 0.380334 0.662074
vt 0.387379 0.691143
vt 0.395823 0.718600
vt 0.405822 0.744055
vt 0.417516 0.767043
vt 0.430997 0.787036
vt 0.446252 0.803456
vt 0.463114 0.815722
vt 0.481216 0.823321
vt 0.500000 0.825898
vt 0.518784 0.823321
vt 0.536886 0.815722
vt 0.553748 0.803456
vt 0.569003 0.787036
vt 0.582484 0.767043
vt 0.594178 0.744055
vt 0.604177 0.718600
vt 0.612621 0.691143
vt 0.619666 0.662074
vt 0.625463 0.631722
vt 0.630147 0.600358
vt 0.633831 0.568211
vt 0.636606 0.535475
vt 0.638540 0.502318
vt 0.358113 0.503473
vt 0.360032 0.537218
vt 0.362789 0.570555
vt 0.366456 0.603321
vt 0.371129 0.635324
vt 0.376929 0.666339
vt 0.384001 0.696093
vt 0.392512 0.724256
vt 0.402640 0.750428
vt 0.414551 0.774128
vt 0.428361 0.794801
vt 0.444085 0.811830
vt 0.461560 0.824586
vt 0.480402 0.832507
vt 0.500000 0.835195
vt 0.519598 0.832507
vt 0.538440 0.824586
vt 0.555915 0.811830
vt 0.571639 0.794801
vt 0.585449 0.774128
vt 0.597360 0.750428
vt 0.607488 0.724256
vt 0.615999 0.696093
vt 0.623071 0.666339
vt 0.628871 0.635324
vt 0.633544 0.603321
vt 0.637211 0.570555
vt 0.639968 0.537218
vt 0.641887 0.503473
vt 0.354702 0.504617
vt 0.356603 0.538947
vt 0.359337 0.572883
vt 0.362979 0.606266
vt 0.367632 0.638910
vt 0.373423 0.670590
vt 0.380509 0.701037
vt 0.389075 0.729918
vt 0.399319 0.756824
vt 0.411437 0.781261
vt 0.425577 0.802643
vt 0.441781 0.820313
vt 0.459899 0.833590
vt 0.479529 0.841854
vt 0.500000 0.844662
vt 0.520471 0.841854
vt 0.540101 0.833590
vt 0.558219 0.820313
vt 0.574423 0.802643
vt 0.588563 0.781261
vt 0.600681 0.756824
vt 0.610925 0.729918
vt 0.619491 0.701037
vt 0.626577 0.670590
vt 0.632368 0.638910
vt 0.637021 0.606266
vt 0.640663 0.572883
vt 0.643397 0.538947
vt 0.645298 0.504617
vt 0.351320 0.505721
vt 0.353199 0.540615
vt 0.355905 0.575130
vt 0.359516 0.609112
vt 0.364139 0.642378
vt 0.369910 0.674709
vt 0.376997 0.705837
vt 0.385601 0.735427
vt 0.395945 0.763065
vt 0.408253 0.788242
vt 0.422711 0.810344
vt 0.439393 0.828672
vt 0.458168 0.842488
vt 0.478615 0.851109
vt 0.500000 0.854043
vt 0.521385 0.851109
vt 0.541832 0.842488
vt 0.560607 0.828672
vt 0.577289 0.810344
vt 0.591747 0.788242
vt 0.604055 0.763065
vt 0.614399 0.735427
vt 0.623003 0.705837
vt 0.630090 0.674709
vt 0.635861 0.642378
vt 0.640484 0.609112
vt 0.644095 0.575130
vt 0.646801 0.540615
vt 0.648680 0.505721
vn -1.000000 0.000000 0.000000
vn -0.980800 -0.000000 0.195100
vn -0.980800 0.019100 0.194200
vn -0.980800 -0.019100 0.194200
vn -0.980800 -0.038100 0.191400
vn -0.980800 -0.056600 0.186700
vn -0.980800 -0.074700 0.180300
vn -0.980800 -0.092000 0.172100
vn -0.980800 -0.108400 0.162200
vn -0.980800 -0.123800 0.150800
vn -0.980800 -0.138000 0.138000
vn -0.980800 -0.150800 0.123800
vn -0.980800 -0.162200 0.108400
vn -0.980800 -0.172100 0.092000
vn -0.980800 -0.180300 0.074700
vn -0.980800 -0.186700 0.056600
vn -0.980800 -0.191400 0.038100
vn -1.000000 -0.000100 0.000000
vn -0.980800 -0.194200 0.019100
vn -1.000000 0.000100 0.000000
vn -0.980800 -0.195100 -0.000000
vn -0.980800 -0.194100 -0.019100
vn -0.980800 -0.191400 -0.038100
vn -0.980800 -0.186700 -0.056600
vn -0.980800 -0.180300 -0.074700
vn -0.980800 -0.172100 -0.092000
vn -0.980800 -0.162300 -0.108400
vn -0.980800 -0.150800 -0.123800
vn -0.980800 -0.138000 -0.138000
vn -0.980800 -0.123800 -0.150800
vn -0.980800 -0.108400 -0.162200
vn -0.980800 -0.092000 -0.172100
vn -0.980800 -0.074700 -0.180300
vn -0.980800 -0.056600 -0.186700
vn -0.980800 -0.038100 -0.191400
vn -0.980800 -0.019100 -0.194200
vn -0.980800 -0.000000 -0.195100
vn -0.980800 0.019100 -0.194200
vn -0.980800 0.038100 -0.191400
vn -0.980800 0.056600 -0.186700
vn -0.980800 0.074700 -0.180300
vn -0.980800 0.092000 -0.172100
vn -0.980800 0.108400 -0.162200
vn -0.980800 0.123800 -0.150800
vn -0.980800 0.138000 -0.138000
vn -0.980800 0.150900 -0.123800
vn -0.980800 0.162200 -0.108400
vn -0.980800 0.172100 -0.092000
vn -0.980800 0.180300 -0.074700
vn -0.980800 0.186700 -0.056600
vn -0.980800 0.191400 -0.038100
vn -0.980800 0.194200 -0.019100
vn -0.980800 0.195100 0.000000
vn -0.980800 0.194200 0.019100
vn -0.980800 0.191400 0.038100
vn -0.980800 0.186700 0.056600
vn -0.980800 0.180300 0.074700
vn -0.980800 0.172000 0.092000
vn -0.980800 0.162300 0.108400
vn -0.980800 0.150800 0.123800
vn -0.980800 0.138000 0.138000
vn -0.980800 0.123800 0.150800
vn -0.980800 0.108400 0.162200
vn -0.980800 0.092000 0.172100
vn -0.980800 0.074700 0.180200
vn -0.980800 0.056600 0.186700
vn -0.980800 0.038100 0.191400
vn 1.000000 0.000000 0.000000
vn 0.981000 0.000000 -0.193900
vn 0.981000 0.019000 -0.193000
vn 0.981000 -0.019000 -0.193000
vn 0.981000 -0.037800 -0.190200
vn 0.981000 -0.056300 -0.185600
vn 0.981000 -0.074200 -0.179200
vn 0.981000 -0.091400 -0.171000
vn 0.981000 -0.107800 -0.161300
vn 0.981000 -0.123000 -0.149900
vn 0.981000 -0.137200 -0.137200
vn 0.981000 -0.149900 -0.123000
vn 0.981000 -0.161300 -0.107800
vn 0.981000 -0.171000 -0.091400
vn 0.981000 -0.179200 -0.074200
vn 0.981000 -0.185600 -0.056300
vn 0.981000 -0.190200 -0.037800
vn 1.000000 -0.000100 0.000000
vn 0.981000 -0.193000 -0.019000
vn 1.000000 0.000100 0.000000
vn 0.981000 -0.193900 0.000000
vn 0.981000 -0.193000 0.019000
vn 0.981000 -0.190200 0.037800
vn 0.981000 -0.185600 0.056300
vn 0.981000 -0.179200 0.074200
vn 0.981000 -0.171100 0.091400
vn 0.981000 -0.161200 0.107700
vn 0.981000 -0.149900 0.123000
vn 0.981000 -0.137200 0.137200
vn 0.981000 -0.123000 0.149900
vn 0.981000 -0.107800 0.161300
vn 0.981000 -0.091400 0.171000
vn 0.981000 -0.074200 0.179200
vn 0.981000 -0.056300 0.185600
vn 0.981000 -0.037800 0.190200
vn 0.981000 -0.019000 0.193000
vn 0.981000 0.000000 0.193900
vn 0.981000 0.019000 0.193000
vn 0.981000 0.037800 0.190200
vn 0.981000 0.056300 0.185600
vn 0.981000 0.074200 0.179200
vn 0.981000 0.091400 0.171000
vn 0.981000 0.107800 0.161300
vn 0.981000 0.123000 0.149900
vn 0.981000 0.137100 0.137100
vn 0.981000 0.149900 0.123000
vn 0.981000 0.161300 0.107800
vn 0.981000 0.171000 0.091400
vn 0.981000 0.179200 0.074200
vn 0.981000 0.185600 0.056300
vn 0.981000 0.190200 0.037800
vn 0.981000 0.193000 0.019000
vn 0.981000 0.194000 0.000000
vn 0.981000 0.193000 -0.019000
vn 0.981000 0.190200 -0.037800
vn 0.981000 0.185600 -0.056300
vn 0.981000 0.179200 -0.074200
vn 0.981000 0.171000 -0.091400
vn 0.981000 0.161300 -0.107800
vn 0.981000 0.149900 -0.123100
vn 0.981000 0.137200 -0.137200
vn 0.981000 0.123000 -0.149900
vn 0.981000 0.107700 -0.161200
vn 0.981000 0.091400 -0.171000
vn 0.981000 0.074200 -0.179200
vn 0.981000 0.056300 -0.185600
vn 0.981000 0.037800 -0.190200
vn 0.000000 -0.101200 0.994900
vn -0.000000 0.000000 1.000000
vn 0.195100 -0.000000 0.980800
vn 0.000000 0.098000 0.995200
vn 0.194900 0.096100 0.976100
vn 0.000000 -0.201300 0.979500
vn 0.195100 -0.191300 0.961900
vn 0.195100 -0.096100 0.976100
vn 0.000000 -0.299400 0.954100
vn 0.195100 -0.284700 0.938600
vn 0.000000 -0.394400 0.919000
vn 0.195100 -0.375300 0.906100
vn 0.000000 -0.485300 0.874300
vn 0.195100 -0.462300 0.865000
vn 0.000000 -0.571300 0.820800
vn 0.195100 -0.544900 0.815500
vn 0.000000 -0.651400 0.758800
vn 0.195100 -0.622200 0.758200
vn 0.000000 -0.724800 0.689000
vn 0.195100 -0.693500 0.693500
vn 0.000000 -0.790800 0.612100
vn 0.195100 -0.758200 0.622200
vn 0.000000 -0.848600 0.529000
vn 0.195100 -0.815500 0.544900
vn 0.000000 -0.897800 0.440400
vn 0.195100 -0.865000 0.462400
vn 0.000000 -0.937800 0.347300
vn 0.195100 -0.906100 0.375300
vn 0.000000 -0.968100 0.250700
vn 0.195100 -0.938600 0.284700
vn 0.000000 -0.988500 0.151400
vn 0.195100 -0.961900 0.191300
vn 0.000000 -0.998700 0.050600
vn 0.195100 -0.976100 0.096100
vn 0.000000 -0.998700 -0.050600
vn 0.195100 -0.980800 -0.000000
vn 0.000000 -0.988500 -0.151400
vn 0.195100 -0.976100 -0.096100
vn 0.000000 -0.968100 -0.250700
vn 0.195100 -0.961900 -0.191300
vn 0.000000 -0.937800 -0.347300
vn 0.195100 -0.938600 -0.284700
vn 0.000000 -0.897800 -0.440400
vn 0.195100 -0.906100 -0.375300
vn 0.000000 -0.848600 -0.529000
vn 0.195100 -0.865000 -0.462400
vn 0.000000 -0.790800 -0.612100
vn 0.195100 -0.815500 -0.544900
vn 0.000000 -0.724800 -0.689000
vn 0.195100 -0.758200 -0.622200
vn 0.000000 -0.651400 -0.758800
vn 0.195100 -0.693500 -0.693500
vn 0.000000 -0.571300 -0.820800
vn 0.195100 -0.622200 -0.758200
vn 0.000000 -0.485300 -0.874300
vn 0.195100 -0.544900 -0.815500
vn 0.000000 -0.394400 -0.919000
vn 0.195100 -0.462300 -0.865000
vn 0.000000 -0.299400 -0.954100
vn 0.195100 -0.375300 -0.906100
vn 0.000000 -0.201300 -0.979500
vn 0.195100 -0.284700 -0.938500
vn 0.000000 -0.101200 -0.994900
vn 0.195100 -0.191400 -0.961900
vn 0.000000 -0.000000 -1.000000
vn 0.195100 -0.096100 -0.976100
vn 0.000000 0.098000 -0.995200
vn 0.195100 0.000000 -0.980800
vn 0.000000 0.195100 -0.980800
vn 0.194600 0.096100 -0.976200
vn 0.000000 0.290300 -0.956900
vn 0.195100 0.191300 -0.961900
vn 0.000000 0.382700 -0.923900
vn 0.195100 0.284700 -0.938500
vn 0.000000 0.471400 -0.881900
vn 0.194900 0.375300 -0.906200
vn 0.000000 0.555600 -0.831500
vn 0.195000 0.462300 -0.865000
vn 0.000000 0.634400 -0.773000
vn 0.195000 0.544900 -0.815500
vn 0.000000 0.707100 -0.707100
vn 0.000100 0.707100 -0.707100
vn 0.195000 0.622200 -0.758200
vn 0.000000 0.772500 -0.635000
vn -0.000100 0.773000 -0.634400
vn 0.195100 0.693500 -0.693500
vn -0.000000 0.773000 -0.634400
vn -0.000000 0.757400 -0.652900
vn 0.000000 0.748400 -0.663300
vn 0.000000 0.745400 -0.666700
vn -0.000000 0.819200 -0.573500
vn -0.000000 0.831500 -0.555600
vn 0.195100 0.758100 -0.622200
vn 0.000000 0.793300 -0.608800
vn 0.000000 0.879500 -0.475900
vn 0.000000 0.881900 -0.471400
vn 0.195000 0.815500 -0.544900
vn 0.000000 0.848500 -0.529100
vn -0.000000 0.909600 -0.415500
vn 0.000000 0.923900 -0.382700
vn 0.194900 0.865000 -0.462400
vn -0.000000 0.936700 -0.350100
vn 0.000000 0.956900 -0.290300
vn 0.194900 0.906200 -0.375300
vn -0.000000 0.977100 -0.212800
vn 0.000000 0.980800 -0.195100
vn 0.194900 0.938600 -0.284700
vn 0.000000 0.959400 -0.282100
vn -0.000000 0.989900 -0.142100
vn 0.000000 0.995200 -0.098000
vn 0.195100 0.961900 -0.191300
vn 0.000000 0.997500 -0.070800
vn 0.000000 1.000000 0.000000
vn 0.194900 0.976100 -0.096100
vn 0.994300 -0.000000 -0.106200
vn -0.000000 0.995200 0.098000
vn -0.000000 0.997500 0.070800
vn 0.992100 0.000100 0.125300
vn 0.994400 -0.000000 0.106100
vn 0.195100 0.980800 0.000000
vn 0.992100 0.000000 -0.125300
vn 0.977000 -0.000000 -0.213100
vn 0.968600 0.000000 -0.248700
vn 0.947700 -0.000000 -0.319200
vn 0.929800 0.000100 -0.368100
vn 0.906000 0.000000 -0.423300
vn 0.876300 0.000000 -0.481800
vn 0.851100 -0.000000 -0.525100
vn 0.809000 0.000000 -0.587800
vn 0.782100 -0.000000 -0.623200
vn 0.729000 0.000100 -0.684600
vn 0.700200 -0.000000 -0.713900
vn 0.637400 0.000000 -0.770500
vn 0.608200 0.000000 -0.793800
vn 0.535800 -0.000000 -0.844300
vn 0.509700 -0.000000 -0.860300
vn 0.425800 0.000100 -0.904800
vn 0.407400 -0.000000 -0.913300
vn 0.309000 0.000100 -0.951100
vn 0.304600 0.000000 -0.952500
vn 0.202100 -0.000000 -0.979400
vn 0.187400 0.000100 -0.982300
vn 0.100500 -0.000000 -0.994900
vn 0.062800 0.000000 -0.998000
vn 0.000000 0.000100 -1.000000
vn -0.000000 0.748100 -0.663600
vn -0.062800 0.000100 -0.998000
vn -0.100500 0.000000 -0.994900
vn -0.187400 0.000100 -0.982300
vn -0.202100 0.000000 -0.979400
vn -0.304600 -0.000000 -0.952500
vn -0.309000 0.000100 -0.951100
vn -0.407400 -0.000000 -0.913200
vn -0.425800 0.000100 -0.904800
vn -0.509800 0.000000 -0.860300
vn 0.000000 0.848600 -0.529100
vn -0.535800 0.000000 -0.844300
vn -0.608300 -0.000000 -0.793700
vn 0.000000 0.879500 -0.475800
vn -0.637400 0.000000 -0.770500
vn -0.700300 -0.000000 -0.713800
vn 0.000000 0.909600 -0.415400
vn -0.729000 0.000100 -0.684600
vn -0.782200 0.000000 -0.623000
vn 0.000000 0.936700 -0.350000
vn -0.809000 0.000000 -0.587800
vn -0.851100 -0.000000 -0.525000
vn -0.876300 0.000000 -0.481800
vn -0.906000 0.000000 -0.423200
vn 0.000000 0.977100 -0.212700
vn -0.929800 0.000100 -0.368100
vn -0.947700 -0.000000 -0.319100
vn -0.000000 0.989900 -0.142000
vn -0.968600 0.000000 -0.248700
vn -0.977000 -0.000000 -0.213000
vn -0.992100 0.000000 -0.125300
vn -0.994400 0.000000 -0.106100
vn -0.193700 0.981100 -0.000000
vn -0.194000 0.976300 0.096200
vn -0.994300 -0.000000 0.106200
vn -0.193700 0.976300 -0.096200
vn -0.193700 0.962200 -0.191400
vn -0.193700 0.938800 -0.284800
vn -0.193700 0.906400 -0.375400
vn -0.193700 0.865200 -0.462500
vn -0.193700 0.815700 -0.545000
vn -0.193700 0.758400 -0.622400
vn -0.193700 0.693700 -0.693700
vn -0.193700 0.622400 -0.758400
vn -0.193700 0.545000 -0.815700
vn -0.193700 0.462500 -0.865200
vn -0.193700 0.375400 -0.906400
vn -0.193700 0.284800 -0.938800
vn -0.193700 0.191400 -0.962200
vn -0.193700 0.096200 -0.976300
vn -0.193900 -0.000000 -0.981000
vn -0.193900 -0.191300 -0.962200
vn -0.193900 -0.096100 -0.976300
vn -0.193900 -0.284700 -0.938800
vn -0.193900 -0.375400 -0.906300
vn -0.193900 -0.462500 -0.865200
vn -0.193900 -0.545000 -0.815700
vn -0.193900 -0.622300 -0.758300
vn -0.193900 -0.693700 -0.693700
vn -0.194000 -0.758300 -0.622300
vn -0.193900 -0.815700 -0.545000
vn -0.193900 -0.865200 -0.462500
vn -0.193900 -0.906300 -0.375400
vn -0.193900 -0.938800 -0.284800
vn -0.193900 -0.962200 -0.191400
vn -0.193900 -0.976300 -0.096200
vn 0.000000 -0.998700 -0.050700
vn -0.193900 -0.981000 -0.000000
vn 0.000000 -0.998700 0.050700
vn -0.193900 -0.976300 0.096200
vn -0.193900 -0.962200 0.191400
vn -0.193900 -0.938800 0.284800
vn -0.194000 -0.906300 0.375400
vn -0.193900 -0.865200 0.462500
vn -0.194000 -0.815700 0.545000
vn -0.193900 -0.758300 0.622400
vn -0.193900 -0.693700 0.693700
vn -0.193900 -0.622300 0.758300
vn -0.193900 -0.545000 0.815700
vn -0.193900 -0.462400 0.865200
vn -0.193900 -0.375400 0.906400
vn -0.193900 -0.284800 0.938800
vn -0.193900 -0.191300 0.962200
vn -0.193900 -0.096100 0.976300
vn -0.193900 -0.000000 0.981000
vn 0.000000 0.195100 0.980800
vn -0.194000 0.096200 0.976300
vn 0.000000 0.290300 0.956900
vn -0.193700 0.191400 0.962200
vn 0.000000 0.382700 0.923900
vn -0.193700 0.284800 0.938800
vn 0.000000 0.471400 0.881900
vn -0.193700 0.375400 0.906400
vn 0.000000 0.555600 0.831500
vn -0.193700 0.462500 0.865200
vn 0.000000 0.634400 0.773000
vn -0.193700 0.545000 0.815700
vn 0.000000 0.707100 0.707100
vn -0.000100 0.707100 0.707100
vn -0.193700 0.622400 0.758400
vn -0.000000 0.772500 0.635000
vn -0.000000 0.773000 0.634400
vn -0.193700 0.693700 0.693700
vn 0.000000 0.757400 0.652900
vn -0.000000 0.748300 0.663300
vn -0.000000 0.745400 0.666700
vn -0.000000 0.819200 0.573600
vn 0.000000 0.831500 0.555600
vn -0.193700 0.758400 0.622400
vn -0.000000 0.793300 0.608800
vn -0.000000 0.879500 0.475900
vn -0.000000 0.881900 0.471400
vn -0.193700 0.815700 0.545000
vn 0.000000 0.848500 0.529100
vn 0.000000 0.909600 0.415500
vn -0.000000 0.923900 0.382700
vn -0.194200 0.865100 0.462400
vn -0.000000 0.936700 0.350100
vn -0.000000 0.956900 0.290300
vn -0.194000 0.906300 0.375400
vn 0.000000 0.977100 0.212800
vn -0.000000 0.980800 0.195100
vn -0.193700 0.938800 0.284800
vn 0.000000 0.959400 0.282200
vn 0.000000 0.989900 0.142100
vn -0.193700 0.962200 0.191400
vn -0.992100 0.000000 0.125300
vn -0.977000 -0.000000 0.213100
vn -0.968600 0.000000 0.248700
vn -0.947700 -0.000000 0.319200
vn -0.929800 0.000100 0.368100
vn -0.906000 0.000000 0.423300
vn -0.876300 0.000000 0.481800
vn -0.851100 0.000000 0.525100
vn -0.809000 -0.000000 0.587800
vn -0.782100 0.000000 0.623200
vn -0.729000 0.000000 0.684500
vn -0.700200 -0.000000 0.713900
vn -0.637400 0.000100 0.770500
vn -0.608200 -0.000000 0.793800
vn -0.535800 -0.000000 0.844300
vn -0.509700 -0.000000 0.860300
vn -0.425800 0.000000 0.904800
vn -0.407400 -0.000000 0.913300
vn -0.309000 0.000100 0.951100
vn -0.304600 -0.000000 0.952500
vn -0.202200 0.000000 0.979400
vn -0.187400 0.000100 0.982300
vn -0.100500 -0.000000 0.994900
vn -0.062800 0.000100 0.998000
vn 0.000000 0.748100 0.663600
vn 0.062800 0.000100 0.998000
vn 0.100400 -0.000000 0.994900
vn 0.187400 0.000100 0.982300
vn 0.202100 -0.000000 0.979400
vn 0.304600 -0.000000 0.952500
vn 0.309000 0.000000 0.951100
vn 0.407400 0.000000 0.913200
vn 0.000000 0.819200 0.573500
vn 0.425800 0.000100 0.904800
vn 0.509800 0.000000 0.860300
vn -0.000000 0.848600 0.529100
vn 0.535800 -0.000000 0.844300
vn 0.608300 -0.000000 0.793700
vn 0.637400 0.000000 0.770500
vn 0.700300 -0.000000 0.713900
vn 0.000000 0.909600 0.415400
vn 0.729000 0.000000 0.684500
vn 0.782200 0.000000 0.623100
vn 0.000000 0.936700 0.350000
vn 0.809000 -0.000000 0.587800
vn 0.851100 -0.000000 0.525000
vn -0.000000 0.959400 0.282100
vn 0.876300 0.000000 0.481800
vn 0.906000 0.000000 0.423200
vn 0.929800 0.000100 0.368100
vn 0.947700 -0.000000 0.319100
vn 0.000000 0.989900 0.142000
vn 0.968600 0.000000 0.248700
vn 0.977000 -0.000000 0.213100
vn 0.194900 0.976100 0.096100
vn 0.195100 0.961900 0.191300
vn 0.195000 0.938600 0.284700
vn 0.194900 0.906200 0.375300
vn 0.194900 0.865000 0.462400
vn 0.194900 0.815500 0.544900
vn 0.195000 0.758200 0.622200
vn 0.195000 0.693500 0.693500
vn 0.195000 0.622200 0.758200
vn 0.195100 0.544900 0.815500
vn 0.195000 0.462300 0.865000
vn 0.195000 0.375300 0.906100
vn 0.195000 0.284700 0.938600
vn 0.195100 0.191300 0.961900
vn 0.000000 -1.000000 0.000000
vn 0.000000 -1.000000 0.000100
vn 0.000000 -1.000000 -0.000200
vn 0.998200 0.000000 -0.060100
vn 0.998200 -0.000000 0.060100
vn 0.998200 -0.000000 0.060200
vn 0.998200 0.000000 -0.060200
vn 0.992700 -0.000000 -0.120500
vn 0.983600 -0.000000 -0.180300
vn 0.970900 -0.000000 -0.239300
vn 0.954700 0.000000 -0.297500
vn 0.935000 0.000000 -0.354700
vn 0.911900 -0.000000 -0.410300
vn 0.885400 0.000000 -0.464700
vn 0.855800 0.000000 -0.517400
vn 0.823000 0.000000 -0.568000
vn 0.787100 0.000000 -0.616800
vn 0.748500 0.000000 -0.663100
vn 0.707100 0.000000 -0.707100
vn 0.663100 0.000000 -0.748500
vn 0.616800 0.000000 -0.787100
vn 0.568000 0.000000 -0.823000
vn 0.517400 0.000000 -0.855800
vn 0.464700 0.000000 -0.885400
vn 0.410300 0.000000 -0.911900
vn 0.354700 0.000000 -0.935000
vn 0.297500 0.000000 -0.954700
vn 0.239300 0.000000 -0.970900
vn 0.180300 0.000000 -0.983600
vn 0.120500 0.000000 -0.992700
vn 0.060400 0.000000 -0.998200
vn -0.060400 0.000000 -0.998200
vn -0.120500 0.000000 -0.992700
vn -0.180300 0.000000 -0.983600
vn -0.239300 0.000000 -0.970900
vn -0.297500 0.000000 -0.954700
vn -0.354700 0.000000 -0.935000
vn -0.410300 0.000000 -0.911900
vn -0.464700 0.000000 -0.885400
vn -0.517400 0.000000 -0.855800
vn -0.568000 0.000000 -0.823000
vn -0.616800 0.000000 -0.787100
vn -0.663100 0.000000 -0.748500
vn -0.707100 0.000000 -0.707100
vn -0.748500 0.000000 -0.663100
vn -0.787100 0.000000 -0.616800
vn -0.823000 0.000000 -0.568000
vn -0.855800 0.000000 -0.517400
vn -0.885400 0.000000 -0.464700
vn -0.911900 0.000000 -0.410300
vn -0.935000 0.000000 -0.354700
vn -0.954700 -0.000000 -0.297500
vn -0.970900 -0.000000 -0.239300
vn -0.983600 0.000000 -0.180300
vn -0.992700 0.000000 -0.120500
vn -0.998200 0.000000 -0.060200
vn -0.998200 -0.000000 -0.060100
vn -0.998200 0.000000 0.060100
vn -0.998200 0.000000 0.060200
vn -0.992700 0.000000 0.120500
vn -0.983600 0.000000 0.180300
vn -0.970900 -0.000000 0.239300
vn -0.954700 -0.000000 0.297500
vn -0.935000 0.000000 0.354700
vn -0.911900 0.000000 0.410300
vn -0.885400 -0.000000 0.464700
vn -0.855800 -0.000000 0.517400
vn -0.823000 0.000000 0.568000
vn -0.787100 -0.000000 0.616800
vn -0.748500 0.000000 0.663100
vn -0.707100 -0.000000 0.707100
vn -0.663100 -0.000000 0.748500
vn -0.616800 -0.000000 0.787100
vn -0.568000 -0.000000 0.823000
vn -0.517400 -0.000000 0.855800
vn -0.464700 -0.000000 0.885400
vn -0.410300 -0.000000 0.911900
vn -0.354700 -0.000000 0.935000
vn -0.297500 -0.000000 0.954700
vn -0.239300 -0.000000 0.970900
vn -0.180300 -0.000000 0.983600
vn -0.120500 -0.000000 0.992700
vn -0.060400 -0.000000 0.998200
vn 0.060400 -0.000000 0.998200
vn 0.120500 -0.000000 0.992700
vn 0.180300 -0.000000 0.983600
vn 0.239300 -0.000000 0.970900
vn 0.297500 -0.000000 0.954700
vn 0.354700 -0.000000 0.935000
vn 0.410300 -0.000000 0.911900
vn 0.464700 -0.000000 0.885400
vn 0.517400 -0.000000 0.855800
vn 0.568000 -0.000000 0.823000
vn 0.616800 -0.000000 0.787100
vn 0.663100 -0.000000 0.748500
vn 0.707100 -0.000000 0.707100
vn 0.748500 -0.000000 0.663100
vn 0.787100 -0.000000 0.616800
vn 0.823000 -0.000000 0.568000
vn 0.855800 0.000000 0.517400
vn 0.885400 -0.000000 0.464700
vn 0.911900 -0.000000 0.410300
vn 0.935000 -0.000000 0.354700
vn 0.954700 -0.000000 0.297500
vn 0.970900 -0.000000 0.239300
vn 0.983600 -0.000000 0.180300
vn 0.992700 -0.000000 0.120500
vn 0.000000 1.000000 0.000200
vn 0.000000 1.000000 0.000100
vn 0.000000 1.000000 0.000300
vn 0.000000 1.000000 -0.000100
vn -0.997200 -0.000000 -0.075000
vn -0.987200 0.000000 0.159400
vn -0.283100 0.000000 0.959100
vn -0.282900 0.000100 0.959100
vn -0.149600 0.000000 0.988700
vn -0.987200 -0.000000 0.159300
vn -0.922700 0.000000 0.385500
vn -0.922700 0.000000 0.385400
vn -0.807700 0.000100 0.589500
vn -0.808100 -0.000000 0.589000
vn -0.648500 0.000000 0.761200
vn -0.648300 0.000000 0.761400
vn -0.453200 -0.000000 0.891400
vn -0.452900 0.000000 0.891600
vn -0.233300 -0.000000 0.972400
vn -0.232400 0.000100 0.972600
vn 0.000000 0.000100 1.000000
vn 0.233400 0.000100 0.972400
vn 0.232700 -0.000000 0.972500
vn 0.453200 0.000000 0.891400
vn 0.648400 -0.000000 0.761300
vn 0.648300 -0.000000 0.761400
vn 0.807700 -0.000000 0.589500
vn 0.807800 -0.000000 0.589400
vn 0.922700 0.000000 0.385500
vn 0.922800 0.000000 0.385400
vn 0.987200 0.000000 0.159500
vn 0.997200 -0.000000 -0.075000
vn 0.149600 0.000000 0.988800
vn 0.149600 0.000000 0.988700
vn 0.282900 0.000000 0.959100
vn 0.283100 0.000100 0.959100
vn 0.411000 0.000100 0.911600
vn 0.410900 0.000000 0.911700
vn 0.531200 0.000000 0.847200
vn 0.531100 -0.000000 0.847300
vn 0.641600 -0.000000 0.767000
vn 0.641700 0.000000 0.767000
vn 0.740100 0.000000 0.672500
vn 0.740100 0.000100 0.672500
vn 0.824800 0.000100 0.565500
vn 0.824700 0.000000 0.565600
vn 0.894100 0.000000 0.447800
vn -0.379500 -0.000000 0.925200
vn -0.153000 -0.000000 0.988200
vn -0.153200 0.000000 0.988200
vn 0.081000 0.000000 0.996700
vn 0.080900 -0.000000 0.996700
vn 0.311100 0.000100 0.950400
vn 0.310800 -0.000000 0.950500
vn 0.523600 0.000000 0.852000
vn 0.523600 -0.000000 0.851900
vn 0.707500 -0.000100 0.706700
vn 0.708000 0.000000 0.706200
vn 0.852700 -0.000000 0.522400
vn 0.853000 0.000000 0.522000
vn 0.951100 0.000100 0.309000
vn 0.996900 0.000100 0.078500
vn 0.996900 -0.000000 0.079000
vn 0.987800 0.000000 -0.155500
vn 0.987900 -0.000100 -0.155100
vn 0.924500 0.000000 -0.381100
vn 0.924400 0.000000 -0.381400
vn 0.810000 0.000100 -0.586400
vn 0.810200 -0.000000 -0.586200
vn 0.651700 0.000000 -0.758500
vn 0.456800 0.000000 -0.889600
vn 0.236800 -0.000000 -0.971600
vn 0.986600 0.000000 0.163300
vn 0.999600 0.000000 0.027300
vn 0.999600 0.000100 0.027100
vn 0.994000 0.000100 -0.109200
vn 0.994000 0.000000 -0.109100
vn 0.969900 0.000000 -0.243400
vn 0.970000 -0.000000 -0.243200
vn 0.927800 -0.000000 -0.373200
vn 0.927700 0.000000 -0.373300
vn 0.868300 0.000000 -0.496000
vn 0.868300 0.000100 -0.496100
vn 0.792700 0.000100 -0.609700
vn 0.792800 0.000000 -0.609500
vn 0.702200 -0.000000 -0.712000
vn 0.762700 -0.000000 0.646800
vn 0.762600 -0.000000 0.646800
vn 0.892400 -0.000000 0.451200
vn 0.973000 0.000000 0.231000
vn 0.973100 0.000000 0.230600
vn 1.000000 0.000100 -0.002200
vn 1.000000 -0.000000 -0.001900
vn 0.972100 0.000000 -0.234700
vn 0.890500 0.000000 -0.454900
vn 0.890400 0.000000 -0.455100
vn 0.760100 -0.000000 -0.649800
vn 0.587800 0.000100 -0.809000
vn 0.383100 0.000000 -0.923700
vn 0.157500 -0.000000 -0.987500
vn 0.157200 0.000000 -0.987600
vn -0.077100 -0.000000 -0.997000
vn -0.076900 -0.000000 -0.997000
vn -0.307000 -0.000000 -0.951700
vn -0.307100 -0.000000 -0.951700
vn -0.519900 0.000000 -0.854200
vn -0.520300 0.000000 -0.854000
vn -0.704600 0.000000 -0.709600
vn -0.704900 -0.000000 -0.709300
vn -0.850800 -0.000000 -0.525500
vn 0.460200 0.000000 -0.887800
vn 0.334900 0.000000 -0.942300
vn -0.850800 0.000000 -0.525400
vn 0.334700 0.000100 -0.942300
vn 0.203400 0.000100 -0.979100
vn 0.203500 0.000000 -0.979100
vn 0.068200 0.000000 -0.997700
vn 0.068400 -0.000000 -0.997700
vn -0.068200 -0.000000 -0.997700
vn -0.068300 0.000000 -0.997700
vn -0.203400 0.000000 -0.979100
vn -0.203500 0.000100 -0.979100
vn -0.334900 0.000100 -0.942300
vn -0.334700 0.000000 -0.942300
vn -0.460100 0.000000 -0.887800
vn 0.850800 -0.000000 -0.525500
vn 0.704600 -0.000000 -0.709600
vn -0.460200 0.000000 -0.887800
vn 0.705000 0.000000 -0.709200
vn 0.520200 0.000000 -0.854000
vn 0.520400 -0.000000 -0.853900
vn 0.307000 0.000100 -0.951700
vn 0.307100 0.000000 -0.951700
vn 0.077200 0.000000 -0.997000
vn 0.077100 -0.000000 -0.997000
vn -0.157400 0.000000 -0.987500
vn -0.157700 0.000000 -0.987500
vn -0.382800 -0.000000 -0.923800
vn -0.383300 0.000000 -0.923600
vn -0.587800 0.000100 -0.809000
vn -0.760000 -0.000000 -0.649900
vn -0.760100 0.000000 -0.649800
vn -0.890800 0.000000 -0.454500
vn -0.890400 -0.000100 -0.455200
vn -0.972100 -0.000000 -0.234700
vn -0.972000 -0.000000 -0.234900
vn -1.000000 -0.000000 -0.002200
vn -1.000000 -0.000000 -0.002000
vn -0.972900 0.000000 0.231000
vn -0.973000 0.000000 0.231000
vn -0.892600 0.000000 0.450900
vn -0.892400 -0.000000 0.451200
vn -0.762700 -0.000000 0.646800
vn -0.702200 -0.000000 -0.712000
vn -0.792700 0.000000 -0.609700
vn -0.762600 0.000000 0.646800
vn -0.792800 0.000100 -0.609500
vn -0.868300 0.000100 -0.496000
vn -0.868300 0.000000 -0.496100
vn -0.927700 0.000000 -0.373200
vn -0.927700 -0.000000 -0.373300
vn -0.969900 -0.000000 -0.243400
vn -0.970000 0.000000 -0.243300
vn -0.994000 0.000000 -0.109100
vn -0.994000 0.000100 -0.109000
vn -0.999600 0.000100 0.027300
vn -0.999600 0.000000 0.027100
vn -0.986600 0.000000 0.163300
vn -0.236800 -0.000000 -0.971600
vn -0.456800 -0.000000 -0.889600
vn -0.456700 0.000000 -0.889600
vn -0.651800 0.000000 -0.758400
vn -0.651300 -0.000000 -0.758800
vn -0.810300 0.000100 -0.586000
vn -0.810300 0.000000 -0.586100
vn -0.924400 0.000000 -0.381500
vn -0.924400 -0.000000 -0.381300
vn -0.987800 0.000000 -0.155400
vn -0.987900 0.000000 -0.155200
vn -0.996900 -0.000000 0.078600
vn -0.996900 0.000000 0.079100
vn -0.951000 0.000100 0.309000
vn -0.852700 0.000100 0.522400
vn -0.853000 -0.000000 0.521900
vn -0.707500 0.000000 0.706700
vn -0.708000 -0.000100 0.706200
vn -0.523600 -0.000000 0.852000
vn -0.523700 0.000000 0.851900
vn -0.311100 -0.000000 0.950400
vn -0.310400 0.000100 0.950600
vn -0.081400 0.000000 0.996700
vn 0.153000 0.000000 0.988200
vn 0.153200 -0.000000 0.988200
vn 0.379500 -0.000000 0.925200
vn -0.894100 -0.000000 0.447800
vn -0.824800 0.000000 0.565500
vn -0.824700 0.000100 0.565600
vn -0.740000 0.000100 0.672600
vn -0.740100 0.000000 0.672500
vn -0.641600 0.000000 0.767000
vn -0.641700 -0.000000 0.766900
vn -0.531200 -0.000000 0.847200
vn -0.531100 0.000000 0.847300
vn -0.410900 0.000000 0.911700
vn -0.410800 0.000100 0.911700
vn 0.000300 1.000000 0.000000
vn -0.000100 1.000000 -0.000000
vn -0.923800 -0.000000 0.382900
vn -0.923800 0.037500 0.381000
vn -0.923800 -0.037500 0.381000
vn -0.923800 -0.074700 0.375500
vn -0.923800 -0.111100 0.366400
vn -0.923800 -0.146500 0.353700
vn -0.923800 -0.180500 0.337700
vn -0.923800 -0.212700 0.318300
vn -0.923800 -0.242900 0.296000
vn -0.923800 -0.270700 0.270700
vn -0.923800 -0.296000 0.242900
vn -0.923800 -0.318300 0.212700
vn -0.923800 -0.337700 0.180500
vn -0.923800 -0.353700 0.146500
vn -0.923800 -0.366400 0.111100
vn -0.923800 -0.375500 0.074700
vn -0.923800 -0.381000 0.037500
vn -0.923800 -0.382900 -0.000000
vn -0.923800 -0.381000 -0.037500
vn -0.923800 -0.375500 -0.074700
vn -0.923800 -0.366400 -0.111100
vn -0.923800 -0.353800 -0.146500
vn -0.923800 -0.337700 -0.180500
vn -0.923800 -0.318300 -0.212700
vn -0.923800 -0.296000 -0.242900
vn -0.923800 -0.270700 -0.270700
vn -0.923800 -0.242900 -0.296000
vn -0.923800 -0.212700 -0.318300
vn -0.923800 -0.180500 -0.337700
vn -0.923800 -0.146500 -0.353700
vn -0.923800 -0.111100 -0.366400
vn -0.923800 -0.074700 -0.375500
vn -0.923800 -0.037500 -0.381000
vn -0.923800 0.000000 -0.382900
vn -0.831300 -0.000000 0.555900
vn -0.831200 0.054500 0.553200
vn -0.831200 -0.054500 0.553300
vn -0.831200 -0.108500 0.545300
vn -0.831200 -0.161400 0.532000
vn -0.831200 -0.212700 0.513600
vn -0.831200 -0.262000 0.490300
vn -0.831200 -0.308900 0.462200
vn -0.831200 -0.352700 0.429700
vn -0.831200 -0.393100 0.393100
vn -0.831300 -0.429700 0.352700
vn -0.831200 -0.462200 0.308900
vn -0.831200 -0.490300 0.262000
vn -0.831200 -0.513600 0.212700
vn -0.831300 -0.532000 0.161400
vn -0.831200 -0.545200 0.108500
vn -0.831200 -0.553200 0.054500
vn -0.831200 -0.555900 0.000000
vn -0.831200 -0.553300 -0.054500
vn -0.831200 -0.545200 -0.108500
vn -0.831200 -0.532000 -0.161400
vn -0.831200 -0.513600 -0.212700
vn -0.831200 -0.490300 -0.262000
vn -0.831200 -0.462200 -0.308900
vn -0.831200 -0.429700 -0.352700
vn -0.831200 -0.393100 -0.393100
vn -0.831200 -0.352700 -0.429700
vn -0.831200 -0.308900 -0.462200
vn -0.831200 -0.262000 -0.490300
vn -0.831200 -0.212700 -0.513600
vn -0.831200 -0.161400 -0.532000
vn -0.831200 -0.108500 -0.545200
vn -0.831200 -0.054500 -0.553200
vn -0.831300 0.000000 -0.555900
vn -0.923800 0.037500 -0.381000
vn -0.706700 0.000000 0.707500
vn -0.706700 0.069300 0.704100
vn -0.706700 -0.069400 0.704100
vn -0.706700 -0.138000 0.693900
vn -0.706700 -0.205400 0.677100
vn -0.706700 -0.270800 0.653700
vn -0.706600 -0.333500 0.624000
vn -0.706700 -0.393100 0.588300
vn -0.706700 -0.448800 0.546900
vn -0.706700 -0.500300 0.500300
vn -0.706700 -0.546900 0.448900
vn -0.706700 -0.588300 0.393100
vn -0.706700 -0.624000 0.333500
vn -0.706700 -0.653600 0.270700
vn -0.706600 -0.677100 0.205400
vn -0.706700 -0.693900 0.138000
vn -0.706700 -0.704100 0.069400
vn -0.706700 -0.707500 0.000000
vn -0.706700 -0.704100 -0.069400
vn -0.706700 -0.693900 -0.138000
vn -0.706700 -0.677100 -0.205400
vn -0.706700 -0.653700 -0.270800
vn -0.706700 -0.624000 -0.333500
vn -0.706700 -0.588300 -0.393100
vn -0.706700 -0.546900 -0.448800
vn -0.706700 -0.500300 -0.500300
vn -0.706700 -0.448900 -0.546900
vn -0.706700 -0.393100 -0.588300
vn -0.706700 -0.333500 -0.624000
vn -0.706700 -0.270800 -0.653700
vn -0.706700 -0.205400 -0.677100
vn -0.706600 -0.138000 -0.694000
vn -0.706700 -0.069400 -0.704100
vn -0.706700 0.000000 -0.707500
vn -0.831200 0.054500 -0.553300
vn -0.554900 0.000000 0.831900
vn -0.555000 0.081500 0.827900
vn -0.555000 -0.081500 0.827900
vn -0.554900 -0.162300 0.815900
vn -0.554900 -0.241500 0.796100
vn -0.554900 -0.318400 0.768600
vn -0.554800 -0.392200 0.733700
vn -0.554900 -0.462200 0.691700
vn -0.554900 -0.527800 0.643100
vn -0.554900 -0.588200 0.588200
vn -0.554800 -0.643100 0.527800
vn -0.554900 -0.691700 0.462200
vn -0.554800 -0.733700 0.392200
vn -0.554800 -0.768600 0.318400
vn -0.555000 -0.796100 0.241500
vn -0.554900 -0.815900 0.162300
vn -0.555000 -0.827900 0.081500
vn -0.554900 -0.831900 0.000000
vn -0.555000 -0.827900 -0.081500
vn -0.554900 -0.815900 -0.162300
vn -0.554900 -0.796100 -0.241500
vn -0.554900 -0.768600 -0.318400
vn -0.554900 -0.733700 -0.392200
vn -0.554800 -0.691700 -0.462200
vn -0.554800 -0.643100 -0.527800
vn -0.555000 -0.588200 -0.588200
vn -0.554900 -0.527800 -0.643100
vn -0.554800 -0.462200 -0.691700
vn -0.554900 -0.392200 -0.733700
vn -0.554900 -0.318400 -0.768600
vn -0.555000 -0.241500 -0.796100
vn -0.554800 -0.162300 -0.816000
vn -0.555000 -0.081500 -0.827900
vn -0.554900 0.000000 -0.831900
vn -0.706700 0.069400 -0.704100
vn -0.381800 0.000000 0.924300
vn -0.381600 0.090600 0.919900
vn -0.381600 -0.090600 0.919900
vn -0.381700 -0.180300 0.906500
vn -0.381800 -0.268300 0.884400
vn -0.381700 -0.353700 0.853900
vn -0.381700 -0.435700 0.815100
vn -0.381700 -0.513500 0.768500
vn -0.381800 -0.586300 0.714500
vn -0.381700 -0.653600 0.653600
vn -0.381700 -0.714500 0.586400
vn -0.381600 -0.768600 0.513500
vn -0.381900 -0.815100 0.435700
vn -0.381900 -0.853900 0.353700
vn -0.381800 -0.884500 0.268300
vn -0.381800 -0.906500 0.180300
vn -0.381600 -0.919900 0.090600
vn -0.381800 -0.924200 -0.000000
vn -0.381700 -0.919800 -0.090600
vn -0.381800 -0.906500 -0.180300
vn -0.381800 -0.884400 -0.268300
vn -0.381700 -0.853900 -0.353700
vn -0.381900 -0.815100 -0.435700
vn -0.381700 -0.768500 -0.513500
vn -0.381800 -0.714400 -0.586300
vn -0.381800 -0.653600 -0.653600
vn -0.381800 -0.586300 -0.714500
vn -0.381700 -0.513500 -0.768500
vn -0.381700 -0.435700 -0.815100
vn -0.381700 -0.353700 -0.853900
vn -0.381900 -0.268300 -0.884400
vn -0.381800 -0.180300 -0.906500
vn -0.381500 -0.090600 -0.919900
vn -0.381800 -0.000000 -0.924300
vn -0.555000 0.081500 -0.827900
vn -0.381700 0.090600 -0.919800
vn -0.923800 0.074700 -0.375500
vn -0.923800 0.111100 -0.366400
vn -0.923800 0.146500 -0.353700
vn -0.923800 0.180500 -0.337700
vn -0.923800 0.212700 -0.318300
vn -0.923800 0.242900 -0.296000
vn -0.923800 0.270700 -0.270700
vn -0.923800 0.296000 -0.242900
vn -0.923800 0.318300 -0.212700
vn -0.923800 0.337700 -0.180500
vn -0.923800 0.353700 -0.146500
vn -0.923800 0.366400 -0.111100
vn -0.923800 0.375500 -0.074700
vn -0.923800 0.381000 -0.037500
vn -0.923800 0.382900 0.000000
vn -0.923800 0.381000 0.037500
vn -0.923800 0.375500 0.074700
vn -0.923800 0.366400 0.111100
vn -0.923800 0.353800 0.146500
vn -0.923800 0.337700 0.180500
vn -0.923800 0.318300 0.212700
vn -0.923800 0.296000 0.242900
vn -0.923800 0.270700 0.270700
vn -0.923800 0.242900 0.296000
vn -0.923800 0.212700 0.318300
vn -0.923800 0.180500 0.337700
vn -0.923800 0.146500 0.353700
vn -0.923800 0.111100 0.366400
vn -0.923800 0.074700 0.375500
vn -0.831200 0.108500 -0.545300
vn -0.831200 0.161400 -0.532000
vn -0.831200 0.212700 -0.513600
vn -0.831200 0.262000 -0.490300
vn -0.831200 0.308900 -0.462200
vn -0.831200 0.352700 -0.429700
vn -0.831200 0.393100 -0.393100
vn -0.831300 0.429700 -0.352700
vn -0.831200 0.462200 -0.308900
vn -0.831200 0.490300 -0.262000
vn -0.831200 0.513600 -0.212700
vn -0.831300 0.532000 -0.161400
vn -0.831200 0.545200 -0.108500
vn -0.831200 0.553200 -0.054500
vn -0.831200 0.555900 -0.000000
vn -0.831200 0.553300 0.054500
vn -0.831200 0.545200 0.108500
vn -0.831200 0.532000 0.161400
vn -0.831200 0.513600 0.212700
vn -0.831200 0.490300 0.262000
vn -0.831200 0.462200 0.308900
vn -0.831200 0.429700 0.352700
vn -0.831200 0.393100 0.393100
vn -0.831200 0.352700 0.429700
vn -0.831200 0.308900 0.462200
vn -0.831200 0.262000 0.490300
vn -0.831200 0.212700 0.513600
vn -0.831200 0.161400 0.532000
vn -0.831200 0.108500 0.545200
vn -0.706700 0.138000 -0.693900
vn -0.706700 0.205400 -0.677100
vn -0.706700 0.270800 -0.653700
vn -0.706600 0.333500 -0.624000
vn -0.706700 0.393100 -0.588300
vn -0.706700 0.448800 -0.546900
vn -0.706700 0.500300 -0.500300
vn -0.706700 0.546900 -0.448900
vn -0.706700 0.588300 -0.393100
vn -0.706700 0.624000 -0.333500
vn -0.706700 0.653600 -0.270700
vn -0.706600 0.677100 -0.205400
vn -0.706700 0.693900 -0.138000
vn -0.706700 0.704100 -0.069400
vn -0.706700 0.707500 -0.000000
vn -0.706700 0.704100 0.069400
vn -0.706700 0.693900 0.138000
vn -0.706700 0.677100 0.205400
vn -0.706700 0.653700 0.270800
vn -0.706700 0.624000 0.333500
vn -0.706700 0.588300 0.393100
vn -0.706700 0.546900 0.448800
vn -0.706700 0.500300 0.500300
vn -0.706700 0.448900 0.546900
vn -0.706700 0.393100 0.588300
vn -0.706700 0.333500 0.624000
vn -0.706700 0.270800 0.653700
vn -0.706700 0.205400 0.677100
vn -0.706600 0.138000 0.694000
vn -0.554900 0.162300 -0.815900
vn -0.554900 0.241500 -0.796100
vn -0.554900 0.318400 -0.768600
vn -0.554800 0.392200 -0.733700
vn -0.554900 0.462200 -0.691700
vn -0.554900 0.527800 -0.643100
vn -0.554900 0.588200 -0.588200
vn -0.554800 0.643100 -0.527800
vn -0.554900 0.691700 -0.462200
vn -0.554800 0.733700 -0.392200
vn -0.554800 0.768600 -0.318400
vn -0.555000 0.796100 -0.241500
vn -0.554900 0.815900 -0.162300
vn -0.555000 0.827900 -0.081500
vn -0.554900 0.831900 -0.000000
vn -0.555000 0.827900 0.081500
vn -0.554900 0.815900 0.162300
vn -0.554900 0.796100 0.241500
vn -0.554900 0.768600 0.318400
vn -0.554900 0.733700 0.392200
vn -0.554800 0.691700 0.462200
vn -0.554800 0.643100 0.527800
vn -0.555000 0.588200 0.588200
vn -0.554900 0.527800 0.643100
vn -0.554800 0.462200 0.691700
vn -0.554900 0.392200 0.733700
vn -0.554900 0.318400 0.768600
vn -0.555000 0.241500 0.796100
vn -0.554800 0.162300 0.816000
vn -0.381700 0.180300 -0.906500
vn -0.381800 0.268300 -0.884400
vn -0.381700 0.353700 -0.853900
vn -0.381700 0.435700 -0.815100
vn -0.381700 0.513500 -0.768500
vn -0.381800 0.586300 -0.714500
vn -0.381700 0.653600 -0.653600
vn -0.381700 0.714500 -0.586400
vn -0.381600 0.768600 -0.513500
vn -0.381900 0.815100 -0.435700
vn -0.381900 0.853900 -0.353700
vn -0.381800 0.884500 -0.268300
vn -0.381800 0.906500 -0.180300
vn -0.381600 0.919900 -0.090600
vn -0.381800 0.924200 0.000000
vn -0.381700 0.919800 0.090600
vn -0.381800 0.906500 0.180300
vn -0.381800 0.884400 0.268300
vn -0.381700 0.853900 0.353700
vn -0.381900 0.815100 0.435700
vn -0.381700 0.768500 0.513500
vn -0.381800 0.714400 0.586300
vn -0.381800 0.653600 0.653600
vn -0.381800 0.586300 0.714500
vn -0.381700 0.513500 0.768500
vn -0.381700 0.435700 0.815100
vn -0.381700 0.353700 0.853900
vn -0.381900 0.268300 0.884400
vn -0.381800 0.180300 0.906500
vn 0.924300 0.000000 -0.381800
vn 0.924300 0.037400 -0.379900
vn 0.924300 -0.037400 -0.379900
vn 0.924300 -0.074500 -0.374400
vn 0.924300 -0.110800 -0.365300
vn 0.924200 -0.146100 -0.352800
vn 0.924300 -0.180000 -0.336700
vn 0.924300 -0.212100 -0.317400
vn 0.924300 -0.242200 -0.295100
vn 0.924300 -0.270000 -0.270000
vn 0.924300 -0.295100 -0.242200
vn 0.924300 -0.317400 -0.212100
vn 0.924300 -0.336700 -0.179900
vn 0.924200 -0.352800 -0.146100
vn 0.924300 -0.365300 -0.110800
vn 0.924300 -0.374400 -0.074500
vn 0.924200 -0.380000 -0.037400
vn 0.924300 -0.381800 -0.000000
vn 0.924300 -0.379900 0.037400
vn 0.924300 -0.374400 0.074500
vn 0.924300 -0.365300 0.110800
vn 0.924300 -0.352700 0.146100
vn 0.924300 -0.336700 0.180000
vn 0.924300 -0.317400 0.212100
vn 0.924300 -0.295100 0.242200
vn 0.924300 -0.270000 0.270000
vn 0.924300 -0.242200 0.295100
vn 0.924300 -0.212100 0.317400
vn 0.924300 -0.179900 0.336700
vn 0.924300 -0.146100 0.352700
vn 0.924300 -0.110800 0.365300
vn 0.924300 -0.074500 0.374400
vn 0.924300 -0.037400 0.379900
vn 0.924300 0.000000 0.381800
vn 0.831900 -0.000000 -0.554900
vn 0.831900 0.054400 -0.552300
vn 0.831900 -0.054400 -0.552300
vn 0.831900 -0.108300 -0.544300
vn 0.831900 -0.161100 -0.531000
vn 0.831900 -0.212400 -0.512700
vn 0.831900 -0.261600 -0.489400
vn 0.831900 -0.308300 -0.461400
vn 0.831900 -0.352000 -0.429000
vn 0.831900 -0.392400 -0.392400
vn 0.831900 -0.429000 -0.352000
vn 0.831900 -0.461400 -0.308300
vn 0.831900 -0.489400 -0.261600
vn 0.831900 -0.512700 -0.212400
vn 0.831900 -0.531000 -0.161100
vn 0.831900 -0.544300 -0.108300
vn 0.831900 -0.552300 -0.054400
vn 0.831900 -0.554900 -0.000000
vn 0.831900 -0.552300 0.054400
vn 0.831900 -0.544300 0.108300
vn 0.831900 -0.531000 0.161100
vn 0.831900 -0.512700 0.212400
vn 0.831900 -0.489400 0.261600
vn 0.831900 -0.461400 0.308300
vn 0.831900 -0.428900 0.352000
vn 0.831900 -0.392400 0.392400
vn 0.831900 -0.352000 0.429000
vn 0.831900 -0.308300 0.461400
vn 0.831900 -0.261600 0.489400
vn 0.831900 -0.212400 0.512700
vn 0.831900 -0.161100 0.531000
vn 0.831900 -0.108300 0.544300
vn 0.831900 -0.054400 0.552300
vn 0.831900 0.000000 0.554900
vn 0.924300 0.037400 0.379900
vn 0.707500 0.000000 -0.706700
vn 0.707500 0.069300 -0.703300
vn 0.707500 -0.069300 -0.703300
vn 0.707500 -0.137900 -0.693200
vn 0.707500 -0.205200 -0.676300
vn 0.707500 -0.270400 -0.652900
vn 0.707500 -0.333200 -0.623300
vn 0.707500 -0.392600 -0.587600
vn 0.707500 -0.448300 -0.546300
vn 0.707500 -0.499700 -0.499700
vn 0.707500 -0.546300 -0.448300
vn 0.707500 -0.587600 -0.392600
vn 0.707500 -0.623300 -0.333100
vn 0.707500 -0.652900 -0.270400
vn 0.707500 -0.676300 -0.205200
vn 0.707500 -0.693200 -0.137900
vn 0.707500 -0.703300 -0.069300
vn 0.707500 -0.706700 -0.000000
vn 0.707500 -0.703300 0.069300
vn 0.707500 -0.693100 0.137900
vn 0.707500 -0.676300 0.205100
vn 0.707500 -0.652900 0.270400
vn 0.707500 -0.623300 0.333100
vn 0.707500 -0.587600 0.392600
vn 0.707500 -0.546300 0.448300
vn 0.707500 -0.499700 0.499700
vn 0.707500 -0.448300 0.546300
vn 0.707500 -0.392600 0.587600
vn 0.707500 -0.333200 0.623300
vn 0.707500 -0.270400 0.652900
vn 0.707500 -0.205100 0.676300
vn 0.707500 -0.137900 0.693200
vn 0.707500 -0.069300 0.703300
vn 0.707500 -0.000000 0.706700
vn 0.831900 0.054400 0.552300
vn 0.555900 0.000000 -0.831200
vn 0.555800 0.081500 -0.827300
vn 0.555900 0.000000 -0.831300
vn 0.555800 -0.081500 -0.827300
vn 0.555900 -0.162200 -0.815300
vn 0.555800 -0.241300 -0.795500
vn 0.555900 -0.318100 -0.767900
vn 0.555900 -0.391800 -0.733100
vn 0.555800 -0.461800 -0.691200
vn 0.555900 -0.527300 -0.642600
vn 0.555800 -0.587800 -0.587800
vn 0.555900 -0.642600 -0.527300
vn 0.555900 -0.691200 -0.461800
vn 0.555900 -0.733100 -0.391800
vn 0.555900 -0.768000 -0.318100
vn 0.555800 -0.795500 -0.241300
vn 0.555900 -0.815300 -0.162200
vn 0.555800 -0.827300 -0.081500
vn 0.555900 -0.831200 -0.000000
vn 0.555900 -0.827200 0.081500
vn 0.555900 -0.815300 0.162200
vn 0.555800 -0.795500 0.241300
vn 0.555900 -0.768000 0.318100
vn 0.555900 -0.733100 0.391800
vn 0.555900 -0.691200 0.461800
vn 0.555900 -0.642600 0.527300
vn 0.555800 -0.587800 0.587800
vn 0.555900 -0.527300 0.642600
vn 0.555800 -0.461800 0.691200
vn 0.555900 -0.391800 0.733100
vn 0.555900 -0.318100 0.767900
vn 0.555800 -0.241300 0.795500
vn 0.555900 -0.162200 0.815300
vn 0.555800 -0.081500 0.827300
vn 0.555900 -0.000000 0.831300
vn 0.707500 0.069300 0.703300
vn 0.555900 -0.000000 0.831200
vn 0.382900 -0.000000 -0.923800
vn 0.382800 0.090600 -0.919400
vn 0.382800 -0.090600 -0.919400
vn 0.382900 -0.180200 -0.906100
vn 0.382800 -0.268200 -0.884100
vn 0.382800 -0.353500 -0.853500
vn 0.382900 -0.435500 -0.814700
vn 0.382800 -0.513300 -0.768100
vn 0.382800 -0.586100 -0.714100
vn 0.382800 -0.653200 -0.653200
vn 0.382800 -0.714100 -0.586100
vn 0.382900 -0.768100 -0.513200
vn 0.382900 -0.814700 -0.435500
vn 0.382800 -0.853500 -0.353500
vn 0.382900 -0.884000 -0.268200
vn 0.382800 -0.906100 -0.180200
vn 0.382900 -0.919300 -0.090500
vn 0.382700 -0.923900 -0.000000
vn 0.382900 -0.919300 0.090500
vn 0.382900 -0.906000 0.180200
vn 0.382900 -0.884000 0.268200
vn 0.382800 -0.853500 0.353500
vn 0.382800 -0.814700 0.435500
vn 0.382800 -0.768100 0.513300
vn 0.382800 -0.714100 0.586100
vn 0.382800 -0.653200 0.653200
vn 0.382800 -0.586100 0.714100
vn 0.382800 -0.513300 0.768100
vn 0.382800 -0.435500 0.814700
vn 0.382900 -0.353500 0.853500
vn 0.382800 -0.268200 0.884100
vn 0.382900 -0.180200 0.906000
vn 0.382800 -0.090600 0.919400
vn 0.382900 0.000000 0.923800
vn 0.555800 0.081500 0.827300
vn 0.382800 0.090600 0.919400
vn 0.924300 0.074500 0.374400
vn 0.924300 0.110800 0.365300
vn 0.924200 0.146100 0.352800
vn 0.924300 0.180000 0.336700
vn 0.924300 0.212100 0.317400
vn 0.924300 0.242200 0.295100
vn 0.924300 0.270000 0.270000
vn 0.924300 0.295100 0.242200
vn 0.924300 0.317400 0.212100
vn 0.924300 0.336700 0.179900
vn 0.924200 0.352800 0.146100
vn 0.924300 0.365300 0.110800
vn 0.924300 0.374400 0.074500
vn 0.924200 0.380000 0.037400
vn 0.924300 0.381800 0.000000
vn 0.924300 0.379900 -0.037400
vn 0.924300 0.374400 -0.074500
vn 0.924300 0.365300 -0.110800
vn 0.924300 0.352700 -0.146100
vn 0.924300 0.336700 -0.180000
vn 0.924300 0.317400 -0.212100
vn 0.924300 0.295100 -0.242200
vn 0.924300 0.270000 -0.270000
vn 0.924300 0.242200 -0.295100
vn 0.924300 0.212100 -0.317400
vn 0.924300 0.179900 -0.336700
vn 0.924300 0.146100 -0.352700
vn 0.924300 0.110800 -0.365300
vn 0.924300 0.074500 -0.374400
vn 0.831900 0.108300 0.544300
vn 0.831900 0.161100 0.531000
vn 0.831900 0.212400 0.512700
vn 0.831900 0.261600 0.489400
vn 0.831900 0.308300 0.461400
vn 0.831900 0.352000 0.429000
vn 0.831900 0.392400 0.392400
vn 0.831900 0.429000 0.352000
vn 0.831900 0.461400 0.308300
vn 0.831900 0.489400 0.261600
vn 0.831900 0.512700 0.212400
vn 0.831900 0.531000 0.161100
vn 0.831900 0.544300 0.108300
vn 0.831900 0.552300 0.054400
vn 0.831900 0.554900 0.000000
vn 0.831900 0.552300 -0.054400
vn 0.831900 0.544300 -0.108300
vn 0.831900 0.531000 -0.161100
vn 0.831900 0.512700 -0.212400
vn 0.831900 0.489400 -0.261600
vn 0.831900 0.461400 -0.308300
vn 0.831900 0.428900 -0.352000
vn 0.831900 0.392400 -0.392400
vn 0.831900 0.352000 -0.429000
vn 0.831900 0.308300 -0.461400
vn 0.831900 0.261600 -0.489400
vn 0.831900 0.212400 -0.512700
vn 0.831900 0.161100 -0.531000
vn 0.831900 0.108300 -0.544300
vn 0.707500 0.137900 0.693200
vn 0.707500 0.205200 0.676300
vn 0.707500 0.270400 0.652900
vn 0.707500 0.333200 0.623300
vn 0.707500 0.392600 0.587600
vn 0.707500 0.448300 0.546300
vn 0.707500 0.499700 0.499700
vn 0.707500 0.546300 0.448300
vn 0.707500 0.587600 0.392600
vn 0.707500 0.623300 0.333100
vn 0.707500 0.652900 0.270400
vn 0.707500 0.676300 0.205200
vn 0.707500 0.693200 0.137900
vn 0.707500 0.703300 0.069300
vn 0.707500 0.706700 0.000000
vn 0.707500 0.703300 -0.069300
vn 0.707500 0.693100 -0.137900
vn 0.707500 0.676300 -0.205100
vn 0.707500 0.652900 -0.270400
vn 0.707500 0.623300 -0.333100
vn 0.707500 0.587600 -0.392600
vn 0.707500 0.546300 -0.448300
vn 0.707500 0.499700 -0.499700
vn 0.707500 0.448300 -0.546300
vn 0.707500 0.392600 -0.587600
vn 0.707500 0.333200 -0.623300
vn 0.707500 0.270400 -0.652900
vn 0.707500 0.205100 -0.676300
vn 0.707500 0.137900 -0.693200
vn 0.555900 0.162200 0.815300
vn 0.555800 0.241300 0.795500
vn 0.555900 0.318100 0.767900
vn 0.555900 0.391800 0.733100
vn 0.555800 0.461800 0.691200
vn 0.555900 0.527300 0.642600
vn 0.555800 0.587800 0.587800
vn 0.555900 0.642600 0.527300
vn 0.555900 0.691200 0.461800
vn 0.555900 0.733100 0.391800
vn 0.555900 0.768000 0.318100
vn 0.555800 0.795500 0.241300
vn 0.555900 0.815300 0.162200
vn 0.555800 0.827300 0.081500
vn 0.555900 0.831200 0.000000
vn 0.555900 0.827200 -0.081500
vn 0.555900 0.815300 -0.162200
vn 0.555800 0.795500 -0.241300
vn 0.555900 0.768000 -0.318100
vn 0.555900 0.733100 -0.391800
vn 0.555900 0.691200 -0.461800
vn 0.555900 0.642600 -0.527300
vn 0.555800 0.587800 -0.587800
vn 0.555900 0.527300 -0.642600
vn 0.555800 0.461800 -0.691200
vn 0.555900 0.391800 -0.733100
vn 0.555900 0.318100 -0.767900
vn 0.555800 0.241300 -0.795500
vn 0.555900 0.162200 -0.815300
vn 0.382900 0.180200 0.906100
vn 0.382800 0.268200 0.884100
vn 0.382800 0.353500 0.853500
vn 0.382900 0.435500 0.814700
vn 0.382800 0.513300 0.768100
vn 0.382800 0.586100 0.714100
vn 0.382800 0.653200 0.653200
vn 0.382800 0.714100 0.586100
vn 0.382900 0.768100 0.513200
vn 0.382900 0.814700 0.435500
vn 0.382800 0.853500 0.353500
vn 0.382900 0.884000 0.268200
vn 0.382800 0.906100 0.180200
vn 0.382900 0.919300 0.090500
vn 0.382700 0.923900 0.000000
vn 0.382900 0.919300 -0.090500
vn 0.382900 0.906000 -0.180200
vn 0.382900 0.884000 -0.268200
vn 0.382800 0.853500 -0.353500
vn 0.382800 0.814700 -0.435500
vn 0.382800 0.768100 -0.513300
vn 0.382800 0.714100 -0.586100
vn 0.382800 0.653200 -0.653200
vn 0.382800 0.586100 -0.714100
vn 0.382800 0.513300 -0.768100
vn 0.382800 0.435500 -0.814700
vn 0.382900 0.353500 -0.853500
vn 0.382800 0.268200 -0.884100
vn 0.382900 0.180200 -0.906000
usemtl DEFAULT_MTL
s 1
f 1/1/1 2/2/1 3/3/1
f 4/4/2 5/3/1 6/2/1
f 7/5/1 1/1/1 3/3/1
f 8/6/1 7/5/1 3/3/1
f 9/7/3 10/6/1 11/3/1
f 9/7/3 11/3/1 12/4/2
f 13/8/1 14/9/1 2/2/1
f 15/10/4 6/2/1 16/9/1
f 1/1/1 13/8/1 2/2/1
f 15/10/4 4/4/2 6/2/1
f 17/11/1 18/12/1 14/9/1
f 15/10/4 16/9/1 19/12/1
f 13/8/1 17/11/1 14/9/1
f 20/13/1 21/14/1 18/12/1
f 22/15/5 19/12/1 23/14/1
f 17/11/1 20/13/1 18/12/1
f 22/15/5 15/10/4 19/12/1
f 24/16/1 25/17/1 21/14/1
f 22/15/5 23/14/1 26/17/1
f 20/13/1 24/16/1 21/14/1
f 27/18/1 28/19/1 25/17/1
f 29/20/6 26/17/1 30/19/1
f 24/16/1 27/18/1 25/17/1
f 29/20/6 22/15/5 26/17/1
f 31/21/1 32/22/1 28/19/1
f 29/20/6 30/19/1 33/22/1
f 27/18/1 31/21/1 28/19/1
f 34/23/1 35/24/1 32/22/1
f 36/25/7 33/22/1 37/24/1
f 31/21/1 34/23/1 32/22/1
f 36/25/7 29/20/6 33/22/1
f 38/26/1 39/27/1 35/24/1
f 36/25/7 37/24/1 40/27/1
f 34/23/1 38/26/1 35/24/1
f 41/28/1 42/29/1 39/27/1
f 43/30/8 40/27/1 44/29/1
f 38/26/1 41/28/1 39/27/1
f 43/30/8 36/25/7 40/27/1
f 45/31/1 46/32/1 42/29/1
f 47/33/9 44/29/1 48/32/1
f 41/28/1 45/31/1 42/29/1
f 47/33/9 43/30/8 44/29/1
f 49/34/1 50/35/1 46/32/1
f 47/33/9 48/32/1 51/35/1
f 45/31/1 49/34/1 46/32/1
f 52/36/1 53/37/1 50/35/1
f 54/38/10 51/35/1 55/37/1
f 49/34/1 52/36/1 50/35/1
f 54/38/10 47/33/9 51/35/1
f 56/39/1 57/40/1 53/37/1
f 54/38/10 55/37/1 58/40/1
f 52/36/1 56/39/1 53/37/1
f 59/41/1 60/42/1 57/40/1
f 61/43/11 58/40/1 62/42/1
f 56/39/1 59/41/1 57/40/1
f 61/43/11 54/38/10 58/40/1
f 63/44/1 64/45/1 60/42/1
f 61/43/11 62/42/1 65/45/1
f 59/41/1 63/44/1 60/42/1
f 66/46/1 67/47/1 64/45/1
f 68/48/12 65/45/1 69/47/1
f 63/44/1 66/46/1 64/45/1
f 68/48/12 61/43/11 65/45/1
f 70/49/1 71/50/1 67/47/1
f 68/48/12 69/47/1 72/50/1
f 66/46/1 70/49/1 67/47/1
f 73/51/1 74/52/1 71/50/1
f 75/53/13 72/50/1 76/52/1
f 70/49/1 73/51/1 71/50/1
f 75/53/13 68/48/12 72/50/1
f 77/54/1 78/55/1 74/52/1
f 79/56/14 76/52/1 80/55/1
f 73/51/1 77/54/1 74/52/1
f 79/56/14 75/53/13 76/52/1
f 81/57/1 82/58/1 78/55/1
f 79/56/14 80/55/1 83/58/1
f 77/54/1 81/57/1 78/55/1
f 84/59/1 85/60/1 82/58/1
f 86/61/15 83/58/1 87/60/1
f 81/57/1 84/59/1 82/58/1
f 86/61/15 79/56/14 83/58/1
f 88/62/1 89/63/1 85/60/1
f 86/61/15 87/60/1 90/63/1
f 84/59/1 88/62/1 85/60/1
f 91/64/1 92/65/1 89/63/1
f 93/66/16 90/63/1 94/65/1
f 88/62/1 91/64/1 89/63/1
f 93/66/16 86/61/15 90/63/1
f 95/67/1 96/68/1 92/65/1
f 93/66/16 94/65/1 97/68/1
f 91/64/1 95/67/1 92/65/1
f 98/69/1 99/70/1 96/68/1
f 100/71/17 97/68/1 101/70/1
f 95/67/1 98/69/1 96/68/1
f 100/71/17 93/66/16 97/68/1
f 102/72/1 103/73/1 99/70/1
f 100/71/17 101/70/1 104/73/1
f 98/69/1 102/72/1 99/70/1
f 105/74/1 106/75/18 103/73/1
f 107/76/19 104/73/1 108/75/1
f 102/72/1 105/74/1 103/73/1
f 107/76/19 100/71/17 104/73/1
f 105/74/1 109/77/20 106/75/18
f 107/76/19 108/75/1 110/77/1
f 111/78/21 110/77/1 112/74/1
f 111/78/21 107/76/19 110/77/1
f 113/79/22 112/74/1 114/72/1
f 113/79/22 111/78/21 112/74/1
f 113/79/22 114/72/1 115/69/1
f 116/80/23 115/69/1 117/67/1
f 116/80/23 113/79/22 115/69/1
f 116/80/23 117/67/1 118/64/1
f 119/81/24 118/64/1 120/62/1
f 119/81/24 116/80/23 118/64/1
f 119/81/24 120/62/1 121/59/1
f 122/82/25 121/59/1 123/57/1
f 122/82/25 119/81/24 121/59/1
f 122/82/25 123/57/1 124/54/1
f 125/83/26 124/54/1 126/51/1
f 125/83/26 122/82/25 124/54/1
f 127/84/27 126/51/1 128/49/1
f 127/84/27 125/83/26 126/51/1
f 127/84/27 128/49/1 129/46/1
f 130/85/28 129/46/1 131/44/1
f 130/85/28 127/84/27 129/46/1
f 130/85/28 131/44/1 132/41/1
f 133/86/29 132/41/1 134/39/1
f 133/86/29 130/85/28 132/41/1
f 133/86/29 134/39/1 135/36/1
f 136/87/30 135/36/1 137/34/1
f 136/87/30 133/86/29 135/36/1
f 136/87/30 137/34/1 138/31/1
f 139/88/31 138/31/1 140/28/1
f 139/88/31 136/87/30 138/31/1
f 141/89/32 140/28/1 142/26/1
f 141/89/32 139/88/31 140/28/1
f 141/89/32 142/26/1 143/23/1
f 144/90/33 143/23/1 145/21/1
f 144/90/33 141/89/32 143/23/1
f 144/90/33 145/21/1 146/18/1
f 147/91/34 146/18/1 148/16/1
f 147/91/34 144/90/33 146/18/1
f 147/91/34 148/16/1 149/13/1
f 150/92/35 149/13/1 151/11/1
f 150/92/35 147/91/34 149/13/1
f 150/92/35 151/11/1 152/8/1
f 153/93/36 152/8/1 154/1/1
f 153/93/36 150/92/35 152/8/1
f 153/93/36 154/1/1 155/5/1
f 8/6/1 156/94/1 7/5/1
f 157/95/37 158/5/1 159/94/1
f 160/95/37 153/93/36 155/5/1
f 161/96/1 162/97/1 156/94/1
f 163/98/38 159/94/1 164/97/1
f 8/6/1 161/96/1 156/94/1
f 163/98/38 157/95/37 159/94/1
f 165/99/1 166/100/1 162/97/1
f 163/98/38 164/97/1 167/100/1
f 161/96/1 165/99/1 162/97/1
f 168/101/1 169/102/1 166/100/1
f 170/103/39 167/100/1 171/102/1
f 165/99/1 168/101/1 166/100/1
f 170/103/39 163/98/38 167/100/1
f 172/104/1 173/105/1 169/102/1
f 170/103/39 171/102/1 174/105/1
f 168/101/1 172/104/1 169/102/1
f 175/106/1 176/107/1 173/105/1
f 177/108/40 174/105/1 178/107/1
f 172/104/1 175/106/1 173/105/1
f 177/108/40 170/103/39 174/105/1
f 179/109/1 180/110/1 176/107/1
f 177/108/40 178/107/1 181/110/1
f 175/106/1 179/109/1 176/107/1
f 182/111/1 183/112/1 180/110/1
f 184/113/41 181/110/1 185/112/1
f 179/109/1 182/111/1 180/110/1
f 184/113/41 177/108/40 181/110/1
f 186/114/1 187/115/1 183/112/1
f 184/113/41 185/112/1 188/115/1
f 182/111/1 186/114/1 183/112/1
f 189/116/1 190/117/1 187/115/1
f 191/118/42 188/115/1 192/117/1
f 186/114/1 189/116/1 187/115/1
f 191/118/42 184/113/41 188/115/1
f 193/119/1 194/120/1 190/117/1
f 195/121/43 192/117/1 196/120/1
f 189/116/1 193/119/1 190/117/1
f 195/121/43 191/118/42 192/117/1
f 197/122/1 198/123/1 194/120/1
f 195/121/43 196/120/1 199/123/1
f 193/119/1 197/122/1 194/120/1
f 200/124/1 201/125/1 198/123/1
f 202/126/44 199/123/1 203/125/1
f 197/122/1 200/124/1 198/123/1
f 202/126/44 195/121/43 199/123/1
f 204/127/1 205/128/1 201/125/1
f 202/126/44 203/125/1 206/128/1
f 200/124/1 204/127/1 201/125/1
f 207/129/1 208/130/1 205/128/1
f 209/131/45 206/128/1 210/130/1
f 204/127/1 207/129/1 205/128/1
f 209/131/45 202/126/44 206/128/1
f 211/132/1 212/133/1 208/130/1
f 209/131/45 210/130/1 213/133/1
f 207/129/1 211/132/1 208/130/1
f 214/134/1 215/135/1 212/133/1
f 216/136/46 213/133/1 217/135/1
f 211/132/1 214/134/1 212/133/1
f 216/136/46 209/131/45 213/133/1
f 218/137/1 219/138/1 215/135/1
f 216/136/46 217/135/1 220/138/1
f 214/134/1 218/137/1 215/135/1
f 221/139/1 222/140/1 219/138/1
f 223/141/47 220/138/1 224/140/1
f 218/137/1 221/139/1 219/138/1
f 223/141/47 216/136/46 220/138/1
f 225/142/1 226/143/1 222/140/1
f 227/144/48 224/140/1 228/143/1
f 221/139/1 225/142/1 222/140/1
f 227/144/48 223/141/47 224/140/1
f 229/145/1 230/146/1 226/143/1
f 227/144/48 228/143/1 231/146/1
f 225/142/1 229/145/1 226/143/1
f 232/147/1 233/148/1 230/146/1
f 234/149/49 231/146/1 235/148/1
f 229/145/1 232/147/1 230/146/1
f 234/149/49 227/144/48 231/146/1
f 236/150/1 237/151/1 233/148/1
f 234/149/49 235/148/1 238/151/1
f 232/147/1 236/150/1 233/148/1
f 239/152/1 240/153/1 237/151/1
f 241/154/50 238/151/1 242/153/1
f 236/150/1 239/152/1 237/151/1
f 241/154/50 234/149/49 238/151/1
f 243/155/1 244/156/1 240/153/1
f 241/154/50 242/153/1 245/156/1
f 239/152/1 243/155/1 240/153/1
f 246/157/1 247/158/1 244/156/1
f 248/159/51 245/156/1 249/158/1
f 243/155/1 246/157/1 244/156/1
f 248/159/51 241/154/50 245/156/1
f 250/160/1 251/161/1 247/158/1
f 248/159/51 249/158/1 252/161/1
f 246/157/1 250/160/1 247/158/1
f 253/162/1 254/163/1 251/161/1
f 255/164/52 252/161/1 256/163/1
f 250/160/1 253/162/1 251/161/1
f 255/164/52 248/159/51 252/161/1
f 253/162/1 257/165/1 254/163/1
f 255/164/52 256/163/1 258/165/1
f 259/166/53 258/165/1 260/162/1
f 259/166/53 255/164/52 258/165/1
f 261/167/54 260/162/1 262/160/1
f 261/167/54 259/166/53 260/162/1
f 261/167/54 262/160/1 263/157/1
f 264/168/55 263/157/1 265/155/1
f 264/168/55 261/167/54 263/157/1
f 264/168/55 265/155/1 266/152/1
f 267/169/56 266/152/1 268/150/1
f 267/169/56 264/168/55 266/152/1
f 267/169/56 268/150/1 269/147/1
f 270/170/57 269/147/1 271/145/1
f 270/170/57 267/169/56 269/147/1
f 270/170/57 271/145/1 272/142/1
f 273/171/58 272/142/1 274/139/1
f 273/171/58 270/170/57 272/142/1
f 275/172/59 274/139/1 276/137/1
f 275/172/59 273/171/58 274/139/1
f 275/172/59 276/137/1 277/134/1
f 278/173/60 277/134/1 279/132/1
f 278/173/60 275/172/59 277/134/1
f 278/173/60 279/132/1 280/129/1
f 281/174/61 280/129/1 282/127/1
f 281/174/61 278/173/60 280/129/1
f 281/174/61 282/127/1 283/124/1
f 284/175/62 283/124/1 285/122/1
f 284/175/62 281/174/61 283/124/1
f 284/175/62 285/122/1 286/119/1
f 287/176/63 286/119/1 288/116/1
f 287/176/63 284/175/62 286/119/1
f 289/177/64 288/116/1 290/114/1
f 289/177/64 287/176/63 288/116/1
f 289/177/64 290/114/1 291/111/1
f 292/178/65 291/111/1 293/109/1
f 292/178/65 289/177/64 291/111/1
f 292/178/65 293/109/1 294/106/1
f 295/179/66 294/106/1 296/104/1
f 295/179/66 292/178/65 294/106/1
f 295/179/66 296/104/1 297/101/1
f 298/180/67 297/101/1 299/99/1
f 298/180/67 295/179/66 297/101/1
f 298/180/67 299/99/1 300/96/1
f 9/7/3 300/96/1 10/6/1
f 9/7/3 298/180/67 300/96/1
f 301/181/68 302/182/68 303/183/68
f 304/184/69 305/183/68 306/182/68
f 307/185/68 301/181/68 303/183/68
f 308/186/68 307/185/68 303/183/68
f 309/187/70 310/186/68 311/183/68
f 309/187/70 311/183/68 312/184/69
f 313/188/68 314/189/68 302/182/68
f 315/190/71 306/182/68 316/189/68
f 301/181/68 313/188/68 302/182/68
f 315/190/71 304/184/69 306/182/68
f 317/191/68 318/192/68 314/189/68
f 315/190/71 316/189/68 319/192/68
f 313/188/68 317/191/68 314/189/68
f 320/193/68 321/194/68 318/192/68
f 322/195/72 319/192/68 323/194/68
f 317/191/68 320/193/68 318/192/68
f 322/195/72 315/190/71 319/192/68
f 324/196/68 325/197/68 321/194/68
f 322/195/72 323/194/68 326/197/68
f 320/193/68 324/196/68 321/194/68
f 327/198/68 328/199/68 325/197/68
f 329/200/73 326/197/68 330/199/68
f 324/196/68 327/198/68 325/197/68
f 329/200/73 322/195/72 326/197/68
f 331/201/68 332/202/68 328/199/68
f 329/200/73 330/199/68 333/202/68
f 327/198/68 331/201/68 328/199/68
f 334/203/68 335/204/68 332/202/68
f 336/205/74 333/202/68 337/204/68
f 331/201/68 334/203/68 332/202/68
f 336/205/74 329/200/73 333/202/68
f 338/206/68 339/207/68 335/204/68
f 336/205/74 337/204/68 340/207/68
f 334/203/68 338/206/68 335/204/68
f 341/208/68 342/209/68 339/207/68
f 343/210/75 340/207/68 344/209/68
f 338/206/68 341/208/68 339/207/68
f 343/210/75 336/205/74 340/207/68
f 345/211/68 346/212/68 342/209/68
f 347/213/76 344/209/68 348/212/68
f 341/208/68 345/211/68 342/209/68
f 347/213/76 343/210/75 344/209/68
f 349/214/68 350/215/68 346/212/68
f 347/213/76 348/212/68 351/215/68
f 345/211/68 349/214/68 346/212/68
f 352/216/68 353/217/68 350/215/68
f 354/218/77 351/215/68 355/217/68
f 349/214/68 352/216/68 350/215/68
f 354/218/77 347/213/76 351/215/68
f 356/219/68 357/220/68 353/217/68
f 354/218/77 355/217/68 358/220/68
f 352/216/68 356/219/68 353/217/68
f 359/221/68 360/222/68 357/220/68
f 361/223/78 358/220/68 362/222/68
f 356/219/68 359/221/68 357/220/68
f 361/223/78 354/218/77 358/220/68
f 363/224/68 364/225/68 360/222/68
f 361/223/78 362/222/68 365/225/68
f 359/221/68 363/224/68 360/222/68
f 366/226/68 367/227/68 364/225/68
f 368/228/79 365/225/68 369/227/68
f 363/224/68 366/226/68 364/225/68
f 368/228/79 361/223/78 365/225/68
f 370/229/68 371/230/68 367/227/68
f 368/228/79 369/227/68 372/230/68
f 366/226/68 370/229/68 367/227/68
f 373/231/68 374/232/68 371/230/68
f 375/233/80 372/230/68 376/232/68
f 370/229/68 373/231/68 371/230/68
f 375/233/80 368/228/79 372/230/68
f 377/234/68 378/235/68 374/232/68
f 379/236/81 376/232/68 380/235/68
f 373/231/68 377/234/68 374/232/68
f 379/236/81 375/233/80 376/232/68
f 381/237/68 382/238/68 378/235/68
f 379/236/81 380/235/68 383/238/68
f 377/234/68 381/237/68 378/235/68
f 384/239/68 385/240/68 382/238/68
f 386/241/82 383/238/68 387/240/68
f 381/237/68 384/239/68 382/238/68
f 386/241/82 379/236/81 383/238/68
f 388/242/68 389/243/68 385/240/68
f 386/241/82 387/240/68 390/243/68
f 384/239/68 388/242/68 385/240/68
f 391/244/68 392/245/68 389/243/68
f 393/246/83 390/243/68 394/245/68
f 388/242/68 391/244/68 389/243/68
f 393/246/83 386/241/82 390/243/68
f 395/247/68 396/248/68 392/245/68
f 393/246/83 394/245/68 397/248/68
f 391/244/68 395/247/68 392/245/68
f 398/249/68 399/250/68 396/248/68
f 400/251/84 397/248/68 401/250/68
f 395/247/68 398/249/68 396/248/68
f 400/251/84 393/246/83 397/248/68
f 402/252/68 403/253/68 399/250/68
f 400/251/84 401/250/68 404/253/68
f 398/249/68 402/252/68 399/250/68
f 405/254/68 406/255/85 403/253/68
f 407/256/86 404/253/68 408/255/68
f 402/252/68 405/254/68 403/253/68
f 407/256/86 400/251/84 404/253/68
f 405/254/68 409/257/87 406/255/85
f 407/256/86 408/255/68 410/257/68
f 411/258/88 410/257/68 412/254/68
f 411/258/88 407/256/86 410/257/68
f 413/259/89 412/254/68 414/252/68
f 413/259/89 411/258/88 412/254/68
f 413/259/89 414/252/68 415/249/68
f 416/260/90 415/249/68 417/247/68
f 416/260/90 413/259/89 415/249/68
f 416/260/90 417/247/68 418/244/68
f 419/261/91 418/244/68 420/242/68
f 419/261/91 416/260/90 418/244/68
f 419/261/91 420/242/68 421/239/68
f 422/262/92 421/239/68 423/237/68
f 422/262/92 419/261/91 421/239/68
f 422/262/92 423/237/68 424/234/68
f 425/263/93 424/234/68 426/231/68
f 425/263/93 422/262/92 424/234/68
f 427/264/94 426/231/68 428/229/68
f 427/264/94 425/263/93 426/231/68
f 427/264/94 428/229/68 429/226/68
f 430/265/95 429/226/68 431/224/68
f 430/265/95 427/264/94 429/226/68
f 430/265/95 431/224/68 432/221/68
f 433/266/96 432/221/68 434/219/68
f 433/266/96 430/265/95 432/221/68
f 433/266/96 434/219/68 435/216/68
f 436/267/97 435/216/68 437/214/68
f 436/267/97 433/266/96 435/216/68
f 436/267/97 437/214/68 438/211/68
f 439/268/98 438/211/68 440/208/68
f 439/268/98 436/267/97 438/211/68
f 441/269/99 440/208/68 442/206/68
f 441/269/99 439/268/98 440/208/68
f 441/269/99 442/206/68 443/203/68
f 444/270/100 443/203/68 445/201/68
f 444/270/100 441/269/99 443/203/68
f 444/270/100 445/201/68 446/198/68
f 447/271/101 446/198/68 448/196/68
f 447/271/101 444/270/100 446/198/68
f 447/271/101 448/196/68 449/193/68
f 450/272/102 449/193/68 451/191/68
f 450/272/102 447/271/101 449/193/68
f 450/272/102 451/191/68 452/188/68
f 453/273/103 452/188/68 454/181/68
f 453/273/103 450/272/102 452/188/68
f 453/273/103 454/181/68 455/185/68
f 308/186/68 456/274/68 307/185/68
f 457/275/104 458/185/68 459/274/68
f 460/275/104 453/273/103 455/185/68
f 461/276/68 462/277/68 456/274/68
f 463/278/105 459/274/68 464/277/68
f 308/186/68 461/276/68 456/274/68
f 463/278/105 457/275/104 459/274/68
f 465/279/68 466/280/68 462/277/68
f 463/278/105 464/277/68 467/280/68
f 461/276/68 465/279/68 462/277/68
f 468/281/68 469/282/68 466/280/68
f 470/283/106 467/280/68 471/282/68
f 465/279/68 468/281/68 466/280/68
f 470/283/106 463/278/105 467/280/68
f 472/284/68 473/285/68 469/282/68
f 470/283/106 471/282/68 474/285/68
f 468/281/68 472/284/68 469/282/68
f 475/286/68 476/287/68 473/285/68
f 477/288/107 474/285/68 478/287/68
f 472/284/68 475/286/68 473/285/68
f 477/288/107 470/283/106 474/285/68
f 479/289/68 480/290/68 476/287/68
f 477/288/107 478/287/68 481/290/68
f 475/286/68 479/289/68 476/287/68
f 482/291/68 483/292/68 480/290/68
f 484/293/108 481/290/68 485/292/68
f 479/289/68 482/291/68 480/290/68
f 484/293/108 477/288/107 481/290/68
f 486/294/68 487/295/68 483/292/68
f 484/293/108 485/292/68 488/295/68
f 482/291/68 486/294/68 483/292/68
f 489/296/68 490/297/68 487/295/68
f 491/298/109 488/295/68 492/297/68
f 486/294/68 489/296/68 487/295/68
f 491/298/109 484/293/108 488/295/68
f 493/299/68 494/300/68 490/297/68
f 495/301/110 492/297/68 496/300/68
f 489/296/68 493/299/68 490/297/68
f 495/301/110 491/298/109 492/297/68
f 497/302/68 498/303/68 494/300/68
f 495/301/110 496/300/68 499/303/68
f 493/299/68 497/302/68 494/300/68
f 500/304/68 501/305/68 498/303/68
f 502/306/111 499/303/68 503/305/68
f 497/302/68 500/304/68 498/303/68
f 502/306/111 495/301/110 499/303/68
f 504/307/68 505/308/68 501/305/68
f 502/306/111 503/305/68 506/308/68
f 500/304/68 504/307/68 501/305/68
f 507/309/68 508/310/68 505/308/68
f 509/311/112 506/308/68 510/310/68
f 504/307/68 507/309/68 505/308/68
f 509/311/112 502/306/111 506/308/68
f 511/312/68 512/313/68 508/310/68
f 509/311/112 510/310/68 513/313/68
f 507/309/68 511/312/68 508/310/68
f 514/314/68 515/315/68 512/313/68
f 516/316/113 513/313/68 517/315/68
f 511/312/68 514/314/68 512/313/68
f 516/316/113 509/311/112 513/313/68
f 518/317/68 519/318/68 515/315/68
f 516/316/113 517/315/68 520/318/68
f 514/314/68 518/317/68 515/315/68
f 521/319/68 522/320/68 519/318/68
f 523/321/114 520/318/68 524/320/68
f 518/317/68 521/319/68 519/318/68
f 523/321/114 516/316/113 520/318/68
f 525/322/68 526/323/68 522/320/68
f 527/324/115 524/320/68 528/323/68
f 521/319/68 525/322/68 522/320/68
f 527/324/115 523/321/114 524/320/68
f 529/325/68 530/326/68 526/323/68
f 527/324/115 528/323/68 531/326/68
f 525/322/68 529/325/68 526/323/68
f 532/327/68 533/328/68 530/326/68
f 534/329/116 531/326/68 535/328/68
f 529/325/68 532/327/68 530/326/68
f 534/329/116 527/324/115 531/326/68
f 536/330/68 537/331/68 533/328/68
f 534/329/116 535/328/68 538/331/68
f 532/327/68 536/330/68 533/328/68
f 539/332/68 540/333/68 537/331/68
f 541/334/117 538/331/68 542/333/68
f 536/330/68 539/332/68 537/331/68
f 541/334/117 534/329/116 538/331/68
f 543/335/68 544/336/68 540/333/68
f 541/334/117 542/333/68 545/336/68
f 539/332/68 543/335/68 540/333/68
f 546/337/68 547/338/68 544/336/68
f 548/339/118 545/336/68 549/338/68
f 543/335/68 546/337/68 544/336/68
f 548/339/118 541/334/117 545/336/68
f 550/340/68 551/341/68 547/338/68
f 548/339/118 549/338/68 552/341/68
f 546/337/68 550/340/68 547/338/68
f 553/342/68 554/343/68 551/341/68
f 555/344/119 552/341/68 556/343/68
f 550/340/68 553/342/68 551/341/68
f 555/344/119 548/339/118 552/341/68
f 553/342/68 557/345/68 554/343/68
f 555/344/119 556/343/68 558/345/68
f 559/346/120 558/345/68 560/342/68
f 559/346/120 555/344/119 558/345/68
f 561/347/121 560/342/68 562/340/68
f 561/347/121 559/346/120 560/342/68
f 561/347/121 562/340/68 563/337/68
f 564/348/122 563/337/68 565/335/68
f 564/348/122 561/347/121 563/337/68
f 564/348/122 565/335/68 566/332/68
f 567/349/123 566/332/68 568/330/68
f 567/349/123 564/348/122 566/332/68
f 567/349/123 568/330/68 569/327/68
f 570/350/124 569/327/68 571/325/68
f 570/350/124 567/349/123 569/327/68
f 570/350/124 571/325/68 572/322/68
f 573/351/125 572/322/68 574/319/68
f 573/351/125 570/350/124 572/322/68
f 575/352/126 574/319/68 576/317/68
f 575/352/126 573/351/125 574/319/68
f 575/352/126 576/317/68 577/314/68
f 578/353/127 577/314/68 579/312/68
f 578/353/127 575/352/126 577/314/68
f 578/353/127 579/312/68 580/309/68
f 581/354/128 580/309/68 582/307/68
f 581/354/128 578/353/127 580/309/68
f 581/354/128 582/307/68 583/304/68
f 584/355/129 583/304/68 585/302/68
f 584/355/129 581/354/128 583/304/68
f 584/355/129 585/302/68 586/299/68
f 587/356/130 586/299/68 588/296/68
f 587/356/130 584/355/129 586/299/68
f 589/357/131 588/296/68 590/294/68
f 589/357/131 587/356/130 588/296/68
f 589/357/131 590/294/68 591/291/68
f 592/358/132 591/291/68 593/289/68
f 592/358/132 589/357/131 591/291/68
f 592/358/132 593/289/68 594/286/68
f 595/359/133 594/286/68 596/284/68
f 595/359/133 592/358/132 594/286/68
f 595/359/133 596/284/68 597/281/68
f 598/360/134 597/281/68 599/279/68
f 598/360/134 595/359/133 597/281/68
f 598/360/134 599/279/68 600/276/68
f 309/187/70 600/276/68 310/186/68
f 309/187/70 598/360/134 600/276/68
f 601/361/135 602/362/135 603/363/136
f 604/364/137 605/363/136 606/362/135
f 607/365/136 601/361/135 603/363/136
f 608/366/138 609/365/136 610/363/136
f 611/367/139 612/366/138 613/363/136
f 611/367/139 613/363/136 614/364/137
f 615/368/140 616/369/140 602/362/135
f 617/370/141 606/362/135 618/369/140
f 601/361/135 615/368/140 602/362/135
f 619/371/142 606/362/135 617/370/141
f 604/364/137 606/362/135 619/371/142
f 620/372/143 621/373/143 616/369/140
f 622/374/144 618/369/140 623/373/143
f 615/368/140 620/372/143 616/369/140
f 617/370/141 618/369/140 622/374/144
f 624/375/145 625/376/145 621/373/143
f 626/377/146 623/373/143 627/376/145
f 620/372/143 624/375/145 621/373/143
f 622/374/144 623/373/143 626/377/146
f 628/378/147 629/379/147 625/376/145
f 630/380/148 627/376/145 631/379/147
f 624/375/145 628/378/147 625/376/145
f 626/377/146 627/376/145 630/380/148
f 632/381/149 633/382/149 629/379/147
f 634/383/150 631/379/147 635/382/149
f 628/378/147 632/381/149 629/379/147
f 630/380/148 631/379/147 634/383/150
f 636/384/151 637/385/151 633/382/149
f 638/386/152 635/382/149 639/385/151
f 632/381/149 636/384/151 633/382/149
f 634/383/150 635/382/149 638/386/152
f 640/387/153 641/388/153 637/385/151
f 642/389/154 639/385/151 643/388/153
f 636/384/151 640/387/153 637/385/151
f 638/386/152 639/385/151 642/389/154
f 644/390/155 645/391/155 641/388/153
f 646/392/156 643/388/153 647/391/155
f 640/387/153 644/390/155 641/388/153
f 642/389/154 643/388/153 646/392/156
f 648/393/157 649/394/157 645/391/155
f 650/395/158 647/391/155 651/394/157
f 644/390/155 648/393/157 645/391/155
f 646/392/156 647/391/155 650/395/158
f 652/396/159 653/397/159 649/394/157
f 654/398/160 651/394/157 655/397/159
f 648/393/157 652/396/159 649/394/157
f 650/395/158 651/394/157 654/398/160
f 656/399/161 657/400/161 653/397/159
f 658/401/162 655/397/159 659/400/161
f 652/396/159 656/399/161 653/397/159
f 654/398/160 655/397/159 658/401/162
f 660/402/163 661/403/163 657/400/161
f 662/404/164 659/400/161 663/403/163
f 656/399/161 660/402/163 657/400/161
f 658/401/162 659/400/161 662/404/164
f 664/405/165 665/406/165 661/403/163
f 666/407/166 663/403/163 667/406/165
f 660/402/163 664/405/165 661/403/163
f 662/404/164 663/403/163 666/407/166
f 668/408/167 669/409/167 665/406/165
f 670/410/168 667/406/165 671/409/167
f 664/405/165 668/408/167 665/406/165
f 666/407/166 667/406/165 670/410/168
f 672/411/169 673/412/169 669/409/167
f 674/413/170 671/409/167 675/412/169
f 668/408/167 672/411/169 669/409/167
f 670/410/168 671/409/167 674/413/170
f 676/414/171 677/415/171 673/412/169
f 678/416/172 675/412/169 679/415/171
f 672/411/169 676/414/171 673/412/169
f 674/413/170 675/412/169 678/416/172
f 680/417/173 681/418/173 677/415/171
f 682/419/174 679/415/171 683/418/173
f 676/414/171 680/417/173 677/415/171
f 678/416/172 679/415/171 682/419/174
f 684/420/175 685/421/175 681/418/173
f 686/422/176 683/418/173 687/421/175
f 680/417/173 684/420/175 681/418/173
f 682/419/174 683/418/173 686/422/176
f 688/423/177 689/424/177 685/421/175
f 690/425/178 687/421/175 691/424/177
f 684/420/175 688/423/177 685/421/175
f 686/422/176 687/421/175 690/425/178
f 692/426/179 693/427/179 689/424/177
f 694/428/180 691/424/177 695/427/179
f 688/423/177 692/426/179 689/424/177
f 690/425/178 691/424/177 694/428/180
f 696/429/181 697/430/181 693/427/179
f 698/431/182 695/427/179 699/430/181
f 692/426/179 696/429/181 693/427/179
f 694/428/180 695/427/179 698/431/182
f 700/432/183 701/433/183 697/430/181
f 702/434/184 699/430/181 703/433/183
f 696/429/181 700/432/183 697/430/181
f 698/431/182 699/430/181 702/434/184
f 704/435/185 705/436/185 701/433/183
f 706/437/186 703/433/183 707/436/185
f 700/432/183 704/435/185 701/433/183
f 702/434/184 703/433/183 706/437/186
f 708/438/187 709/439/187 705/436/185
f 710/440/188 707/436/185 711/439/187
f 704/435/185 708/438/187 705/436/185
f 706/437/186 707/436/185 710/440/188
f 712/441/189 713/442/189 709/439/187
f 714/443/190 711/439/187 715/442/189
f 708/438/187 712/441/189 709/439/187
f 710/440/188 711/439/187 714/443/190
f 716/444/191 717/445/191 713/442/189
f 718/446/192 715/442/189 719/445/191
f 712/441/189 716/444/191 713/442/189
f 714/443/190 715/442/189 718/446/192
f 720/447/193 721/448/193 717/445/191
f 722/449/194 719/445/191 723/448/193
f 716/444/191 720/447/193 717/445/191
f 718/446/192 719/445/191 722/449/194
f 724/450/195 725/451/195 721/448/193
f 726/452/196 723/448/193 727/451/195
f 720/447/193 724/450/195 721/448/193
f 722/449/194 723/448/193 726/452/196
f 728/453/197 729/454/197 725/451/195
f 730/455/198 727/451/195 731/454/197
f 724/450/195 728/453/197 725/451/195
f 726/452/196 727/451/195 730/455/198
f 732/456/199 733/457/199 729/454/197
f 734/458/200 731/454/197 735/457/199
f 728/453/197 732/456/199 729/454/197
f 730/455/198 731/454/197 734/458/200
f 736/459/201 737/460/201 733/457/199
f 738/461/202 739/457/199 740/460/201
f 732/456/199 736/459/201 733/457/199
f 734/458/200 735/457/199 741/461/202
f 742/462/203 743/463/203 737/460/201
f 744/464/204 740/460/201 745/463/203
f 736/459/201 742/462/203 737/460/201
f 744/464/204 738/461/202 740/460/201
f 746/465/205 747/466/205 743/463/203
f 748/467/206 745/463/203 749/466/205
f 742/462/203 746/465/205 743/463/203
f 744/464/204 745/463/203 748/467/206
f 750/468/207 751/469/207 747/466/205
f 752/470/208 749/466/205 753/469/207
f 746/465/205 750/468/207 747/466/205
f 748/467/206 749/466/205 752/470/208
f 754/471/209 755/472/209 751/469/207
f 756/473/210 753/469/207 757/472/209
f 750/468/207 754/471/209 751/469/207
f 752/470/208 753/469/207 756/473/210
f 758/474/211 759/475/211 755/472/209
f 760/476/212 757/472/209 761/475/211
f 754/471/209 758/474/211 755/472/209
f 756/473/210 757/472/209 760/476/212
f 762/477/213 763/478/213 759/475/211
f 764/479/214 761/475/211 765/478/213
f 758/474/211 762/477/213 759/475/211
f 760/476/212 761/475/211 764/479/214
f 766/480/215 767/481/216 763/478/213
f 768/482/217 765/478/213 769/481/215
f 762/477/213 766/480/215 763/478/213
f 764/479/214 765/478/213 768/482/217
f 770/483/218 771/484/219 767/481/216
f 772/485/220 769/481/215 773/484/221
f 774/486/222 770/483/218 767/481/216
f 775/487/223 774/486/222 767/481/216
f 776/488/224 775/487/223 767/481/216
f 777/489/221 776/488/224 767/481/216
f 766/480/215 777/489/221 767/481/216
f 768/482/217 769/481/215 772/485/220
f 778/490/225 779/491/226 771/484/219
f 780/492/227 773/484/221 781/491/226
f 782/493/228 778/490/225 771/484/219
f 770/483/218 782/493/228 771/484/219
f 772/485/220 773/484/221 780/492/227
f 783/494/229 784/495/230 779/491/226
f 785/496/231 781/491/226 786/495/230
f 787/497/232 783/494/229 779/491/226
f 778/490/225 787/497/232 779/491/226
f 780/492/227 781/491/226 785/496/231
f 788/498/233 789/499/234 784/495/230
f 790/500/235 786/495/230 791/499/234
f 783/494/229 788/498/233 784/495/230
f 785/496/231 786/495/230 790/500/235
f 792/501/236 793/502/237 789/499/234
f 794/503/238 791/499/234 795/502/237
f 788/498/233 792/501/236 789/499/234
f 790/500/235 791/499/234 794/503/238
f 796/504/239 797/505/240 793/502/237
f 798/506/241 795/502/237 799/505/240
f 800/507/242 796/504/239 793/502/237
f 792/501/236 800/507/242 793/502/237
f 794/503/238 795/502/237 798/506/241
f 801/508/243 802/509/244 797/505/240
f 803/510/245 799/505/240 804/509/244
f 796/504/239 801/508/243 797/505/240
f 798/506/241 799/505/240 803/510/245
f 805/511/246 806/512/247 802/509/244
f 807/513/248 804/509/244 808/512/247
f 801/508/243 805/511/246 802/509/244
f 803/510/245 804/509/244 807/513/248
f 809/514/68 810/512/68 811/511/249
f 812/515/250 813/512/247 814/516/251
f 815/517/252 816/516/253 817/512/68
f 818/518/254 808/512/247 819/515/250
f 815/517/252 817/512/68 820/514/68
f 807/513/248 808/512/247 818/518/254
f 821/519/255 811/511/249 822/508/256
f 821/519/255 809/514/68 811/511/249
f 823/520/257 822/508/256 824/504/258
f 823/520/257 821/519/255 822/508/256
f 825/521/259 824/504/258 826/507/260
f 825/521/259 823/520/257 824/504/258
f 827/522/261 826/507/260 828/501/262
f 827/522/261 825/521/259 826/507/260
f 829/523/263 828/501/262 830/498/264
f 829/523/263 827/522/261 828/501/262
f 831/524/265 830/498/264 832/494/266
f 831/524/265 829/523/263 830/498/264
f 833/525/267 832/494/266 834/497/268
f 833/525/267 831/524/265 832/494/266
f 835/526/269 834/497/268 836/490/270
f 835/526/269 833/525/267 834/497/268
f 837/527/271 836/490/270 838/493/272
f 837/527/271 835/526/269 836/490/270
f 839/528/273 838/493/272 840/483/274
f 839/528/273 837/527/271 838/493/272
f 839/528/273 840/483/274 841/486/275
f 842/529/276 841/486/275 843/487/277
f 842/529/276 839/528/273 841/486/275
f 844/530/278 843/487/277 845/488/279
f 844/530/278 842/529/276 843/487/277
f 777/489/221 846/531/280 776/488/224
f 847/532/281 845/488/279 848/531/282
f 847/532/281 844/530/278 845/488/279
f 777/489/221 849/533/222 846/531/280
f 850/534/283 848/531/282 851/533/284
f 850/534/283 847/532/281 848/531/282
f 777/489/221 852/535/218 849/533/222
f 850/534/283 851/533/284 853/535/285
f 777/489/221 854/536/228 852/535/218
f 855/537/286 853/535/285 856/536/287
f 855/537/286 850/534/283 853/535/285
f 857/538/226 858/539/225 854/536/228
f 859/540/288 856/536/287 860/539/289
f 777/489/221 857/538/226 854/536/228
f 859/540/288 855/537/286 856/536/287
f 857/538/226 861/541/290 858/539/225
f 862/542/291 860/539/289 863/541/292
f 862/542/291 859/540/288 860/539/289
f 864/543/230 865/544/293 861/541/290
f 866/545/294 863/541/292 867/544/295
f 857/538/226 864/543/230 861/541/290
f 866/545/294 862/542/291 863/541/292
f 864/543/230 868/546/296 865/544/293
f 869/547/297 867/544/295 870/546/298
f 869/547/297 866/545/294 867/544/295
f 871/548/234 872/549/299 868/546/296
f 873/550/300 870/546/298 874/549/301
f 864/543/230 871/548/234 868/546/296
f 873/550/300 869/547/297 870/546/298
f 875/551/237 876/552/242 872/549/299
f 877/553/302 874/549/301 878/552/303
f 871/548/234 875/551/237 872/549/299
f 877/553/302 873/550/300 874/549/301
f 879/554/240 880/555/304 876/552/242
f 881/556/305 878/552/303 882/555/306
f 875/551/237 879/554/240 876/552/242
f 881/556/305 877/553/302 878/552/303
f 879/554/240 883/557/307 880/555/304
f 884/558/308 882/555/306 885/557/309
f 884/558/308 881/556/305 882/555/306
f 886/559/244 887/560/246 883/557/307
f 888/561/310 885/557/309 889/560/311
f 879/554/240 886/559/244 883/557/307
f 888/561/310 884/558/308 885/557/309
f 886/559/244 890/562/247 887/560/246
f 888/561/310 889/560/311 891/562/1
f 892/563/312 893/562/247 894/559/244
f 895/564/251 896/562/247 897/565/250
f 898/566/313 899/565/250 893/562/247
f 900/567/1 901/562/1 902/564/314
f 903/567/1 888/561/310 891/562/1
f 898/566/313 893/562/247 892/563/312
f 904/568/315 894/559/244 905/554/240
f 892/563/312 894/559/244 904/568/315
f 906/569/316 905/554/240 907/551/237
f 904/568/315 905/554/240 906/569/316
f 908/570/317 907/551/237 909/548/234
f 906/569/316 907/551/237 908/570/317
f 910/571/318 909/548/234 911/543/230
f 908/570/317 909/548/234 910/571/318
f 912/572/319 911/543/230 913/538/226
f 910/571/318 911/543/230 912/572/319
f 914/573/320 913/538/226 915/489/221
f 912/572/319 913/538/226 914/573/320
f 916/574/321 915/489/221 917/480/215
f 914/573/320 915/489/221 916/574/321
f 918/575/322 917/480/215 919/477/213
f 916/574/321 917/480/215 918/575/322
f 920/576/323 919/477/213 921/474/211
f 918/575/322 919/477/213 920/576/323
f 922/577/324 921/474/211 923/471/209
f 920/576/323 921/474/211 922/577/324
f 924/578/325 923/471/209 925/468/207
f 922/577/324 923/471/209 924/578/325
f 926/579/326 925/468/207 927/465/205
f 924/578/325 925/468/207 926/579/326
f 928/580/327 927/465/205 929/462/203
f 926/579/326 927/465/205 928/580/327
f 930/581/328 929/462/203 931/459/201
f 928/580/327 929/462/203 930/581/328
f 932/582/329 931/459/201 933/456/199
f 930/581/328 931/459/201 932/582/329
f 934/583/330 935/456/199 936/453/197
f 932/582/329 933/456/199 937/583/330
f 938/584/331 936/453/197 939/450/195
f 940/585/332 936/453/197 938/584/331
f 934/583/330 936/453/197 940/585/332
f 941/586/333 939/450/195 942/447/193
f 938/584/331 939/450/195 941/586/333
f 943/587/334 942/447/193 944/444/191
f 941/586/333 942/447/193 943/587/334
f 945/588/335 944/444/191 946/441/189
f 943/587/334 944/444/191 945/588/335
f 947/589/336 946/441/189 948/438/187
f 945/588/335 946/441/189 947/589/336
f 949/590/337 948/438/187 950/435/185
f 947/589/336 948/438/187 949/590/337
f 951/591/338 950/435/185 952/432/183
f 949/590/337 950/435/185 951/591/338
f 953/592/339 952/432/183 954/429/181
f 951/591/338 952/432/183 953/592/339
f 955/593/340 954/429/181 956/426/179
f 953/592/339 954/429/181 955/593/340
f 957/594/341 956/426/179 958/423/177
f 955/593/340 956/426/179 957/594/341
f 959/595/342 958/423/177 960/420/175
f 957/594/341 958/423/177 959/595/342
f 961/596/343 960/420/175 962/417/173
f 959/595/342 960/420/175 961/596/343
f 963/597/344 962/417/173 964/414/171
f 961/596/343 962/417/173 963/597/344
f 965/598/345 964/414/171 966/411/346
f 963/597/344 964/414/171 965/598/345
f 967/599/347 966/411/346 968/408/348
f 965/598/345 966/411/346 967/599/347
f 969/600/349 968/408/348 970/405/165
f 967/599/347 968/408/348 969/600/349
f 971/601/350 970/405/165 972/402/163
f 969/600/349 970/405/165 971/601/350
f 973/602/351 972/402/163 974/399/161
f 971/601/350 972/402/163 973/602/351
f 975/603/352 974/399/161 976/396/159
f 973/602/351 974/399/161 975/603/352
f 977/604/353 976/396/159 978/393/157
f 975/603/352 976/396/159 977/604/353
f 979/605/354 978/393/157 980/390/155
f 977/604/353 978/393/157 979/605/354
f 981/606/355 980/390/155 982/387/153
f 979/605/354 980/390/155 981/606/355
f 983/607/356 982/387/153 984/384/151
f 981/606/355 982/387/153 983/607/356
f 985/608/357 984/384/151 986/381/149
f 983/607/356 984/384/151 985/608/357
f 987/609/358 986/381/149 988/378/147
f 985/608/357 986/381/149 987/609/358
f 989/610/359 988/378/147 990/375/145
f 987/609/358 988/378/147 989/610/359
f 991/611/360 990/375/145 992/372/143
f 989/610/359 990/375/145 991/611/360
f 993/612/361 992/372/143 994/368/140
f 991/611/360 992/372/143 993/612/361
f 995/613/362 994/368/140 996/361/135
f 993/612/361 994/368/140 995/613/362
f 997/614/363 996/361/135 998/365/136
f 995/613/362 996/361/135 997/614/363
f 608/366/138 999/615/138 609/365/136
f 1000/616/364 1001/365/136 1002/615/138
f 997/614/363 998/365/136 1003/616/364
f 1004/617/365 1005/618/365 999/615/138
f 1006/619/366 1002/615/138 1007/618/365
f 608/366/138 1004/617/365 999/615/138
f 1006/619/366 1000/616/364 1002/615/138
f 1008/620/367 1009/621/367 1005/618/365
f 1010/622/368 1007/618/365 1011/621/367
f 1004/617/365 1008/620/367 1005/618/365
f 1006/619/366 1007/618/365 1010/622/368
f 1012/623/369 1013/624/369 1009/621/367
f 1014/625/370 1011/621/367 1015/624/369
f 1008/620/367 1012/623/369 1009/621/367
f 1010/622/368 1011/621/367 1014/625/370
f 1016/626/371 1017/627/371 1013/624/369
f 1018/628/372 1015/624/369 1019/627/371
f 1012/623/369 1016/626/371 1013/624/369
f 1014/625/370 1015/624/369 1018/628/372
f 1020/629/373 1021/630/373 1017/627/371
f 1022/631/374 1019/627/371 1023/630/373
f 1016/626/371 1020/629/373 1017/627/371
f 1018/628/372 1019/627/371 1022/631/374
f 1024/632/375 1025/633/375 1021/630/373
f 1026/634/376 1023/630/373 1027/633/375
f 1020/629/373 1024/632/375 1021/630/373
f 1022/631/374 1023/630/373 1026/634/376
f 1028/635/377 1029/636/378 1025/633/375
f 1030/637/379 1027/633/375 1031/636/377
f 1024/632/375 1028/635/377 1025/633/375
f 1026/634/376 1027/633/375 1030/637/379
f 1032/638/380 1033/639/381 1029/636/378
f 1034/640/382 1031/636/377 1035/639/381
f 1036/641/383 1032/638/380 1029/636/378
f 1037/642/384 1036/641/383 1029/636/378
f 1038/643/385 1037/642/384 1029/636/378
f 1039/644/381 1038/643/385 1029/636/378
f 1028/635/377 1039/644/381 1029/636/378
f 1030/637/379 1031/636/377 1034/640/382
f 1040/645/386 1041/646/387 1033/639/381
f 1042/647/388 1035/639/381 1043/646/387
f 1044/648/389 1040/645/386 1033/639/381
f 1032/638/380 1044/648/389 1033/639/381
f 1034/640/382 1035/639/381 1042/647/388
f 1045/649/390 1046/650/391 1041/646/387
f 1047/651/392 1043/646/387 1048/650/391
f 1049/652/393 1045/649/390 1041/646/387
f 1040/645/386 1049/652/393 1041/646/387
f 1042/647/388 1043/646/387 1047/651/392
f 1050/653/394 1051/654/395 1046/650/391
f 1052/655/396 1048/650/391 1053/654/395
f 1045/649/390 1050/653/394 1046/650/391
f 1047/651/392 1048/650/391 1052/655/396
f 1054/656/397 1055/657/398 1051/654/395
f 1056/658/399 1053/654/395 1057/657/398
f 1050/653/394 1054/656/397 1051/654/395
f 1052/655/396 1053/654/395 1056/658/399
f 1058/659/400 1059/660/401 1055/657/398
f 1060/661/402 1057/657/398 1061/660/401
f 1062/662/403 1058/659/400 1055/657/398
f 1054/656/397 1062/662/403 1055/657/398
f 1056/658/399 1057/657/398 1060/661/402
f 1063/663/404 897/565/250 1059/660/401
f 1064/664/405 1061/660/401 899/565/250
f 1058/659/400 1063/663/404 1059/660/401
f 1060/661/402 1061/660/401 1064/664/405
f 1063/663/404 895/564/251 897/565/250
f 1064/664/405 899/565/250 898/566/313
f 1065/665/406 902/564/314 1066/663/407
f 1065/665/406 900/567/1 902/564/314
f 1067/666/408 1066/663/407 1068/659/409
f 1067/666/408 1065/665/406 1066/663/407
f 1069/667/410 1068/659/409 1070/662/411
f 1069/667/410 1067/666/408 1068/659/409
f 1071/668/412 1070/662/411 1072/656/413
f 1071/668/412 1069/667/410 1070/662/411
f 1073/669/414 1072/656/413 1074/653/415
f 1073/669/414 1071/668/412 1072/656/413
f 1075/670/416 1074/653/415 1076/649/417
f 1075/670/416 1073/669/414 1074/653/415
f 1077/671/418 1076/649/417 1078/652/419
f 1077/671/418 1075/670/416 1076/649/417
f 1079/672/420 1078/652/419 1080/645/421
f 1079/672/420 1077/671/418 1078/652/419
f 1081/673/422 1080/645/421 1082/648/423
f 1081/673/422 1079/672/420 1080/645/421
f 1083/674/424 1082/648/423 1084/638/425
f 1083/674/424 1081/673/422 1082/648/423
f 1083/674/424 1084/638/425 1085/641/426
f 1086/675/427 1085/641/426 1087/642/428
f 1086/675/427 1083/674/424 1085/641/426
f 1088/676/429 1087/642/428 1089/643/136
f 1088/676/429 1086/675/427 1087/642/428
f 1039/644/381 1090/677/430 1038/643/385
f 1091/678/431 1089/643/136 1092/677/432
f 1091/678/431 1088/676/429 1089/643/136
f 1039/644/381 1093/679/383 1090/677/430
f 1094/680/433 1092/677/432 1095/679/434
f 1094/680/433 1091/678/431 1092/677/432
f 1039/644/381 1096/681/380 1093/679/383
f 1094/680/433 1095/679/434 1097/681/435
f 1039/644/381 1098/682/389 1096/681/380
f 1099/683/436 1097/681/435 1100/682/437
f 1099/683/436 1094/680/433 1097/681/435
f 1101/684/387 1102/685/438 1098/682/389
f 1103/686/439 1100/682/437 1104/685/440
f 1039/644/381 1101/684/387 1098/682/389
f 1103/686/439 1099/683/436 1100/682/437
f 1101/684/387 1105/687/441 1102/685/438
f 1106/688/442 1104/685/440 1107/687/443
f 1106/688/442 1103/686/439 1104/685/440
f 1108/689/391 1109/690/390 1105/687/441
f 1110/691/444 1107/687/443 1111/690/445
f 1101/684/387 1108/689/391 1105/687/441
f 1110/691/444 1106/688/442 1107/687/443
f 1108/689/391 1112/692/446 1109/690/390
f 1113/693/447 1111/690/445 1114/692/448
f 1113/693/447 1110/691/444 1111/690/445
f 1115/694/395 1116/695/449 1112/692/446
f 1117/696/450 1114/692/448 1118/695/451
f 1108/689/391 1115/694/395 1112/692/446
f 1117/696/450 1113/693/447 1114/692/448
f 1119/697/398 1120/698/452 1116/695/449
f 1121/699/453 1118/695/451 1122/698/454
f 1115/694/395 1119/697/398 1116/695/449
f 1121/699/453 1117/696/450 1118/695/451
f 1123/700/401 1124/701/400 1120/698/452
f 1125/702/455 1122/698/454 1126/701/456
f 1119/697/398 1123/700/401 1120/698/452
f 1125/702/455 1121/699/453 1122/698/454
f 1123/700/401 1127/703/457 1124/701/400
f 1128/704/458 1126/701/456 1129/703/459
f 1128/704/458 1125/702/455 1126/701/456
f 812/515/250 814/516/251 1127/703/457
f 815/517/252 1129/703/459 816/516/253
f 1123/700/401 812/515/250 1127/703/457
f 815/517/252 1128/704/458 1129/703/459
f 1130/705/460 819/515/250 1131/700/401
f 818/518/254 819/515/250 1130/705/460
f 1132/706/461 1131/700/401 1133/697/398
f 1130/705/460 1131/700/401 1132/706/461
f 1134/707/462 1133/697/398 1135/694/395
f 1132/706/461 1133/697/398 1134/707/462
f 1136/708/463 1135/694/395 1137/689/391
f 1134/707/462 1135/694/395 1136/708/463
f 1138/709/464 1137/689/391 1139/684/387
f 1136/708/463 1137/689/391 1138/709/464
f 1140/710/465 1139/684/387 1141/644/381
f 1138/709/464 1139/684/387 1140/710/465
f 1142/711/466 1141/644/381 1143/635/377
f 1140/710/465 1141/644/381 1142/711/466
f 1144/712/467 1143/635/377 1145/632/375
f 1142/711/466 1143/635/377 1144/712/467
f 1146/713/468 1145/632/375 1147/629/373
f 1144/712/467 1145/632/375 1146/713/468
f 1148/714/469 1147/629/373 1149/626/371
f 1146/713/468 1147/629/373 1148/714/469
f 1150/715/470 1149/626/371 1151/623/369
f 1148/714/469 1149/626/371 1150/715/470
f 1152/716/471 1151/623/369 1153/620/367
f 1150/715/470 1151/623/369 1152/716/471
f 1154/717/472 1153/620/367 1155/617/365
f 1152/716/471 1153/620/367 1154/717/472
f 1156/718/473 1155/617/365 612/366/138
f 1154/717/472 1155/617/365 1156/718/473
f 1156/718/473 612/366/138 611/367/139
f 1157/719/474 1158/514/474 1159/519/474
f 1160/720/474 1161/517/474 1158/514/474
f 1160/720/474 1158/514/474 1157/719/474
f 1162/721/474 1159/519/474 1163/520/474
f 1164/722/474 1157/719/474 1159/519/474
f 1162/721/474 1164/722/474 1159/519/474
f 1165/723/474 1163/520/474 1166/521/474
f 1167/724/474 1162/721/474 1163/520/474
f 1165/723/474 1167/724/474 1163/520/474
f 1168/725/474 1166/521/474 1169/522/474
f 1170/726/474 1165/723/474 1166/521/474
f 1168/725/474 1170/726/474 1166/521/474
f 1171/727/474 1169/522/474 1172/523/474
f 1173/728/474 1168/725/474 1169/522/474
f 1171/727/474 1173/728/474 1169/522/474
f 1174/729/474 1172/523/474 1175/524/474
f 1176/730/474 1171/727/474 1172/523/474
f 1174/729/474 1176/730/474 1172/523/474
f 1177/731/474 1175/524/474 1178/525/474
f 1179/732/474 1174/729/474 1175/524/474
f 1177/731/474 1179/732/474 1175/524/474
f 1180/733/474 1178/525/474 1181/526/474
f 1180/733/474 1177/731/474 1178/525/474
f 1182/734/474 1181/526/474 1183/527/474
f 1184/735/474 1180/733/474 1181/526/474
f 1182/734/474 1184/735/474 1181/526/474
f 1185/736/474 1183/527/474 1186/528/474
f 1185/736/474 1182/734/474 1183/527/474
f 1187/737/474 1186/528/474 1188/529/474
f 1189/738/474 1185/736/474 1186/528/474
f 1187/737/474 1189/738/474 1186/528/474
f 1187/737/474 1188/529/474 1190/530/474
f 1191/739/474 1190/530/474 1192/532/475
f 1193/740/474 1187/737/474 1190/530/474
f 1191/739/474 1193/740/474 1190/530/474
f 1191/739/474 1192/532/475 1194/534/474
f 1195/741/474 1194/534/474 1196/537/474
f 1195/741/474 1191/739/474 1194/534/474
f 1197/742/474 1196/537/474 1198/540/474
f 1197/742/474 1195/741/474 1196/537/474
f 1199/743/474 1198/540/474 1200/542/474
f 1201/744/474 1197/742/474 1198/540/474
f 1199/743/474 1201/744/474 1198/540/474
f 1202/745/474 1200/542/474 1203/545/474
f 1202/745/474 1199/743/474 1200/542/474
f 1204/746/474 1203/545/474 1205/547/474
f 1206/747/474 1202/745/474 1203/545/474
f 1204/746/474 1206/747/474 1203/545/474
f 1207/748/474 1205/547/474 1208/550/474
f 1207/748/474 1204/746/474 1205/547/474
f 1209/749/474 1208/550/474 1210/553/474
f 1211/750/474 1207/748/474 1208/550/474
f 1209/749/474 1211/750/474 1208/550/474
f 1212/751/474 1210/553/474 1213/556/474
f 1214/752/474 1209/749/474 1210/553/474
f 1212/751/474 1214/752/474 1210/553/474
f 1215/753/474 1213/556/474 1216/558/474
f 1217/754/474 1212/751/474 1213/556/474
f 1215/753/474 1217/754/474 1213/556/474
f 1218/755/474 1216/558/474 1219/561/474
f 1220/756/474 1215/753/474 1216/558/474
f 1218/755/474 1220/756/474 1216/558/474
f 1221/757/474 1219/561/474 1222/567/474
f 1223/758/474 1218/755/474 1219/561/474
f 1221/757/474 1223/758/474 1219/561/474
f 1224/759/474 1222/567/474 1225/665/474
f 1224/759/474 1221/757/474 1222/567/474
f 1226/760/474 1225/665/474 1227/666/474
f 1228/761/474 1224/759/474 1225/665/474
f 1226/760/474 1228/761/474 1225/665/474
f 1229/762/474 1227/666/474 1230/667/474
f 1231/763/474 1226/760/474 1227/666/474
f 1229/762/474 1231/763/474 1227/666/474
f 1232/764/474 1230/667/474 1233/668/474
f 1234/765/474 1229/762/474 1230/667/474
f 1232/764/474 1234/765/474 1230/667/474
f 1235/766/474 1233/668/474 1236/669/474
f 1237/767/474 1232/764/474 1233/668/474
f 1235/766/474 1237/767/474 1233/668/474
f 1238/768/474 1236/669/474 1239/670/474
f 1240/769/474 1235/766/474 1236/669/474
f 1238/768/474 1240/769/474 1236/669/474
f 1241/770/474 1239/670/474 1242/671/474
f 1243/771/474 1238/768/474 1239/670/474
f 1241/770/474 1243/771/474 1239/670/474
f 1244/772/474 1242/671/474 1245/672/474
f 1244/772/474 1241/770/474 1242/671/474
f 1246/773/474 1245/672/474 1247/673/474
f 1248/774/474 1244/772/474 1245/672/474
f 1246/773/474 1248/774/474 1245/672/474
f 1249/775/474 1247/673/474 1250/674/474
f 1249/775/474 1246/773/474 1247/673/474
f 1251/776/474 1250/674/474 1252/675/474
f 1253/777/474 1249/775/474 1250/674/474
f 1251/776/474 1253/777/474 1250/674/474
f 1251/776/474 1252/675/474 1254/676/474
f 1255/778/474 1254/676/474 1256/678/476
f 1257/779/474 1251/776/474 1254/676/474
f 1255/778/474 1257/779/474 1254/676/474
f 1255/778/474 1256/678/476 1258/680/474
f 1259/780/474 1258/680/474 1260/683/474
f 1259/780/474 1255/778/474 1258/680/474
f 1261/781/474 1260/683/474 1262/686/474
f 1261/781/474 1259/780/474 1260/683/474
f 1263/782/474 1262/686/474 1264/688/474
f 1265/783/474 1261/781/474 1262/686/474
f 1263/782/474 1265/783/474 1262/686/474
f 1266/784/474 1264/688/474 1267/691/474
f 1266/784/474 1263/782/474 1264/688/474
f 1268/785/474 1267/691/474 1269/693/474
f 1270/786/474 1266/784/474 1267/691/474
f 1268/785/474 1270/786/474 1267/691/474
f 1271/787/474 1269/693/474 1272/696/474
f 1271/787/474 1268/785/474 1269/693/474
f 1273/788/474 1272/696/474 1274/699/474
f 1275/789/474 1271/787/474 1272/696/474
f 1273/788/474 1275/789/474 1272/696/474
f 1276/790/474 1274/699/474 1277/702/474
f 1278/791/474 1273/788/474 1274/699/474
f 1276/790/474 1278/791/474 1274/699/474
f 1279/792/474 1277/702/474 1280/704/474
f 1281/793/474 1276/790/474 1277/702/474
f 1279/792/474 1281/793/474 1277/702/474
f 1282/794/474 1280/704/474 1161/517/474
f 1283/795/474 1279/792/474 1280/704/474
f 1282/794/474 1283/795/474 1280/704/474
f 1284/796/474 1282/794/474 1161/517/474
f 1160/720/474 1284/796/474 1161/517/474
f 1285/797/68 1286/719/68 1287/722/477
f 1288/798/478 1289/720/479 1290/719/68
f 1288/798/478 1290/719/68 1291/797/68
f 1292/799/480 1287/722/477 1293/721/481
f 1292/799/480 1285/797/68 1287/722/477
f 1294/800/481 1293/721/481 1295/724/482
f 1292/799/480 1293/721/481 1294/800/481
f 1296/801/482 1295/724/482 1297/723/483
f 1294/800/481 1295/724/482 1296/801/482
f 1298/802/483 1297/723/483 1299/726/484
f 1296/801/482 1297/723/483 1298/802/483
f 1300/803/484 1299/726/484 1301/725/485
f 1298/802/483 1299/726/484 1300/803/484
f 1302/804/485 1301/725/485 1303/728/486
f 1300/803/484 1301/725/485 1302/804/485
f 1304/805/486 1303/728/486 1305/727/487
f 1302/804/485 1303/728/486 1304/805/486
f 1306/806/487 1305/727/487 1307/730/488
f 1304/805/486 1305/727/487 1306/806/487
f 1308/807/488 1307/730/488 1309/729/489
f 1306/806/487 1307/730/488 1308/807/488
f 1310/808/489 1309/729/489 1311/732/490
f 1308/807/488 1309/729/489 1310/808/489
f 1312/809/490 1311/732/490 1313/731/491
f 1310/808/489 1311/732/490 1312/809/490
f 1314/810/491 1313/731/491 1315/733/492
f 1312/809/490 1313/731/491 1314/810/491
f 1316/811/492 1315/733/492 1317/735/493
f 1314/810/491 1315/733/492 1316/811/492
f 1318/812/493 1317/735/493 1319/734/494
f 1316/811/492 1317/735/493 1318/812/493
f 1320/813/494 1319/734/494 1321/736/495
f 1318/812/493 1319/734/494 1320/813/494
f 1322/814/495 1321/736/495 1323/738/496
f 1320/813/494 1321/736/495 1322/814/495
f 1324/815/496 1323/738/496 1325/737/497
f 1322/814/495 1323/738/496 1324/815/496
f 1326/816/497 1325/737/497 1327/740/498
f 1324/815/496 1325/737/497 1326/816/497
f 1328/817/474 1329/818/474 1193/740/474
f 1330/819/498 1327/740/498 1331/818/499
f 1191/739/474 1328/817/474 1193/740/474
f 1326/816/497 1327/740/498 1330/819/498
f 1332/820/474 1333/821/474 1329/818/474
f 1334/822/499 1331/818/499 1335/821/500
f 1328/817/474 1332/820/474 1329/818/474
f 1330/819/498 1331/818/499 1334/822/499
f 1336/823/474 1337/824/474 1333/821/474
f 1338/825/500 1335/821/500 1339/824/501
f 1332/820/474 1336/823/474 1333/821/474
f 1334/822/499 1335/821/500 1338/825/500
f 1340/826/474 1341/827/474 1337/824/474
f 1342/828/501 1339/824/501 1343/827/502
f 1336/823/474 1340/826/474 1337/824/474
f 1338/825/500 1339/824/501 1342/828/501
f 1344/829/474 1345/830/474 1341/827/474
f 1346/831/502 1343/827/502 1347/830/503
f 1340/826/474 1344/829/474 1341/827/474
f 1342/828/501 1343/827/502 1346/831/502
f 1348/832/474 1349/833/474 1345/830/474
f 1350/834/503 1347/830/503 1351/833/504
f 1344/829/474 1348/832/474 1345/830/474
f 1346/831/502 1347/830/503 1350/834/503
f 1348/832/474 1352/835/474 1349/833/474
f 1353/836/504 1351/833/504 1354/835/199
f 1350/834/503 1351/833/504 1353/836/504
f 1355/837/199 1354/835/199 1356/832/505
f 1353/836/504 1354/835/199 1355/837/199
f 1357/838/505 1356/832/505 1358/829/506
f 1355/837/199 1356/832/505 1357/838/505
f 1359/839/506 1358/829/506 1360/826/507
f 1357/838/505 1358/829/506 1359/839/506
f 1361/840/507 1360/826/507 1362/823/508
f 1359/839/506 1360/826/507 1361/840/507
f 1363/841/508 1362/823/508 1364/820/509
f 1361/840/507 1362/823/508 1363/841/508
f 1365/842/509 1364/820/509 1366/817/510
f 1363/841/508 1364/820/509 1365/842/509
f 1367/843/510 1366/817/510 1368/739/511
f 1365/842/509 1366/817/510 1367/843/510
f 1369/844/511 1368/739/511 1370/741/512
f 1367/843/510 1368/739/511 1369/844/511
f 1371/845/512 1370/741/512 1372/742/513
f 1369/844/511 1370/741/512 1371/845/512
f 1373/846/513 1372/742/513 1374/744/514
f 1371/845/512 1372/742/513 1373/846/513
f 1375/847/514 1374/744/514 1376/743/515
f 1373/846/513 1374/744/514 1375/847/514
f 1377/848/515 1376/743/515 1378/745/516
f 1375/847/514 1376/743/515 1377/848/515
f 1379/849/516 1378/745/516 1380/747/517
f 1377/848/515 1378/745/516 1379/849/516
f 1381/850/517 1380/747/517 1382/746/518
f 1379/849/516 1380/747/517 1381/850/517
f 1383/851/518 1382/746/518 1384/748/519
f 1381/850/517 1382/746/518 1383/851/518
f 1385/852/519 1384/748/519 1386/750/520
f 1383/851/518 1384/748/519 1385/852/519
f 1387/853/520 1386/750/520 1388/749/521
f 1385/852/519 1386/750/520 1387/853/520
f 1389/854/521 1388/749/521 1390/752/522
f 1387/853/520 1388/749/521 1389/854/521
f 1391/855/522 1390/752/522 1392/751/523
f 1389/854/521 1390/752/522 1391/855/522
f 1393/856/523 1392/751/523 1394/754/524
f 1391/855/522 1392/751/523 1393/856/523
f 1395/857/524 1394/754/524 1396/753/525
f 1393/856/523 1394/754/524 1395/857/524
f 1397/858/525 1396/753/525 1398/756/526
f 1395/857/524 1396/753/525 1397/858/525
f 1399/859/526 1398/756/526 1400/755/527
f 1397/858/525 1398/756/526 1399/859/526
f 1401/860/527 1400/755/527 1402/758/528
f 1399/859/526 1400/755/527 1401/860/527
f 1403/861/528 1402/758/528 1404/757/529
f 1401/860/527 1402/758/528 1403/861/528
f 1405/862/530 1404/757/529 1406/759/1
f 1403/861/528 1404/757/529 1405/862/530
f 1407/863/1 1408/759/1 1409/761/531
f 1405/862/530 1406/759/1 1410/863/1
f 1411/864/532 1409/761/531 1412/760/533
f 1407/863/1 1409/761/531 1411/864/532
f 1413/865/533 1412/760/533 1414/763/534
f 1411/864/532 1412/760/533 1413/865/533
f 1415/866/534 1414/763/534 1416/762/535
f 1413/865/533 1414/763/534 1415/866/534
f 1417/867/535 1416/762/535 1418/765/536
f 1415/866/534 1416/762/535 1417/867/535
f 1419/868/536 1418/765/536 1420/764/537
f 1417/867/535 1418/765/536 1419/868/536
f 1421/869/537 1420/764/537 1422/767/538
f 1419/868/536 1420/764/537 1421/869/537
f 1423/870/538 1422/767/538 1424/766/539
f 1421/869/537 1422/767/538 1423/870/538
f 1425/871/539 1424/766/539 1426/769/540
f 1423/870/538 1424/766/539 1425/871/539
f 1427/872/540 1426/769/540 1428/768/541
f 1425/871/539 1426/769/540 1427/872/540
f 1429/873/541 1428/768/541 1430/771/542
f 1427/872/540 1428/768/541 1429/873/541
f 1431/874/542 1430/771/542 1432/770/543
f 1429/873/541 1430/771/542 1431/874/542
f 1433/875/543 1432/770/543 1434/772/544
f 1431/874/542 1432/770/543 1433/875/543
f 1435/876/544 1434/772/544 1436/774/545
f 1433/875/543 1434/772/544 1435/876/544
f 1437/877/545 1436/774/545 1438/773/546
f 1435/876/544 1436/774/545 1437/877/545
f 1439/878/546 1438/773/546 1440/775/547
f 1437/877/545 1438/773/546 1439/878/546
f 1441/879/547 1440/775/547 1442/777/548
f 1439/878/546 1440/775/547 1441/879/547
f 1443/880/548 1442/777/548 1444/776/549
f 1441/879/547 1442/777/548 1443/880/548
f 1445/881/549 1444/776/549 1446/779/550
f 1443/880/548 1444/776/549 1445/881/549
f 1447/882/474 1448/883/474 1257/779/474
f 1449/884/550 1446/779/550 1450/883/551
f 1255/778/474 1447/882/474 1257/779/474
f 1445/881/549 1446/779/550 1449/884/550
f 1451/885/474 1452/886/474 1448/883/474
f 1453/887/551 1450/883/551 1454/886/552
f 1447/882/474 1451/885/474 1448/883/474
f 1449/884/550 1450/883/551 1453/887/551
f 1455/888/474 1456/889/474 1452/886/474
f 1457/890/552 1454/886/552 1458/889/553
f 1451/885/474 1455/888/474 1452/886/474
f 1453/887/551 1454/886/552 1457/890/552
f 1459/891/474 1460/892/474 1456/889/474
f 1461/893/553 1458/889/553 1462/892/554
f 1455/888/474 1459/891/474 1456/889/474
f 1457/890/552 1458/889/553 1461/893/553
f 1463/894/474 1464/895/474 1460/892/474
f 1465/896/554 1462/892/554 1466/895/555
f 1459/891/474 1463/894/474 1460/892/474
f 1461/893/553 1462/892/554 1465/896/554
f 1467/897/474 1468/898/474 1464/895/474
f 1469/899/555 1466/895/555 1470/898/556
f 1463/894/474 1467/897/474 1464/895/474
f 1465/896/554 1466/895/555 1469/899/555
f 1467/897/474 1471/900/474 1468/898/474
f 1472/901/556 1470/898/556 1473/900/136
f 1469/899/555 1470/898/556 1472/901/556
f 1474/902/136 1473/900/136 1475/897/557
f 1472/901/556 1473/900/136 1474/902/136
f 1476/903/557 1475/897/557 1477/894/558
f 1474/902/136 1475/897/557 1476/903/557
f 1478/904/558 1477/894/558 1479/891/559
f 1476/903/557 1477/894/558 1478/904/558
f 1480/905/559 1479/891/559 1481/888/560
f 1478/904/558 1479/891/559 1480/905/559
f 1482/906/560 1481/888/560 1483/885/561
f 1480/905/559 1481/888/560 1482/906/560
f 1484/907/561 1483/885/561 1485/882/562
f 1482/906/560 1483/885/561 1484/907/561
f 1486/908/562 1485/882/562 1487/778/563
f 1484/907/561 1485/882/562 1486/908/562
f 1488/909/563 1487/778/563 1489/780/564
f 1486/908/562 1487/778/563 1488/909/563
f 1490/910/564 1489/780/564 1491/781/565
f 1488/909/563 1489/780/564 1490/910/564
f 1492/911/565 1491/781/565 1493/783/566
f 1490/910/564 1491/781/565 1492/911/565
f 1494/912/566 1493/783/566 1495/782/567
f 1492/911/565 1493/783/566 1494/912/566
f 1496/913/567 1495/782/567 1497/784/568
f 1494/912/566 1495/782/567 1496/913/567
f 1498/914/568 1497/784/568 1499/786/569
f 1496/913/567 1497/784/568 1498/914/568
f 1500/915/569 1499/786/569 1501/785/570
f 1498/914/568 1499/786/569 1500/915/569
f 1502/916/570 1501/785/570 1503/787/571
f 1500/915/569 1501/785/570 1502/916/570
f 1504/917/571 1503/787/571 1505/789/572
f 1502/916/570 1503/787/571 1504/917/571
f 1506/918/572 1505/789/572 1507/788/573
f 1504/917/571 1505/789/572 1506/918/572
f 1508/919/573 1507/788/573 1509/791/574
f 1506/918/572 1507/788/573 1508/919/573
f 1510/920/574 1509/791/574 1511/790/575
f 1508/919/573 1509/791/574 1510/920/574
f 1512/921/575 1511/790/575 1513/793/576
f 1510/920/574 1511/790/575 1512/921/575
f 1514/922/576 1513/793/576 1515/792/577
f 1512/921/575 1513/793/576 1514/922/576
f 1516/923/577 1515/792/577 1517/795/578
f 1514/922/576 1515/792/577 1516/923/577
f 1518/924/578 1517/795/578 1519/794/579
f 1516/923/577 1517/795/578 1518/924/578
f 1520/925/579 1519/794/579 1521/796/580
f 1518/924/578 1519/794/579 1520/925/579
f 1522/926/580 1521/796/580 1289/720/479
f 1520/925/579 1521/796/580 1522/926/580
f 1522/926/580 1289/720/479 1288/798/478
f 1523/927/247 1524/798/247 1525/797/247
f 1526/928/247 1525/797/247 1527/799/247
f 1526/928/247 1523/927/247 1525/797/247
f 1523/927/247 1528/926/247 1524/798/247
f 1529/929/247 1530/925/247 1528/926/247
f 1523/927/247 1529/929/247 1528/926/247
f 1531/930/247 1532/924/247 1530/925/247
f 1529/929/247 1531/930/247 1530/925/247
f 1531/930/247 1533/923/247 1532/924/247
f 1534/931/247 1535/922/247 1533/923/247
f 1531/930/247 1534/931/247 1533/923/247
f 1534/931/247 1536/921/247 1535/922/247
f 1537/932/247 1538/920/247 1536/921/247
f 1534/931/247 1537/932/247 1536/921/247
f 1539/933/247 1540/919/247 1538/920/247
f 1537/932/247 1539/933/247 1538/920/247
f 1541/934/247 1542/918/247 1540/919/247
f 1543/935/247 1541/934/247 1540/919/247
f 1539/933/247 1543/935/247 1540/919/247
f 1544/936/247 1545/917/247 1542/918/247
f 1546/937/247 1544/936/247 1542/918/247
f 1541/934/247 1546/937/247 1542/918/247
f 1547/938/247 1548/916/247 1545/917/247
f 1549/939/247 1547/938/247 1545/917/247
f 1544/936/247 1549/939/247 1545/917/247
f 1550/940/581 1551/915/247 1548/916/247
f 1552/941/582 1550/940/581 1548/916/247
f 1553/942/247 1552/941/582 1548/916/247
f 1547/938/247 1553/942/247 1548/916/247
f 1554/877/247 1555/914/247 1551/915/247
f 1556/943/583 1554/877/247 1551/915/247
f 1557/944/247 1556/943/583 1551/915/247
f 1558/945/247 1557/944/247 1551/915/247
f 1550/940/581 1558/945/247 1551/915/247
f 1559/878/247 1560/913/247 1555/914/247
f 1554/877/247 1559/878/247 1555/914/247
f 1561/879/247 1562/912/247 1560/913/247
f 1559/878/247 1561/879/247 1560/913/247
f 1563/880/247 1564/911/247 1562/912/247
f 1561/879/247 1563/880/247 1562/912/247
f 1565/881/247 1566/910/247 1564/911/247
f 1563/880/247 1565/881/247 1564/911/247
f 1567/884/247 1568/909/247 1566/910/247
f 1565/881/247 1567/884/247 1566/910/247
f 1569/887/247 1570/908/247 1568/909/247
f 1567/884/247 1569/887/247 1568/909/247
f 1571/890/247 1572/907/247 1570/908/247
f 1569/887/247 1571/890/247 1570/908/247
f 1573/893/247 1574/906/247 1572/907/247
f 1571/890/247 1573/893/247 1572/907/247
f 1575/896/247 1576/905/247 1574/906/247
f 1573/893/247 1575/896/247 1574/906/247
f 1577/899/247 1578/904/247 1576/905/247
f 1575/896/247 1577/899/247 1576/905/247
f 1579/901/247 1580/903/247 1578/904/247
f 1577/899/247 1579/901/247 1578/904/247
f 1579/901/247 1581/902/247 1580/903/247
f 1582/946/247 1583/876/247 1554/877/247
f 1584/947/247 1582/946/247 1554/877/247
f 1556/943/583 1584/947/247 1554/877/247
f 1585/948/247 1586/875/247 1583/876/247
f 1587/949/247 1585/948/247 1583/876/247
f 1588/950/581 1587/949/247 1583/876/247
f 1589/951/247 1588/950/581 1583/876/247
f 1582/946/247 1589/951/247 1583/876/247
f 1590/952/247 1591/874/247 1586/875/247
f 1592/953/247 1590/952/247 1586/875/247
f 1585/948/247 1592/953/247 1586/875/247
f 1593/954/247 1594/873/247 1591/874/247
f 1595/955/247 1593/954/247 1591/874/247
f 1590/952/247 1595/955/247 1591/874/247
f 1596/956/247 1597/872/247 1594/873/247
f 1598/957/247 1596/956/247 1594/873/247
f 1599/958/247 1598/957/247 1594/873/247
f 1593/954/247 1599/958/247 1594/873/247
f 1600/959/247 1601/871/247 1597/872/247
f 1596/956/247 1600/959/247 1597/872/247
f 1600/959/247 1602/870/247 1601/871/247
f 1603/960/247 1604/869/247 1602/870/247
f 1600/959/247 1603/960/247 1602/870/247
f 1605/961/247 1606/868/247 1604/869/247
f 1603/960/247 1605/961/247 1604/869/247
f 1605/961/247 1607/867/247 1606/868/247
f 1608/962/247 1609/866/247 1607/867/247
f 1605/961/247 1608/962/247 1607/867/247
f 1608/962/247 1610/865/247 1609/866/247
f 1611/963/247 1612/864/247 1610/865/247
f 1608/962/247 1611/963/247 1610/865/247
f 1613/964/247 1614/863/247 1612/864/247
f 1611/963/247 1613/964/247 1612/864/247
f 1613/964/247 1615/862/247 1614/863/247
f 1616/965/247 1617/861/247 1615/862/247
f 1613/964/247 1616/965/247 1615/862/247
f 1618/966/247 1619/860/247 1617/861/247
f 1620/967/247 1618/966/247 1617/861/247
f 1621/968/247 1620/967/247 1617/861/247
f 1616/965/247 1621/968/247 1617/861/247
f 1622/969/247 1623/859/247 1619/860/247
f 1624/970/247 1622/969/247 1619/860/247
f 1625/971/247 1624/970/247 1619/860/247
f 1618/966/247 1625/971/247 1619/860/247
f 1626/972/247 1627/858/247 1623/859/247
f 1628/973/247 1626/972/247 1623/859/247
f 1622/969/247 1628/973/247 1623/859/247
f 1629/974/247 1630/857/247 1627/858/247
f 1631/975/247 1629/974/247 1627/858/247
f 1632/976/247 1631/975/247 1627/858/247
f 1633/977/247 1632/976/247 1627/858/247
f 1626/972/247 1633/977/247 1627/858/247
f 1634/978/247 1635/856/247 1630/857/247
f 1629/974/247 1634/978/247 1630/857/247
f 1634/978/247 1636/855/247 1635/856/247
f 1637/979/247 1638/854/247 1636/855/247
f 1634/978/247 1637/979/247 1636/855/247
f 1639/980/247 1640/853/247 1638/854/247
f 1637/979/247 1639/980/247 1638/854/247
f 1641/981/247 1642/852/247 1640/853/247
f 1639/980/247 1641/981/247 1640/853/247
f 1643/982/247 1644/851/247 1642/852/247
f 1641/981/247 1643/982/247 1642/852/247
f 1645/983/247 1646/850/247 1644/851/247
f 1643/982/247 1645/983/247 1644/851/247
f 1647/984/247 1648/849/247 1646/850/247
f 1649/985/247 1647/984/247 1646/850/247
f 1645/983/247 1649/985/247 1646/850/247
f 1650/986/247 1651/848/247 1648/849/247
f 1647/984/247 1650/986/247 1648/849/247
f 1652/987/247 1653/847/247 1651/848/247
f 1654/988/247 1652/987/247 1651/848/247
f 1650/986/247 1654/988/247 1651/848/247
f 1655/815/247 1656/846/247 1653/847/247
f 1657/989/584 1655/815/247 1653/847/247
f 1658/990/247 1657/989/584 1653/847/247
f 1659/991/247 1658/990/247 1653/847/247
f 1652/987/247 1659/991/247 1653/847/247
f 1660/816/247 1661/845/247 1656/846/247
f 1655/815/247 1660/816/247 1656/846/247
f 1662/819/247 1663/844/247 1661/845/247
f 1660/816/247 1662/819/247 1661/845/247
f 1664/822/247 1665/843/247 1663/844/247
f 1662/819/247 1664/822/247 1663/844/247
f 1666/825/247 1667/842/247 1665/843/247
f 1664/822/247 1666/825/247 1665/843/247
f 1668/828/247 1669/841/247 1667/842/247
f 1666/825/247 1668/828/247 1667/842/247
f 1670/831/247 1671/840/247 1669/841/247
f 1668/828/247 1670/831/247 1669/841/247
f 1672/834/247 1673/839/247 1671/840/247
f 1670/831/247 1672/834/247 1671/840/247
f 1674/836/247 1675/838/247 1673/839/247
f 1672/834/247 1674/836/247 1673/839/247
f 1674/836/247 1676/837/247 1675/838/247
f 1677/992/247 1678/814/247 1655/815/247
f 1679/993/247 1677/992/247 1655/815/247
f 1657/989/584 1679/993/247 1655/815/247
f 1680/994/247 1681/813/247 1678/814/247
f 1682/995/247 1680/994/247 1678/814/247
f 1677/992/247 1682/995/247 1678/814/247
f 1683/996/247 1684/812/247 1681/813/247
f 1680/994/247 1683/996/247 1681/813/247
f 1685/997/247 1686/811/247 1684/812/247
f 1687/998/247 1685/997/247 1684/812/247
f 1683/996/247 1687/998/247 1684/812/247
f 1688/999/247 1689/810/247 1686/811/247
f 1688/999/247 1686/811/247 1685/997/247
f 1690/1000/247 1691/809/247 1689/810/247
f 1688/999/247 1690/1000/247 1689/810/247
f 1692/1001/247 1693/808/247 1691/809/247
f 1690/1000/247 1692/1001/247 1691/809/247
f 1694/1002/247 1695/807/247 1693/808/247
f 1692/1001/247 1694/1002/247 1693/808/247
f 1696/1003/247 1697/806/247 1695/807/247
f 1694/1002/247 1696/1003/247 1695/807/247
f 1698/1004/247 1699/805/247 1697/806/247
f 1696/1003/247 1698/1004/247 1697/806/247
f 1700/1005/247 1701/804/247 1699/805/247
f 1702/1006/247 1700/1005/247 1699/805/247
f 1698/1004/247 1702/1006/247 1699/805/247
f 1703/1007/247 1704/803/247 1701/804/247
f 1705/1008/247 1703/1007/247 1701/804/247
f 1706/1009/247 1705/1008/247 1701/804/247
f 1707/1010/247 1706/1009/247 1701/804/247
f 1700/1005/247 1707/1010/247 1701/804/247
f 1708/1011/247 1709/802/247 1704/803/247
f 1710/1012/247 1708/1011/247 1704/803/247
f 1703/1007/247 1710/1012/247 1704/803/247
f 1711/1013/247 1712/801/247 1709/802/247
f 1713/1014/247 1711/1013/247 1709/802/247
f 1714/1015/247 1713/1014/247 1709/802/247
f 1708/1011/247 1714/1015/247 1709/802/247
f 1715/1016/247 1716/800/247 1712/801/247
f 1717/1017/247 1715/1016/247 1712/801/247
f 1718/1018/247 1717/1017/247 1712/801/247
f 1711/1013/247 1718/1018/247 1712/801/247
f 1719/1019/247 1527/799/247 1716/800/247
f 1715/1016/247 1719/1019/247 1716/800/247
f 1719/1019/247 1526/928/247 1527/799/247
f 1720/1020/585 1721/997/585 1722/998/586
f 1723/1021/587 1724/999/588 1725/997/589
f 1723/1021/587 1725/997/589 1726/1020/589
f 1727/1022/590 1722/998/586 1728/996/591
f 1727/1022/590 1720/1020/585 1722/998/586
f 1729/1023/592 1728/996/591 1730/994/593
f 1727/1022/590 1728/996/591 1729/1023/592
f 1731/1024/594 1730/994/593 1732/995/595
f 1729/1023/592 1730/994/593 1731/1024/594
f 1733/1025/596 1732/995/595 1734/992/597
f 1731/1024/594 1732/995/595 1733/1025/596
f 1735/1026/598 1734/992/597 1736/993/599
f 1733/1025/596 1734/992/597 1735/1026/598
f 1737/1027/600 1736/993/599 1738/989/601
f 1735/1026/598 1736/993/599 1737/1027/600
f 1739/1028/601 1738/989/601 1740/990/602
f 1737/1027/600 1738/989/601 1739/1028/601
f 1741/1029/603 1740/990/602 1742/991/604
f 1739/1028/601 1740/990/602 1741/1029/603
f 1743/1030/604 1742/991/604 1744/987/605
f 1741/1029/603 1742/991/604 1743/1030/604
f 1745/1031/606 1744/987/605 1746/988/607
f 1743/1030/604 1744/987/605 1745/1031/606
f 1747/1032/608 1746/988/607 1748/986/609
f 1745/1031/606 1746/988/607 1747/1032/608
f 1749/1033/610 1748/986/609 1750/984/611
f 1747/1032/608 1748/986/609 1749/1033/610
f 1751/1034/611 1750/984/611 1752/985/612
f 1749/1033/610 1750/984/611 1751/1034/611
f 1753/1035/613 1754/985/614 1755/983/615
f 1751/1034/611 1752/985/612 1756/1035/612
f 1757/1036/616 1755/983/615 1758/982/617
f 1753/1035/613 1755/983/615 1757/1036/616
f 1759/1037/618 1758/982/617 1760/981/619
f 1757/1036/616 1758/982/617 1759/1037/618
f 1761/1038/620 1760/981/619 1762/980/621
f 1759/1037/618 1760/981/619 1761/1038/620
f 1763/1039/622 1762/980/621 1764/979/623
f 1761/1038/620 1762/980/621 1763/1039/622
f 1765/1040/624 1764/979/623 1766/978/625
f 1763/1039/622 1764/979/623 1765/1040/624
f 1767/1041/247 1768/1042/247 1634/978/247
f 1769/1043/626 1766/978/625 1770/1042/627
f 1629/974/247 1767/1041/247 1634/978/247
f 1765/1040/624 1766/978/625 1769/1043/626
f 1771/1044/628 1772/1042/628 1773/1041/629
f 1769/1043/626 1770/1042/627 1774/1044/627
f 1775/1045/630 1773/1041/629 1776/974/631
f 1771/1044/628 1773/1041/629 1775/1045/630
f 1777/1046/632 1776/974/631 1778/975/633
f 1775/1045/630 1776/974/631 1777/1046/632
f 1779/1047/634 1778/975/633 1780/976/635
f 1777/1046/632 1778/975/633 1779/1047/634
f 1781/1048/636 1780/976/635 1782/977/637
f 1779/1047/634 1780/976/635 1781/1048/636
f 1783/1049/638 1782/977/637 1784/972/639
f 1781/1048/636 1782/977/637 1783/1049/638
f 1785/1050/640 1784/972/639 1786/973/641
f 1783/1049/638 1784/972/639 1785/1050/640
f 1787/1051/641 1786/973/641 1788/969/642
f 1785/1050/640 1786/973/641 1787/1051/641
f 1789/1052/643 1788/969/642 1790/970/644
f 1787/1051/641 1788/969/642 1789/1052/643
f 1791/1053/645 1790/970/644 1792/971/646
f 1789/1052/643 1790/970/644 1791/1053/645
f 1793/1054/647 1792/971/646 1794/966/648
f 1791/1053/645 1792/971/646 1793/1054/647
f 1795/1055/649 1794/966/648 1796/967/650
f 1793/1054/647 1794/966/648 1795/1055/649
f 1797/1056/650 1796/967/650 1798/968/651
f 1795/1055/649 1796/967/650 1797/1056/650
f 1799/1057/651 1798/968/651 1800/965/652
f 1797/1056/650 1798/968/651 1799/1057/651
f 1801/1058/653 1802/965/653 1803/964/654
f 1799/1057/651 1800/965/652 1804/1058/652
f 1805/1059/655 1803/964/654 1806/963/656
f 1801/1058/653 1803/964/654 1805/1059/655
f 1807/1060/657 1806/963/656 1808/962/658
f 1805/1059/655 1806/963/656 1807/1060/657
f 1809/1061/659 1808/962/658 1810/961/660
f 1807/1060/657 1808/962/658 1809/1061/659
f 1811/1062/661 1810/961/660 1812/960/662
f 1809/1061/659 1810/961/660 1811/1062/661
f 1813/1063/663 1812/960/662 1814/959/664
f 1811/1062/661 1812/960/662 1813/1063/663
f 1815/1064/665 1814/959/664 1816/956/666
f 1813/1063/663 1814/959/664 1815/1064/665
f 1817/1065/667 1818/956/668 1819/957/669
f 1815/1064/665 1816/956/666 1820/1065/666
f 1821/1066/669 1819/957/669 1822/958/670
f 1817/1065/667 1819/957/669 1821/1066/669
f 1823/1067/671 1822/958/670 1824/954/672
f 1821/1066/669 1822/958/670 1823/1067/671
f 1825/1068/673 1824/954/672 1826/955/674
f 1823/1067/671 1824/954/672 1825/1068/673
f 1827/1069/674 1826/955/674 1828/952/675
f 1825/1068/673 1826/955/674 1827/1069/674
f 1829/1070/676 1828/952/675 1830/953/677
f 1827/1069/674 1828/952/675 1829/1070/676
f 1831/1071/677 1830/953/677 1832/948/678
f 1829/1070/676 1830/953/677 1831/1071/677
f 1833/1072/678 1832/948/678 1834/949/679
f 1831/1071/677 1832/948/678 1833/1072/678
f 1835/1073/679 1834/949/679 1836/950/680
f 1833/1072/678 1834/949/679 1835/1073/679
f 1837/1074/681 1836/950/680 1838/951/682
f 1835/1073/679 1836/950/680 1837/1074/681
f 1839/1075/247 1840/1076/247 1589/951/247
f 1841/1077/683 1838/951/682 1842/1076/684
f 1582/946/247 1839/1075/247 1589/951/247
f 1837/1074/681 1838/951/682 1841/1077/683
f 1839/1075/247 1843/1078/247 1840/1076/247
f 1844/1079/685 1842/1076/684 1845/1078/686
f 1841/1077/683 1842/1076/684 1844/1079/685
f 1839/1075/247 1846/1080/247 1843/1078/247
f 1847/1081/687 1845/1078/686 1848/1080/688
f 1844/1079/685 1845/1078/686 1847/1081/687
f 1839/1075/247 1849/1082/247 1846/1080/247
f 1850/1083/689 1848/1080/688 1851/1082/690
f 1847/1081/687 1848/1080/688 1850/1083/689
f 1852/1084/691 1853/1082/691 1854/1075/692
f 1850/1083/689 1851/1082/690 1855/1084/693
f 1856/1085/694 1854/1075/692 1857/946/695
f 1852/1084/691 1854/1075/692 1856/1085/694
f 1858/1086/696 1857/946/695 1859/947/697
f 1856/1085/694 1857/946/695 1858/1086/696
f 1860/1087/698 1859/947/697 1861/943/699
f 1858/1086/696 1859/947/697 1860/1087/698
f 1862/1088/700 1861/943/699 1863/944/701
f 1860/1087/698 1861/943/699 1862/1088/700
f 1864/1089/247 1865/1090/247 1557/944/247
f 1866/1091/702 1863/944/701 1867/1090/703
f 1558/945/247 1864/1089/247 1557/944/247
f 1862/1088/700 1863/944/701 1866/1091/702
f 1868/1092/247 1869/1093/247 1865/1090/247
f 1870/1094/704 1867/1090/703 1871/1093/705
f 1872/1095/247 1868/1092/247 1865/1090/247
f 1864/1089/247 1872/1095/247 1865/1090/247
f 1866/1091/702 1867/1090/703 1870/1094/704
f 1873/1096/706 1874/1093/706 1875/1092/707
f 1870/1094/704 1871/1093/705 1876/1096/708
f 1877/1097/709 1875/1092/707 1878/1095/710
f 1873/1096/706 1875/1092/707 1877/1097/709
f 1879/1098/711 1878/1095/710 1880/1089/712
f 1877/1097/709 1878/1095/710 1879/1098/711
f 1881/1099/713 1880/1089/712 1882/945/714
f 1879/1098/711 1880/1089/712 1881/1099/713
f 1883/1100/715 1882/945/714 1884/940/716
f 1881/1099/713 1882/945/714 1883/1100/715
f 1885/1101/717 1884/940/716 1886/941/718
f 1883/1100/715 1884/940/716 1885/1101/717
f 1887/1102/719 1886/941/718 1888/942/720
f 1885/1101/717 1886/941/718 1887/1102/719
f 1889/1103/720 1888/942/720 1890/938/721
f 1887/1102/719 1888/942/720 1889/1103/720
f 1891/1104/722 1890/938/721 1892/939/723
f 1889/1103/720 1890/938/721 1891/1104/722
f 1893/1105/724 1892/939/723 1894/936/725
f 1891/1104/722 1892/939/723 1893/1105/724
f 1895/1106/726 1894/936/725 1896/937/727
f 1893/1105/724 1894/936/725 1895/1106/726
f 1897/1107/728 1896/937/727 1898/934/729
f 1895/1106/726 1896/937/727 1897/1107/728
f 1899/1108/730 1898/934/729 1900/935/731
f 1897/1107/728 1898/934/729 1899/1108/730
f 1901/1109/732 1900/935/731 1902/933/733
f 1899/1108/730 1900/935/731 1901/1109/732
f 1903/1110/734 1904/933/734 1905/932/735
f 1901/1109/732 1902/933/733 1906/1110/736
f 1907/1111/737 1905/932/735 1908/931/738
f 1903/1110/734 1905/932/735 1907/1111/737
f 1909/1112/739 1908/931/738 1910/930/740
f 1907/1111/737 1908/931/738 1909/1112/739
f 1911/1113/741 1910/930/740 1912/929/742
f 1909/1112/739 1910/930/740 1911/1113/741
f 1913/1114/743 1912/929/742 1914/927/744
f 1911/1113/741 1912/929/742 1913/1114/743
f 1915/1115/745 1914/927/744 1916/928/746
f 1913/1114/743 1914/927/744 1915/1115/745
f 1917/1116/747 1916/928/746 1918/1019/748
f 1915/1115/745 1916/928/746 1917/1116/747
f 1919/1117/749 1920/1019/749 1921/1016/750
f 1917/1116/747 1918/1019/748 1922/1117/748
f 1923/1118/751 1921/1016/750 1924/1017/752
f 1919/1117/749 1921/1016/750 1923/1118/751
f 1925/1119/753 1924/1017/752 1926/1018/754
f 1923/1118/751 1924/1017/752 1925/1119/753
f 1927/1120/755 1926/1018/754 1928/1013/756
f 1925/1119/753 1926/1018/754 1927/1120/755
f 1929/1121/757 1928/1013/756 1930/1014/758
f 1927/1120/755 1928/1013/756 1929/1121/757
f 1931/1122/759 1930/1014/758 1932/1015/760
f 1929/1121/757 1930/1014/758 1931/1122/759
f 1933/1123/761 1932/1015/760 1934/1011/762
f 1931/1122/759 1932/1015/760 1933/1123/761
f 1935/1124/762 1934/1011/762 1936/1012/763
f 1933/1123/761 1934/1011/762 1935/1124/762
f 1937/1125/764 1936/1012/763 1938/1007/765
f 1935/1124/762 1936/1012/763 1937/1125/764
f 1939/1126/766 1938/1007/765 1940/1008/767
f 1937/1125/764 1938/1007/765 1939/1126/766
f 1941/1127/768 1940/1008/767 1942/1009/769
f 1939/1126/766 1940/1008/767 1941/1127/768
f 1943/1128/770 1942/1009/769 1944/1010/771
f 1941/1127/768 1942/1009/769 1943/1128/770
f 1945/1129/771 1944/1010/771 1946/1005/772
f 1943/1128/770 1944/1010/771 1945/1129/771
f 1947/1130/773 1946/1005/772 1948/1006/774
f 1945/1129/771 1946/1005/772 1947/1130/773
f 1949/1131/775 1950/1006/775 1951/1004/776
f 1947/1130/773 1948/1006/774 1952/1131/774
f 1953/1132/777 1951/1004/776 1954/1003/778
f 1949/1131/775 1951/1004/776 1953/1132/777
f 1955/1133/779 1954/1003/778 1956/1002/780
f 1953/1132/777 1954/1003/778 1955/1133/779
f 1957/1134/781 1956/1002/780 1958/1001/782
f 1955/1133/779 1956/1002/780 1957/1134/781
f 1959/1135/783 1958/1001/782 1960/1000/784
f 1957/1134/781 1958/1001/782 1959/1135/783
f 1961/1136/785 1960/1000/784 1724/999/588
f 1959/1135/783 1960/1000/784 1961/1136/785
f 1961/1136/785 1724/999/588 1723/1021/587
f 1962/1091/247 1963/1021/247 1964/1020/786
f 1965/1022/247 1962/1091/247 1964/1020/786
f 1966/1094/247 1967/1136/247 1963/1021/247
f 1962/1091/247 1966/1094/247 1963/1021/247
f 1968/1098/247 1969/1135/247 1967/1136/247
f 1970/1097/247 1968/1098/247 1967/1136/247
f 1971/1096/247 1970/1097/247 1967/1136/247
f 1966/1094/247 1971/1096/247 1967/1136/247
f 1972/1101/247 1973/1134/247 1969/1135/247
f 1974/1100/247 1972/1101/247 1969/1135/247
f 1975/1099/247 1974/1100/247 1969/1135/247
f 1968/1098/247 1975/1099/247 1969/1135/247
f 1976/1110/247 1977/1133/247 1973/1134/247
f 1978/1104/247 1976/1110/247 1973/1134/247
f 1979/1103/247 1978/1104/247 1973/1134/247
f 1980/1102/247 1979/1103/247 1973/1134/247
f 1972/1101/247 1980/1102/247 1973/1134/247
f 1981/1111/247 1982/1132/247 1977/1133/247
f 1976/1110/247 1981/1111/247 1977/1133/247
f 1983/1112/247 1984/1131/247 1982/1132/247
f 1981/1111/247 1983/1112/247 1982/1132/247
f 1985/1113/247 1986/1130/247 1984/1131/247
f 1983/1112/247 1985/1113/247 1984/1131/247
f 1987/1114/247 1988/1129/247 1986/1130/247
f 1985/1113/247 1987/1114/247 1986/1130/247
f 1989/1117/247 1990/1128/247 1988/1129/247
f 1987/1114/247 1989/1117/247 1988/1129/247
f 1991/1118/247 1992/1127/247 1990/1128/247
f 1989/1117/247 1991/1118/247 1990/1128/247
f 1993/1119/247 1994/1126/247 1992/1127/247
f 1991/1118/247 1993/1119/247 1992/1127/247
f 1995/1120/247 1996/1125/247 1994/1126/247
f 1993/1119/247 1995/1120/247 1994/1126/247
f 1997/1121/247 1998/1124/247 1996/1125/247
f 1995/1120/247 1997/1121/247 1996/1125/247
f 1999/1122/247 2000/1123/247 1998/1124/247
f 1997/1121/247 1999/1122/247 1998/1124/247
f 2001/1115/247 2002/1116/247 1989/1117/247
f 1987/1114/247 2001/1115/247 1989/1117/247
f 2003/1105/247 2004/1109/247 1976/1110/247
f 1978/1104/247 2003/1105/247 1976/1110/247
f 2005/1106/247 2006/1108/247 2004/1109/247
f 2003/1105/247 2005/1106/247 2004/1109/247
f 2005/1106/247 2007/1107/247 2006/1108/247
f 2008/1025/247 2009/1088/247 1962/1091/247
f 2010/1024/247 2008/1025/247 1962/1091/247
f 2011/1023/247 2010/1024/247 1962/1091/247
f 1965/1022/247 2011/1023/247 1962/1091/247
f 2012/1030/247 2013/1087/247 2009/1088/247
f 2014/1029/247 2012/1030/247 2009/1088/247
f 2015/1028/247 2014/1029/247 2009/1088/247
f 2016/1027/247 2015/1028/247 2009/1088/247
f 2017/1026/247 2016/1027/247 2009/1088/247
f 2008/1025/247 2017/1026/247 2009/1088/247
f 2018/1035/787 2019/1086/247 2013/1087/247
f 2020/1034/247 2018/1035/787 2013/1087/247
f 2021/1033/247 2020/1034/247 2013/1087/247
f 2022/1032/247 2021/1033/247 2013/1087/247
f 2023/1031/247 2022/1032/247 2013/1087/247
f 2012/1030/247 2023/1031/247 2013/1087/247
f 2024/1036/247 2025/1085/247 2019/1086/247
f 2018/1035/787 2024/1036/247 2019/1086/247
f 2026/1037/247 2027/1084/247 2025/1085/247
f 2024/1036/247 2026/1037/247 2025/1085/247
f 2028/1038/247 2029/1083/247 2027/1084/247
f 2026/1037/247 2028/1038/247 2027/1084/247
f 2028/1038/247 2030/1081/247 2029/1083/247
f 2028/1038/247 2031/1079/247 2030/1081/247
f 2032/1039/247 2033/1077/247 2031/1079/247
f 2028/1038/247 2032/1039/247 2031/1079/247
f 2032/1039/247 2034/1074/247 2033/1077/247
f 2032/1039/247 2035/1073/247 2034/1074/247
f 2036/1040/247 2037/1072/247 2035/1073/247
f 2032/1039/247 2036/1040/247 2035/1073/247
f 2038/1065/247 2039/1071/247 2037/1072/247
f 2036/1040/247 2038/1065/247 2037/1072/247
f 2038/1065/247 2040/1070/247 2039/1071/247
f 2041/1066/247 2042/1069/247 2040/1070/247
f 2038/1065/247 2041/1066/247 2040/1070/247
f 2043/1067/247 2044/1068/247 2042/1069/247
f 2041/1066/247 2043/1067/247 2042/1069/247
f 2036/1040/247 2045/1064/247 2038/1065/247
f 2046/1043/247 2047/1063/247 2045/1064/247
f 2036/1040/247 2046/1043/247 2045/1064/247
f 2048/1044/247 2049/1062/247 2047/1063/247
f 2046/1043/247 2048/1044/247 2047/1063/247
f 2050/1046/247 2051/1061/247 2049/1062/247
f 2052/1045/247 2050/1046/247 2049/1062/247
f 2048/1044/247 2052/1045/247 2049/1062/247
f 2053/1058/247 2054/1060/247 2051/1061/247
f 2055/1047/247 2053/1058/247 2051/1061/247
f 2050/1046/247 2055/1047/247 2051/1061/247
f 2053/1058/247 2056/1059/247 2054/1060/247
f 2055/1047/247 2057/1057/247 2053/1058/247
f 2058/1048/247 2059/1056/247 2057/1057/247
f 2055/1047/247 2058/1048/247 2057/1057/247
f 2060/1049/247 2061/1055/247 2059/1056/247
f 2058/1048/247 2060/1049/247 2059/1056/247
f 2062/1050/247 2063/1054/247 2061/1055/247
f 2060/1049/247 2062/1050/247 2061/1055/247
f 2064/1051/247 2065/1053/247 2063/1054/247
f 2062/1050/247 2064/1051/247 2063/1054/247
f 2064/1051/247 2066/1052/247 2065/1053/247
f 2067/1137/788 4/4/2 15/10/4
f 2068/1138/789 12/4/2 2069/1137/788
f 2068/1138/789 9/7/3 12/4/2
f 2070/1139/790 15/10/4 22/15/5
f 2070/1139/790 2067/1137/788 15/10/4
f 2071/1140/791 22/15/5 29/20/6
f 2071/1140/791 2070/1139/790 22/15/5
f 2072/1141/792 29/20/6 36/25/7
f 2072/1141/792 2071/1140/791 29/20/6
f 2073/1142/793 36/25/7 43/30/8
f 2073/1142/793 2072/1141/792 36/25/7
f 2074/1143/794 43/30/8 47/33/9
f 2074/1143/794 2073/1142/793 43/30/8
f 2075/1144/795 47/33/9 54/38/10
f 2075/1144/795 2074/1143/794 47/33/9
f 2076/1145/796 54/38/10 61/43/11
f 2076/1145/796 2075/1144/795 54/38/10
f 2077/1146/797 61/43/11 68/48/12
f 2077/1146/797 2076/1145/796 61/43/11
f 2078/1147/798 68/48/12 75/53/13
f 2078/1147/798 2077/1146/797 68/48/12
f 2079/1148/799 75/53/13 79/56/14
f 2079/1148/799 2078/1147/798 75/53/13
f 2080/1149/800 79/56/14 86/61/15
f 2080/1149/800 2079/1148/799 79/56/14
f 2081/1150/801 86/61/15 93/66/16
f 2081/1150/801 2080/1149/800 86/61/15
f 2082/1151/802 93/66/16 100/71/17
f 2082/1151/802 2081/1150/801 93/66/16
f 2083/1152/803 100/71/17 107/76/19
f 2083/1152/803 2082/1151/802 100/71/17
f 2084/1153/804 107/76/19 111/78/21
f 2084/1153/804 2083/1152/803 107/76/19
f 2085/1154/805 111/78/21 113/79/22
f 2085/1154/805 2084/1153/804 111/78/21
f 2086/1155/806 113/79/22 116/80/23
f 2086/1155/806 2085/1154/805 113/79/22
f 2087/1156/807 116/80/23 119/81/24
f 2087/1156/807 2086/1155/806 116/80/23
f 2088/1157/808 119/81/24 122/82/25
f 2088/1157/808 2087/1156/807 119/81/24
f 2089/1158/809 122/82/25 125/83/26
f 2089/1158/809 2088/1157/808 122/82/25
f 2090/1159/810 125/83/26 127/84/27
f 2090/1159/810 2089/1158/809 125/83/26
f 2091/1160/811 127/84/27 130/85/28
f 2091/1160/811 2090/1159/810 127/84/27
f 2092/1161/812 130/85/28 133/86/29
f 2092/1161/812 2091/1160/811 130/85/28
f 2093/1162/813 133/86/29 136/87/30
f 2093/1162/813 2092/1161/812 133/86/29
f 2094/1163/814 136/87/30 139/88/31
f 2094/1163/814 2093/1162/813 136/87/30
f 2095/1164/815 139/88/31 141/89/32
f 2095/1164/815 2094/1163/814 139/88/31
f 2096/1165/816 141/89/32 144/90/33
f 2096/1165/816 2095/1164/815 141/89/32
f 2097/1166/817 144/90/33 147/91/34
f 2097/1166/817 2096/1165/816 144/90/33
f 2098/1167/818 147/91/34 150/92/35
f 2098/1167/818 2097/1166/817 147/91/34
f 2099/1168/819 150/92/35 153/93/36
f 2099/1168/819 2098/1167/818 150/92/35
f 2100/1169/820 153/93/36 160/95/37
f 2100/1169/820 2099/1168/819 153/93/36
f 2101/1170/821 2100/1169/820 160/95/37
f 163/98/38 2102/1170/821 157/95/37
f 2103/1171/822 2067/1137/788 2070/1139/790
f 2104/1172/823 2069/1137/788 2105/1171/822
f 2104/1172/823 2068/1138/789 2069/1137/788
f 2106/1173/824 2070/1139/790 2071/1140/791
f 2106/1173/824 2103/1171/822 2070/1139/790
f 2107/1174/825 2071/1140/791 2072/1141/792
f 2107/1174/825 2106/1173/824 2071/1140/791
f 2108/1175/826 2072/1141/792 2073/1142/793
f 2108/1175/826 2107/1174/825 2072/1141/792
f 2109/1176/827 2073/1142/793 2074/1143/794
f 2109/1176/827 2108/1175/826 2073/1142/793
f 2110/1177/828 2074/1143/794 2075/1144/795
f 2110/1177/828 2109/1176/827 2074/1143/794
f 2111/1178/829 2075/1144/795 2076/1145/796
f 2111/1178/829 2110/1177/828 2075/1144/795
f 2112/1179/830 2076/1145/796 2077/1146/797
f 2112/1179/830 2111/1178/829 2076/1145/796
f 2113/1180/831 2077/1146/797 2078/1147/798
f 2113/1180/831 2112/1179/830 2077/1146/797
f 2114/1181/832 2078/1147/798 2079/1148/799
f 2114/1181/832 2113/1180/831 2078/1147/798
f 2115/1182/833 2079/1148/799 2080/1149/800
f 2115/1182/833 2114/1181/832 2079/1148/799
f 2116/1183/834 2080/1149/800 2081/1150/801
f 2116/1183/834 2115/1182/833 2080/1149/800
f 2117/1184/835 2081/1150/801 2082/1151/802
f 2117/1184/835 2116/1183/834 2081/1150/801
f 2118/1185/836 2082/1151/802 2083/1152/803
f 2118/1185/836 2117/1184/835 2082/1151/802
f 2119/1186/837 2083/1152/803 2084/1153/804
f 2119/1186/837 2118/1185/836 2083/1152/803
f 2120/1187/838 2084/1153/804 2085/1154/805
f 2120/1187/838 2119/1186/837 2084/1153/804
f 2121/1188/839 2085/1154/805 2086/1155/806
f 2121/1188/839 2120/1187/838 2085/1154/805
f 2122/1189/840 2086/1155/806 2087/1156/807
f 2122/1189/840 2121/1188/839 2086/1155/806
f 2123/1190/841 2087/1156/807 2088/1157/808
f 2123/1190/841 2122/1189/840 2087/1156/807
f 2124/1191/842 2088/1157/808 2089/1158/809
f 2124/1191/842 2123/1190/841 2088/1157/808
f 2125/1192/843 2089/1158/809 2090/1159/810
f 2125/1192/843 2124/1191/842 2089/1158/809
f 2126/1193/844 2090/1159/810 2091/1160/811
f 2126/1193/844 2125/1192/843 2090/1159/810
f 2127/1194/845 2091/1160/811 2092/1161/812
f 2127/1194/845 2126/1193/844 2091/1160/811
f 2128/1195/846 2092/1161/812 2093/1162/813
f 2128/1195/846 2127/1194/845 2092/1161/812
f 2129/1196/847 2093/1162/813 2094/1163/814
f 2129/1196/847 2128/1195/846 2093/1162/813
f 2130/1197/848 2094/1163/814 2095/1164/815
f 2130/1197/848 2129/1196/847 2094/1163/814
f 2131/1198/849 2095/1164/815 2096/1165/816
f 2131/1198/849 2130/1197/848 2095/1164/815
f 2132/1199/850 2096/1165/816 2097/1166/817
f 2132/1199/850 2131/1198/849 2096/1165/816
f 2133/1200/851 2097/1166/817 2098/1167/818
f 2133/1200/851 2132/1199/850 2097/1166/817
f 2134/1201/852 2098/1167/818 2099/1168/819
f 2134/1201/852 2133/1200/851 2098/1167/818
f 2135/1202/853 2099/1168/819 2100/1169/820
f 2135/1202/853 2134/1201/852 2099/1168/819
f 2136/1203/854 2100/1169/820 2101/1170/821
f 2136/1203/854 2135/1202/853 2100/1169/820
f 2137/1204/855 2136/1203/854 2101/1170/821
f 2138/1205/856 2139/1204/855 2102/1170/821
f 2138/1205/856 2102/1170/821 163/98/38
f 2140/1206/857 2103/1171/822 2106/1173/824
f 2141/1207/858 2105/1171/822 2142/1206/857
f 2141/1207/858 2104/1172/823 2105/1171/822
f 2143/1208/859 2106/1173/824 2107/1174/825
f 2143/1208/859 2140/1206/857 2106/1173/824
f 2144/1209/860 2107/1174/825 2108/1175/826
f 2144/1209/860 2143/1208/859 2107/1174/825
f 2145/1210/861 2108/1175/826 2109/1176/827
f 2145/1210/861 2144/1209/860 2108/1175/826
f 2146/1211/862 2109/1176/827 2110/1177/828
f 2146/1211/862 2145/1210/861 2109/1176/827
f 2147/1212/863 2110/1177/828 2111/1178/829
f 2147/1212/863 2146/1211/862 2110/1177/828
f 2148/1213/864 2111/1178/829 2112/1179/830
f 2148/1213/864 2147/1212/863 2111/1178/829
f 2149/1214/865 2112/1179/830 2113/1180/831
f 2149/1214/865 2148/1213/864 2112/1179/830
f 2150/1215/866 2113/1180/831 2114/1181/832
f 2150/1215/866 2149/1214/865 2113/1180/831
f 2151/1216/867 2114/1181/832 2115/1182/833
f 2151/1216/867 2150/1215/866 2114/1181/832
f 2152/1217/868 2115/1182/833 2116/1183/834
f 2152/1217/868 2151/1216/867 2115/1182/833
f 2153/1218/869 2116/1183/834 2117/1184/835
f 2153/1218/869 2152/1217/868 2116/1183/834
f 2154/1219/870 2117/1184/835 2118/1185/836
f 2154/1219/870 2153/1218/869 2117/1184/835
f 2155/1220/871 2118/1185/836 2119/1186/837
f 2155/1220/871 2154/1219/870 2118/1185/836
f 2156/1221/872 2119/1186/837 2120/1187/838
f 2156/1221/872 2155/1220/871 2119/1186/837
f 2157/1222/873 2120/1187/838 2121/1188/839
f 2157/1222/873 2156/1221/872 2120/1187/838
f 2158/1223/874 2121/1188/839 2122/1189/840
f 2158/1223/874 2157/1222/873 2121/1188/839
f 2159/1224/875 2122/1189/840 2123/1190/841
f 2159/1224/875 2158/1223/874 2122/1189/840
f 2160/1225/876 2123/1190/841 2124/1191/842
f 2160/1225/876 2159/1224/875 2123/1190/841
f 2161/1226/877 2124/1191/842 2125/1192/843
f 2161/1226/877 2160/1225/876 2124/1191/842
f 2162/1227/878 2125/1192/843 2126/1193/844
f 2162/1227/878 2161/1226/877 2125/1192/843
f 2163/1228/879 2126/1193/844 2127/1194/845
f 2163/1228/879 2162/1227/878 2126/1193/844
f 2164/1229/880 2127/1194/845 2128/1195/846
f 2164/1229/880 2163/1228/879 2127/1194/845
f 2165/1230/881 2128/1195/846 2129/1196/847
f 2165/1230/881 2164/1229/880 2128/1195/846
f 2166/1231/882 2129/1196/847 2130/1197/848
f 2166/1231/882 2165/1230/881 2129/1196/847
f 2167/1232/883 2130/1197/848 2131/1198/849
f 2167/1232/883 2166/1231/882 2130/1197/848
f 2168/1233/884 2131/1198/849 2132/1199/850
f 2168/1233/884 2167/1232/883 2131/1198/849
f 2169/1234/885 2132/1199/850 2133/1200/851
f 2169/1234/885 2168/1233/884 2132/1199/850
f 2170/1235/886 2133/1200/851 2134/1201/852
f 2170/1235/886 2169/1234/885 2133/1200/851
f 2171/1236/887 2134/1201/852 2135/1202/853
f 2171/1236/887 2170/1235/886 2134/1201/852
f 2172/1237/888 2135/1202/853 2136/1203/854
f 2172/1237/888 2171/1236/887 2135/1202/853
f 2173/1238/889 2136/1203/854 2137/1204/855
f 2173/1238/889 2172/1237/888 2136/1203/854
f 2174/1239/890 2173/1238/889 2137/1204/855
f 2175/1240/891 2176/1239/890 2139/1204/855
f 2175/1240/891 2139/1204/855 2138/1205/856
f 2177/1241/892 2140/1206/857 2143/1208/859
f 2178/1242/893 2142/1206/857 2179/1241/892
f 2178/1242/893 2141/1207/858 2142/1206/857
f 2180/1243/894 2143/1208/859 2144/1209/860
f 2180/1243/894 2177/1241/892 2143/1208/859
f 2181/1244/895 2144/1209/860 2145/1210/861
f 2181/1244/895 2180/1243/894 2144/1209/860
f 2182/1245/896 2145/1210/861 2146/1211/862
f 2182/1245/896 2181/1244/895 2145/1210/861
f 2183/1246/897 2146/1211/862 2147/1212/863
f 2183/1246/897 2182/1245/896 2146/1211/862
f 2184/1247/898 2147/1212/863 2148/1213/864
f 2184/1247/898 2183/1246/897 2147/1212/863
f 2185/1248/899 2148/1213/864 2149/1214/865
f 2185/1248/899 2184/1247/898 2148/1213/864
f 2186/1249/900 2149/1214/865 2150/1215/866
f 2186/1249/900 2185/1248/899 2149/1214/865
f 2187/1250/901 2150/1215/866 2151/1216/867
f 2187/1250/901 2186/1249/900 2150/1215/866
f 2188/1251/902 2151/1216/867 2152/1217/868
f 2188/1251/902 2187/1250/901 2151/1216/867
f 2189/1252/903 2152/1217/868 2153/1218/869
f 2189/1252/903 2188/1251/902 2152/1217/868
f 2190/1253/904 2153/1218/869 2154/1219/870
f 2190/1253/904 2189/1252/903 2153/1218/869
f 2191/1254/905 2154/1219/870 2155/1220/871
f 2191/1254/905 2190/1253/904 2154/1219/870
f 2192/1255/906 2155/1220/871 2156/1221/872
f 2192/1255/906 2191/1254/905 2155/1220/871
f 2193/1256/907 2156/1221/872 2157/1222/873
f 2193/1256/907 2192/1255/906 2156/1221/872
f 2194/1257/908 2157/1222/873 2158/1223/874
f 2194/1257/908 2193/1256/907 2157/1222/873
f 2195/1258/909 2158/1223/874 2159/1224/875
f 2195/1258/909 2194/1257/908 2158/1223/874
f 2196/1259/910 2159/1224/875 2160/1225/876
f 2196/1259/910 2195/1258/909 2159/1224/875
f 2197/1260/911 2160/1225/876 2161/1226/877
f 2197/1260/911 2196/1259/910 2160/1225/876
f 2198/1261/912 2161/1226/877 2162/1227/878
f 2198/1261/912 2197/1260/911 2161/1226/877
f 2199/1262/913 2162/1227/878 2163/1228/879
f 2199/1262/913 2198/1261/912 2162/1227/878
f 2200/1263/914 2163/1228/879 2164/1229/880
f 2200/1263/914 2199/1262/913 2163/1228/879
f 2201/1264/915 2164/1229/880 2165/1230/881
f 2201/1264/915 2200/1263/914 2164/1229/880
f 2202/1265/916 2165/1230/881 2166/1231/882
f 2202/1265/916 2201/1264/915 2165/1230/881
f 2203/1266/917 2166/1231/882 2167/1232/883
f 2203/1266/917 2202/1265/916 2166/1231/882
f 2204/1267/918 2167/1232/883 2168/1233/884
f 2204/1267/918 2203/1266/917 2167/1232/883
f 2205/1268/919 2168/1233/884 2169/1234/885
f 2205/1268/919 2204/1267/918 2168/1233/884
f 2206/1269/920 2169/1234/885 2170/1235/886
f 2206/1269/920 2205/1268/919 2169/1234/885
f 2207/1270/921 2170/1235/886 2171/1236/887
f 2207/1270/921 2206/1269/920 2170/1235/886
f 2208/1271/922 2171/1236/887 2172/1237/888
f 2208/1271/922 2207/1270/921 2171/1236/887
f 2209/1272/923 2172/1237/888 2173/1238/889
f 2209/1272/923 2208/1271/922 2172/1237/888
f 2210/1273/924 2173/1238/889 2174/1239/890
f 2210/1273/924 2209/1272/923 2173/1238/889
f 2211/1274/925 2210/1273/924 2174/1239/890
f 2212/1275/926 2213/1274/925 2176/1239/890
f 2212/1275/926 2176/1239/890 2175/1240/891
f 2214/1276/927 2177/1241/892 2180/1243/894
f 2215/1277/928 2179/1241/892 2216/1276/927
f 2215/1277/928 2178/1242/893 2179/1241/892
f 2217/1278/929 2180/1243/894 2181/1244/895
f 2217/1278/929 2214/1276/927 2180/1243/894
f 2218/1279/930 2181/1244/895 2182/1245/896
f 2218/1279/930 2217/1278/929 2181/1244/895
f 2219/1280/931 2182/1245/896 2183/1246/897
f 2219/1280/931 2218/1279/930 2182/1245/896
f 2220/1281/932 2183/1246/897 2184/1247/898
f 2220/1281/932 2219/1280/931 2183/1246/897
f 2221/1282/933 2184/1247/898 2185/1248/899
f 2221/1282/933 2220/1281/932 2184/1247/898
f 2222/1283/934 2185/1248/899 2186/1249/900
f 2222/1283/934 2221/1282/933 2185/1248/899
f 2223/1284/935 2186/1249/900 2187/1250/901
f 2223/1284/935 2222/1283/934 2186/1249/900
f 2224/1285/936 2187/1250/901 2188/1251/902
f 2224/1285/936 2223/1284/935 2187/1250/901
f 2225/1286/937 2188/1251/902 2189/1252/903
f 2225/1286/937 2224/1285/936 2188/1251/902
f 2226/1287/938 2189/1252/903 2190/1253/904
f 2226/1287/938 2225/1286/937 2189/1252/903
f 2227/1288/939 2190/1253/904 2191/1254/905
f 2227/1288/939 2226/1287/938 2190/1253/904
f 2228/1289/940 2191/1254/905 2192/1255/906
f 2228/1289/940 2227/1288/939 2191/1254/905
f 2229/1290/941 2192/1255/906 2193/1256/907
f 2229/1290/941 2228/1289/940 2192/1255/906
f 2230/1291/942 2193/1256/907 2194/1257/908
f 2230/1291/942 2229/1290/941 2193/1256/907
f 2231/1292/943 2194/1257/908 2195/1258/909
f 2231/1292/943 2230/1291/942 2194/1257/908
f 2232/1293/944 2195/1258/909 2196/1259/910
f 2232/1293/944 2231/1292/943 2195/1258/909
f 2233/1294/945 2196/1259/910 2197/1260/911
f 2233/1294/945 2232/1293/944 2196/1259/910
f 2234/1295/946 2197/1260/911 2198/1261/912
f 2234/1295/946 2233/1294/945 2197/1260/911
f 2235/1296/947 2198/1261/912 2199/1262/913
f 2235/1296/947 2234/1295/946 2198/1261/912
f 2236/1297/948 2199/1262/913 2200/1263/914
f 2236/1297/948 2235/1296/947 2199/1262/913
f 2237/1298/949 2200/1263/914 2201/1264/915
f 2237/1298/949 2236/1297/948 2200/1263/914
f 2238/1299/950 2201/1264/915 2202/1265/916
f 2238/1299/950 2237/1298/949 2201/1264/915
f 2239/1300/951 2202/1265/916 2203/1266/917
f 2239/1300/951 2238/1299/950 2202/1265/916
f 2240/1301/952 2203/1266/917 2204/1267/918
f 2240/1301/952 2239/1300/951 2203/1266/917
f 2241/1302/953 2204/1267/918 2205/1268/919
f 2241/1302/953 2240/1301/952 2204/1267/918
f 2242/1303/954 2205/1268/919 2206/1269/920
f 2242/1303/954 2241/1302/953 2205/1268/919
f 2243/1304/955 2206/1269/920 2207/1270/921
f 2243/1304/955 2242/1303/954 2206/1269/920
f 2244/1305/956 2207/1270/921 2208/1271/922
f 2244/1305/956 2243/1304/955 2207/1270/921
f 2245/1306/957 2208/1271/922 2209/1272/923
f 2245/1306/957 2244/1305/956 2208/1271/922
f 2246/1307/958 2209/1272/923 2210/1273/924
f 2246/1307/958 2245/1306/957 2209/1272/923
f 2247/1308/959 2210/1273/924 2211/1274/925
f 2247/1308/959 2246/1307/958 2210/1273/924
f 2248/1309/960 2247/1308/959 2211/1274/925
f 2249/1310/961 2250/1309/960 2213/1274/925
f 2249/1310/961 2213/1274/925 2212/1275/926
f 1003/616/364 2214/1276/927 2217/1278/929
f 1006/619/366 2216/1276/927 1000/616/364
f 1006/619/366 2215/1277/928 2216/1276/927
f 997/614/363 2217/1278/929 2218/1279/930
f 997/614/363 1003/616/364 2217/1278/929
f 995/613/362 2218/1279/930 2219/1280/931
f 995/613/362 997/614/363 2218/1279/930
f 993/612/361 2219/1280/931 2220/1281/932
f 993/612/361 995/613/362 2219/1280/931
f 991/611/360 2220/1281/932 2221/1282/933
f 991/611/360 993/612/361 2220/1281/932
f 989/610/359 2221/1282/933 2222/1283/934
f 989/610/359 991/611/360 2221/1282/933
f 987/609/358 2222/1283/934 2223/1284/935
f 987/609/358 989/610/359 2222/1283/934
f 985/608/357 2223/1284/935 2224/1285/936
f 985/608/357 987/609/358 2223/1284/935
f 983/607/356 2224/1285/936 2225/1286/937
f 983/607/356 985/608/357 2224/1285/936
f 981/606/355 2225/1286/937 2226/1287/938
f 981/606/355 983/607/356 2225/1286/937
f 979/605/354 2226/1287/938 2227/1288/939
f 979/605/354 981/606/355 2226/1287/938
f 977/604/353 2227/1288/939 2228/1289/940
f 977/604/353 979/605/354 2227/1288/939
f 975/603/352 2228/1289/940 2229/1290/941
f 975/603/352 977/604/353 2228/1289/940
f 973/602/351 2229/1290/941 2230/1291/942
f 973/602/351 975/603/352 2229/1290/941
f 971/601/350 2230/1291/942 2231/1292/943
f 971/601/350 973/602/351 2230/1291/942
f 969/600/349 2231/1292/943 2232/1293/944
f 969/600/349 971/601/350 2231/1292/943
f 967/599/347 2232/1293/944 2233/1294/945
f 967/599/347 969/600/349 2232/1293/944
f 965/598/345 2233/1294/945 2234/1295/946
f 965/598/345 967/599/347 2233/1294/945
f 963/597/344 2234/1295/946 2235/1296/947
f 963/597/344 965/598/345 2234/1295/946
f 961/596/343 2235/1296/947 2236/1297/948
f 961/596/343 963/597/344 2235/1296/947
f 959/595/342 2236/1297/948 2237/1298/949
f 959/595/342 961/596/343 2236/1297/948
f 957/594/341 2237/1298/949 2238/1299/950
f 957/594/341 959/595/342 2237/1298/949
f 955/593/340 2238/1299/950 2239/1300/951
f 955/593/340 957/594/341 2238/1299/950
f 953/592/339 2239/1300/951 2240/1301/952
f 953/592/339 955/593/340 2239/1300/951
f 951/591/338 2240/1301/952 2241/1302/953
f 951/591/338 953/592/339 2240/1301/952
f 949/590/337 2241/1302/953 2242/1303/954
f 949/590/337 951/591/338 2241/1302/953
f 947/589/336 2242/1303/954 2243/1304/955
f 947/589/336 949/590/337 2242/1303/954
f 945/588/335 2243/1304/955 2244/1305/956
f 945/588/335 947/589/336 2243/1304/955
f 943/587/334 2244/1305/956 2245/1306/957
f 943/587/334 945/588/335 2244/1305/956
f 941/586/333 2245/1306/957 2246/1307/958
f 941/586/333 943/587/334 2245/1306/957
f 938/584/331 2246/1307/958 2247/1308/959
f 938/584/331 941/586/333 2246/1307/958
f 940/585/332 2247/1308/959 2248/1309/960
f 940/585/332 938/584/331 2247/1308/959
f 934/583/330 940/585/332 2248/1309/960
f 2251/1311/962 937/583/330 2250/1309/960
f 2251/1311/962 2250/1309/960 2249/1310/961
f 932/582/329 937/583/330 2251/1311/962
f 2138/1205/856 163/98/38 170/103/39
f 2252/1312/963 170/103/39 177/108/40
f 2252/1312/963 2138/1205/856 170/103/39
f 2253/1313/964 177/108/40 184/113/41
f 2253/1313/964 2252/1312/963 177/108/40
f 2254/1314/965 184/113/41 191/118/42
f 2254/1314/965 2253/1313/964 184/113/41
f 2255/1315/966 191/118/42 195/121/43
f 2255/1315/966 2254/1314/965 191/118/42
f 2256/1316/967 195/121/43 202/126/44
f 2256/1316/967 2255/1315/966 195/121/43
f 2257/1317/968 202/126/44 209/131/45
f 2257/1317/968 2256/1316/967 202/126/44
f 2258/1318/969 209/131/45 216/136/46
f 2258/1318/969 2257/1317/968 209/131/45
f 2259/1319/970 216/136/46 223/141/47
f 2259/1319/970 2258/1318/969 216/136/46
f 2260/1320/971 223/141/47 227/144/48
f 2260/1320/971 2259/1319/970 223/141/47
f 2261/1321/972 227/144/48 234/149/49
f 2261/1321/972 2260/1320/971 227/144/48
f 2262/1322/973 234/149/49 241/154/50
f 2262/1322/973 2261/1321/972 234/149/49
f 2263/1323/974 241/154/50 248/159/51
f 2263/1323/974 2262/1322/973 241/154/50
f 2264/1324/975 248/159/51 255/164/52
f 2264/1324/975 2263/1323/974 248/159/51
f 2265/1325/976 255/164/52 259/166/53
f 2265/1325/976 2264/1324/975 255/164/52
f 2266/1326/977 259/166/53 261/167/54
f 2266/1326/977 2265/1325/976 259/166/53
f 2267/1327/978 261/167/54 264/168/55
f 2267/1327/978 2266/1326/977 261/167/54
f 2268/1328/979 264/168/55 267/169/56
f 2268/1328/979 2267/1327/978 264/168/55
f 2269/1329/980 267/169/56 270/170/57
f 2269/1329/980 2268/1328/979 267/169/56
f 2270/1330/981 270/170/57 273/171/58
f 2270/1330/981 2269/1329/980 270/170/57
f 2271/1331/982 273/171/58 275/172/59
f 2271/1331/982 2270/1330/981 273/171/58
f 2272/1332/983 275/172/59 278/173/60
f 2272/1332/983 2271/1331/982 275/172/59
f 2273/1333/984 278/173/60 281/174/61
f 2273/1333/984 2272/1332/983 278/173/60
f 2274/1334/985 281/174/61 284/175/62
f 2274/1334/985 2273/1333/984 281/174/61
f 2275/1335/986 284/175/62 287/176/63
f 2275/1335/986 2274/1334/985 284/175/62
f 2276/1336/987 287/176/63 289/177/64
f 2276/1336/987 2275/1335/986 287/176/63
f 2277/1337/988 289/177/64 292/178/65
f 2277/1337/988 2276/1336/987 289/177/64
f 2278/1338/989 292/178/65 295/179/66
f 2278/1338/989 2277/1337/988 292/178/65
f 2279/1339/990 295/179/66 298/180/67
f 2279/1339/990 2278/1338/989 295/179/66
f 2280/1340/991 298/180/67 9/7/3
f 2280/1340/991 2279/1339/990 298/180/67
f 2068/1138/789 2280/1340/991 9/7/3
f 2175/1240/891 2138/1205/856 2252/1312/963
f 2281/1341/992 2252/1312/963 2253/1313/964
f 2281/1341/992 2175/1240/891 2252/1312/963
f 2282/1342/993 2253/1313/964 2254/1314/965
f 2282/1342/993 2281/1341/992 2253/1313/964
f 2283/1343/994 2254/1314/965 2255/1315/966
f 2283/1343/994 2282/1342/993 2254/1314/965
f 2284/1344/995 2255/1315/966 2256/1316/967
f 2284/1344/995 2283/1343/994 2255/1315/966
f 2285/1345/996 2256/1316/967 2257/1317/968
f 2285/1345/996 2284/1344/995 2256/1316/967
f 2286/1346/997 2257/1317/968 2258/1318/969
f 2286/1346/997 2285/1345/996 2257/1317/968
f 2287/1347/998 2258/1318/969 2259/1319/970
f 2287/1347/998 2286/1346/997 2258/1318/969
f 2288/1348/999 2259/1319/970 2260/1320/971
f 2288/1348/999 2287/1347/998 2259/1319/970
f 2289/1349/1000 2260/1320/971 2261/1321/972
f 2289/1349/1000 2288/1348/999 2260/1320/971
f 2290/1350/1001 2261/1321/972 2262/1322/973
f 2290/1350/1001 2289/1349/1000 2261/1321/972
f 2291/1351/1002 2262/1322/973 2263/1323/974
f 2291/1351/1002 2290/1350/1001 2262/1322/973
f 2292/1352/1003 2263/1323/974 2264/1324/975
f 2292/1352/1003 2291/1351/1002 2263/1323/974
f 2293/1353/1004 2264/1324/975 2265/1325/976
f 2293/1353/1004 2292/1352/1003 2264/1324/975
f 2294/1354/1005 2265/1325/976 2266/1326/977
f 2294/1354/1005 2293/1353/1004 2265/1325/976
f 2295/1355/1006 2266/1326/977 2267/1327/978
f 2295/1355/1006 2294/1354/1005 2266/1326/977
f 2296/1356/1007 2267/1327/978 2268/1328/979
f 2296/1356/1007 2295/1355/1006 2267/1327/978
f 2297/1357/1008 2268/1328/979 2269/1329/980
f 2297/1357/1008 2296/1356/1007 2268/1328/979
f 2298/1358/1009 2269/1329/980 2270/1330/981
f 2298/1358/1009 2297/1357/1008 2269/1329/980
f 2299/1359/1010 2270/1330/981 2271/1331/982
f 2299/1359/1010 2298/1358/1009 2270/1330/981
f 2300/1360/1011 2271/1331/982 2272/1332/983
f 2300/1360/1011 2299/1359/1010 2271/1331/982
f 2301/1361/1012 2272/1332/983 2273/1333/984
f 2301/1361/1012 2300/1360/1011 2272/1332/983
f 2302/1362/1013 2273/1333/984 2274/1334/985
f 2302/1362/1013 2301/1361/1012 2273/1333/984
f 2303/1363/1014 2274/1334/985 2275/1335/986
f 2303/1363/1014 2302/1362/1013 2274/1334/985
f 2304/1364/1015 2275/1335/986 2276/1336/987
f 2304/1364/1015 2303/1363/1014 2275/1335/986
f 2305/1365/1016 2276/1336/987 2277/1337/988
f 2305/1365/1016 2304/1364/1015 2276/1336/987
f 2306/1366/1017 2277/1337/988 2278/1338/989
f 2306/1366/1017 2305/1365/1016 2277/1337/988
f 2307/1367/1018 2278/1338/989 2279/1339/990
f 2307/1367/1018 2306/1366/1017 2278/1338/989
f 2308/1368/1019 2279/1339/990 2280/1340/991
f 2308/1368/1019 2307/1367/1018 2279/1339/990
f 2309/1369/1020 2280/1340/991 2068/1138/789
f 2309/1369/1020 2308/1368/1019 2280/1340/991
f 2104/1172/823 2309/1369/1020 2068/1138/789
f 2212/1275/926 2175/1240/891 2281/1341/992
f 2310/1370/1021 2281/1341/992 2282/1342/993
f 2310/1370/1021 2212/1275/926 2281/1341/992
f 2311/1371/1022 2282/1342/993 2283/1343/994
f 2311/1371/1022 2310/1370/1021 2282/1342/993
f 2312/1372/1023 2283/1343/994 2284/1344/995
f 2312/1372/1023 2311/1371/1022 2283/1343/994
f 2313/1373/1024 2284/1344/995 2285/1345/996
f 2313/1373/1024 2312/1372/1023 2284/1344/995
f 2314/1374/1025 2285/1345/996 2286/1346/997
f 2314/1374/1025 2313/1373/1024 2285/1345/996
f 2315/1375/1026 2286/1346/997 2287/1347/998
f 2315/1375/1026 2314/1374/1025 2286/1346/997
f 2316/1376/1027 2287/1347/998 2288/1348/999
f 2316/1376/1027 2315/1375/1026 2287/1347/998
f 2317/1377/1028 2288/1348/999 2289/1349/1000
f 2317/1377/1028 2316/1376/1027 2288/1348/999
f 2318/1378/1029 2289/1349/1000 2290/1350/1001
f 2318/1378/1029 2317/1377/1028 2289/1349/1000
f 2319/1379/1030 2290/1350/1001 2291/1351/1002
f 2319/1379/1030 2318/1378/1029 2290/1350/1001
f 2320/1380/1031 2291/1351/1002 2292/1352/1003
f 2320/1380/1031 2319/1379/1030 2291/1351/1002
f 2321/1381/1032 2292/1352/1003 2293/1353/1004
f 2321/1381/1032 2320/1380/1031 2292/1352/1003
f 2322/1382/1033 2293/1353/1004 2294/1354/1005
f 2322/1382/1033 2321/1381/1032 2293/1353/1004
f 2323/1383/1034 2294/1354/1005 2295/1355/1006
f 2323/1383/1034 2322/1382/1033 2294/1354/1005
f 2324/1384/1035 2295/1355/1006 2296/1356/1007
f 2324/1384/1035 2323/1383/1034 2295/1355/1006
f 2325/1385/1036 2296/1356/1007 2297/1357/1008
f 2325/1385/1036 2324/1384/1035 2296/1356/1007
f 2326/1386/1037 2297/1357/1008 2298/1358/1009
f 2326/1386/1037 2325/1385/1036 2297/1357/1008
f 2327/1387/1038 2298/1358/1009 2299/1359/1010
f 2327/1387/1038 2326/1386/1037 2298/1358/1009
f 2328/1388/1039 2299/1359/1010 2300/1360/1011
f 2328/1388/1039 2327/1387/1038 2299/1359/1010
f 2329/1389/1040 2300/1360/1011 2301/1361/1012
f 2329/1389/1040 2328/1388/1039 2300/1360/1011
f 2330/1390/1041 2301/1361/1012 2302/1362/1013
f 2330/1390/1041 2329/1389/1040 2301/1361/1012
f 2331/1391/1042 2302/1362/1013 2303/1363/1014
f 2331/1391/1042 2330/1390/1041 2302/1362/1013
f 2332/1392/1043 2303/1363/1014 2304/1364/1015
f 2332/1392/1043 2331/1391/1042 2303/1363/1014
f 2333/1393/1044 2304/1364/1015 2305/1365/1016
f 2333/1393/1044 2332/1392/1043 2304/1364/1015
f 2334/1394/1045 2305/1365/1016 2306/1366/1017
f 2334/1394/1045 2333/1393/1044 2305/1365/1016
f 2335/1395/1046 2306/1366/1017 2307/1367/1018
f 2335/1395/1046 2334/1394/1045 2306/1366/1017
f 2336/1396/1047 2307/1367/1018 2308/1368/1019
f 2336/1396/1047 2335/1395/1046 2307/1367/1018
f 2337/1397/1048 2308/1368/1019 2309/1369/1020
f 2337/1397/1048 2336/1396/1047 2308/1368/1019
f 2338/1398/1049 2309/1369/1020 2104/1172/823
f 2338/1398/1049 2337/1397/1048 2309/1369/1020
f 2141/1207/858 2338/1398/1049 2104/1172/823
f 2249/1310/961 2212/1275/926 2310/1370/1021
f 2339/1399/1050 2310/1370/1021 2311/1371/1022
f 2339/1399/1050 2249/1310/961 2310/1370/1021
f 2340/1400/1051 2311/1371/1022 2312/1372/1023
f 2340/1400/1051 2339/1399/1050 2311/1371/1022
f 2341/1401/1052 2312/1372/1023 2313/1373/1024
f 2341/1401/1052 2340/1400/1051 2312/1372/1023
f 2342/1402/1053 2313/1373/1024 2314/1374/1025
f 2342/1402/1053 2341/1401/1052 2313/1373/1024
f 2343/1403/1054 2314/1374/1025 2315/1375/1026
f 2343/1403/1054 2342/1402/1053 2314/1374/1025
f 2344/1404/1055 2315/1375/1026 2316/1376/1027
f 2344/1404/1055 2343/1403/1054 2315/1375/1026
f 2345/1405/1056 2316/1376/1027 2317/1377/1028
f 2345/1405/1056 2344/1404/1055 2316/1376/1027
f 2346/1406/1057 2317/1377/1028 2318/1378/1029
f 2346/1406/1057 2345/1405/1056 2317/1377/1028
f 2347/1407/1058 2318/1378/1029 2319/1379/1030
f 2347/1407/1058 2346/1406/1057 2318/1378/1029
f 2348/1408/1059 2319/1379/1030 2320/1380/1031
f 2348/1408/1059 2347/1407/1058 2319/1379/1030
f 2349/1409/1060 2320/1380/1031 2321/1381/1032
f 2349/1409/1060 2348/1408/1059 2320/1380/1031
f 2350/1410/1061 2321/1381/1032 2322/1382/1033
f 2350/1410/1061 2349/1409/1060 2321/1381/1032
f 2351/1411/1062 2322/1382/1033 2323/1383/1034
f 2351/1411/1062 2350/1410/1061 2322/1382/1033
f 2352/1412/1063 2323/1383/1034 2324/1384/1035
f 2352/1412/1063 2351/1411/1062 2323/1383/1034
f 2353/1413/1064 2324/1384/1035 2325/1385/1036
f 2353/1413/1064 2352/1412/1063 2324/1384/1035
f 2354/1414/1065 2325/1385/1036 2326/1386/1037
f 2354/1414/1065 2353/1413/1064 2325/1385/1036
f 2355/1415/1066 2326/1386/1037 2327/1387/1038
f 2355/1415/1066 2354/1414/1065 2326/1386/1037
f 2356/1416/1067 2327/1387/1038 2328/1388/1039
f 2356/1416/1067 2355/1415/1066 2327/1387/1038
f 2357/1417/1068 2328/1388/1039 2329/1389/1040
f 2357/1417/1068 2356/1416/1067 2328/1388/1039
f 2358/1418/1069 2329/1389/1040 2330/1390/1041
f 2358/1418/1069 2357/1417/1068 2329/1389/1040
f 2359/1419/1070 2330/1390/1041 2331/1391/1042
f 2359/1419/1070 2358/1418/1069 2330/1390/1041
f 2360/1420/1071 2331/1391/1042 2332/1392/1043
f 2360/1420/1071 2359/1419/1070 2331/1391/1042
f 2361/1421/1072 2332/1392/1043 2333/1393/1044
f 2361/1421/1072 2360/1420/1071 2332/1392/1043
f 2362/1422/1073 2333/1393/1044 2334/1394/1045
f 2362/1422/1073 2361/1421/1072 2333/1393/1044
f 2363/1423/1074 2334/1394/1045 2335/1395/1046
f 2363/1423/1074 2362/1422/1073 2334/1394/1045
f 2364/1424/1075 2335/1395/1046 2336/1396/1047
f 2364/1424/1075 2363/1423/1074 2335/1395/1046
f 2365/1425/1076 2336/1396/1047 2337/1397/1048
f 2365/1425/1076 2364/1424/1075 2336/1396/1047
f 2366/1426/1077 2337/1397/1048 2338/1398/1049
f 2366/1426/1077 2365/1425/1076 2337/1397/1048
f 2367/1427/1078 2338/1398/1049 2141/1207/858
f 2367/1427/1078 2366/1426/1077 2338/1398/1049
f 2178/1242/893 2367/1427/1078 2141/1207/858
f 2251/1311/962 2249/1310/961 2339/1399/1050
f 2368/1428/1079 2339/1399/1050 2340/1400/1051
f 2368/1428/1079 2251/1311/962 2339/1399/1050
f 2369/1429/1080 2340/1400/1051 2341/1401/1052
f 2369/1429/1080 2368/1428/1079 2340/1400/1051
f 2370/1430/1081 2341/1401/1052 2342/1402/1053
f 2370/1430/1081 2369/1429/1080 2341/1401/1052
f 2371/1431/1082 2342/1402/1053 2343/1403/1054
f 2371/1431/1082 2370/1430/1081 2342/1402/1053
f 2372/1432/1083 2343/1403/1054 2344/1404/1055
f 2372/1432/1083 2371/1431/1082 2343/1403/1054
f 2373/1433/1084 2344/1404/1055 2345/1405/1056
f 2373/1433/1084 2372/1432/1083 2344/1404/1055
f 2374/1434/1085 2345/1405/1056 2346/1406/1057
f 2374/1434/1085 2373/1433/1084 2345/1405/1056
f 2375/1435/1086 2346/1406/1057 2347/1407/1058
f 2375/1435/1086 2374/1434/1085 2346/1406/1057
f 2376/1436/1087 2347/1407/1058 2348/1408/1059
f 2376/1436/1087 2375/1435/1086 2347/1407/1058
f 2377/1437/1088 2348/1408/1059 2349/1409/1060
f 2377/1437/1088 2376/1436/1087 2348/1408/1059
f 2378/1438/1089 2349/1409/1060 2350/1410/1061
f 2378/1438/1089 2377/1437/1088 2349/1409/1060
f 2379/1439/1090 2350/1410/1061 2351/1411/1062
f 2379/1439/1090 2378/1438/1089 2350/1410/1061
f 2380/1440/1091 2351/1411/1062 2352/1412/1063
f 2380/1440/1091 2379/1439/1090 2351/1411/1062
f 2381/1441/1092 2352/1412/1063 2353/1413/1064
f 2381/1441/1092 2380/1440/1091 2352/1412/1063
f 2382/1442/1093 2353/1413/1064 2354/1414/1065
f 2382/1442/1093 2381/1441/1092 2353/1413/1064
f 2383/1443/1094 2354/1414/1065 2355/1415/1066
f 2383/1443/1094 2382/1442/1093 2354/1414/1065
f 2384/1444/1095 2355/1415/1066 2356/1416/1067
f 2384/1444/1095 2383/1443/1094 2355/1415/1066
f 2385/1445/1096 2356/1416/1067 2357/1417/1068
f 2385/1445/1096 2384/1444/1095 2356/1416/1067
f 2386/1446/1097 2357/1417/1068 2358/1418/1069
f 2386/1446/1097 2385/1445/1096 2357/1417/1068
f 2387/1447/1098 2358/1418/1069 2359/1419/1070
f 2387/1447/1098 2386/1446/1097 2358/1418/1069
f 2388/1448/1099 2359/1419/1070 2360/1420/1071
f 2388/1448/1099 2387/1447/1098 2359/1419/1070
f 2389/1449/1100 2360/1420/1071 2361/1421/1072
f 2389/1449/1100 2388/1448/1099 2360/1420/1071
f 2390/1450/1101 2361/1421/1072 2362/1422/1073
f 2390/1450/1101 2389/1449/1100 2361/1421/1072
f 2391/1451/1102 2362/1422/1073 2363/1423/1074
f 2391/1451/1102 2390/1450/1101 2362/1422/1073
f 2392/1452/1103 2363/1423/1074 2364/1424/1075
f 2392/1452/1103 2391/1451/1102 2363/1423/1074
f 2393/1453/1104 2364/1424/1075 2365/1425/1076
f 2393/1453/1104 2392/1452/1103 2364/1424/1075
f 2394/1454/1105 2365/1425/1076 2366/1426/1077
f 2394/1454/1105 2393/1453/1104 2365/1425/1076
f 2395/1455/1106 2366/1426/1077 2367/1427/1078
f 2395/1455/1106 2394/1454/1105 2366/1426/1077
f 2396/1456/1107 2367/1427/1078 2178/1242/893
f 2396/1456/1107 2395/1455/1106 2367/1427/1078
f 2215/1277/928 2396/1456/1107 2178/1242/893
f 932/582/329 2251/1311/962 2368/1428/1079
f 930/581/328 2368/1428/1079 2369/1429/1080
f 930/581/328 932/582/329 2368/1428/1079
f 928/580/327 2369/1429/1080 2370/1430/1081
f 928/580/327 930/581/328 2369/1429/1080
f 926/579/326 2370/1430/1081 2371/1431/1082
f 926/579/326 928/580/327 2370/1430/1081
f 924/578/325 2371/1431/1082 2372/1432/1083
f 924/578/325 926/579/326 2371/1431/1082
f 922/577/324 2372/1432/1083 2373/1433/1084
f 922/577/324 924/578/325 2372/1432/1083
f 920/576/323 2373/1433/1084 2374/1434/1085
f 920/576/323 922/577/324 2373/1433/1084
f 918/575/322 2374/1434/1085 2375/1435/1086
f 918/575/322 920/576/323 2374/1434/1085
f 916/574/321 2375/1435/1086 2376/1436/1087
f 916/574/321 918/575/322 2375/1435/1086
f 914/573/320 2376/1436/1087 2377/1437/1088
f 914/573/320 916/574/321 2376/1436/1087
f 912/572/319 2377/1437/1088 2378/1438/1089
f 912/572/319 914/573/320 2377/1437/1088
f 910/571/318 2378/1438/1089 2379/1439/1090
f 910/571/318 912/572/319 2378/1438/1089
f 908/570/317 2379/1439/1090 2380/1440/1091
f 908/570/317 910/571/318 2379/1439/1090
f 906/569/316 2380/1440/1091 2381/1441/1092
f 906/569/316 908/570/317 2380/1440/1091
f 904/568/315 2381/1441/1092 2382/1442/1093
f 904/568/315 906/569/316 2381/1441/1092
f 892/563/312 2382/1442/1093 2383/1443/1094
f 892/563/312 904/568/315 2382/1442/1093
f 898/566/313 2383/1443/1094 2384/1444/1095
f 898/566/313 892/563/312 2383/1443/1094
f 1064/664/405 2384/1444/1095 2385/1445/1096
f 1064/664/405 898/566/313 2384/1444/1095
f 1060/661/402 2385/1445/1096 2386/1446/1097
f 1060/661/402 1064/664/405 2385/1445/1096
f 1056/658/399 2386/1446/1097 2387/1447/1098
f 1056/658/399 1060/661/402 2386/1446/1097
f 1052/655/396 2387/1447/1098 2388/1448/1099
f 1052/655/396 1056/658/399 2387/1447/1098
f 1047/651/392 2388/1448/1099 2389/1449/1100
f 1047/651/392 1052/655/396 2388/1448/1099
f 1042/647/388 2389/1449/1100 2390/1450/1101
f 1042/647/388 1047/651/392 2389/1449/1100
f 1034/640/382 2390/1450/1101 2391/1451/1102
f 1034/640/382 1042/647/388 2390/1450/1101
f 1030/637/379 2391/1451/1102 2392/1452/1103
f 1030/637/379 1034/640/382 2391/1451/1102
f 1026/634/376 2392/1452/1103 2393/1453/1104
f 1026/634/376 1030/637/379 2392/1452/1103
f 1022/631/374 2393/1453/1104 2394/1454/1105
f 1022/631/374 1026/634/376 2393/1453/1104
f 1018/628/372 2394/1454/1105 2395/1455/1106
f 1018/628/372 1022/631/374 2394/1454/1105
f 1014/625/370 2395/1455/1106 2396/1456/1107
f 1014/625/370 1018/628/372 2395/1455/1106
f 1010/622/368 2396/1456/1107 2215/1277/928
f 1010/622/368 1014/625/370 2396/1456/1107
f 1006/619/366 1010/622/368 2215/1277/928
f 2397/1457/1108 304/184/69 315/190/71
f 2398/1458/1109 312/184/69 2399/1457/1108
f 2398/1458/1109 309/187/70 312/184/69
f 2400/1459/1110 315/190/71 322/195/72
f 2400/1459/1110 2397/1457/1108 315/190/71
f 2401/1460/1111 322/195/72 329/200/73
f 2401/1460/1111 2400/1459/1110 322/195/72
f 2402/1461/1112 329/200/73 336/205/74
f 2402/1461/1112 2401/1460/1111 329/200/73
f 2403/1462/1113 336/205/74 343/210/75
f 2403/1462/1113 2402/1461/1112 336/205/74
f 2404/1463/1114 343/210/75 347/213/76
f 2404/1463/1114 2403/1462/1113 343/210/75
f 2405/1464/1115 347/213/76 354/218/77
f 2405/1464/1115 2404/1463/1114 347/213/76
f 2406/1465/1116 354/218/77 361/223/78
f 2406/1465/1116 2405/1464/1115 354/218/77
f 2407/1466/1117 361/223/78 368/228/79
f 2407/1466/1117 2406/1465/1116 361/223/78
f 2408/1467/1118 368/228/79 375/233/80
f 2408/1467/1118 2407/1466/1117 368/228/79
f 2409/1468/1119 375/233/80 379/236/81
f 2409/1468/1119 2408/1467/1118 375/233/80
f 2410/1469/1120 379/236/81 386/241/82
f 2410/1469/1120 2409/1468/1119 379/236/81
f 2411/1470/1121 386/241/82 393/246/83
f 2411/1470/1121 2410/1469/1120 386/241/82
f 2412/1471/1122 393/246/83 400/251/84
f 2412/1471/1122 2411/1470/1121 393/246/83
f 2413/1472/1123 400/251/84 407/256/86
f 2413/1472/1123 2412/1471/1122 400/251/84
f 2414/1473/1124 407/256/86 411/258/88
f 2414/1473/1124 2413/1472/1123 407/256/86
f 2415/1474/1125 411/258/88 413/259/89
f 2415/1474/1125 2414/1473/1124 411/258/88
f 2416/1475/1126 413/259/89 416/260/90
f 2416/1475/1126 2415/1474/1125 413/259/89
f 2417/1476/1127 416/260/90 419/261/91
f 2417/1476/1127 2416/1475/1126 416/260/90
f 2418/1477/1128 419/261/91 422/262/92
f 2418/1477/1128 2417/1476/1127 419/261/91
f 2419/1478/1129 422/262/92 425/263/93
f 2419/1478/1129 2418/1477/1128 422/262/92
f 2420/1479/1130 425/263/93 427/264/94
f 2420/1479/1130 2419/1478/1129 425/263/93
f 2421/1480/1131 427/264/94 430/265/95
f 2421/1480/1131 2420/1479/1130 427/264/94
f 2422/1481/1132 430/265/95 433/266/96
f 2422/1481/1132 2421/1480/1131 430/265/95
f 2423/1482/1133 433/266/96 436/267/97
f 2423/1482/1133 2422/1481/1132 433/266/96
f 2424/1483/1134 436/267/97 439/268/98
f 2424/1483/1134 2423/1482/1133 436/267/97
f 2425/1484/1135 439/268/98 441/269/99
f 2425/1484/1135 2424/1483/1134 439/268/98
f 2426/1485/1136 441/269/99 444/270/100
f 2426/1485/1136 2425/1484/1135 441/269/99
f 2427/1486/1137 444/270/100 447/271/101
f 2427/1486/1137 2426/1485/1136 444/270/100
f 2428/1487/1138 447/271/101 450/272/102
f 2428/1487/1138 2427/1486/1137 447/271/101
f 2429/1488/1139 450/272/102 453/273/103
f 2429/1488/1139 2428/1487/1138 450/272/102
f 2430/1489/1140 453/273/103 460/275/104
f 2430/1489/1140 2429/1488/1139 453/273/103
f 2431/1490/1141 2430/1489/1140 460/275/104
f 463/278/105 2432/1490/1141 457/275/104
f 2433/1491/1142 2397/1457/1108 2400/1459/1110
f 2434/1492/1143 2399/1457/1108 2435/1491/1142
f 2434/1492/1143 2398/1458/1109 2399/1457/1108
f 2436/1493/1144 2400/1459/1110 2401/1460/1111
f 2436/1493/1144 2433/1491/1142 2400/1459/1110
f 2437/1494/1145 2401/1460/1111 2402/1461/1112
f 2437/1494/1145 2436/1493/1144 2401/1460/1111
f 2438/1495/1146 2402/1461/1112 2403/1462/1113
f 2438/1495/1146 2437/1494/1145 2402/1461/1112
f 2439/1496/1147 2403/1462/1113 2404/1463/1114
f 2439/1496/1147 2438/1495/1146 2403/1462/1113
f 2440/1497/1148 2404/1463/1114 2405/1464/1115
f 2440/1497/1148 2439/1496/1147 2404/1463/1114
f 2441/1498/1149 2405/1464/1115 2406/1465/1116
f 2441/1498/1149 2440/1497/1148 2405/1464/1115
f 2442/1499/1150 2406/1465/1116 2407/1466/1117
f 2442/1499/1150 2441/1498/1149 2406/1465/1116
f 2443/1500/1151 2407/1466/1117 2408/1467/1118
f 2443/1500/1151 2442/1499/1150 2407/1466/1117
f 2444/1501/1152 2408/1467/1118 2409/1468/1119
f 2444/1501/1152 2443/1500/1151 2408/1467/1118
f 2445/1502/1153 2409/1468/1119 2410/1469/1120
f 2445/1502/1153 2444/1501/1152 2409/1468/1119
f 2446/1503/1154 2410/1469/1120 2411/1470/1121
f 2446/1503/1154 2445/1502/1153 2410/1469/1120
f 2447/1504/1155 2411/1470/1121 2412/1471/1122
f 2447/1504/1155 2446/1503/1154 2411/1470/1121
f 2448/1505/1156 2412/1471/1122 2413/1472/1123
f 2448/1505/1156 2447/1504/1155 2412/1471/1122
f 2449/1506/1157 2413/1472/1123 2414/1473/1124
f 2449/1506/1157 2448/1505/1156 2413/1472/1123
f 2450/1507/1158 2414/1473/1124 2415/1474/1125
f 2450/1507/1158 2449/1506/1157 2414/1473/1124
f 2451/1508/1159 2415/1474/1125 2416/1475/1126
f 2451/1508/1159 2450/1507/1158 2415/1474/1125
f 2452/1509/1160 2416/1475/1126 2417/1476/1127
f 2452/1509/1160 2451/1508/1159 2416/1475/1126
f 2453/1510/1161 2417/1476/1127 2418/1477/1128
f 2453/1510/1161 2452/1509/1160 2417/1476/1127
f 2454/1511/1162 2418/1477/1128 2419/1478/1129
f 2454/1511/1162 2453/1510/1161 2418/1477/1128
f 2455/1512/1163 2419/1478/1129 2420/1479/1130
f 2455/1512/1163 2454/1511/1162 2419/1478/1129
f 2456/1513/1164 2420/1479/1130 2421/1480/1131
f 2456/1513/1164 2455/1512/1163 2420/1479/1130
f 2457/1514/1165 2421/1480/1131 2422/1481/1132
f 2457/1514/1165 2456/1513/1164 2421/1480/1131
f 2458/1515/1166 2422/1481/1132 2423/1482/1133
f 2458/1515/1166 2457/1514/1165 2422/1481/1132
f 2459/1516/1167 2423/1482/1133 2424/1483/1134
f 2459/1516/1167 2458/1515/1166 2423/1482/1133
f 2460/1517/1168 2424/1483/1134 2425/1484/1135
f 2460/1517/1168 2459/1516/1167 2424/1483/1134
f 2461/1518/1169 2425/1484/1135 2426/1485/1136
f 2461/1518/1169 2460/1517/1168 2425/1484/1135
f 2462/1519/1170 2426/1485/1136 2427/1486/1137
f 2462/1519/1170 2461/1518/1169 2426/1485/1136
f 2463/1520/1171 2427/1486/1137 2428/1487/1138
f 2463/1520/1171 2462/1519/1170 2427/1486/1137
f 2464/1521/1172 2428/1487/1138 2429/1488/1139
f 2464/1521/1172 2463/1520/1171 2428/1487/1138
f 2465/1522/1173 2429/1488/1139 2430/1489/1140
f 2465/1522/1173 2464/1521/1172 2429/1488/1139
f 2466/1523/1174 2430/1489/1140 2431/1490/1141
f 2466/1523/1174 2465/1522/1173 2430/1489/1140
f 2467/1524/1175 2466/1523/1174 2431/1490/1141
f 2468/1525/1176 2469/1524/1175 2432/1490/1141
f 2468/1525/1176 2432/1490/1141 463/278/105
f 2470/1526/1177 2433/1491/1142 2436/1493/1144
f 2471/1527/1178 2435/1491/1142 2472/1526/1177
f 2471/1527/1178 2434/1492/1143 2435/1491/1142
f 2473/1528/1179 2436/1493/1144 2437/1494/1145
f 2473/1528/1179 2470/1526/1177 2436/1493/1144
f 2474/1529/1180 2437/1494/1145 2438/1495/1146
f 2474/1529/1180 2473/1528/1179 2437/1494/1145
f 2475/1530/1181 2438/1495/1146 2439/1496/1147
f 2475/1530/1181 2474/1529/1180 2438/1495/1146
f 2476/1531/1182 2439/1496/1147 2440/1497/1148
f 2476/1531/1182 2475/1530/1181 2439/1496/1147
f 2477/1532/1183 2440/1497/1148 2441/1498/1149
f 2477/1532/1183 2476/1531/1182 2440/1497/1148
f 2478/1533/1184 2441/1498/1149 2442/1499/1150
f 2478/1533/1184 2477/1532/1183 2441/1498/1149
f 2479/1534/1185 2442/1499/1150 2443/1500/1151
f 2479/1534/1185 2478/1533/1184 2442/1499/1150
f 2480/1535/1186 2443/1500/1151 2444/1501/1152
f 2480/1535/1186 2479/1534/1185 2443/1500/1151
f 2481/1536/1187 2444/1501/1152 2445/1502/1153
f 2481/1536/1187 2480/1535/1186 2444/1501/1152
f 2482/1537/1188 2445/1502/1153 2446/1503/1154
f 2482/1537/1188 2481/1536/1187 2445/1502/1153
f 2483/1538/1189 2446/1503/1154 2447/1504/1155
f 2483/1538/1189 2482/1537/1188 2446/1503/1154
f 2484/1539/1190 2447/1504/1155 2448/1505/1156
f 2484/1539/1190 2483/1538/1189 2447/1504/1155
f 2485/1540/1191 2448/1505/1156 2449/1506/1157
f 2485/1540/1191 2484/1539/1190 2448/1505/1156
f 2486/1541/1192 2449/1506/1157 2450/1507/1158
f 2486/1541/1192 2485/1540/1191 2449/1506/1157
f 2487/1542/1193 2450/1507/1158 2451/1508/1159
f 2487/1542/1193 2486/1541/1192 2450/1507/1158
f 2488/1543/1194 2451/1508/1159 2452/1509/1160
f 2488/1543/1194 2487/1542/1193 2451/1508/1159
f 2489/1544/1195 2452/1509/1160 2453/1510/1161
f 2489/1544/1195 2488/1543/1194 2452/1509/1160
f 2490/1545/1196 2453/1510/1161 2454/1511/1162
f 2490/1545/1196 2489/1544/1195 2453/1510/1161
f 2491/1546/1197 2454/1511/1162 2455/1512/1163
f 2491/1546/1197 2490/1545/1196 2454/1511/1162
f 2492/1547/1198 2455/1512/1163 2456/1513/1164
f 2492/1547/1198 2491/1546/1197 2455/1512/1163
f 2493/1548/1199 2456/1513/1164 2457/1514/1165
f 2493/1548/1199 2492/1547/1198 2456/1513/1164
f 2494/1549/1200 2457/1514/1165 2458/1515/1166
f 2494/1549/1200 2493/1548/1199 2457/1514/1165
f 2495/1550/1201 2458/1515/1166 2459/1516/1167
f 2495/1550/1201 2494/1549/1200 2458/1515/1166
f 2496/1551/1202 2459/1516/1167 2460/1517/1168
f 2496/1551/1202 2495/1550/1201 2459/1516/1167
f 2497/1552/1203 2460/1517/1168 2461/1518/1169
f 2497/1552/1203 2496/1551/1202 2460/1517/1168
f 2498/1553/1204 2461/1518/1169 2462/1519/1170
f 2498/1553/1204 2497/1552/1203 2461/1518/1169
f 2499/1554/1205 2462/1519/1170 2463/1520/1171
f 2499/1554/1205 2498/1553/1204 2462/1519/1170
f 2500/1555/1206 2463/1520/1171 2464/1521/1172
f 2500/1555/1206 2499/1554/1205 2463/1520/1171
f 2501/1556/1207 2464/1521/1172 2465/1522/1173
f 2501/1556/1207 2500/1555/1206 2464/1521/1172
f 2502/1557/1208 2465/1522/1173 2466/1523/1174
f 2502/1557/1208 2501/1556/1207 2465/1522/1173
f 2503/1558/1209 2466/1523/1174 2467/1524/1175
f 2503/1558/1209 2502/1557/1208 2466/1523/1174
f 2504/1559/1210 2503/1558/1209 2467/1524/1175
f 2505/1560/1211 2506/1559/1210 2469/1524/1175
f 2505/1560/1211 2469/1524/1175 2468/1525/1176
f 2507/1561/1212 2470/1526/1177 2473/1528/1179
f 2508/1562/1213 2472/1526/1177 2509/1561/1214
f 2508/1562/1213 2471/1527/1178 2472/1526/1177
f 2510/1563/1215 2473/1528/1179 2474/1529/1180
f 2510/1563/1215 2507/1561/1212 2473/1528/1179
f 2511/1564/1216 2474/1529/1180 2475/1530/1181
f 2511/1564/1216 2510/1563/1215 2474/1529/1180
f 2512/1565/1217 2475/1530/1181 2476/1531/1182
f 2512/1565/1217 2511/1564/1216 2475/1530/1181
f 2513/1566/1218 2476/1531/1182 2477/1532/1183
f 2513/1566/1218 2512/1565/1217 2476/1531/1182
f 2514/1567/1219 2477/1532/1183 2478/1533/1184
f 2514/1567/1219 2513/1566/1218 2477/1532/1183
f 2515/1568/1220 2478/1533/1184 2479/1534/1185
f 2515/1568/1220 2514/1567/1219 2478/1533/1184
f 2516/1569/1221 2479/1534/1185 2480/1535/1186
f 2516/1569/1221 2515/1568/1220 2479/1534/1185
f 2517/1570/1222 2480/1535/1186 2481/1536/1187
f 2517/1570/1222 2516/1569/1221 2480/1535/1186
f 2518/1571/1223 2481/1536/1187 2482/1537/1188
f 2518/1571/1223 2517/1570/1222 2481/1536/1187
f 2519/1572/1224 2482/1537/1188 2483/1538/1189
f 2519/1572/1224 2518/1571/1223 2482/1537/1188
f 2520/1573/1225 2483/1538/1189 2484/1539/1190
f 2520/1573/1225 2519/1572/1224 2483/1538/1189
f 2521/1574/1226 2484/1539/1190 2485/1540/1191
f 2521/1574/1226 2520/1573/1225 2484/1539/1190
f 2522/1575/1227 2485/1540/1191 2486/1541/1192
f 2522/1575/1227 2521/1574/1226 2485/1540/1191
f 2523/1576/1228 2486/1541/1192 2487/1542/1193
f 2523/1576/1228 2522/1575/1227 2486/1541/1192
f 2524/1577/1229 2487/1542/1193 2488/1543/1194
f 2524/1577/1229 2523/1576/1228 2487/1542/1193
f 2525/1578/1230 2488/1543/1194 2489/1544/1195
f 2525/1578/1230 2524/1577/1229 2488/1543/1194
f 2526/1579/1231 2489/1544/1195 2490/1545/1196
f 2526/1579/1231 2525/1578/1230 2489/1544/1195
f 2527/1580/1232 2490/1545/1196 2491/1546/1197
f 2527/1580/1232 2526/1579/1231 2490/1545/1196
f 2528/1581/1233 2491/1546/1197 2492/1547/1198
f 2528/1581/1233 2527/1580/1232 2491/1546/1197
f 2529/1582/1234 2492/1547/1198 2493/1548/1199
f 2529/1582/1234 2528/1581/1233 2492/1547/1198
f 2530/1583/1235 2493/1548/1199 2494/1549/1200
f 2530/1583/1235 2529/1582/1234 2493/1548/1199
f 2531/1584/1236 2494/1549/1200 2495/1550/1201
f 2531/1584/1236 2530/1583/1235 2494/1549/1200
f 2532/1585/1237 2495/1550/1201 2496/1551/1202
f 2532/1585/1237 2531/1584/1236 2495/1550/1201
f 2533/1586/1238 2496/1551/1202 2497/1552/1203
f 2533/1586/1238 2532/1585/1237 2496/1551/1202
f 2534/1587/1239 2497/1552/1203 2498/1553/1204
f 2534/1587/1239 2533/1586/1238 2497/1552/1203
f 2535/1588/1240 2498/1553/1204 2499/1554/1205
f 2535/1588/1240 2534/1587/1239 2498/1553/1204
f 2536/1589/1241 2499/1554/1205 2500/1555/1206
f 2536/1589/1241 2535/1588/1240 2499/1554/1205
f 2537/1590/1242 2500/1555/1206 2501/1556/1207
f 2537/1590/1242 2536/1589/1241 2500/1555/1206
f 2538/1591/1243 2501/1556/1207 2502/1557/1208
f 2538/1591/1243 2537/1590/1242 2501/1556/1207
f 2539/1592/1244 2502/1557/1208 2503/1558/1209
f 2539/1592/1244 2538/1591/1243 2502/1557/1208
f 2540/1593/1245 2503/1558/1209 2504/1559/1210
f 2540/1593/1245 2539/1592/1244 2503/1558/1209
f 2541/1594/1246 2540/1593/1245 2504/1559/1210
f 2542/1595/1247 2543/1594/1248 2506/1559/1210
f 2542/1595/1247 2506/1559/1210 2505/1560/1211
f 2544/1596/1249 2507/1561/1212 2510/1563/1215
f 2545/1597/1250 2509/1561/1214 2546/1596/1249
f 2545/1597/1250 2508/1562/1213 2509/1561/1214
f 2547/1598/1251 2510/1563/1215 2511/1564/1216
f 2547/1598/1251 2544/1596/1249 2510/1563/1215
f 2548/1599/1252 2511/1564/1216 2512/1565/1217
f 2548/1599/1252 2547/1598/1251 2511/1564/1216
f 2549/1600/1253 2512/1565/1217 2513/1566/1218
f 2549/1600/1253 2548/1599/1252 2512/1565/1217
f 2550/1601/1254 2513/1566/1218 2514/1567/1219
f 2550/1601/1254 2549/1600/1253 2513/1566/1218
f 2551/1602/1255 2514/1567/1219 2515/1568/1220
f 2551/1602/1255 2550/1601/1254 2514/1567/1219
f 2552/1603/1256 2515/1568/1220 2516/1569/1221
f 2552/1603/1256 2551/1602/1255 2515/1568/1220
f 2553/1604/1257 2516/1569/1221 2517/1570/1222
f 2553/1604/1257 2552/1603/1256 2516/1569/1221
f 2554/1605/1258 2517/1570/1222 2518/1571/1223
f 2554/1605/1258 2553/1604/1257 2517/1570/1222
f 2555/1606/1259 2518/1571/1223 2519/1572/1224
f 2555/1606/1259 2554/1605/1258 2518/1571/1223
f 2556/1607/1260 2519/1572/1224 2520/1573/1225
f 2556/1607/1260 2555/1606/1259 2519/1572/1224
f 2557/1608/1261 2520/1573/1225 2521/1574/1226
f 2557/1608/1261 2556/1607/1260 2520/1573/1225
f 2558/1609/1262 2521/1574/1226 2522/1575/1227
f 2558/1609/1262 2557/1608/1261 2521/1574/1226
f 2559/1610/1263 2522/1575/1227 2523/1576/1228
f 2559/1610/1263 2558/1609/1262 2522/1575/1227
f 2560/1611/1264 2523/1576/1228 2524/1577/1229
f 2560/1611/1264 2559/1610/1263 2523/1576/1228
f 2561/1612/1265 2524/1577/1229 2525/1578/1230
f 2561/1612/1265 2560/1611/1264 2524/1577/1229
f 2562/1613/1266 2525/1578/1230 2526/1579/1231
f 2562/1613/1266 2561/1612/1265 2525/1578/1230
f 2563/1614/1267 2526/1579/1231 2527/1580/1232
f 2563/1614/1267 2562/1613/1266 2526/1579/1231
f 2564/1615/1268 2527/1580/1232 2528/1581/1233
f 2564/1615/1268 2563/1614/1267 2527/1580/1232
f 2565/1616/1269 2528/1581/1233 2529/1582/1234
f 2565/1616/1269 2564/1615/1268 2528/1581/1233
f 2566/1617/1270 2529/1582/1234 2530/1583/1235
f 2566/1617/1270 2565/1616/1269 2529/1582/1234
f 2567/1618/1271 2530/1583/1235 2531/1584/1236
f 2567/1618/1271 2566/1617/1270 2530/1583/1235
f 2568/1619/1272 2531/1584/1236 2532/1585/1237
f 2568/1619/1272 2567/1618/1271 2531/1584/1236
f 2569/1620/1273 2532/1585/1237 2533/1586/1238
f 2569/1620/1273 2568/1619/1272 2532/1585/1237
f 2570/1621/1274 2533/1586/1238 2534/1587/1239
f 2570/1621/1274 2569/1620/1273 2533/1586/1238
f 2571/1622/1275 2534/1587/1239 2535/1588/1240
f 2571/1622/1275 2570/1621/1274 2534/1587/1239
f 2572/1623/1276 2535/1588/1240 2536/1589/1241
f 2572/1623/1276 2571/1622/1275 2535/1588/1240
f 2573/1624/1277 2536/1589/1241 2537/1590/1242
f 2573/1624/1277 2572/1623/1276 2536/1589/1241
f 2574/1625/1278 2537/1590/1242 2538/1591/1243
f 2574/1625/1278 2573/1624/1277 2537/1590/1242
f 2575/1626/1279 2538/1591/1243 2539/1592/1244
f 2575/1626/1279 2574/1625/1278 2538/1591/1243
f 2576/1627/1280 2539/1592/1244 2540/1593/1245
f 2576/1627/1280 2575/1626/1279 2539/1592/1244
f 2577/1628/1281 2540/1593/1245 2541/1594/1246
f 2577/1628/1281 2576/1627/1280 2540/1593/1245
f 2578/1629/1282 2577/1628/1281 2541/1594/1246
f 2579/1630/1283 2580/1629/1282 2543/1594/1248
f 2579/1630/1283 2543/1594/1248 2542/1595/1247
f 741/461/202 2544/1596/1249 2547/1598/1251
f 744/464/204 2546/1596/1249 738/461/202
f 744/464/204 2545/1597/1250 2546/1596/1249
f 734/458/200 2547/1598/1251 2548/1599/1252
f 734/458/200 741/461/202 2547/1598/1251
f 730/455/198 2548/1599/1252 2549/1600/1253
f 730/455/198 734/458/200 2548/1599/1252
f 726/452/196 2549/1600/1253 2550/1601/1254
f 726/452/196 730/455/198 2549/1600/1253
f 722/449/194 2550/1601/1254 2551/1602/1255
f 722/449/194 726/452/196 2550/1601/1254
f 718/446/192 2551/1602/1255 2552/1603/1256
f 718/446/192 722/449/194 2551/1602/1255
f 714/443/190 2552/1603/1256 2553/1604/1257
f 714/443/190 718/446/192 2552/1603/1256
f 710/440/188 2553/1604/1257 2554/1605/1258
f 710/440/188 714/443/190 2553/1604/1257
f 706/437/186 2554/1605/1258 2555/1606/1259
f 706/437/186 710/440/188 2554/1605/1258
f 702/434/184 2555/1606/1259 2556/1607/1260
f 702/434/184 706/437/186 2555/1606/1259
f 698/431/182 2556/1607/1260 2557/1608/1261
f 698/431/182 702/434/184 2556/1607/1260
f 694/428/180 2557/1608/1261 2558/1609/1262
f 694/428/180 698/431/182 2557/1608/1261
f 690/425/178 2558/1609/1262 2559/1610/1263
f 690/425/178 694/428/180 2558/1609/1262
f 686/422/176 2559/1610/1263 2560/1611/1264
f 686/422/176 690/425/178 2559/1610/1263
f 682/419/174 2560/1611/1264 2561/1612/1265
f 682/419/174 686/422/176 2560/1611/1264
f 678/416/172 2561/1612/1265 2562/1613/1266
f 678/416/172 682/419/174 2561/1612/1265
f 674/413/170 2562/1613/1266 2563/1614/1267
f 674/413/170 678/416/172 2562/1613/1266
f 670/410/168 2563/1614/1267 2564/1615/1268
f 670/410/168 674/413/170 2563/1614/1267
f 666/407/166 2564/1615/1268 2565/1616/1269
f 666/407/166 670/410/168 2564/1615/1268
f 662/404/164 2565/1616/1269 2566/1617/1270
f 662/404/164 666/407/166 2565/1616/1269
f 658/401/162 2566/1617/1270 2567/1618/1271
f 658/401/162 662/404/164 2566/1617/1270
f 654/398/160 2567/1618/1271 2568/1619/1272
f 654/398/160 658/401/162 2567/1618/1271
f 650/395/158 2568/1619/1272 2569/1620/1273
f 650/395/158 654/398/160 2568/1619/1272
f 646/392/156 2569/1620/1273 2570/1621/1274
f 646/392/156 650/395/158 2569/1620/1273
f 642/389/154 2570/1621/1274 2571/1622/1275
f 642/389/154 646/392/156 2570/1621/1274
f 638/386/152 2571/1622/1275 2572/1623/1276
f 638/386/152 642/389/154 2571/1622/1275
f 634/383/150 2572/1623/1276 2573/1624/1277
f 634/383/150 638/386/152 2572/1623/1276
f 630/380/148 2573/1624/1277 2574/1625/1278
f 630/380/148 634/383/150 2573/1624/1277
f 626/377/146 2574/1625/1278 2575/1626/1279
f 626/377/146 630/380/148 2574/1625/1278
f 622/374/144 2575/1626/1279 2576/1627/1280
f 622/374/144 626/377/146 2575/1626/1279
f 617/370/141 2576/1627/1280 2577/1628/1281
f 617/370/141 622/374/144 2576/1627/1280
f 619/371/142 2577/1628/1281 2578/1629/1282
f 619/371/142 617/370/141 2577/1628/1281
f 604/364/137 619/371/142 2578/1629/1282
f 2581/1631/1284 614/364/137 2580/1629/1282
f 2581/1631/1284 2580/1629/1282 2579/1630/1283
f 611/367/139 614/364/137 2581/1631/1284
f 2468/1525/1176 463/278/105 470/283/106
f 2582/1632/1285 470/283/106 477/288/107
f 2582/1632/1285 2468/1525/1176 470/283/106
f 2583/1633/1286 477/288/107 484/293/108
f 2583/1633/1286 2582/1632/1285 477/288/107
f 2584/1634/1287 484/293/108 491/298/109
f 2584/1634/1287 2583/1633/1286 484/293/108
f 2585/1635/1288 491/298/109 495/301/110
f 2585/1635/1288 2584/1634/1287 491/298/109
f 2586/1636/1289 495/301/110 502/306/111
f 2586/1636/1289 2585/1635/1288 495/301/110
f 2587/1637/1290 502/306/111 509/311/112
f 2587/1637/1290 2586/1636/1289 502/306/111
f 2588/1638/1291 509/311/112 516/316/113
f 2588/1638/1291 2587/1637/1290 509/311/112
f 2589/1639/1292 516/316/113 523/321/114
f 2589/1639/1292 2588/1638/1291 516/316/113
f 2590/1640/1293 523/321/114 527/324/115
f 2590/1640/1293 2589/1639/1292 523/321/114
f 2591/1641/1294 527/324/115 534/329/116
f 2591/1641/1294 2590/1640/1293 527/324/115
f 2592/1642/1295 534/329/116 541/334/117
f 2592/1642/1295 2591/1641/1294 534/329/116
f 2593/1643/1296 541/334/117 548/339/118
f 2593/1643/1296 2592/1642/1295 541/334/117
f 2594/1644/1297 548/339/118 555/344/119
f 2594/1644/1297 2593/1643/1296 548/339/118
f 2595/1645/1298 555/344/119 559/346/120
f 2595/1645/1298 2594/1644/1297 555/344/119
f 2596/1646/1299 559/346/120 561/347/121
f 2596/1646/1299 2595/1645/1298 559/346/120
f 2597/1647/1300 561/347/121 564/348/122
f 2597/1647/1300 2596/1646/1299 561/347/121
f 2598/1648/1301 564/348/122 567/349/123
f 2598/1648/1301 2597/1647/1300 564/348/122
f 2599/1649/1302 567/349/123 570/350/124
f 2599/1649/1302 2598/1648/1301 567/349/123
f 2600/1650/1303 570/350/124 573/351/125
f 2600/1650/1303 2599/1649/1302 570/350/124
f 2601/1651/1304 573/351/125 575/352/126
f 2601/1651/1304 2600/1650/1303 573/351/125
f 2602/1652/1305 575/352/126 578/353/127
f 2602/1652/1305 2601/1651/1304 575/352/126
f 2603/1653/1306 578/353/127 581/354/128
f 2603/1653/1306 2602/1652/1305 578/353/127
f 2604/1654/1307 581/354/128 584/355/129
f 2604/1654/1307 2603/1653/1306 581/354/128
f 2605/1655/1308 584/355/129 587/356/130
f 2605/1655/1308 2604/1654/1307 584/355/129
f 2606/1656/1309 587/356/130 589/357/131
f 2606/1656/1309 2605/1655/1308 587/356/130
f 2607/1657/1310 589/357/131 592/358/132
f 2607/1657/1310 2606/1656/1309 589/357/131
f 2608/1658/1311 592/358/132 595/359/133
f 2608/1658/1311 2607/1657/1310 592/358/132
f 2609/1659/1312 595/359/133 598/360/134
f 2609/1659/1312 2608/1658/1311 595/359/133
f 2610/1660/1313 598/360/134 309/187/70
f 2610/1660/1313 2609/1659/1312 598/360/134
f 2398/1458/1109 2610/1660/1313 309/187/70
f 2505/1560/1211 2468/1525/1176 2582/1632/1285
f 2611/1661/1314 2582/1632/1285 2583/1633/1286
f 2611/1661/1314 2505/1560/1211 2582/1632/1285
f 2612/1662/1315 2583/1633/1286 2584/1634/1287
f 2612/1662/1315 2611/1661/1314 2583/1633/1286
f 2613/1663/1316 2584/1634/1287 2585/1635/1288
f 2613/1663/1316 2612/1662/1315 2584/1634/1287
f 2614/1664/1317 2585/1635/1288 2586/1636/1289
f 2614/1664/1317 2613/1663/1316 2585/1635/1288
f 2615/1665/1318 2586/1636/1289 2587/1637/1290
f 2615/1665/1318 2614/1664/1317 2586/1636/1289
f 2616/1666/1319 2587/1637/1290 2588/1638/1291
f 2616/1666/1319 2615/1665/1318 2587/1637/1290
f 2617/1667/1320 2588/1638/1291 2589/1639/1292
f 2617/1667/1320 2616/1666/1319 2588/1638/1291
f 2618/1668/1321 2589/1639/1292 2590/1640/1293
f 2618/1668/1321 2617/1667/1320 2589/1639/1292
f 2619/1669/1322 2590/1640/1293 2591/1641/1294
f 2619/1669/1322 2618/1668/1321 2590/1640/1293
f 2620/1670/1323 2591/1641/1294 2592/1642/1295
f 2620/1670/1323 2619/1669/1322 2591/1641/1294
f 2621/1671/1324 2592/1642/1295 2593/1643/1296
f 2621/1671/1324 2620/1670/1323 2592/1642/1295
f 2622/1672/1325 2593/1643/1296 2594/1644/1297
f 2622/1672/1325 2621/1671/1324 2593/1643/1296
f 2623/1673/1326 2594/1644/1297 2595/1645/1298
f 2623/1673/1326 2622/1672/1325 2594/1644/1297
f 2624/1674/1327 2595/1645/1298 2596/1646/1299
f 2624/1674/1327 2623/1673/1326 2595/1645/1298
f 2625/1675/1328 2596/1646/1299 2597/1647/1300
f 2625/1675/1328 2624/1674/1327 2596/1646/1299
f 2626/1676/1329 2597/1647/1300 2598/1648/1301
f 2626/1676/1329 2625/1675/1328 2597/1647/1300
f 2627/1677/1330 2598/1648/1301 2599/1649/1302
f 2627/1677/1330 2626/1676/1329 2598/1648/1301
f 2628/1678/1331 2599/1649/1302 2600/1650/1303
f 2628/1678/1331 2627/1677/1330 2599/1649/1302
f 2629/1679/1332 2600/1650/1303 2601/1651/1304
f 2629/1679/1332 2628/1678/1331 2600/1650/1303
f 2630/1680/1333 2601/1651/1304 2602/1652/1305
f 2630/1680/1333 2629/1679/1332 2601/1651/1304
f 2631/1681/1334 2602/1652/1305 2603/1653/1306
f 2631/1681/1334 2630/1680/1333 2602/1652/1305
f 2632/1682/1335 2603/1653/1306 2604/1654/1307
f 2632/1682/1335 2631/1681/1334 2603/1653/1306
f 2633/1683/1336 2604/1654/1307 2605/1655/1308
f 2633/1683/1336 2632/1682/1335 2604/1654/1307
f 2634/1684/1337 2605/1655/1308 2606/1656/1309
f 2634/1684/1337 2633/1683/1336 2605/1655/1308
f 2635/1685/1338 2606/1656/1309 2607/1657/1310
f 2635/1685/1338 2634/1684/1337 2606/1656/1309
f 2636/1686/1339 2607/1657/1310 2608/1658/1311
f 2636/1686/1339 2635/1685/1338 2607/1657/1310
f 2637/1687/1340 2608/1658/1311 2609/1659/1312
f 2637/1687/1340 2636/1686/1339 2608/1658/1311
f 2638/1688/1341 2609/1659/1312 2610/1660/1313
f 2638/1688/1341 2637/1687/1340 2609/1659/1312
f 2639/1689/1342 2610/1660/1313 2398/1458/1109
f 2639/1689/1342 2638/1688/1341 2610/1660/1313
f 2434/1492/1143 2639/1689/1342 2398/1458/1109
f 2542/1595/1247 2505/1560/1211 2611/1661/1314
f 2640/1690/1343 2611/1661/1314 2612/1662/1315
f 2640/1690/1343 2542/1595/1247 2611/1661/1314
f 2641/1691/1344 2612/1662/1315 2613/1663/1316
f 2641/1691/1344 2640/1690/1343 2612/1662/1315
f 2642/1692/1345 2613/1663/1316 2614/1664/1317
f 2642/1692/1345 2641/1691/1344 2613/1663/1316
f 2643/1693/1346 2614/1664/1317 2615/1665/1318
f 2643/1693/1346 2642/1692/1345 2614/1664/1317
f 2644/1694/1347 2615/1665/1318 2616/1666/1319
f 2644/1694/1347 2643/1693/1346 2615/1665/1318
f 2645/1695/1348 2616/1666/1319 2617/1667/1320
f 2645/1695/1348 2644/1694/1347 2616/1666/1319
f 2646/1696/1349 2617/1667/1320 2618/1668/1321
f 2646/1696/1349 2645/1695/1348 2617/1667/1320
f 2647/1697/1350 2618/1668/1321 2619/1669/1322
f 2647/1697/1350 2646/1696/1349 2618/1668/1321
f 2648/1698/1351 2619/1669/1322 2620/1670/1323
f 2648/1698/1351 2647/1697/1350 2619/1669/1322
f 2649/1699/1352 2620/1670/1323 2621/1671/1324
f 2649/1699/1352 2648/1698/1351 2620/1670/1323
f 2650/1700/1353 2621/1671/1324 2622/1672/1325
f 2650/1700/1353 2649/1699/1352 2621/1671/1324
f 2651/1701/1354 2622/1672/1325 2623/1673/1326
f 2651/1701/1354 2650/1700/1353 2622/1672/1325
f 2652/1702/1355 2623/1673/1326 2624/1674/1327
f 2652/1702/1355 2651/1701/1354 2623/1673/1326
f 2653/1703/1356 2624/1674/1327 2625/1675/1328
f 2653/1703/1356 2652/1702/1355 2624/1674/1327
f 2654/1704/1357 2625/1675/1328 2626/1676/1329
f 2654/1704/1357 2653/1703/1356 2625/1675/1328
f 2655/1705/1358 2626/1676/1329 2627/1677/1330
f 2655/1705/1358 2654/1704/1357 2626/1676/1329
f 2656/1706/1359 2627/1677/1330 2628/1678/1331
f 2656/1706/1359 2655/1705/1358 2627/1677/1330
f 2657/1707/1360 2628/1678/1331 2629/1679/1332
f 2657/1707/1360 2656/1706/1359 2628/1678/1331
f 2658/1708/1361 2629/1679/1332 2630/1680/1333
f 2658/1708/1361 2657/1707/1360 2629/1679/1332
f 2659/1709/1362 2630/1680/1333 2631/1681/1334
f 2659/1709/1362 2658/1708/1361 2630/1680/1333
f 2660/1710/1363 2631/1681/1334 2632/1682/1335
f 2660/1710/1363 2659/1709/1362 2631/1681/1334
f 2661/1711/1364 2632/1682/1335 2633/1683/1336
f 2661/1711/1364 2660/1710/1363 2632/1682/1335
f 2662/1712/1365 2633/1683/1336 2634/1684/1337
f 2662/1712/1365 2661/1711/1364 2633/1683/1336
f 2663/1713/1366 2634/1684/1337 2635/1685/1338
f 2663/1713/1366 2662/1712/1365 2634/1684/1337
f 2664/1714/1367 2635/1685/1338 2636/1686/1339
f 2664/1714/1367 2663/1713/1366 2635/1685/1338
f 2665/1715/1368 2636/1686/1339 2637/1687/1340
f 2665/1715/1368 2664/1714/1367 2636/1686/1339
f 2666/1716/1369 2637/1687/1340 2638/1688/1341
f 2666/1716/1369 2665/1715/1368 2637/1687/1340
f 2667/1717/1370 2638/1688/1341 2639/1689/1342
f 2667/1717/1370 2666/1716/1369 2638/1688/1341
f 2668/1718/1371 2639/1689/1342 2434/1492/1143
f 2668/1718/1371 2667/1717/1370 2639/1689/1342
f 2471/1527/1178 2668/1718/1371 2434/1492/1143
f 2579/1630/1283 2542/1595/1247 2640/1690/1343
f 2669/1719/1372 2640/1690/1343 2641/1691/1344
f 2669/1719/1372 2579/1630/1283 2640/1690/1343
f 2670/1720/1373 2641/1691/1344 2642/1692/1345
f 2670/1720/1373 2669/1719/1372 2641/1691/1344
f 2671/1721/1374 2642/1692/1345 2643/1693/1346
f 2671/1721/1374 2670/1720/1373 2642/1692/1345
f 2672/1722/1375 2643/1693/1346 2644/1694/1347
f 2672/1722/1375 2671/1721/1374 2643/1693/1346
f 2673/1723/1376 2644/1694/1347 2645/1695/1348
f 2673/1723/1376 2672/1722/1375 2644/1694/1347
f 2674/1724/1377 2645/1695/1348 2646/1696/1349
f 2674/1724/1377 2673/1723/1376 2645/1695/1348
f 2675/1725/1378 2646/1696/1349 2647/1697/1350
f 2675/1725/1378 2674/1724/1377 2646/1696/1349
f 2676/1726/1379 2647/1697/1350 2648/1698/1351
f 2676/1726/1379 2675/1725/1378 2647/1697/1350
f 2677/1727/1380 2648/1698/1351 2649/1699/1352
f 2677/1727/1380 2676/1726/1379 2648/1698/1351
f 2678/1728/1381 2649/1699/1352 2650/1700/1353
f 2678/1728/1381 2677/1727/1380 2649/1699/1352
f 2679/1729/1382 2650/1700/1353 2651/1701/1354
f 2679/1729/1382 2678/1728/1381 2650/1700/1353
f 2680/1730/1383 2651/1701/1354 2652/1702/1355
f 2680/1730/1383 2679/1729/1382 2651/1701/1354
f 2681/1731/1384 2652/1702/1355 2653/1703/1356
f 2681/1731/1384 2680/1730/1383 2652/1702/1355
f 2682/1732/1385 2653/1703/1356 2654/1704/1357
f 2682/1732/1385 2681/1731/1384 2653/1703/1356
f 2683/1733/1386 2654/1704/1357 2655/1705/1358
f 2683/1733/1386 2682/1732/1385 2654/1704/1357
f 2684/1734/1387 2655/1705/1358 2656/1706/1359
f 2684/1734/1387 2683/1733/1386 2655/1705/1358
f 2685/1735/1388 2656/1706/1359 2657/1707/1360
f 2685/1735/1388 2684/1734/1387 2656/1706/1359
f 2686/1736/1389 2657/1707/1360 2658/1708/1361
f 2686/1736/1389 2685/1735/1388 2657/1707/1360
f 2687/1737/1390 2658/1708/1361 2659/1709/1362
f 2687/1737/1390 2686/1736/1389 2658/1708/1361
f 2688/1738/1391 2659/1709/1362 2660/1710/1363
f 2688/1738/1391 2687/1737/1390 2659/1709/1362
f 2689/1739/1392 2660/1710/1363 2661/1711/1364
f 2689/1739/1392 2688/1738/1391 2660/1710/1363
f 2690/1740/1393 2661/1711/1364 2662/1712/1365
f 2690/1740/1393 2689/1739/1392 2661/1711/1364
f 2691/1741/1394 2662/1712/1365 2663/1713/1366
f 2691/1741/1394 2690/1740/1393 2662/1712/1365
f 2692/1742/1395 2663/1713/1366 2664/1714/1367
f 2692/1742/1395 2691/1741/1394 2663/1713/1366
f 2693/1743/1396 2664/1714/1367 2665/1715/1368
f 2693/1743/1396 2692/1742/1395 2664/1714/1367
f 2694/1744/1397 2665/1715/1368 2666/1716/1369
f 2694/1744/1397 2693/1743/1396 2665/1715/1368
f 2695/1745/1398 2666/1716/1369 2667/1717/1370
f 2695/1745/1398 2694/1744/1397 2666/1716/1369
f 2696/1746/1399 2667/1717/1370 2668/1718/1371
f 2696/1746/1399 2695/1745/1398 2667/1717/1370
f 2697/1747/1400 2668/1718/1371 2471/1527/1178
f 2697/1747/1400 2696/1746/1399 2668/1718/1371
f 2508/1562/1213 2697/1747/1400 2471/1527/1178
f 2581/1631/1284 2579/1630/1283 2669/1719/1372
f 2698/1748/1401 2669/1719/1372 2670/1720/1373
f 2698/1748/1401 2581/1631/1284 2669/1719/1372
f 2699/1749/1402 2670/1720/1373 2671/1721/1374
f 2699/1749/1402 2698/1748/1401 2670/1720/1373
f 2700/1750/1403 2671/1721/1374 2672/1722/1375
f 2700/1750/1403 2699/1749/1402 2671/1721/1374
f 2701/1751/1404 2672/1722/1375 2673/1723/1376
f 2701/1751/1404 2700/1750/1403 2672/1722/1375
f 2702/1752/1405 2673/1723/1376 2674/1724/1377
f 2702/1752/1405 2701/1751/1404 2673/1723/1376
f 2703/1753/1406 2674/1724/1377 2675/1725/1378
f 2703/1753/1406 2702/1752/1405 2674/1724/1377
f 2704/1754/1407 2675/1725/1378 2676/1726/1379
f 2704/1754/1407 2703/1753/1406 2675/1725/1378
f 2705/1755/1408 2676/1726/1379 2677/1727/1380
f 2705/1755/1408 2704/1754/1407 2676/1726/1379
f 2706/1756/1409 2677/1727/1380 2678/1728/1381
f 2706/1756/1409 2705/1755/1408 2677/1727/1380
f 2707/1757/1410 2678/1728/1381 2679/1729/1382
f 2707/1757/1410 2706/1756/1409 2678/1728/1381
f 2708/1758/1411 2679/1729/1382 2680/1730/1383
f 2708/1758/1411 2707/1757/1410 2679/1729/1382
f 2709/1759/1412 2680/1730/1383 2681/1731/1384
f 2709/1759/1412 2708/1758/1411 2680/1730/1383
f 2710/1760/1413 2681/1731/1384 2682/1732/1385
f 2710/1760/1413 2709/1759/1412 2681/1731/1384
f 2711/1761/1414 2682/1732/1385 2683/1733/1386
f 2711/1761/1414 2710/1760/1413 2682/1732/1385
f 2712/1762/1415 2683/1733/1386 2684/1734/1387
f 2712/1762/1415 2711/1761/1414 2683/1733/1386
f 2713/1763/1416 2684/1734/1387 2685/1735/1388
f 2713/1763/1416 2712/1762/1415 2684/1734/1387
f 2714/1764/1417 2685/1735/1388 2686/1736/1389
f 2714/1764/1417 2713/1763/1416 2685/1735/1388
f 2715/1765/1418 2686/1736/1389 2687/1737/1390
f 2715/1765/1418 2714/1764/1417 2686/1736/1389
f 2716/1766/1419 2687/1737/1390 2688/1738/1391
f 2716/1766/1419 2715/1765/1418 2687/1737/1390
f 2717/1767/1420 2688/1738/1391 2689/1739/1392
f 2717/1767/1420 2716/1766/1419 2688/1738/1391
f 2718/1768/1421 2689/1739/1392 2690/1740/1393
f 2718/1768/1421 2717/1767/1420 2689/1739/1392
f 2719/1769/1422 2690/1740/1393 2691/1741/1394
f 2719/1769/1422 2718/1768/1421 2690/1740/1393
f 2720/1770/1423 2691/1741/1394 2692/1742/1395
f 2720/1770/1423 2719/1769/1422 2691/1741/1394
f 2721/1771/1424 2692/1742/1395 2693/1743/1396
f 2721/1771/1424 2720/1770/1423 2692/1742/1395
f 2722/1772/1425 2693/1743/1396 2694/1744/1397
f 2722/1772/1425 2721/1771/1424 2693/1743/1396
f 2723/1773/1426 2694/1744/1397 2695/1745/1398
f 2723/1773/1426 2722/1772/1425 2694/1744/1397
f 2724/1774/1427 2695/1745/1398 2696/1746/1399
f 2724/1774/1427 2723/1773/1426 2695/1745/1398
f 2725/1775/1428 2696/1746/1399 2697/1747/1400
f 2725/1775/1428 2724/1774/1427 2696/1746/1399
f 2726/1776/1429 2697/1747/1400 2508/1562/1213
f 2726/1776/1429 2725/1775/1428 2697/1747/1400
f 2545/1597/1250 2726/1776/1429 2508/1562/1213
f 611/367/139 2581/1631/1284 2698/1748/1401
f 1156/718/473 2698/1748/1401 2699/1749/1402
f 1156/718/473 611/367/139 2698/1748/1401
f 1154/717/472 2699/1749/1402 2700/1750/1403
f 1154/717/472 1156/718/473 2699/1749/1402
f 1152/716/471 2700/1750/1403 2701/1751/1404
f 1152/716/471 1154/717/472 2700/1750/1403
f 1150/715/470 2701/1751/1404 2702/1752/1405
f 1150/715/470 1152/716/471 2701/1751/1404
f 1148/714/469 2702/1752/1405 2703/1753/1406
f 1148/714/469 1150/715/470 2702/1752/1405
f 1146/713/468 2703/1753/1406 2704/1754/1407
f 1146/713/468 1148/714/469 2703/1753/1406
f 1144/712/467 2704/1754/1407 2705/1755/1408
f 1144/712/467 1146/713/468 2704/1754/1407
f 1142/711/466 2705/1755/1408 2706/1756/1409
f 1142/711/466 1144/712/467 2705/1755/1408
f 1140/710/465 2706/1756/1409 2707/1757/1410
f 1140/710/465 1142/711/466 2706/1756/1409
f 1138/709/464 2707/1757/1410 2708/1758/1411
f 1138/709/464 1140/710/465 2707/1757/1410
f 1136/708/463 2708/1758/1411 2709/1759/1412
f 1136/708/463 1138/709/464 2708/1758/1411
f 1134/707/462 2709/1759/1412 2710/1760/1413
f 1134/707/462 1136/708/463 2709/1759/1412
f 1132/706/461 2710/1760/1413 2711/1761/1414
f 1132/706/461 1134/707/462 2710/1760/1413
f 1130/705/460 2711/1761/1414 2712/1762/1415
f 1130/705/460 1132/706/461 2711/1761/1414
f 818/518/254 2712/1762/1415 2713/1763/1416
f 818/518/254 1130/705/460 2712/1762/1415
f 807/513/248 2713/1763/1416 2714/1764/1417
f 807/513/248 818/518/254 2713/1763/1416
f 803/510/245 2714/1764/1417 2715/1765/1418
f 803/510/245 807/513/248 2714/1764/1417
f 798/506/241 2715/1765/1418 2716/1766/1419
f 798/506/241 803/510/245 2715/1765/1418
f 794/503/238 2716/1766/1419 2717/1767/1420
f 794/503/238 798/506/241 2716/1766/1419
f 790/500/235 2717/1767/1420 2718/1768/1421
f 790/500/235 794/503/238 2717/1767/1420
f 785/496/231 2718/1768/1421 2719/1769/1422
f 785/496/231 790/500/235 2718/1768/1421
f 780/492/227 2719/1769/1422 2720/1770/1423
f 780/492/227 785/496/231 2719/1769/1422
f 772/485/220 2720/1770/1423 2721/1771/1424
f 772/485/220 780/492/227 2720/1770/1423
f 768/482/217 2721/1771/1424 2722/1772/1425
f 768/482/217 772/485/220 2721/1771/1424
f 764/479/214 2722/1772/1425 2723/1773/1426
f 764/479/214 768/482/217 2722/1772/1425
f 760/476/212 2723/1773/1426 2724/1774/1427
f 760/476/212 764/479/214 2723/1773/1426
f 756/473/210 2724/1774/1427 2725/1775/1428
f 756/473/210 760/476/212 2724/1774/1427
f 752/470/208 2725/1775/1428 2726/1776/1429
f 752/470/208 756/473/210 2725/1775/1428
f 748/467/206 2726/1776/1429 2545/1597/1250
f 748/467/206 752/470/208 2726/1776/1429
f 744/464/204 748/467/206 2545/1597/1250
