v -8.798030 48.117905 6.486300
v -9.105119 47.753540 5.109655
v -9.092010 47.757206 5.183718
v -6.961687 47.757206 5.183718
v -9.092010 47.757206 5.183718
v -9.105119 47.753540 5.109655
v -9.080859 47.754311 5.249548
v -6.961687 47.745773 5.314174
v -9.080859 47.754311 5.249548
v -9.092010 47.757206 5.183718
v -6.961687 47.757206 5.183718
v -8.497977 50.780178 6.459709
v -8.752951 50.947235 5.049827
v -9.168141 49.134998 3.639047
v -8.561977 50.188580 6.488807
v -9.115447 47.745831 5.053587
v -9.115447 47.745831 5.053587
v -8.359024 54.018139 5.094182
v -8.360880 54.141811 4.988693
v -8.806635 52.246674 3.595266
v -8.356867 53.536232 5.456179
v -8.363336 53.025330 5.766850
v -8.379731 52.490883 6.023698
v -8.407009 51.938194 6.225052
v -8.446259 51.365971 6.371240
v -6.749120 54.870647 5.703290
v -8.360880 54.141811 4.988693
v -8.359024 54.018139 5.094182
v -8.368313 54.468468 4.681360
v -6.752729 55.153721 5.448840
v -8.368313 54.468468 4.681360
v -6.747240 54.575356 5.942799
v -8.356867 53.536232 5.456179
v -6.754182 53.623955 6.566416
v -8.363336 53.025330 5.766850
v -6.747307 54.268482 6.166915
v -6.771333 52.943737 6.898210
v -8.379731 52.490883 6.023698
v -6.800010 52.234150 7.159574
v -8.407009 51.938194 6.225052
v -6.841069 51.502483 7.348026
v -8.446259 51.365971 6.371240
v -6.894960 50.755512 7.461914
v -8.497977 50.780178 6.459709
v -8.561977 50.188580 6.488807
v -6.961687 49.999989 7.500064
v -8.561977 50.188580 6.488807
v -8.798030 48.117905 6.486300
v -6.961687 49.999989 7.500064
v -9.077504 46.698845 5.867392
v -9.017371 46.043953 6.484017
v -7.222218 47.699326 7.500061
v -9.017371 46.043953 6.484017
v -9.066400 46.759830 5.891746
v -9.046864 46.886486 5.923937
v -9.031376 47.016121 5.933664
v -9.020358 47.144882 5.920972
v -9.014048 47.269112 5.886502
v -9.012522 47.385441 5.831358
v -9.015721 47.490700 5.757070
v -9.023459 47.581924 5.665589
v -9.035432 47.656368 5.559340
v -9.051219 47.711605 5.441251
v -9.070288 47.745670 5.314755
v -9.547875 43.112000 5.185295
v -9.219954 43.967041 6.481939
v -7.461907 45.396313 7.500058
v -9.219954 43.967041 6.481939
v -9.248519 46.257206 5.183716
v -9.236835 46.260098 5.249484
v -9.224482 46.268764 5.314881
v -9.211556 46.283184 5.379390
v -9.198166 46.303261 5.442482
v -9.184429 46.328861 5.503635
v -9.170468 46.359791 5.562337
v -9.156414 46.395802 5.618094
v -9.142401 46.436596 5.670443
v -9.128562 46.481823 5.718947
v -9.115027 46.531101 5.763217
v -9.101926 46.584000 5.802906
v -9.089381 46.640072 5.837713
v -9.405740 41.887486 6.480053
v -7.680753 43.090946 7.500055
v -9.405740 41.887486 6.480053
v -9.802211 39.959202 5.228637
v -9.574696 39.805576 6.478352
v -7.878757 40.783226 7.500052
v -9.574696 39.805576 6.478352
v -10.019295 36.803535 5.265630
v -9.726789 37.721596 6.476831
v -8.055917 38.473160 7.500049
v -9.726789 37.721596 6.476831
v -9.861994 35.635830 6.475491
v -8.212350 36.158558 7.500046
v -9.861994 35.635830 6.475491
v -10.199097 33.645458 5.296270
v -9.980292 33.548508 6.474332
v -8.343421 33.925564 7.500043
v -9.980292 33.548508 6.474332
v -10.341590 30.485424 5.320551
v -10.081673 31.459717 6.473351
v -8.451131 31.775335 7.500041
v -10.081673 31.459717 6.473351
v -10.166122 29.369671 6.472540
v -8.540899 29.622189 7.500038
v -10.166122 29.369671 6.472540
v -10.446754 27.323885 5.338470
v -10.233625 27.278625 6.471891
v -8.612588 27.468290 7.500035
v -10.233625 27.278625 6.471891
v -10.514574 24.161295 5.350024
v -10.284171 25.186840 6.471401
v -8.666197 25.313639 7.500032
v -10.284171 25.186840 6.471401
v -10.317753 23.094563 6.471072
v -8.701726 23.158236 7.500030
v -10.317753 23.094563 6.471072
v -10.545041 20.998106 5.355213
v -10.334359 21.002052 6.470903
v -10.334359 21.002052 6.470903
v -9.525905 21.002064 6.986018
v -8.719181 21.002079 7.500031
v -10.335494 20.998112 6.465517
v -9.886547 20.496916 6.158508
v -10.334359 21.002052 6.470903
v -10.335494 20.998112 6.465517
v -9.439765 19.999989 5.855173
v -9.525905 21.002064 6.986018
v -9.886547 20.496916 6.158508
v -10.335494 20.998112 6.465517
v -10.545041 20.998106 5.355213
v -10.573507 20.998108 5.185416
v -9.570801 19.999994 5.130348
v -10.573507 20.998108 5.185416
v -9.439765 19.999989 5.855173
v -10.669547 27.263046 3.820867
v -10.759040 20.998108 3.896659
v -10.766859 20.998108 3.832645
v -10.736652 24.130867 3.828990
v -10.565555 30.394201 3.808275
v -10.424690 33.523895 3.791218
v -10.246971 36.651684 3.769697
v -10.032424 39.777130 3.743716
v -9.781079 42.899792 3.713277
v -9.256650 46.258770 5.135309
v -9.492971 46.019226 3.678386
v -6.961687 46.268639 5.053259
v -9.256650 46.258770 5.135309
v -9.248519 46.257206 5.183716
v -9.269792 46.268967 5.051425
v -9.269792 46.268967 5.051425
v -6.961687 46.257206 5.183716
v -9.248519 46.257206 5.183716
v -9.236835 46.260098 5.249484
v -6.961687 46.257206 5.183716
v -6.961687 46.268608 5.313982
v -9.224482 46.268764 5.314881
v -9.211556 46.283184 5.379390
v -6.961687 46.302429 5.440213
v -9.198166 46.303261 5.442482
v -9.184429 46.328861 5.503635
v -6.961687 46.357727 5.558780
v -9.170468 46.359791 5.562337
v -9.156414 46.395802 5.618094
v -6.961687 46.432785 5.665938
v -9.142401 46.436596 5.670443
v -9.128562 46.481823 5.718947
v -6.961687 46.525131 5.758262
v -9.115027 46.531101 5.763217
v -9.101926 46.584000 5.802906
v -6.961687 46.632206 5.833234
v -9.089381 46.640072 5.837713
v -9.077504 46.698845 5.867392
v -6.961687 46.750599 5.888453
v -9.066400 46.759830 5.891746
v -6.961687 46.877079 5.922340
v -9.046864 46.886486 5.923937
v -6.961687 47.007423 5.933715
v -9.031376 47.016121 5.933664
v -6.961687 47.137627 5.922289
v -9.020358 47.144882 5.920972
v -6.961687 47.263844 5.888443
v -9.014048 47.269112 5.886502
v -6.961687 47.382065 5.833320
v -9.012522 47.385441 5.831358
v -6.961687 47.489082 5.758430
v -9.015721 47.490700 5.757070
v -6.961687 47.581528 5.666063
v -9.023459 47.581924 5.665589
v -9.035432 47.656368 5.559340
v -6.961687 47.656624 5.558890
v -9.051219 47.711605 5.441251
v -6.961687 47.711922 5.440385
v -9.070288 47.745670 5.314755
v -9.140093 47.711975 4.927196
v -6.961687 47.745808 5.053451
v -9.140093 47.711975 4.927196
v -9.165235 47.656631 4.808555
v -6.961687 47.656689 4.808653
v -9.165235 47.656631 4.808555
v -6.961687 47.711983 4.927220
v -9.190184 47.581547 4.701399
v -6.961687 47.581631 4.701495
v -9.190184 47.581547 4.701399
v -9.214285 47.489117 4.609033
v -6.961687 47.489281 4.609171
v -9.214285 47.489117 4.609033
v -9.236936 47.382267 4.534233
v -9.236936 47.382267 4.534233
v -9.257578 47.264336 4.479172
v -6.961687 47.382210 4.534200
v -9.257578 47.264336 4.479172
v -9.275707 47.138966 4.445380
v -6.961687 47.263813 4.478981
v -9.275707 47.138966 4.445380
v -9.290859 47.010014 4.433722
v -6.961687 47.137341 4.445093
v -9.290859 47.010014 4.433722
v -9.302632 46.881393 4.444345
v -6.961687 47.006992 4.433718
v -9.302632 46.881393 4.444345
v -9.310699 46.756855 4.476735
v -6.961687 46.876789 4.445144
v -9.310699 46.756855 4.476735
v -9.314843 46.637383 4.531238
v -6.961687 46.750568 4.478991
v -9.314843 46.637383 4.531238
v -9.314639 46.529377 4.605635
v -6.961687 46.632351 4.534115
v -9.314639 46.529377 4.605635
v -9.309978 46.435986 4.697708
v -6.961687 46.525330 4.609004
v -9.309978 46.435986 4.697708
v -9.300852 46.359966 4.804799
v -6.961687 46.432888 4.701372
v -9.300852 46.359966 4.804799
v -9.294645 46.329220 4.863036
v -6.961687 46.357788 4.808543
v -9.294645 46.329220 4.863036
v -9.287373 46.303665 4.923852
v -9.287373 46.303665 4.923852
v -9.279074 46.283520 4.986803
v -6.961687 46.302490 4.927048
v -9.279074 46.283520 4.986803
v -9.684478 19.999994 4.402869
v -10.759040 20.998108 3.896659
v -10.766859 20.998108 3.832645
v -10.891785 20.998110 2.601399
v -9.780788 19.999996 3.672771
v -10.891785 20.998110 2.601399
v -10.883638 24.191780 2.298885
v -10.914943 20.998110 2.301147
v -10.813806 27.384834 2.293834
v -10.705460 30.576811 2.285996
v -10.558614 33.767239 2.275371
v -10.373290 36.955654 2.261961
v -10.149516 40.141586 2.245768
v -9.887323 43.324574 2.226795
v -9.586752 46.504147 2.205044
v -9.247844 49.679844 2.180517
v -8.401421 55.256374 3.711065
v -8.407328 55.359169 3.550717
v -8.870650 52.851200 2.153220
v -8.383134 54.884937 4.216986
v -6.787780 56.358395 3.977602
v -8.407328 55.359169 3.550717
v -8.401421 55.256374 3.711065
v -8.421319 55.581219 3.164326
v -8.421319 55.581219 3.164326
v -6.779358 56.147865 4.295847
v -8.383134 54.884937 4.216986
v -6.764116 55.679897 4.897896
v -6.771386 55.921455 4.602925
v -6.757811 55.423603 5.180268
v -8.967915 52.625080 -0.725205
v -8.636754 55.246304 0.126486
v -8.638470 55.235573 0.000071
v -6.961687 55.235573 0.000071
v -8.638470 55.235573 0.000071
v -8.636754 55.246304 0.126486
v -8.636754 55.246300 -0.126336
v -6.961687 55.247005 -0.130385
v -8.636754 55.246300 -0.126336
v -8.638470 55.235573 0.000071
v -6.961687 55.235573 0.000071
v -8.631669 55.278229 0.249408
v -6.961687 55.246971 0.130337
v -8.631669 55.278229 0.249408
v -8.623400 55.330563 0.365401
v -6.961687 55.280792 0.256569
v -8.623400 55.330563 0.365401
v -8.612250 55.401962 0.471133
v -6.961687 55.336090 0.375135
v -8.612250 55.401962 0.471133
v -8.598633 55.490505 0.563464
v -6.961687 55.411148 0.482293
v -8.598633 55.490505 0.563464
v -8.583056 55.593723 0.639568
v -6.961687 55.503498 0.574617
v -8.583056 55.593723 0.639568
v -8.566091 55.708622 0.697064
v -6.961687 55.610569 0.649589
v -8.566091 55.708622 0.697064
v -8.971624 52.597111 0.715944
v -8.561807 55.738064 0.708055
v -6.961687 55.728966 0.704808
v -8.561807 55.738064 0.708055
v -8.454260 56.023285 2.125935
v -8.548345 55.831783 0.734135
v -8.548345 55.831783 0.734135
v -9.340705 49.476048 -0.734269
v -9.343767 49.450836 0.724865
v -9.675663 46.322762 -0.742413
v -9.678143 46.300323 0.732881
v -9.972740 43.165680 -0.749636
v -9.974706 43.146027 0.739990
v -10.231893 40.005257 -0.755938
v -10.233412 39.988396 0.746190
v -10.453085 36.841949 -0.761317
v -10.454224 36.827885 0.751482
v -10.636285 33.676212 -0.765773
v -10.637110 33.664955 0.755864
v -10.781464 30.508507 -0.769305
v -10.782044 30.500053 0.759337
v -10.888604 27.339283 -0.771913
v -10.889004 27.333645 0.761898
v -10.957688 24.169001 -0.773596
v -10.957976 24.166178 0.763548
v -10.998114 20.998114 0.000027
v -10.988950 20.998112 0.764287
v -10.988706 20.998116 -0.774354
v -9.991221 20.000000 0.736234
v -10.988950 20.998112 0.764287
v -10.998114 20.998114 0.000027
v -10.971520 20.998112 1.301799
v -9.964894 19.999998 1.471975
v -10.971520 20.998112 1.301799
v -10.000000 20.000000 0.000024
v -10.988706 20.998116 -0.774354
v -10.971520 20.998116 -1.301745
v -9.991221 20.000000 -0.736186
v -10.971520 20.998116 -1.301745
v -10.882912 24.191402 -2.308911
v -10.914211 20.998117 -2.311190
v -10.813097 27.384075 -2.303831
v -10.704778 30.575666 -2.295952
v -10.557969 33.765713 -2.285275
v -10.372693 36.953743 -2.271802
v -10.148976 40.139297 -2.255533
v -9.886852 43.321903 -2.236473
v -9.586357 46.501099 -2.214622
v -9.247538 49.676414 -2.189985
v -8.566091 55.708618 -0.696921
v -8.557392 55.768600 -0.717859
v -8.870442 52.847393 -2.162566
v -8.583056 55.593719 -0.639424
v -8.598634 55.490501 -0.563318
v -8.612250 55.401958 -0.470986
v -8.623400 55.330563 -0.365254
v -8.631670 55.278229 -0.249259
v -6.961687 55.728931 -0.704654
v -8.557392 55.768600 -0.717859
v -8.566091 55.708618 -0.696921
v -8.548345 55.831783 -0.733992
v -6.961687 55.855148 -0.738501
v -8.548345 55.831783 -0.733992
v -6.961687 55.610714 -0.649531
v -8.583056 55.593719 -0.639424
v -6.961687 55.503693 -0.574641
v -8.598634 55.490501 -0.563318
v -6.961687 55.411251 -0.482274
v -8.612250 55.401958 -0.470986
v -6.961687 55.336151 -0.375101
v -8.623400 55.330563 -0.365254
v -6.961687 55.280857 -0.256596
v -8.631670 55.278229 -0.249259
v -8.530431 55.959450 0.749617
v -6.961687 55.855442 0.738694
v -8.530431 55.959450 0.749617
v -8.458523 56.074612 1.963023
v -8.512935 56.087654 0.743092
v -6.961687 55.985786 0.750071
v -8.512935 56.087654 0.743092
v -8.465986 56.161983 1.645064
v -8.496362 56.212593 0.714888
v -6.961687 56.115993 0.738644
v -8.496362 56.212593 0.714888
v -8.472332 56.234028 1.322050
v -8.492997 56.238407 0.706169
v -8.492997 56.238407 0.706169
v -8.480774 56.326752 0.704687
v -8.481134 56.330666 0.665963
v -6.961687 56.242210 0.704797
v -8.481134 56.330666 0.665963
v -6.844627 57.413280 1.137302
v -8.480774 56.326752 0.704687
v -8.472332 56.234028 1.322050
v -6.847787 57.461430 0.759706
v -8.481134 56.330666 0.665963
v -6.834818 57.259617 1.883669
v -8.465986 56.161983 1.645064
v -6.840252 57.345898 1.512594
v -6.828418 57.154552 2.250028
v -8.458523 56.074612 1.963023
v -8.454260 56.023285 2.125935
v -8.441019 55.856182 2.578183
v -6.821187 57.030983 2.610671
v -8.441019 55.856182 2.578183
v -9.921026 19.999998 2.206988
v -10.914943 20.998110 2.301147
v -9.859646 19.999996 2.940699
v -6.961687 56.360428 0.649674
v -8.358655 56.421627 0.610281
v -8.358655 56.421627 0.610281
v -6.805004 56.729660 3.310906
v -6.796406 56.552490 3.649022
v -6.813339 56.889172 2.964738
v -10.512875 24.161203 -5.359932
v -10.334362 21.002068 -6.470848
v -10.335494 20.998127 -6.465464
v -9.885500 20.495764 -6.157745
v -10.335494 20.998127 -6.465464
v -10.334362 21.002068 -6.470848
v -10.543338 20.998121 -5.365139
v -9.439764 20.000004 -5.855125
v -10.543338 20.998121 -5.365139
v -10.335494 20.998127 -6.465464
v -9.885500 20.495764 -6.157745
v -10.317754 23.094606 -6.471008
v -9.525908 21.002085 -6.985964
v -10.334362 21.002068 -6.470848
v -10.317754 23.094606 -6.471008
v -9.525908 21.002085 -6.985964
v -10.284173 25.186861 -6.471326
v -8.702654 23.081749 -7.499970
v -10.284173 25.186861 -6.471326
v -8.719182 21.002104 -7.499973
v -10.445063 27.323687 -5.348349
v -10.233630 27.278572 -6.471806
v -8.669302 25.160807 -7.499968
v -10.233630 27.278572 -6.471806
v -10.166131 29.369520 -6.472452
v -8.619126 27.239269 -7.499965
v -10.166131 29.369520 -6.472452
v -10.339911 30.485119 -5.330390
v -10.081683 31.459536 -6.473266
v -8.552122 29.317339 -7.499962
v -10.081683 31.459536 -6.473266
v -10.197435 33.645046 -5.306057
v -9.980300 33.548382 -6.474246
v -8.468362 31.393551 -7.499960
v -9.980300 33.548382 -6.474246
v -9.861997 35.635799 -6.475398
v -8.367886 33.467110 -7.499957
v -9.861997 35.635799 -6.475398
v -10.017655 36.803017 -5.275355
v -9.726792 37.721588 -6.476727
v -8.250620 35.540085 -7.499955
v -9.726792 37.721588 -6.476727
v -9.800596 39.958576 -5.238287
v -9.574704 39.805519 -6.478236
v -8.116554 37.612343 -7.499952
v -9.574704 39.805519 -6.478236
v -9.405757 41.887344 -6.479933
v -7.965652 39.684113 -7.499949
v -9.405757 41.887344 -6.479933
v -9.546291 43.111271 -5.194858
v -9.219978 43.966827 -6.481817
v -7.798297 41.750854 -7.499947
v -9.219978 43.966827 -6.481817
v -9.255064 46.258224 -5.144819
v -9.017399 46.043701 -6.483896
v -7.413613 45.877186 -7.499941
v -9.017399 46.043701 -6.483896
v -7.614361 43.814198 -7.499944
v -9.012522 47.385471 -5.831228
v -8.798051 48.117722 -6.486180
v -7.196057 47.939125 -7.499938
v -8.798051 48.117722 -6.486180
v -9.014048 47.269138 -5.886376
v -9.020358 47.144897 -5.920851
v -9.031377 47.016125 -5.933544
v -9.046865 46.886494 -5.923816
v -9.066401 46.759842 -5.891624
v -9.077506 46.698853 -5.867270
v -9.089382 46.640083 -5.837591
v -9.101927 46.584011 -5.802783
v -9.115028 46.531113 -5.763095
v -9.128562 46.481838 -5.718825
v -9.142402 46.436607 -5.670321
v -9.156415 46.395817 -5.617974
v -9.170468 46.359806 -5.562216
v -9.184429 46.328876 -5.503514
v -9.198167 46.303276 -5.442362
v -9.211557 46.283199 -5.379270
v -9.224482 46.268780 -5.314762
v -9.236835 46.260113 -5.249365
v -9.248519 46.257221 -5.183598
v -8.751582 50.945217 -5.059147
v -8.561977 50.188595 -6.488678
v -8.561977 50.188595 -6.488678
v -9.092010 47.757221 -5.183596
v -9.080860 47.754326 -5.249422
v -9.070289 47.745689 -5.314624
v -9.051221 47.711624 -5.441114
v -9.035434 47.656391 -5.559199
v -9.023460 47.581955 -5.665449
v -9.015722 47.490734 -5.756935
v -8.496784 50.792374 -6.458349
v -6.961687 50.000011 -7.499936
v -8.561977 50.188595 -6.488678
v -8.496784 50.792374 -6.458349
v -6.961687 50.000011 -7.499936
v -8.444585 51.387447 -6.366717
v -6.894939 50.755791 -7.461758
v -8.444585 51.387447 -6.366717
v -8.360773 54.135578 -4.994024
v -8.404937 51.973785 -6.213799
v -6.841032 51.503048 -7.347782
v -8.404937 51.973785 -6.213799
v -6.866381 51.130939 -7.414178
v -8.377533 52.547432 -5.999407
v -6.800034 52.233810 -7.159550
v -8.377533 52.547432 -5.999407
v -8.361942 53.094105 -5.728827
v -6.771353 52.943176 -6.898319
v -8.361942 53.094105 -5.728827
v -8.356675 53.612698 -5.403406
v -6.754191 53.623768 -6.566388
v -8.356675 53.612698 -5.403406
v -8.360232 54.102421 -5.022768
v -6.747304 54.268196 -6.166985
v -8.360232 54.102421 -5.022768
v -8.360773 54.135578 -4.994024
v -8.805656 52.245327 -3.604580
v -8.407061 55.354721 -3.557769
v -8.370806 54.552143 -4.595094
v -6.749110 54.870125 -5.703611
v -8.370806 54.552143 -4.595094
v -9.103402 47.754440 -5.119048
v -9.167118 49.133789 -3.648480
v -6.961687 47.745789 -5.053139
v -9.103402 47.754440 -5.119048
v -9.092010 47.757221 -5.183596
v -9.115449 47.745846 -5.053458
v -9.115449 47.745846 -5.053458
v -6.961687 47.757221 -5.183596
v -9.092010 47.757221 -5.183596
v -9.080860 47.754326 -5.249422
v -6.961687 47.757221 -5.183596
v -6.961687 47.745823 -5.313862
v -9.070289 47.745689 -5.314624
v -6.961687 47.711998 -5.440093
v -9.051221 47.711624 -5.441114
v -6.961687 47.656704 -5.558660
v -9.035434 47.656391 -5.559199
v -9.023460 47.581955 -5.665449
v -6.961687 47.581646 -5.665818
v -9.015722 47.490734 -5.756935
v -6.961687 47.489296 -5.758142
v -9.012522 47.385471 -5.831228
v -6.961687 47.382225 -5.833114
v -9.014048 47.269138 -5.886376
v -6.961687 47.263828 -5.888332
v -9.020358 47.144897 -5.920851
v -6.961687 47.137352 -5.922220
v -9.031377 47.016125 -5.933544
v -6.961687 47.007004 -5.933595
v -9.046865 46.886494 -5.923816
v -6.961687 46.876801 -5.922169
v -9.066401 46.759842 -5.891624
v -6.961687 46.750584 -5.888322
v -9.077506 46.698853 -5.867270
v -9.089382 46.640083 -5.837591
v -6.961687 46.632366 -5.833200
v -9.101927 46.584011 -5.802783
v -9.115028 46.531113 -5.763095
v -6.961687 46.525345 -5.758309
v -9.128562 46.481838 -5.718825
v -9.142402 46.436607 -5.670321
v -6.961687 46.432903 -5.665942
v -9.156415 46.395817 -5.617974
v -9.170468 46.359806 -5.562216
v -6.961687 46.357803 -5.558770
v -9.184429 46.328876 -5.503514
v -9.198167 46.303276 -5.442362
v -6.961687 46.302505 -5.440265
v -9.211557 46.283199 -5.379270
v -9.224482 46.268780 -5.314762
v -6.961687 46.268654 -5.314054
v -9.236835 46.260113 -5.249365
v -9.248519 46.257221 -5.183598
v -6.961687 46.257221 -5.183598
v -9.248519 46.257221 -5.183598
v -9.255064 46.258224 -5.144819
v -6.961687 46.257221 -5.183598
v -9.491908 46.018150 -3.687926
v -9.269792 46.268982 -5.051307
v -6.961687 46.268623 -5.053331
v -9.269792 46.268982 -5.051307
v -9.779980 42.898849 -3.722914
v -10.031294 39.776321 -3.753438
v -10.245815 36.651012 -3.779493
v -10.423512 33.523361 -3.801077
v -10.564360 30.393805 -3.818186
v -10.668340 27.262785 -3.830817
v -10.735436 24.130743 -3.838969
v -10.573507 20.998119 -5.185363
v -9.570801 20.000006 -5.130299
v -10.573507 20.998119 -5.185363
v -10.759040 20.998119 -3.896605
v -9.684477 20.000006 -4.402820
v -10.759040 20.998119 -3.896605
v -9.279074 46.283535 -4.986685
v -9.279074 46.283535 -4.986685
v -9.287373 46.303680 -4.923734
v -6.961687 46.302444 -4.927100
v -9.287373 46.303680 -4.923734
v -9.294645 46.329235 -4.862918
v -9.294645 46.329235 -4.862918
v -9.300852 46.359982 -4.804681
v -6.961687 46.357742 -4.808533
v -9.300852 46.359982 -4.804681
v -9.309978 46.436001 -4.697588
v -6.961687 46.432800 -4.701375
v -9.309978 46.436001 -4.697588
v -9.314639 46.529392 -4.605515
v -6.961687 46.525146 -4.609051
v -9.314639 46.529392 -4.605515
v -9.314843 46.637398 -4.531118
v -6.961687 46.632221 -4.534080
v -9.314843 46.637398 -4.531118
v -9.310699 46.756870 -4.476615
v -6.961687 46.750614 -4.478860
v -9.310699 46.756870 -4.476615
v -9.302632 46.881401 -4.444225
v -6.961687 46.877090 -4.444973
v -9.302632 46.881401 -4.444225
v -9.290859 47.010021 -4.433602
v -6.961687 47.007435 -4.433598
v -9.290859 47.010021 -4.433602
v -9.275707 47.138973 -4.445260
v -6.961687 47.137638 -4.445024
v -9.275707 47.138973 -4.445260
v -9.257580 47.264347 -4.479048
v -6.961687 47.263859 -4.478870
v -9.257580 47.264347 -4.479048
v -9.236938 47.382271 -4.534104
v -6.961687 47.382080 -4.533995
v -9.236938 47.382271 -4.534104
v -9.214289 47.489120 -4.608901
v -6.961687 47.489098 -4.608884
v -9.214289 47.489120 -4.608901
v -9.190187 47.581551 -4.701262
v -6.961687 47.581543 -4.701251
v -9.190187 47.581551 -4.701262
v -9.165239 47.656639 -4.808418
v -9.165239 47.656639 -4.808418
v -9.140095 47.711983 -4.927062
v -6.961687 47.656639 -4.808423
v -9.140095 47.711983 -4.927062
v -6.961687 47.711937 -4.926928
v -8.386352 54.957939 -4.125256
v -6.757803 55.423134 -5.180634
v -8.386352 54.957939 -4.125256
v -6.752721 55.153156 -5.449247
v -8.405022 55.319820 -3.613206
v -6.771367 55.920944 -4.603461
v -8.405022 55.319820 -3.613206
v -6.764104 55.679314 -4.898447
v -6.779335 56.147358 -4.296441
v -8.407061 55.354721 -3.557769
v -8.454012 56.020275 -2.134942
v -8.424839 55.633095 -3.064278
v -6.787756 56.357834 -3.978370
v -8.424839 55.633095 -3.064278
v -10.765640 20.998119 -3.842641
v -9.780787 20.000004 -3.672724
v -10.765640 20.998119 -3.842641
v -10.891785 20.998117 -2.601346
v -9.859646 20.000004 -2.940651
v -10.891785 20.998117 -2.601346
v -9.921026 20.000002 -2.206940
v -10.914211 20.998117 -2.311190
v -8.443742 55.891582 -2.490179
v -6.804957 56.728779 -3.312571
v -8.443742 55.891582 -2.490179
v -6.796364 56.551659 -3.650386
v -6.821171 57.030449 -2.611987
v -8.454012 56.020275 -2.134942
v -6.813295 56.888523 -2.966121
v -8.530431 55.959450 -0.749473
v -8.512936 56.087650 -0.742949
v -8.460300 56.095726 -1.891407
v -6.828393 57.154140 -2.251228
v -8.460300 56.095726 -1.891407
v -9.964894 20.000002 -1.471927
v -8.496033 56.215111 -0.713939
v -8.473245 56.244198 -1.269278
v -6.834796 57.259274 -1.884873
v -8.473245 56.244198 -1.269278
v -8.496363 56.212593 -0.714744
v -8.480684 56.325813 -0.713646
v -6.844579 57.413025 -1.138819
v -8.480684 56.325813 -0.713646
v -6.840233 57.345585 -1.514001
v -8.481134 56.330666 -0.665819
v -8.481134 56.330666 -0.665819
v -6.961687 56.242180 -0.704665
v -8.496033 56.215111 -0.713939
v -8.496363 56.212593 -0.714744
v -8.481134 56.330666 -0.665819
v -6.961687 56.115700 -0.738551
v -8.512936 56.087650 -0.742949
v -6.961687 55.985355 -0.749927
v -8.530431 55.959450 -0.749473
v -6.961687 56.360573 -0.649446
v -8.358650 56.421696 -0.610089
v -6.847775 57.461273 -0.761096
v -8.358650 56.421696 -0.610089
v -6.961687 46.257206 5.183716
v -6.961687 47.757206 5.183718
v -6.961687 47.745808 5.053451
v -6.961687 46.268608 5.313982
v -6.961687 47.745773 5.314174
v -6.961687 46.268639 5.053259
v -6.961687 47.711983 4.927220
v -6.961687 46.302490 4.927048
v -6.961687 47.656689 4.808653
v -6.961687 46.357788 4.808543
v -6.961687 47.581631 4.701495
v -6.961687 46.432888 4.701372
v -6.961687 47.489281 4.609171
v -6.961687 46.525330 4.609004
v -6.961687 47.382210 4.534200
v -6.961687 46.632351 4.534115
v -6.961687 47.263813 4.478981
v -6.961687 46.876789 4.445144
v -6.961687 47.137341 4.445093
v -6.961687 46.750568 4.478991
v -6.961687 47.006992 4.433718
v -6.961687 46.302429 5.440213
v -6.961687 47.711922 5.440385
v -6.961687 46.357727 5.558780
v -6.961687 47.656624 5.558890
v -6.961687 46.432785 5.665938
v -6.961687 47.581528 5.666063
v -6.961687 46.525131 5.758262
v -6.961687 47.489082 5.758430
v -6.961687 46.632206 5.833234
v -6.961687 47.382065 5.833320
v -6.961687 46.750599 5.888453
v -6.961687 47.263844 5.888443
v -6.961687 47.137627 5.922289
v -6.961687 46.877079 5.922340
v -6.961687 47.007423 5.933715
v -6.961687 56.735573 0.000073
v -6.961687 55.235573 0.000071
v -6.961687 55.246971 0.130337
v -6.961687 56.724171 -0.130193
v -6.961687 55.247005 -0.130385
v -6.961687 56.724136 0.130529
v -6.961687 55.280792 0.256569
v -6.961687 56.690285 0.256740
v -6.961687 55.336090 0.375135
v -6.961687 56.634991 0.375244
v -6.961687 55.411148 0.482293
v -6.961687 56.559891 0.482417
v -6.961687 55.503498 0.574617
v -6.961687 56.467449 0.574784
v -6.961687 55.610569 0.649589
v -6.961687 56.360428 0.649674
v -6.961687 55.728966 0.704808
v -6.961687 56.115993 0.738644
v -6.961687 55.855442 0.738694
v -6.961687 56.242210 0.704797
v -6.961687 55.985786 0.750071
v -6.961687 56.467449 0.574784
v -8.256214 56.498623 0.547136
v -6.961687 56.559891 0.482417
v -8.105504 56.613667 0.409943
v -6.961687 56.634991 0.375244
v -8.172488 56.562263 0.479579
v -8.013194 56.685257 0.270147
v -6.961687 56.690285 0.256740
v -8.053090 56.654209 0.339814
v -7.964229 56.723587 0.133610
v -6.961687 56.724136 0.130529
v -7.984045 56.708046 0.201389
v -7.948973 56.735573 0.000073
v -6.961687 56.735573 0.000073
v -7.952739 56.732613 0.066627
v -7.952732 56.732616 -0.066422
v -6.961687 56.735573 0.000073
v -7.948973 56.735573 0.000073
v -6.961687 56.724171 -0.130193
v -6.850365 57.500000 -0.000610
v -7.948973 56.735573 0.000073
v -7.952739 56.732613 0.066627
v -7.952732 56.732616 -0.066422
v -7.964229 56.723587 0.133610
v -7.984045 56.708046 0.201389
v -8.013194 56.685257 0.270147
v -8.053090 56.654209 0.339814
v -6.849735 57.490345 0.380533
v -8.105504 56.613667 0.409943
v -8.172488 56.562263 0.479579
v -8.256214 56.498623 0.547136
v -6.961687 56.690350 -0.256425
v -6.961687 55.280857 -0.256596
v -6.961687 56.635052 -0.374992
v -6.961687 55.336151 -0.375101
v -6.961687 56.559994 -0.482150
v -6.961687 55.411251 -0.482274
v -6.961687 56.467644 -0.574474
v -6.961687 55.503693 -0.574641
v -6.961687 56.360573 -0.649446
v -6.961687 55.610714 -0.649531
v -6.961687 56.242180 -0.704665
v -6.961687 55.728931 -0.704654
v -6.961687 55.855148 -0.738501
v -6.961687 56.115700 -0.738551
v -6.961687 55.985355 -0.749927
v -6.961687 56.467644 -0.574474
v -8.256205 56.498795 -0.546830
v -6.961687 56.559994 -0.482150
v -8.172472 56.562481 -0.479173
v -6.961687 56.635052 -0.374992
v -8.053068 56.654369 -0.339352
v -6.961687 56.690350 -0.256425
v -8.105484 56.613876 -0.409482
v -7.984027 56.708103 -0.201046
v -8.013173 56.685360 -0.269730
v -7.964215 56.723610 -0.133345
v -8.256205 56.498795 -0.546830
v -8.172472 56.562481 -0.479173
v -8.105484 56.613876 -0.409482
v -6.849715 57.490292 -0.381384
v -8.053068 56.654369 -0.339352
v -8.013173 56.685360 -0.269730
v -7.984027 56.708103 -0.201046
v -7.964215 56.723610 -0.133345
v -6.000000 50.000011 -7.499936
v -6.961687 50.000011 -7.499936
v -6.894939 50.755791 -7.461758
v -6.000000 34.500011 -7.499956
v -7.196057 47.939125 -7.499938
v -6.961687 50.000011 -7.499936
v -6.000000 50.000011 -7.499936
v -6.000000 50.735291 -7.463805
v -6.866381 51.130939 -7.414178
v -6.000000 51.463238 -7.355813
v -6.841032 51.503048 -7.347782
v -6.000000 52.177185 -7.176971
v -6.800034 52.233810 -7.159550
v -6.000000 52.870209 -6.928996
v -6.771353 52.943176 -6.898319
v -6.000000 53.535553 -6.614305
v -6.754191 53.623768 -6.566388
v -6.000000 54.166813 -6.235933
v -6.747304 54.268196 -6.166985
v -6.000000 54.757900 -5.797553
v -6.749110 54.870125 -5.703611
v -6.752721 55.153156 -5.449247
v -6.000000 55.303219 -5.303317
v -6.757803 55.423134 -5.180634
v -6.764104 55.679314 -4.898447
v -6.000000 55.797451 -4.758042
v -6.771367 55.920944 -4.603461
v -6.779335 56.147358 -4.296441
v -6.000000 56.235817 -4.167014
v -6.787756 56.357834 -3.978370
v -6.796364 56.551659 -3.650386
v -6.000000 56.614208 -3.535784
v -6.804957 56.728779 -3.312571
v -6.813295 56.888523 -2.966121
v -6.000000 56.928944 -2.870427
v -6.821171 57.030449 -2.611987
v -6.828393 57.154140 -2.251228
v -6.000000 57.176929 -2.177471
v -6.834796 57.259274 -1.884873
v -6.840233 57.345585 -1.514001
v -6.000000 57.355789 -1.463598
v -6.844579 57.413025 -1.138819
v -6.847775 57.461273 -0.761096
v -6.000000 57.463848 -0.735438
v -6.849715 57.490292 -0.381384
v -6.850365 57.500000 -0.000610
v -6.000000 57.500000 0.000074
v -6.849735 57.490345 0.380533
v -6.000000 57.463871 0.735353
v -6.847787 57.461430 0.759706
v -6.844627 57.413280 1.137302
v -6.000000 57.355881 1.463305
v -6.840252 57.345898 1.512594
v -6.834818 57.259617 1.883669
v -6.000000 57.177032 2.177251
v -6.828418 57.154552 2.250028
v -6.821187 57.030983 2.610671
v -6.000000 56.929062 2.870275
v -6.813339 56.889172 2.964738
v -6.805004 56.729660 3.310906
v -6.000000 56.614368 3.535616
v -6.796406 56.552490 3.649022
v -6.787780 56.358395 3.977602
v -6.000000 56.236000 4.166879
v -6.779358 56.147865 4.295847
v -6.771386 55.921455 4.602925
v -6.000000 55.797615 4.757966
v -6.764116 55.679897 4.897896
v -6.757811 55.423603 5.180268
v -6.000000 55.303379 5.303284
v -6.752729 55.153721 5.448840
v -6.749120 54.870647 5.703290
v -6.000000 54.758106 5.797512
v -6.747240 54.575356 5.942799
v -6.747307 54.268482 6.166915
v -6.000000 54.167080 6.235884
v -6.754182 53.623955 6.566416
v -6.000000 53.535847 6.614275
v -6.771333 52.943737 6.898210
v -6.000000 52.870491 6.929008
v -6.800010 52.234150 7.159574
v -6.000000 52.177536 7.176994
v -6.841069 51.502483 7.348026
v -6.000000 51.463665 7.355857
v -6.894960 50.755512 7.461914
v -6.000000 50.735500 7.463912
v -6.961687 49.999989 7.500064
v -6.000000 49.999989 7.500064
v -7.222218 47.699326 7.500061
v -6.000000 49.999989 7.500064
v -6.961687 49.999989 7.500064
v 8.719300 21.002104 -7.499973
v -8.719182 21.002104 -7.499973
v -8.702654 23.081749 -7.499970
v -8.427680 20.000011 -6.499971
v -8.719182 21.002104 -7.499973
v 8.715411 21.000010 -7.499973
v -8.715291 21.000010 -7.499973
v -8.571559 20.500261 -7.000226
v -8.715291 21.000010 -7.499973
v 8.669543 25.155603 -7.499968
v -8.669302 25.160807 -7.499968
v 8.702825 23.078638 -7.499970
v 8.619450 27.232956 -7.499965
v -8.619126 27.239269 -7.499965
v 8.552502 29.310717 -7.499962
v -8.552122 29.317339 -7.499962
v 8.468775 31.387186 -7.499960
v -8.468362 31.393551 -7.499960
v 8.368307 33.461403 -7.499957
v -8.367886 33.467110 -7.499957
v -8.250620 35.540085 -7.499955
v -8.116554 37.612343 -7.499952
v -7.965652 39.684113 -7.499949
v -7.798297 41.750854 -7.499947
v -7.614361 43.814198 -7.499944
v -7.413613 45.877186 -7.499941
v -9.439764 20.000004 -5.855125
v 7.196122 47.939640 -7.499938
v 6.000000 50.000011 -7.499936
v 6.961808 50.000011 -7.499936
v 6.000000 50.735523 -7.463782
v 6.961808 50.000011 -7.499936
v 6.000000 50.000011 -7.499936
v 8.798286 48.115391 -6.486272
v 7.196122 47.939640 -7.499938
v 6.961808 50.000011 -7.499936
v 8.561966 50.188580 -6.488735
v 6.897024 50.731350 -7.464193
v 8.561966 50.188580 -6.488735
v 6.961808 50.000011 -7.499936
v 6.897024 50.731350 -7.464193
v 8.251028 35.535397 -7.499955
v 6.000000 34.500011 -7.499956
v 6.000000 34.861671 -7.478075
v 6.000000 50.000011 -7.499936
v 6.000000 34.500011 -7.499956
v 8.116924 37.608898 -7.499952
v 7.965955 39.682034 -7.499949
v 7.798521 41.749920 -7.499947
v 7.614506 43.814133 -7.499944
v 7.413688 45.877666 -7.499941
v 6.000000 50.735268 7.463935
v 6.000000 49.999989 7.500064
v 6.000000 36.745800 -6.489026
v 6.000000 50.735523 -7.463782
v 6.000000 35.217899 -7.412793
v 6.000000 35.563705 -7.305046
v 6.000000 35.894085 -7.156371
v 6.000000 36.204266 -6.968861
v 6.000000 36.489632 -6.745257
v -6.000000 34.861675 -7.478075
v 6.000000 34.500011 -7.499956
v -6.000000 34.500011 -7.499956
v 6.000000 34.861671 -7.478075
v -6.000000 34.861675 -7.478075
v -6.000000 34.500011 -7.499956
v -6.000000 50.000011 -7.499936
v -6.000000 49.999989 7.500064
v -6.000000 50.735291 -7.463805
v -6.000000 36.745785 6.489120
v -6.000000 35.217892 -7.412795
v -6.000000 35.563717 -7.305042
v -6.000000 35.893978 -7.156427
v -6.000000 36.203899 -6.969114
v -6.000000 36.489082 -6.745745
v -6.000000 36.745312 -6.489576
v -6.000000 36.968914 -6.204211
v -6.000000 37.156425 -5.894028
v -6.000000 37.305099 -5.563650
v -6.000000 37.412846 -5.217844
v -6.000000 37.478127 -4.861611
v -6.000000 37.500008 -4.499952
v -6.000000 37.499992 4.500048
v -6.000000 37.478111 4.861710
v -6.000000 37.412834 5.217932
v -6.000000 37.305080 5.563758
v -6.000000 37.156464 5.894019
v -6.000000 36.969151 6.203937
v -8.571559 20.500261 -7.000226
v -8.715291 21.000010 -7.499973
v 8.715411 21.000010 -7.499973
v 8.571673 20.500259 -7.000225
v 8.715411 21.000010 -7.499973
v 8.719300 21.002104 -7.499973
v -8.427680 20.000011 -6.499971
v 8.571673 20.500259 -7.000225
v 10.317729 23.095804 -6.471058
v 8.719300 21.002104 -7.499973
v 8.702825 23.078638 -7.499970
v 10.334350 21.002068 -6.470904
v 9.525959 21.002083 -6.985993
v 9.525959 21.002083 -6.985993
v 8.669543 25.155603 -7.499968
v 10.284119 25.189024 -6.471377
v 8.619450 27.232956 -7.499965
v 10.233535 27.281603 -6.471855
v 8.552502 29.310717 -7.499962
v 10.165965 29.373789 -6.472501
v 8.468775 31.387186 -7.499960
v 10.081473 31.463989 -6.473321
v 8.368307 33.461403 -7.499957
v 9.980136 33.551296 -6.474298
v 8.251028 35.535397 -7.499955
v 9.861854 35.637978 -6.475453
v 8.116924 37.608898 -7.499952
v 9.726626 37.723827 -6.476787
v 7.965955 39.682034 -7.499949
v 9.574422 39.809063 -6.478282
v 7.798521 41.749920 -7.499947
v 9.405609 41.888966 -6.479979
v 7.614506 43.814133 -7.499944
v 9.220118 43.965202 -6.481869
v 7.413688 45.877666 -7.499941
v 9.017674 46.040894 -6.483938
v 10.545140 20.998121 -5.354578
v 10.334350 21.002068 -6.470904
v 10.317729 23.095804 -6.471058
v 9.439752 20.000004 -5.855185
v 10.334350 21.002068 -6.470904
v 10.335482 20.998127 -6.465520
v 9.885479 20.495754 -6.157796
v 10.335482 20.998127 -6.465520
v 10.514673 24.161308 -5.349382
v 10.284119 25.189024 -6.471377
v 10.233535 27.281603 -6.471855
v 10.446853 27.323898 -5.337821
v 10.165965 29.373789 -6.472501
v 10.341688 30.485437 -5.319896
v 10.081473 31.463989 -6.473321
v 9.980136 33.551296 -6.474298
v 10.199195 33.645470 -5.295609
v 9.861854 35.637978 -6.475453
v 10.019393 36.803547 -5.264965
v 9.726626 37.723827 -6.476787
v 9.574422 39.809063 -6.478282
v 9.802308 39.959209 -5.227968
v 9.405609 41.888966 -6.479979
v 9.547971 43.112007 -5.184622
v 9.220118 43.965202 -6.481869
v 9.017674 46.040894 -6.483938
v 9.073101 46.722275 -5.877358
v 8.798286 48.115391 -6.486272
v 9.236476 46.260288 -5.251324
v 9.248519 46.257221 -5.183598
v 9.223726 46.269482 -5.318642
v 9.210375 46.284767 -5.384983
v 9.196543 46.306046 -5.449773
v 9.182358 46.333157 -5.512440
v 9.167956 46.365887 -5.572428
v 9.153481 46.403950 -5.629203
v 9.139078 46.447014 -5.682263
v 9.124892 46.494690 -5.731145
v 9.111068 46.546535 -5.775432
v 9.097743 46.602089 -5.814759
v 9.085047 46.660839 -5.848818
v 9.105221 47.753502 -5.108972
v 8.561966 50.188580 -6.488735
v 9.062013 46.785854 -5.900183
v 9.051879 46.851048 -5.917156
v 9.042781 46.917309 -5.928188
v 9.034793 46.984104 -5.933240
v 9.027971 47.050892 -5.932324
v 9.022358 47.117168 -5.925494
v 9.017985 47.182446 -5.912840
v 9.014871 47.246246 -5.894487
v 9.013025 47.308121 -5.870589
v 9.012446 47.367626 -5.841326
v 9.013126 47.424328 -5.806911
v 9.015045 47.477818 -5.767582
v 9.018179 47.527687 -5.723612
v 9.026723 47.606850 -5.634091
v 9.038775 47.670998 -5.532740
v 9.053974 47.718330 -5.421981
v 9.071886 47.747398 -5.304579
v 9.092010 47.757221 -5.183596
v 8.496459 50.795570 -6.458077
v 8.496459 50.795570 -6.458077
v 8.427790 20.000011 -6.499971
v 6.961808 46.257221 -5.183598
v 9.248519 46.257221 -5.183598
v 9.236476 46.260288 -5.251324
v 9.256740 46.258823 -5.134641
v 6.961808 46.268654 -5.053141
v 9.256740 46.258823 -5.134641
v 9.248519 46.257221 -5.183598
v 6.961808 46.257221 -5.183598
v 6.961808 46.268623 -5.313864
v 9.223726 46.269482 -5.318642
v 9.210375 46.284767 -5.384983
v 6.961808 46.302444 -5.440095
v 9.196543 46.306046 -5.449773
v 9.182358 46.333157 -5.512440
v 6.961808 46.357742 -5.558662
v 9.167956 46.365887 -5.572428
v 9.153481 46.403950 -5.629203
v 6.961808 46.432800 -5.665819
v 9.139078 46.447014 -5.682263
v 9.124892 46.494690 -5.731145
v 6.961808 46.525146 -5.758142
v 9.111068 46.546535 -5.775432
v 9.097743 46.602089 -5.814759
v 6.961808 46.632221 -5.833115
v 9.085047 46.660839 -5.848818
v 9.073101 46.722275 -5.877358
v 6.961808 46.750614 -5.888333
v 9.062013 46.785854 -5.900183
v 9.051879 46.851048 -5.917156
v 6.961808 46.877094 -5.922220
v 9.042781 46.917309 -5.928188
v 9.034793 46.984104 -5.933240
v 6.961808 47.007439 -5.933595
v 9.027971 47.050892 -5.932324
v 9.022358 47.117168 -5.925494
v 6.961808 47.137642 -5.922169
v 9.017985 47.182446 -5.912840
v 9.014871 47.246246 -5.894487
v 6.961808 47.263859 -5.888321
v 9.013025 47.308121 -5.870589
v 9.012446 47.367626 -5.841326
v 6.961808 47.382080 -5.833199
v 9.013126 47.424328 -5.806911
v 9.015045 47.477818 -5.767582
v 6.961808 47.489098 -5.758308
v 9.018179 47.527687 -5.723612
v 6.961808 47.581543 -5.665941
v 9.026723 47.606850 -5.634091
v 6.961808 47.656639 -5.558768
v 9.038775 47.670998 -5.532740
v 6.961808 47.711937 -5.440263
v 9.053974 47.718330 -5.421981
v 6.961808 47.745789 -5.314052
v 9.071886 47.747398 -5.304579
v 9.092010 47.757221 -5.183596
v 6.961808 47.757221 -5.183596
v 9.092010 47.757221 -5.183596
v 9.105221 47.753502 -5.108972
v 6.961808 47.757221 -5.183596
v 8.752704 50.950180 -5.049091
v 9.167799 49.138733 -3.638306
v 9.115683 47.745625 -5.052208
v 6.961808 47.745823 -5.053329
v 9.115683 47.745625 -5.052208
v 8.360260 54.104954 -5.020661
v 8.360950 54.146713 -4.984355
v 8.806198 52.250813 -3.594512
v 8.356655 53.620136 -5.398259
v 8.361808 53.100487 -5.725309
v 8.377437 52.549652 -5.998502
v 8.404501 51.981163 -6.211516
v 8.443885 51.396328 -6.364927
v 6.755211 55.289650 -5.316854
v 8.360950 54.146713 -4.984355
v 8.360260 54.104954 -5.020661
v 8.370877 54.554832 -4.592353
v 8.370877 54.554832 -4.592353
v 6.748185 54.741714 -5.810801
v 8.356655 53.620136 -5.398259
v 6.748012 54.149319 -6.247588
v 8.361808 53.100487 -5.725309
v 6.756269 53.519955 -6.622617
v 8.377437 52.549652 -5.998502
v 6.774437 52.854996 -6.935280
v 8.404501 51.981163 -6.211516
v 6.803542 52.164452 -7.180823
v 8.443885 51.396328 -6.364927
v 6.844344 51.453648 -7.357715
v 9.885479 20.495754 -6.157796
v 10.335482 20.998127 -6.465520
v 10.545140 20.998121 -5.354578
v 10.573500 20.998119 -5.185408
v 9.570792 20.000006 -5.130352
v 10.573500 20.998119 -5.185408
v 9.439752 20.000004 -5.855185
v 10.669596 27.263889 -3.820200
v 10.759035 20.998119 -3.896639
v 10.766931 20.998119 -3.831995
v 10.736717 24.131294 -3.828332
v 10.565578 30.395460 -3.807600
v 10.424676 33.525566 -3.790533
v 10.246912 36.653770 -3.769001
v 10.032309 39.779629 -3.743009
v 9.780898 42.902699 -3.712560
v 9.492715 46.022549 -3.677657
v 9.269526 46.268665 -5.053083
v 9.269526 46.268665 -5.053083
v 9.128024 47.731186 -4.987701
v 9.128024 47.731186 -4.987701
v 9.140577 47.711117 -4.924688
v 6.961808 47.711998 -4.927098
v 9.140577 47.711117 -4.924688
v 9.153253 47.685570 -4.863680
v 9.153253 47.685570 -4.863680
v 9.165960 47.654751 -4.805170
v 6.961808 47.656704 -4.808531
v 9.165960 47.654751 -4.805170
v 9.178609 47.618916 -4.749626
v 9.178609 47.618916 -4.749626
v 9.191116 47.578362 -4.697487
v 6.961808 47.581646 -4.701373
v 9.191116 47.578362 -4.697487
v 9.203399 47.533413 -4.649159
v 9.203399 47.533413 -4.649159
v 9.215379 47.484444 -4.605011
v 6.961808 47.489296 -4.609050
v 9.215379 47.484444 -4.605011
v 9.226980 47.431847 -4.565377
v 9.226980 47.431847 -4.565377
v 9.238130 47.376045 -4.530550
v 6.961808 47.382225 -4.534079
v 9.238130 47.376045 -4.530550
v 9.258803 47.256615 -4.476274
v 6.961808 47.263828 -4.478859
v 9.258803 47.256615 -4.476274
v 9.276888 47.129879 -4.443695
v 6.961808 47.137348 -4.444973
v 9.276888 47.129879 -4.443695
v 9.291922 46.999741 -4.433634
v 6.961808 47.007000 -4.433598
v 9.291922 46.999741 -4.433634
v 9.303498 46.870178 -4.446223
v 6.961808 46.876797 -4.445024
v 9.303498 46.870178 -4.446223
v 9.311275 46.745102 -4.480894
v 6.961808 46.750584 -4.478871
v 9.311275 46.745102 -4.480894
v 9.314992 46.628113 -4.536468
v 6.961808 46.632366 -4.533996
v 9.314992 46.628113 -4.536468
v 9.314464 46.522549 -4.611240
v 6.961808 46.525345 -4.608885
v 9.314464 46.522549 -4.611240
v 9.309596 46.431396 -4.703051
v 6.961808 46.432903 -4.701252
v 9.309596 46.431396 -4.703051
v 9.300386 46.357285 -4.809323
v 6.961808 46.357803 -4.808425
v 9.300386 46.357285 -4.809323
v 9.286948 46.302444 -4.927105
v 6.961808 46.302505 -4.926930
v 9.286948 46.302444 -4.927105
v 9.684471 20.000006 -4.402865
v 10.759035 20.998119 -3.896639
v 10.766931 20.998119 -3.831995
v 10.891783 20.998117 -2.601368
v 9.780783 20.000004 -3.672760
v 10.891783 20.998117 -2.601368
v 10.883683 24.191710 -2.298214
v 10.914988 20.998117 -2.300483
v 10.813854 27.384689 -2.293157
v 10.705513 30.576588 -2.285313
v 10.558674 33.766937 -2.274684
v 10.373358 36.955276 -2.261270
v 10.149594 40.141132 -2.245074
v 9.887414 43.324043 -2.226097
v 9.586856 46.503540 -2.204345
v 9.247964 49.679161 -2.179817
v 8.405194 55.323029 -3.608271
v 8.407413 55.360897 -3.547941
v 8.870787 52.850441 -2.152520
v 8.386590 54.963463 -4.118278
v 6.799077 56.606441 -3.550280
v 8.407413 55.360897 -3.547941
v 8.405194 55.323029 -3.608271
v 8.424883 55.633934 -3.062765
v 8.424883 55.633934 -3.062765
v 6.782481 56.225845 -4.181898
v 8.386590 54.963463 -4.118278
v 6.767283 55.786518 -4.771331
v 9.017388 46.043671 6.484070
v 9.254680 46.258095 5.147254
v 9.248519 46.257206 5.183716
v 6.961808 46.257206 5.183716
v 9.248519 46.257206 5.183716
v 9.254680 46.258095 5.147254
v 9.225374 46.267967 5.310291
v 6.961808 46.268639 5.314172
v 9.225374 46.267967 5.310291
v 9.248519 46.257206 5.183716
v 6.961808 46.257206 5.183716
v 9.219967 43.966797 6.481985
v 9.546202 43.111027 5.195608
v 9.492165 46.014751 3.688709
v 9.268601 46.267590 5.059362
v 9.268601 46.267590 5.059362
v 9.405746 41.887318 6.480095
v 9.800501 39.958363 5.239033
v 9.780160 42.895870 3.723686
v 9.726781 37.721565 6.476880
v 10.017555 36.802837 5.276096
v 10.031407 39.773766 3.754198
v 9.574693 39.805492 6.478395
v 9.861986 35.635777 6.475547
v 10.197330 33.644901 5.306794
v 10.245870 36.648880 3.780243
v 10.081671 31.459515 6.473403
v 10.339803 30.485004 5.331121
v 10.423520 33.521652 3.801817
v 9.980288 33.548359 6.474390
v 10.166119 29.369501 6.472585
v 10.444953 27.323605 5.349074
v 10.564331 30.392517 3.818916
v 10.284162 25.186844 6.471448
v 10.512763 24.161154 5.360651
v 10.668284 27.261923 3.831538
v 10.233618 27.278555 6.471933
v 10.335482 20.998112 6.465575
v 10.543226 20.998106 5.365849
v 10.735364 24.130304 3.839682
v 10.334350 21.002052 6.470959
v 10.317742 23.094591 6.471126
v 9.439752 19.999989 5.855241
v 10.543226 20.998106 5.365849
v 10.335482 20.998112 6.465575
v 10.573499 20.998108 5.185462
v 9.570791 19.999994 5.130407
v 10.573499 20.998108 5.185462
v 9.886531 20.496912 6.158568
v 10.335482 20.998112 6.465575
v 10.334350 21.002052 6.470959
v 9.886531 20.496912 6.158568
v 9.525963 21.002066 6.986047
v 10.334350 21.002052 6.470959
v 10.317742 23.094591 6.471126
v 9.525963 21.002066 6.986047
v 8.702775 23.081741 7.500030
v 10.284162 25.186844 6.471448
v 8.719303 21.002085 7.500027
v 8.669422 25.160822 7.500032
v 10.233618 27.278555 6.471933
v 8.619245 27.239319 7.500035
v 10.166119 29.369501 6.472585
v 8.552238 29.317455 7.500038
v 10.081671 31.459515 6.473403
v 8.468477 31.393679 7.500040
v 9.980288 33.548359 6.474390
v 8.368005 33.467144 7.500043
v 9.861986 35.635777 6.475547
v 8.250741 35.540073 7.500045
v 9.726781 37.721565 6.476880
v 8.116676 37.612316 7.500048
v 9.574693 39.805492 6.478395
v 7.965771 39.684120 7.500051
v 9.405746 41.887318 6.480095
v 7.798420 41.750809 7.500053
v 9.219967 43.966797 6.481985
v 7.413747 45.877037 7.500059
v 9.017388 46.043671 6.484070
v 7.614492 43.814068 7.500056
v 9.012903 47.314533 5.867859
v 8.798040 48.117695 6.486360
v 7.196188 47.939014 7.500062
v 8.798040 48.117695 6.486360
v 9.017031 47.199608 5.908618
v 9.025421 47.079315 5.930242
v 9.037939 46.956600 5.932007
v 9.054320 46.834599 5.913584
v 9.074140 46.716648 5.875145
v 9.096824 46.606125 5.817461
v 9.121658 46.506310 5.741929
v 9.147819 46.420238 5.650588
v 9.174418 46.350552 5.546071
v 9.200552 46.299320 5.431499
v 8.751826 50.942200 5.059958
v 8.561966 50.188564 6.488863
v 8.561966 50.188564 6.488863
v 9.092010 47.757206 5.183718
v 9.071643 47.747135 5.306225
v 9.053307 47.716755 5.426707
v 9.037859 47.667171 5.540016
v 9.025767 47.600010 5.643156
v 9.017406 47.517292 5.733546
v 9.013057 47.421307 5.809036
v 8.498350 50.776264 6.460153
v 6.961808 49.999989 7.500064
v 8.561966 50.188564 6.488863
v 8.498350 50.776264 6.460153
v 6.961808 49.999989 7.500064
v 8.447011 51.356262 6.373249
v 6.896937 50.732407 7.464217
v 8.447011 51.356262 6.373249
v 8.360687 54.131172 4.998064
v 8.407838 51.923943 6.229498
v 6.844223 51.455547 7.357468
v 8.407838 51.923943 6.229498
v 8.380205 52.478760 6.028848
v 6.803473 52.165844 7.180533
v 8.380205 52.478760 6.028848
v 8.363614 53.012001 5.774122
v 6.774285 52.859486 6.933560
v 8.363614 53.012001 5.774122
v 8.356909 53.522602 5.465457
v 6.756242 53.521557 6.621895
v 8.356909 53.522602 5.465457
v 8.358917 54.010258 5.100757
v 6.747999 54.150608 6.246859
v 8.358917 54.010258 5.100757
v 6.748207 54.745464 5.807866
v 8.360687 54.131172 4.998064
v 8.806098 52.241096 3.605387
v 8.406969 55.353260 3.560297
v 8.368163 54.463730 4.686244
v 8.368163 54.463730 4.686244
v 9.103440 47.754406 5.118954
v 9.167463 49.129974 3.649275
v 6.961808 47.745773 5.053261
v 9.103440 47.754406 5.118954
v 9.092010 47.757206 5.183718
v 9.113257 47.747803 5.065317
v 9.113257 47.747803 5.065317
v 6.961808 47.757206 5.183718
v 9.092010 47.757206 5.183718
v 9.071643 47.747135 5.306225
v 6.961808 47.757206 5.183718
v 6.961808 47.745808 5.313984
v 9.053307 47.716755 5.426707
v 6.961808 47.711983 5.440215
v 9.037859 47.667171 5.540016
v 6.961808 47.656689 5.558782
v 9.025767 47.600010 5.643156
v 6.961808 47.581631 5.665940
v 9.017406 47.517292 5.733546
v 6.961808 47.489281 5.758263
v 9.013057 47.421307 5.809036
v 6.961808 47.382210 5.833235
v 9.012903 47.314533 5.867859
v 6.961808 47.263813 5.888453
v 9.017031 47.199608 5.908618
v 6.961808 47.137337 5.922340
v 9.025421 47.079315 5.930242
v 6.961808 47.006989 5.933715
v 9.037939 46.956600 5.932007
v 6.961808 46.876785 5.922289
v 9.054320 46.834599 5.913584
v 6.961808 46.750568 5.888442
v 9.074140 46.716648 5.875145
v 6.961808 46.632351 5.833319
v 9.096824 46.606125 5.817461
v 6.961808 46.525330 5.758429
v 9.121658 46.506310 5.741929
v 6.961808 46.432888 5.666061
v 9.147819 46.420238 5.650588
v 6.961808 46.357788 5.558888
v 9.174418 46.350552 5.546071
v 6.961808 46.302490 5.440383
v 9.200552 46.299320 5.431499
v 9.285727 46.299015 4.936807
v 6.961808 46.268608 5.053449
v 9.285727 46.299015 4.936807
v 9.299133 46.350372 4.821684
v 6.961808 46.302429 4.927218
v 9.299133 46.350372 4.821684
v 9.308579 46.420055 4.717078
v 6.961808 46.357727 4.808651
v 9.308579 46.420055 4.717078
v 9.313950 46.506088 4.625700
v 6.961808 46.432785 4.701494
v 9.313950 46.506088 4.625700
v 9.315229 46.606110 4.549980
v 6.961808 46.525131 4.609170
v 9.315229 46.606110 4.549980
v 9.312492 46.717468 4.491941
v 6.961808 46.632206 4.534199
v 9.312492 46.717468 4.491941
v 9.305891 46.837166 4.453248
v 6.961808 46.750599 4.478980
v 9.305891 46.837166 4.453248
v 9.295654 46.961906 4.435086
v 6.961808 46.877083 4.445093
v 9.295654 46.961906 4.435086
v 9.282078 47.088184 4.438101
v 6.961808 47.007427 4.433718
v 9.282078 47.088184 4.438101
v 9.265513 47.212467 4.462350
v 6.961808 47.137630 4.445144
v 9.265513 47.212467 4.462350
v 9.246358 47.331192 4.507305
v 6.961808 47.263844 4.478992
v 9.246358 47.331192 4.507305
v 9.225058 47.440918 4.571838
v 6.961808 47.382065 4.534116
v 9.225058 47.440918 4.571838
v 9.202118 47.538330 4.654182
v 6.961808 47.489082 4.609005
v 9.202118 47.538330 4.654182
v 9.180141 47.614212 4.743211
v 6.961808 47.581528 4.701373
v 9.180141 47.614212 4.743211
v 9.157681 47.675404 4.843110
v 6.961808 47.656624 4.808545
v 9.157681 47.675404 4.843110
v 9.135217 47.720318 4.951401
v 6.961808 47.711922 4.927050
v 9.135217 47.720318 4.951401
v 8.382860 54.878799 4.224617
v 6.755278 55.293247 5.313398
v 8.382860 54.878799 4.224617
v 8.401220 55.252983 3.716286
v 6.767333 55.787933 4.769741
v 8.401220 55.252983 3.716286
v 6.782603 56.228806 4.177623
v 8.406969 55.353260 3.560297
v 8.870316 52.848042 2.163298
v 8.453990 56.020164 2.135578
v 8.421296 55.581039 3.164757
v 8.421296 55.581039 3.164757
v 9.247427 49.676998 2.190717
v 9.586260 46.501614 2.215353
v 9.886766 43.322353 2.237202
v 10.148901 40.139683 2.256260
v 10.372626 36.954063 2.272526
v 10.557910 33.765968 2.285996
v 10.704724 30.575855 2.296668
v 10.813047 27.384199 2.304541
v 10.882864 24.191462 2.309615
v 10.759035 20.998108 3.896694
v 10.765561 20.998108 3.843346
v 9.780782 19.999996 3.672815
v 10.765561 20.998108 3.843346
v 10.759035 20.998108 3.896694
v 10.891783 20.998110 2.601423
v 9.859643 19.999996 2.940735
v 10.891783 20.998110 2.601423
v 9.684470 19.999994 4.402920
v 8.443950 55.894440 -2.483090
v 6.815366 56.924305 -2.881606
v 8.443950 55.894440 -2.483090
v 9.859643 20.000004 -2.940680
v 10.914988 20.998117 -2.300483
v 10.971520 20.998116 -1.301757
v 9.921024 20.000002 -2.206960
v 10.971520 20.998116 -1.301757
v 10.889029 27.333300 -0.761208
v 10.988965 20.998116 -0.763611
v 10.957994 24.166008 -0.762865
v 10.782079 30.499537 -0.758641
v 10.637161 33.664261 -0.755164
v 10.454294 36.827019 -0.750778
v 10.233506 39.987354 -0.745483
v 9.974827 43.144814 -0.739280
v 9.678296 46.298943 -0.732170
v 9.343955 49.449284 -0.724154
v 8.971852 52.595387 -0.715232
v 8.454274 56.023628 -2.124958
v 8.562078 55.736198 -0.707257
v 6.829673 57.173416 -2.189022
v 8.454274 56.023628 -2.124958
v 8.512927 56.087715 -0.742940
v 8.460485 56.098076 -1.883494
v 8.460485 56.098076 -1.883494
v 8.548338 55.831833 -0.734003
v 8.530424 55.959503 -0.749475
v 8.496354 56.212658 -0.714723
v 8.473271 56.244652 -1.267222
v 6.840903 57.354137 -1.471885
v 8.473271 56.244652 -1.267222
v 9.964893 20.000002 -1.471939
v 10.988965 20.998116 -0.763611
v 10.998114 20.998114 0.000027
v 9.991220 20.000000 -0.736190
v 10.998114 20.998114 0.000027
v 10.957669 24.169172 0.774290
v 10.988690 20.998112 0.775041
v 10.888579 27.339632 0.772614
v 10.781428 30.509031 0.770012
v 10.636233 33.676918 0.766485
v 10.453014 36.842831 0.762032
v 10.231798 40.006313 0.756656
v 9.972617 43.166912 0.750356
v 9.675507 46.324165 0.743134
v 9.340513 49.477627 0.734991
v 8.566085 55.708660 -0.696937
v 8.967682 52.626831 0.725927
v 6.961808 55.728966 -0.704666
v 8.562078 55.736198 -0.707257
v 8.548338 55.831833 -0.734003
v 8.566085 55.708660 -0.696937
v 6.961808 55.855442 -0.738552
v 8.530424 55.959503 -0.749475
v 6.961808 55.985786 -0.749927
v 8.512927 56.087715 -0.742940
v 6.961808 56.115993 -0.738500
v 8.496354 56.212658 -0.714723
v 8.492811 56.239838 -0.705511
v 8.492811 56.239838 -0.705511
v 8.480771 56.326912 -0.703723
v 8.481125 56.330730 -0.665784
v 6.961808 56.242210 -0.704653
v 8.481125 56.330730 -0.665784
v 6.848043 57.463455 -0.739417
v 8.480771 56.326912 -0.703723
v 8.481125 56.330730 -0.665784
v 8.358668 56.421680 -0.610099
v 6.961808 56.360428 -0.649530
v 8.358668 56.421680 -0.610099
v 10.000000 20.000000 0.000028
v 10.988690 20.998112 0.775041
v 10.971520 20.998112 1.301811
v 9.991220 20.000000 0.736246
v 10.971520 20.998112 1.301811
v 10.914164 20.998110 2.311887
v 8.566085 55.708664 0.697081
v 8.557114 55.770527 0.718581
v 8.583051 55.593758 0.639588
v 8.598630 55.490528 0.563484
v 8.612248 55.401978 0.471153
v 8.623398 55.330574 0.365418
v 8.631669 55.278233 0.249419
v 8.636754 55.246304 0.126492
v 8.638470 55.235573 0.000071
v 8.636754 55.246300 -0.126342
v 8.631669 55.278233 -0.249270
v 8.623399 55.330570 -0.365270
v 8.612248 55.401974 -0.471006
v 8.598630 55.490524 -0.563339
v 8.583052 55.593754 -0.639443
v 6.961808 55.728931 0.704796
v 8.557114 55.770527 0.718581
v 8.566085 55.708664 0.697081
v 8.548338 55.831837 0.734145
v 6.961808 55.855148 0.738643
v 8.548338 55.831837 0.734145
v 6.961808 55.610714 0.649673
v 8.583051 55.593758 0.639588
v 6.961808 55.503693 0.574783
v 8.598630 55.490528 0.563484
v 6.961808 55.411251 0.482416
v 8.612248 55.401978 0.471153
v 6.961808 55.336151 0.375243
v 8.623398 55.330574 0.365418
v 6.961808 55.280857 0.256738
v 8.631669 55.278233 0.249419
v 6.961808 55.247005 0.130527
v 8.636754 55.246304 0.126492
v 8.638470 55.235573 0.000071
v 6.961808 55.235573 0.000071
v 8.638470 55.235573 0.000071
v 8.636754 55.246300 -0.126342
v 6.961808 55.235573 0.000071
v 6.961808 55.246971 -0.130195
v 8.631669 55.278233 -0.249270
v 6.961808 55.280792 -0.256427
v 8.623399 55.330570 -0.365270
v 6.961808 55.336090 -0.374993
v 8.612248 55.401974 -0.471006
v 6.961808 55.411148 -0.482151
v 8.598630 55.490524 -0.563339
v 6.961808 55.503498 -0.574475
v 8.583052 55.593754 -0.639443
v 6.961808 55.610569 -0.649447
v 9.921024 19.999998 2.207016
v 10.914164 20.998110 2.311887
v 8.440913 55.855019 2.581207
v 6.799266 56.610493 3.542858
v 8.440913 55.855019 2.581207
v 6.815462 56.926197 2.877185
v 8.453990 56.020164 2.135578
v 8.530423 55.959507 0.749619
v 8.512927 56.087715 0.743084
v 8.458495 56.074505 1.963664
v 8.458495 56.074505 1.963664
v 9.964893 19.999998 1.471995
v 8.465975 56.161995 1.645235
v 6.829794 57.175484 2.182360
v 8.465975 56.161995 1.645235
v 8.496223 56.213657 0.714548
v 8.472354 56.234421 1.320360
v 8.472354 56.234421 1.320360
v 8.480670 56.325844 0.714200
v 6.841032 57.356190 1.461743
v 8.480670 56.325844 0.714200
v 8.481125 56.330730 0.665928
v 8.481125 56.330730 0.665928
v 6.961808 56.115700 0.738695
v 8.496223 56.213657 0.714548
v 8.512927 56.087715 0.743084
v 6.961808 56.242180 0.704809
v 8.481125 56.330730 0.665928
v 6.961808 55.985355 0.750071
v 8.530423 55.959507 0.749619
v 6.848088 57.464134 0.732672
v 8.358672 56.421741 0.610199
v 6.961808 56.360573 0.649590
v 8.358672 56.421741 0.610199
v 6.961808 47.757221 -5.183596
v 6.961808 46.257221 -5.183598
v 6.961808 46.268623 -5.313864
v 6.961808 47.745823 -5.053329
v 6.961808 46.268654 -5.053141
v 6.961808 47.745789 -5.314052
v 6.961808 46.302444 -5.440095
v 6.961808 47.711937 -5.440263
v 6.961808 46.357742 -5.558662
v 6.961808 47.656639 -5.558768
v 6.961808 46.432800 -5.665819
v 6.961808 47.581543 -5.665941
v 6.961808 46.525146 -5.758142
v 6.961808 47.489098 -5.758308
v 6.961808 46.632221 -5.833115
v 6.961808 47.382080 -5.833199
v 6.961808 46.750614 -5.888333
v 6.961808 47.137642 -5.922169
v 6.961808 46.877094 -5.922220
v 6.961808 47.263859 -5.888321
v 6.961808 47.007439 -5.933595
v 6.961808 47.711998 -4.927098
v 6.961808 46.302505 -4.926930
v 6.961808 47.656704 -4.808531
v 6.961808 46.357803 -4.808425
v 6.961808 47.581646 -4.701373
v 6.961808 46.432903 -4.701252
v 6.961808 47.489296 -4.609050
v 6.961808 46.525345 -4.608885
v 6.961808 47.382225 -4.534079
v 6.961808 46.632366 -4.533996
v 6.961808 47.263828 -4.478859
v 6.961808 46.750584 -4.478871
v 6.961808 46.876797 -4.445024
v 6.961808 47.137348 -4.444973
v 6.961808 47.007000 -4.433598
v 6.961808 47.757206 5.183718
v 6.961808 46.257206 5.183716
v 6.961808 46.268608 5.053449
v 6.961808 47.745808 5.313984
v 6.961808 46.268639 5.314172
v 6.961808 47.745773 5.053261
v 6.961808 46.302429 4.927218
v 6.961808 47.711922 4.927050
v 6.961808 46.357727 4.808651
v 6.961808 47.656624 4.808545
v 6.961808 46.432785 4.701494
v 6.961808 47.581528 4.701373
v 6.961808 46.525131 4.609170
v 6.961808 47.489082 4.609005
v 6.961808 46.632206 4.534199
v 6.961808 47.382065 4.534116
v 6.961808 46.750599 4.478980
v 6.961808 47.137630 4.445144
v 6.961808 46.877083 4.445093
v 6.961808 47.263844 4.478992
v 6.961808 47.007427 4.433718
v 6.961808 47.711983 5.440215
v 6.961808 46.302490 5.440383
v 6.961808 47.656689 5.558782
v 6.961808 46.357788 5.558888
v 6.961808 47.581631 5.665940
v 6.961808 46.432888 5.666061
v 6.961808 47.489281 5.758263
v 6.961808 46.525330 5.758429
v 6.961808 47.382210 5.833235
v 6.961808 46.632351 5.833319
v 6.961808 47.263813 5.888453
v 6.961808 46.750568 5.888442
v 6.961808 46.876785 5.922289
v 6.961808 47.137337 5.922340
v 6.961808 47.006989 5.933715
v 6.850490 57.500000 0.000074
v 6.000000 57.500000 0.000074
v 6.850490 57.500000 0.000074
v 6.848043 57.463455 -0.739417
v 8.256246 56.498665 -0.546953
v 8.172536 56.562294 -0.479396
v 8.105565 56.613693 -0.409761
v 8.053160 56.654224 -0.339634
v 8.013273 56.685268 -0.269968
v 7.984130 56.708057 -0.201212
v 7.964319 56.723591 -0.133435
v 7.952833 56.732616 -0.066454
v 7.949070 56.735573 0.000073
v 6.000000 57.463848 0.735586
v 6.848088 57.464134 0.732672
v 6.000000 57.355881 -1.463159
v 6.840903 57.354137 -1.471885
v 6.000000 57.463871 -0.735205
v 6.000000 57.177040 -2.177105
v 6.829673 57.173416 -2.189022
v 6.000000 56.929070 -2.870129
v 6.815366 56.924305 -2.881606
v 6.000000 56.614376 -3.535471
v 6.799077 56.606441 -3.550280
v 6.000000 56.236008 -4.166735
v 6.782481 56.225845 -4.181898
v 6.000000 55.797630 -4.757823
v 6.767283 55.786518 -4.771331
v 6.000000 55.303394 -5.303143
v 6.755211 55.289650 -5.316854
v 6.000000 54.758121 -5.797372
v 6.748185 54.741714 -5.810801
v 6.000000 54.167095 -6.235746
v 6.748012 54.149319 -6.247588
v 6.000000 53.535862 -6.614137
v 6.756269 53.519955 -6.622617
v 6.000000 52.870506 -6.928872
v 6.774437 52.854996 -6.935280
v 6.000000 52.177551 -7.176860
v 6.803542 52.164452 -7.180823
v 6.000000 51.463680 -7.355725
v 6.844344 51.453648 -7.357715
v 6.961808 56.467449 -0.574640
v 8.256246 56.498665 -0.546953
v 6.961808 56.559891 -0.482273
v 8.172536 56.562294 -0.479396
v 8.105565 56.613693 -0.409761
v 6.961808 56.634991 -0.375100
v 8.053160 56.654224 -0.339634
v 8.013273 56.685268 -0.269968
v 6.961808 56.690285 -0.256594
v 7.984130 56.708057 -0.201212
v 7.964319 56.723591 -0.133435
v 6.961808 56.724136 -0.130383
v 7.952833 56.732616 -0.066454
v 7.949070 56.735573 0.000073
v 7.952831 56.732616 0.066586
v 6.961808 56.735573 0.000073
v 7.949070 56.735573 0.000073
v 7.952831 56.732616 0.066586
v 6.961808 56.735573 0.000073
v 7.964314 56.723606 0.133503
v 6.961808 56.724171 0.130339
v 7.964314 56.723606 0.133503
v 7.984124 56.708099 0.201197
v 7.984124 56.708099 0.201197
v 8.013266 56.685364 0.269874
v 6.961808 56.690350 0.256571
v 8.013266 56.685364 0.269874
v 8.053155 56.654373 0.339487
v 8.053155 56.654373 0.339487
v 8.105563 56.613888 0.409609
v 6.961808 56.635052 0.375136
v 8.105563 56.613888 0.409609
v 8.172537 56.562500 0.479294
v 8.172537 56.562500 0.479294
v 8.256250 56.498825 0.546944
v 6.961808 56.559994 0.482294
v 8.256250 56.498825 0.546944
v 6.961808 56.467644 0.574618
v 6.000000 49.999989 7.500064
v 6.961808 49.999989 7.500064
v 6.896937 50.732407 7.464217
v 6.000000 34.499989 7.500044
v 6.961808 49.999989 7.500064
v 6.000000 49.999989 7.500064
v 7.196188 47.939014 7.500062
v 6.000000 50.735268 7.463935
v 6.844223 51.455547 7.357468
v 6.000000 51.463223 7.355945
v 6.803473 52.165844 7.180533
v 6.000000 52.177170 7.177105
v 6.774285 52.859486 6.933560
v 6.000000 52.870193 6.929132
v 6.756242 53.521557 6.621895
v 6.000000 53.535538 6.614442
v 6.747999 54.150608 6.246859
v 6.000000 54.166798 6.236071
v 6.748207 54.745464 5.807866
v 6.000000 54.757885 5.797693
v 6.755278 55.293247 5.313398
v 6.000000 55.303204 5.303458
v 6.767333 55.787933 4.769741
v 6.000000 55.797436 4.758185
v 6.782603 56.228806 4.177623
v 6.000000 56.235809 4.167158
v 6.799266 56.610493 3.542858
v 6.000000 56.614201 3.535928
v 6.815462 56.926197 2.877185
v 6.000000 56.928936 2.870573
v 6.829794 57.175484 2.182360
v 6.000000 57.176922 2.177617
v 6.841032 57.356190 1.461743
v 6.000000 57.355789 1.463744
v 6.000000 34.861652 7.478165
v 6.000000 34.499989 7.500044
v 6.000000 36.969166 -6.203843
v 6.000000 37.156479 -5.893923
v 6.000000 37.305096 -5.563663
v 6.000000 37.412849 -5.217836
v 6.000000 37.478127 -4.861614
v 6.000000 37.500008 -4.499952
v 6.000000 37.499992 4.500048
v 6.000000 35.217876 7.412885
v 6.000000 35.563702 7.305132
v 6.000000 35.893963 7.156519
v 6.000000 36.203884 6.969206
v 6.000000 36.489067 6.745839
v 6.000000 36.745296 6.489670
v 6.000000 36.968899 6.204305
v 6.000000 37.156410 5.894124
v 6.000000 37.305084 5.563745
v 6.000000 37.412830 5.217940
v 6.000000 37.478111 4.861707
v 6.000000 51.463223 7.355945
v 6.000000 51.463680 -7.355725
v 6.000000 52.177170 7.177105
v 6.000000 52.177551 -7.176860
v 6.000000 52.870193 6.929132
v 6.000000 52.870506 -6.928872
v 6.000000 53.535538 6.614442
v 6.000000 53.535862 -6.614137
v 6.000000 54.166798 6.236071
v 6.000000 54.167095 -6.235746
v 6.000000 54.757885 5.797693
v 6.000000 54.758121 -5.797372
v 6.000000 55.303204 5.303458
v 6.000000 55.303394 -5.303143
v 6.000000 55.797436 4.758185
v 6.000000 55.797630 -4.757823
v 6.000000 56.235809 4.167158
v 6.000000 56.236008 -4.166735
v 6.000000 56.614201 3.535928
v 6.000000 56.614376 -3.535471
v 6.000000 56.928936 2.870573
v 6.000000 56.929070 -2.870129
v 6.000000 57.176922 2.177617
v 6.000000 57.177040 -2.177105
v 6.000000 57.355789 1.463744
v 6.000000 57.355881 -1.463159
v 6.000000 57.463848 0.735586
v 6.000000 57.463871 -0.735205
v 6.000000 57.500000 0.000074
v -6.000000 50.735500 7.463912
v -6.000000 51.463238 -7.355813
v -6.000000 51.463665 7.355857
v -6.000000 52.177185 -7.176971
v -6.000000 52.177536 7.176994
v -6.000000 52.870209 -6.928996
v -6.000000 52.870491 6.929008
v -6.000000 53.535553 -6.614305
v -6.000000 53.535847 6.614275
v -6.000000 54.166813 -6.235933
v -6.000000 54.167080 6.235884
v -6.000000 54.757900 -5.797553
v -6.000000 54.758106 5.797512
v -6.000000 55.303219 -5.303317
v -6.000000 55.303379 5.303284
v -6.000000 55.797451 -4.758042
v -6.000000 55.797615 4.757966
v -6.000000 56.235817 -4.167014
v -6.000000 56.236000 4.166879
v -6.000000 56.614208 -3.535784
v -6.000000 56.614368 3.535616
v -6.000000 56.928944 -2.870427
v -6.000000 56.929062 2.870275
v -6.000000 57.176929 -2.177471
v -6.000000 57.177032 2.177251
v -6.000000 57.355789 -1.463598
v -6.000000 57.355881 1.463305
v -6.000000 57.463848 -0.735438
v -6.000000 57.463871 0.735353
v -6.000000 57.500000 0.000074
v -8.212350 36.158558 7.500046
v -6.000000 34.499989 7.500044
v -6.000000 34.861649 7.478165
v -6.000000 34.499989 7.500044
v -8.055917 38.473160 7.500049
v -7.878757 40.783226 7.500052
v -7.680753 43.090946 7.500055
v -7.461907 45.396313 7.500058
v -6.000000 36.489616 6.745351
v -6.000000 36.204250 6.968953
v -6.000000 35.894070 7.156463
v -6.000000 35.563690 7.305136
v -6.000000 35.217884 7.412883
v -8.343421 33.925564 7.500043
v 6.000000 34.861652 7.478165
v -6.000000 34.499989 7.500044
v 6.000000 34.499989 7.500044
v -6.000000 34.861649 7.478165
v 7.413747 45.877037 7.500059
v 7.614492 43.814068 7.500056
v 7.798420 41.750809 7.500053
v 7.965771 39.684120 7.500051
v 8.116676 37.612316 7.500048
v 8.250741 35.540073 7.500045
v 8.368005 33.467144 7.500043
v -8.451131 31.775335 7.500041
v 8.468477 31.393679 7.500040
v -8.540899 29.622189 7.500038
v 8.552238 29.317455 7.500038
v -8.612588 27.468290 7.500035
v 8.619245 27.239319 7.500035
v -8.666197 25.313639 7.500032
v 8.669422 25.160822 7.500032
v -8.701726 23.158236 7.500030
v 8.702775 23.081741 7.500030
v -8.719181 21.002079 7.500031
v 8.719303 21.002085 7.500027
v -8.715293 20.999985 7.500031
v 8.715412 20.999990 7.500027
v 8.571677 20.500242 7.000278
v 8.719303 21.002085 7.500027
v 8.715412 20.999990 7.500027
v 8.427795 19.999996 6.500023
v 8.571677 20.500242 7.000278
v 8.715412 20.999990 7.500027
v -8.715293 20.999985 7.500031
v -8.571556 20.500240 7.000277
v -8.715293 20.999985 7.500031
v -8.719181 21.002079 7.500031
v 8.427795 19.999996 6.500023
v -8.571556 20.500240 7.000277
v -8.427675 19.999996 6.500023
v -8.427675 19.999996 6.500023
v -8.427680 20.000011 -6.499971
v -8.427675 19.999996 6.500023
v -9.439765 19.999989 5.855173
v 2.000000 19.999992 6.271183
v 8.427795 19.999996 6.500023
v -6.874550 20.000004 -2.384125
v -2.000000 19.999992 6.271183
v -2.560173 19.999992 6.239703
v -3.112994 19.999992 6.145733
v -3.651694 19.999992 5.990493
v -4.169486 19.999992 5.775995
v -4.660134 19.999992 5.504819
v -5.117345 19.999994 5.180423
v -5.535336 19.999994 4.806914
v -5.908952 19.999994 4.388889
v -6.233529 19.999994 3.931488
v -6.504860 19.999996 3.440567
v -6.719427 19.999996 2.922542
v -6.874641 19.999996 2.383780
v -6.968547 19.999998 1.831126
v -7.000000 19.999998 1.271183
v -7.000000 20.000002 -1.271131
v -6.968521 20.000002 -1.831303
v -9.439764 20.000004 -5.855125
v -9.570801 19.999994 5.130348
v 9.439752 19.999989 5.855241
v 9.439752 20.000004 -5.855185
v 9.439752 19.999989 5.855241
v 8.427790 20.000011 -6.499971
v 6.874550 19.999996 2.384176
v 6.719310 19.999996 2.922877
v 6.504812 19.999996 3.440668
v 6.233636 19.999994 3.931317
v 5.909240 19.999994 4.388527
v 5.535732 19.999994 4.806518
v 5.117707 19.999994 5.180134
v 4.660305 19.999992 5.504711
v 4.169385 19.999992 5.776043
v 3.651360 19.999992 5.990610
v 3.112598 19.999992 6.145824
v 2.559943 19.999992 6.239729
v 9.570792 20.000006 -5.130352
v 9.570791 19.999994 5.130407
v 9.684471 20.000006 -4.402865
v 9.684470 19.999994 4.402920
v 9.780783 20.000004 -3.672760
v 9.780782 19.999996 3.672815
v 9.859643 20.000004 -2.940680
v 9.859643 19.999996 2.940735
v 9.921024 20.000002 -2.206960
v 9.921024 19.999998 2.207016
v 9.964893 20.000002 -1.471939
v 9.964893 19.999998 1.471995
v 9.991220 20.000000 -0.736190
v 9.991220 20.000000 0.736246
v 10.000000 20.000000 0.000028
v 8.427790 20.000011 -6.499971
v -2.000000 20.000008 -6.271131
v 7.000000 19.999998 1.271183
v 7.000000 20.000002 -1.271131
v 6.968547 20.000002 -1.831074
v 6.968521 19.999998 1.831355
v 2.000000 20.000008 -6.271131
v 2.560173 20.000008 -6.239651
v 3.112994 20.000008 -6.145681
v 3.651694 20.000008 -5.990441
v 4.169486 20.000008 -5.775943
v 4.660134 20.000008 -5.504767
v 5.117345 20.000006 -5.180371
v 5.535336 20.000006 -4.806862
v 5.908952 20.000006 -4.388837
v 6.233529 20.000006 -3.931437
v 6.504860 20.000004 -3.440516
v 6.719427 20.000004 -2.922491
v 6.874641 20.000004 -2.383729
v -6.719310 20.000004 -2.922826
v -6.504812 20.000004 -3.440617
v -6.233636 20.000006 -3.931266
v -5.909240 20.000006 -4.388475
v -5.535732 20.000006 -4.806466
v -5.117707 20.000006 -5.180082
v -4.660305 20.000008 -5.504659
v -4.169385 20.000008 -5.775991
v -3.651360 20.000008 -5.990558
v -3.112598 20.000008 -6.145772
v -2.559943 20.000008 -6.239677
v -9.570801 20.000006 -5.130299
v -9.684478 19.999994 4.402869
v -9.684477 20.000006 -4.402820
v -9.780788 19.999996 3.672771
v -9.780787 20.000004 -3.672724
v -9.859646 19.999996 2.940699
v -9.859646 20.000004 -2.940651
v -9.921026 19.999998 2.206988
v -9.921026 20.000002 -2.206940
v -9.964894 19.999998 1.471975
v -9.964894 20.000002 -1.471927
v -9.991221 20.000000 0.736234
v -9.991221 20.000000 -0.736186
v -10.000000 20.000000 0.000024
v 7.000000 8.909777 1.271168
v 7.000000 20.000002 -1.271131
v 7.000000 19.999998 1.271183
v 6.979930 8.834370 -1.718690
v 6.968547 20.000002 -1.831074
v 7.000000 20.000002 -1.271131
v 7.000000 8.977414 0.637188
v 7.000000 8.977416 -0.637165
v 7.000000 8.909781 -1.271146
v 7.000000 8.909781 -1.271146
v 7.000000 9.000000 0.000012
v 7.000000 8.909777 1.271168
v 7.000000 19.999998 1.271183
v 6.968521 19.999998 1.831355
v 6.919238 8.735418 2.166211
v 6.874550 19.999996 2.384176
v 6.979987 8.834490 1.718079
v 6.816254 8.611969 2.614188
v 6.719310 19.999996 2.922877
v 6.669070 8.463844 3.059958
v 6.504812 19.999996 3.440668
v 6.475801 8.291608 3.499889
v 6.233636 19.999994 3.931317
v 5.945778 7.883266 4.342132
v 5.909240 19.999994 4.388527
v 6.234758 8.096845 3.929518
v 5.611321 7.657296 4.729251
v 5.535732 19.999994 4.806518
v 5.237361 7.428138 5.081611
v 5.117707 19.999994 5.180134
v 4.834775 7.207557 5.389909
v 4.660305 19.999992 5.504711
v 4.416559 7.006817 5.648409
v 4.169385 19.999992 5.776043
v 3.995110 6.834382 5.855872
v 3.651360 19.999992 5.990610
v 3.579166 6.694544 6.015236
v 3.112598 19.999992 6.145824
v 2.775553 6.513664 6.210651
v 2.559943 19.999992 6.239729
v 3.172592 6.588017 6.131724
v 2.385830 6.469873 6.256256
v 2.000000 19.999992 6.271183
v -2.000000 6.455423 6.271165
v 2.000000 19.999992 6.271183
v -2.000000 19.999992 6.271183
v 2.000000 6.455423 6.271165
v 2.000000 6.455423 6.271165
v -2.000000 6.455423 6.271165
v -2.000000 19.999992 6.271183
v -2.560173 19.999992 6.239703
v -2.773930 6.513421 6.210906
v -3.112994 19.999992 6.145733
v -2.384935 6.469806 6.256325
v -3.170651 6.587580 6.132193
v -3.651694 19.999992 5.990493
v -3.993382 6.833736 5.856624
v -4.169486 19.999992 5.775995
v -3.577404 6.694017 6.015823
v -4.414743 7.006009 5.649411
v -4.660134 19.999992 5.504819
v -4.833009 7.206648 5.391124
v -5.117345 19.999994 5.180423
v -5.235693 7.427168 5.083027
v -5.535336 19.999994 4.806914
v -5.609727 7.656268 4.730915
v -5.908952 19.999994 4.388889
v -5.944498 7.882360 4.343777
v -6.233529 19.999994 3.931488
v -6.233724 8.096045 3.931166
v -6.504860 19.999996 3.440567
v -6.668496 8.463303 3.061457
v -6.719427 19.999996 2.922542
v -6.474985 8.290916 3.501528
v -6.815845 8.611524 2.615656
v -6.874641 19.999996 2.383780
v -6.919028 8.735132 2.167362
v -6.968547 19.999998 1.831126
v -6.979930 8.834367 1.718711
v -7.000000 19.999998 1.271183
v -7.000000 8.909781 -1.271146
v -7.000000 19.999998 1.271183
v -7.000000 20.000002 -1.271131
v -7.000000 8.977416 -0.637165
v -7.000000 9.000000 0.000012
v -7.000000 8.977414 0.637188
v -7.000000 8.909777 1.271168
v -7.000000 8.909777 1.271168
v -7.000000 8.909781 -1.271146
v -7.000000 20.000002 -1.271131
v -6.968521 20.000002 -1.831303
v -6.919238 8.735424 -2.166189
v -6.874550 20.000004 -2.384125
v -6.979987 8.834494 -1.718057
v -6.816254 8.611977 -2.614166
v -6.719310 20.000004 -2.922826
v -6.669070 8.463852 -3.059936
v -6.504812 20.000004 -3.440617
v -6.475801 8.291617 -3.499868
v -6.233636 20.000006 -3.931266
v -5.945778 7.883278 -4.342112
v -5.909240 20.000006 -4.388475
v -6.234758 8.096854 -3.929498
v -5.611321 7.657308 -4.729231
v -5.535732 20.000006 -4.806466
v -5.237361 7.428152 -5.081592
v -5.117707 20.000006 -5.180082
v -4.834775 7.207571 -5.389891
v -4.660305 20.000008 -5.504659
v -4.416559 7.006831 -5.648391
v -4.169385 20.000008 -5.775991
v -3.995110 6.834397 -5.855855
v -3.651360 20.000008 -5.990558
v -3.579166 6.694560 -6.015219
v -3.112598 20.000008 -6.145772
v -2.775553 6.513680 -6.210635
v -2.559943 20.000008 -6.239677
v -3.172592 6.588032 -6.131707
v -2.385830 6.469889 -6.256240
v -2.000000 20.000008 -6.271131
v 2.000000 6.455439 -6.271149
v -2.000000 20.000008 -6.271131
v 2.000000 20.000008 -6.271131
v -2.000000 6.455439 -6.271149
v -2.000000 6.455439 -6.271149
v 2.000000 6.455439 -6.271149
v 2.000000 20.000008 -6.271131
v 2.560173 20.000008 -6.239651
v 2.773929 6.513437 -6.210889
v 3.112994 20.000008 -6.145681
v 2.384936 6.469822 -6.256309
v 3.170650 6.587596 -6.132174
v 3.651694 20.000008 -5.990441
v 3.993382 6.833753 -5.856606
v 4.169486 20.000008 -5.775943
v 3.577406 6.694032 -6.015808
v 4.414739 7.006025 -5.649393
v 4.660134 20.000008 -5.504767
v 4.833010 7.206661 -5.391105
v 5.117345 20.000006 -5.180371
v 5.235695 7.427180 -5.083007
v 5.535336 20.000006 -4.806862
v 5.609726 7.656281 -4.730897
v 5.908952 20.000006 -4.388837
v 5.944497 7.882372 -4.343758
v 6.233529 20.000006 -3.931437
v 6.233724 8.096053 -3.931143
v 6.504860 20.000004 -3.440516
v 6.668496 8.463310 -3.061437
v 6.719427 20.000004 -2.922491
v 6.474985 8.290926 -3.501507
v 6.815844 8.611531 -2.615633
v 6.874641 20.000004 -2.383729
v 6.919028 8.735138 -2.167339
v 7.000000 -10.000002 1.271144
v 7.000000 -9.999998 -1.271170
v 7.000000 -8.909777 -1.271168
v 6.968521 -9.999998 -1.831342
v 7.000000 -8.909777 -1.271168
v 7.000000 -9.999998 -1.271170
v 7.000000 -8.977414 -0.637188
v 8.000000 -8.961620 -0.830282
v 7.000000 -8.977414 -0.637188
v 7.000000 -8.909777 -1.271168
v 6.979987 -8.834490 -1.718079
v 8.000000 -8.846779 -1.653633
v 6.979987 -8.834490 -1.718079
v 6.968547 -10.000002 1.831087
v 7.000000 -9.999998 -1.271170
v 7.000000 -10.000002 1.271144
v 6.968521 -9.999998 -1.831342
v 7.000000 -8.977416 0.637165
v 7.000000 -8.909781 1.271146
v 6.979930 -8.834371 1.718689
v 7.000000 -10.000002 1.271144
v 7.000000 -8.909781 1.271146
v 7.000000 -9.000000 -0.000012
v 6.968547 -10.000002 1.831087
v 8.000000 -8.961613 0.830354
v 7.000000 -8.909781 1.271146
v 7.000000 -8.977416 0.637165
v 8.000000 -8.846783 1.653612
v 6.979930 -8.834371 1.718689
v 7.000000 -9.000000 -0.000012
v 8.000000 -9.000000 -0.000012
v 7.000000 -9.000000 -0.000012
v 8.000000 -9.000000 -0.000012
v 8.000000 8.961620 0.830282
v 7.000000 8.977414 0.637188
v 7.000000 8.909777 1.271168
v 8.000000 8.846779 1.653633
v 6.979987 8.834490 1.718079
v 8.000000 8.961613 -0.830354
v 7.000000 8.909781 -1.271146
v 7.000000 8.977416 -0.637165
v 8.000000 8.846783 -1.653612
v 6.979930 8.834370 -1.718690
v 7.000000 9.000000 0.000012
v 8.000000 9.000000 0.000012
v 7.000000 9.000000 0.000012
v 8.000000 9.000000 0.000012
v 2.385830 -6.469873 -6.256256
v 2.559943 -9.999992 -6.239716
v 2.000000 -9.999992 -6.271170
v 2.278000 -9.999993 -4.981454
v 2.000000 -9.999992 -6.271170
v 2.559943 -9.999992 -6.239716
v 2.000000 -6.455423 -6.271165
v -2.000000 -9.999992 -6.271170
v 2.000000 -6.455423 -6.271165
v 2.000000 -9.999992 -6.271170
v -1.941580 -9.999993 -5.000013
v -2.000000 -9.999992 -6.271170
v 1.941580 -9.999993 -5.000013
v 2.775553 -6.513664 -6.210651
v 3.112598 -9.999992 -6.145811
v 2.610251 -9.999993 -4.926020
v 3.112598 -9.999992 -6.145811
v 3.579166 -6.694544 -6.015236
v 3.651360 -9.999992 -5.990597
v 3.246461 -9.999994 -4.707676
v 3.651360 -9.999992 -5.990597
v 3.172592 -6.588017 -6.131724
v 2.934362 -9.999994 -4.834396
v 3.995110 -6.834382 -5.855872
v 4.169385 -9.999992 -5.776030
v 3.660910 -9.999994 -4.593705
v 4.169385 -9.999992 -5.776030
v 3.542805 -9.999994 -4.547358
v 4.416559 -7.006817 -5.648409
v 4.660305 -9.999993 -5.504698
v 4.270796 -9.999994 -4.511837
v 4.660305 -9.999993 -5.504698
v 3.785003 -9.999994 -4.619467
v 3.911551 -9.999994 -4.623970
v 4.037075 -9.999994 -4.607115
v 4.157972 -9.999994 -4.569378
v 4.834775 -7.207557 -5.389909
v 5.117707 -9.999993 -5.180121
v 4.707664 -9.999996 -3.246473
v 5.117707 -9.999993 -5.180121
v 4.372350 -9.999994 -4.436116
v 4.459711 -9.999994 -4.344384
v 4.530402 -9.999994 -4.239227
v 4.582365 -9.999994 -4.123728
v 4.614145 -9.999995 -4.001160
v 4.624856 -9.999995 -3.874869
v 5.237361 -7.428138 -5.081611
v 5.535732 -9.999994 -4.806505
v 5.535336 -10.000006 4.806875
v 5.535732 -9.999994 -4.806505
v 5.117345 -10.000007 5.180384
v 5.000000 -10.000003 1.941567
v 4.834384 -9.999996 -2.934374
v 4.926008 -9.999996 -2.610262
v 4.981441 -9.999997 -2.278012
v 5.000000 -9.999997 -1.941593
v 5.611321 -7.657296 -4.729251
v 5.909240 -9.999994 -4.388514
v 5.908952 -10.000006 4.388850
v 5.909240 -9.999994 -4.388514
v 5.945778 -7.883266 -4.342132
v 6.233636 -9.999995 -3.931304
v 6.233529 -10.000005 3.931449
v 6.233636 -9.999995 -3.931304
v 6.475801 -8.291608 -3.499889
v 6.504812 -9.999995 -3.440655
v 6.504812 -9.999995 -3.440655
v 6.234758 -8.096845 -3.929518
v 6.669070 -8.463844 -3.059958
v 6.719310 -9.999996 -2.922864
v 6.504860 -10.000005 3.440529
v 6.719310 -9.999996 -2.922864
v 6.816254 -8.611969 -2.614188
v 6.874550 -9.999997 -2.384164
v 6.719427 -10.000004 2.922503
v 6.874550 -9.999997 -2.384164
v 6.919238 -8.735418 -2.166211
v 6.874641 -10.000003 2.383741
v 6.919238 -8.735418 -2.166211
v 8.000000 -8.656610 -2.462340
v 6.816254 -8.611969 -2.614188
v 6.669070 -8.463844 -3.059958
v 8.000000 -8.392572 -3.250344
v 6.475801 -8.291608 -3.499889
v 6.234758 -8.096845 -3.929518
v 8.000000 -8.056874 -4.010835
v 5.945778 -7.883266 -4.342132
v 5.611321 -7.657296 -4.729251
v 8.000000 -7.652453 -4.737084
v 5.237361 -7.428138 -5.081611
v 4.834775 -7.207557 -5.389909
v 8.000000 -7.182652 -5.423054
v 4.416559 -7.006817 -5.648409
v 3.995110 -6.834382 -5.855872
v 3.579166 -6.694544 -6.015236
v 8.000000 -6.651243 -6.063082
v 3.172592 -6.588017 -6.131724
v 2.775553 -6.513664 -6.210651
v 2.385830 -6.469873 -6.256256
v 2.000000 -6.455423 -6.271165
v -2.000000 -6.455423 -6.271165
v -8.000000 -6.063158 -6.651175
v -2.000000 -6.455423 -6.271165
v 8.000000 -6.063201 -6.651134
v -2.560173 -9.999992 -6.239690
v -2.000000 -6.455423 -6.271165
v -2.000000 -9.999992 -6.271170
v -2.384935 -6.469806 -6.256325
v -2.384935 -6.469806 -6.256325
v -2.277999 -9.999993 -4.981454
v -2.560173 -9.999992 -6.239690
v -7.000000 8.977416 -0.637165
v -8.000000 8.961622 -0.830260
v -8.000000 9.000000 0.000012
v -8.155969 8.987762 0.000011
v -8.000000 9.000000 0.000012
v -8.000000 8.961622 -0.830260
v -7.000000 9.000000 0.000012
v -8.000000 8.961611 0.830376
v -7.000000 9.000000 0.000012
v -8.000000 9.000000 0.000012
v -8.155969 8.951579 0.805668
v -8.000000 9.000000 0.000012
v -8.155969 8.987762 0.000011
v -8.000000 8.961611 0.830376
v -7.000000 8.909781 -1.271146
v -8.000000 8.846783 -1.653611
v -8.155969 8.843327 -1.604816
v -8.000000 8.846783 -1.653611
v -8.155969 8.951581 -0.805646
v -6.919238 8.735424 -2.166189
v -8.000000 8.656615 -2.462318
v -8.155969 8.663872 -2.391065
v -8.000000 8.656615 -2.462318
v -6.979987 8.834494 -1.718057
v -6.669070 8.463852 -3.059936
v -8.000000 8.392580 -3.250322
v -8.155969 8.414660 -3.158062
v -8.000000 8.392580 -3.250322
v -6.816254 8.611977 -2.614166
v -6.234758 8.096854 -3.929498
v -8.000000 8.056884 -4.010814
v -8.155969 8.097699 -3.899634
v -8.000000 8.056884 -4.010814
v -6.475801 8.291617 -3.499868
v -5.611321 7.657308 -4.729231
v -8.000000 7.652465 -4.737064
v -8.155969 7.715539 -4.609807
v -8.000000 7.652465 -4.737064
v -5.945778 7.883278 -4.342112
v -4.834775 7.207571 -5.389891
v -8.000000 7.182666 -5.423036
v -8.155969 7.271259 -5.282865
v -8.000000 7.182666 -5.423036
v -5.237361 7.428152 -5.081592
v -3.579166 6.694560 -6.015219
v -8.000000 6.651258 -6.063065
v -8.155969 6.768435 -5.913388
v -8.000000 6.651258 -6.063065
v -3.995110 6.834397 -5.855855
v -4.416559 7.006831 -5.648391
v -2.000000 6.455439 -6.271149
v -8.000000 6.063219 -6.651119
v -8.155969 6.211115 -6.496300
v -8.000000 6.063219 -6.651119
v -2.385830 6.469889 -6.256240
v -2.775553 6.513680 -6.210635
v -3.172592 6.588032 -6.131707
v 8.000000 6.063175 -6.651159
v -8.000000 5.424118 -7.181848
v -8.155969 5.603787 -7.026908
v -8.000000 5.424118 -7.181848
v 8.000000 5.423632 -7.182215
v -8.000000 4.738448 -7.651609
v -8.155969 4.951341 -7.500940
v -8.000000 4.738448 -7.651609
v 8.000000 4.738249 -7.651732
v -8.000000 4.012260 -8.056164
v -8.155969 4.259029 -7.914578
v -8.000000 4.012260 -8.056164
v 8.000000 4.012041 -8.056273
v -8.000000 3.251860 -8.391985
v -8.155969 3.532425 -8.264492
v -8.000000 3.251860 -8.391985
v 8.000000 3.251120 -8.392272
v -8.000000 2.463417 -8.656303
v -8.155969 2.777382 -8.547866
v -8.000000 2.463417 -8.656303
v 8.000000 2.462527 -8.656556
v -8.000000 1.653674 -8.846771
v -8.155969 1.999976 -8.762417
v -8.000000 1.653674 -8.846771
v 8.000000 1.653330 -8.846836
v -8.000000 0.830206 -8.961627
v -8.155969 1.206468 -8.906419
v -8.000000 0.830206 -8.961627
v 8.000000 0.830038 -8.961643
v -8.000000 0.000325 -9.000000
v -8.155969 0.403245 -8.978711
v -8.000000 0.000325 -9.000000
v 8.000000 -0.000301 -9.000000
v -8.000000 -0.830016 -8.961645
v -8.155969 -0.403223 -8.978713
v -8.000000 -0.830016 -8.961645
v 8.000000 -0.830184 -8.961629
v -8.000000 -1.653308 -8.846840
v -8.155969 -1.206446 -8.906423
v -8.000000 -1.653308 -8.846840
v 8.000000 -1.653652 -8.846775
v -8.000000 -2.462505 -8.656562
v -8.155969 -1.999954 -8.762423
v -8.000000 -2.462505 -8.656562
v 8.000000 -2.463395 -8.656309
v -8.000000 -3.251098 -8.392280
v -8.155969 -2.777360 -8.547873
v -8.000000 -3.251098 -8.392280
v 8.000000 -3.251838 -8.391993
v -8.000000 -4.012020 -8.056283
v -8.155969 -3.532404 -8.264502
v -8.000000 -4.012020 -8.056283
v 8.000000 -4.012239 -8.056173
v -8.000000 -4.738229 -7.651744
v -8.155969 -4.259009 -7.914588
v -8.000000 -4.738229 -7.651744
v 8.000000 -4.738428 -7.651621
v -8.000000 -5.423614 -7.182229
v -8.155969 -4.951322 -7.500952
v -8.000000 -5.423614 -7.182229
v 8.000000 -5.424100 -7.181862
v -8.155969 -5.603769 -7.026922
v -8.000000 -6.063158 -6.651175
v -3.170651 -6.587580 -6.132193
v -8.000000 -6.650946 -6.063407
v -8.155969 -6.211099 -6.496316
v -8.000000 -6.650946 -6.063407
v -2.773930 -6.513421 -6.210906
v -4.414743 -7.006009 -5.649411
v -8.000000 -7.182025 -5.423884
v -8.155969 -6.768419 -5.913405
v -8.000000 -7.182025 -5.423884
v -3.993382 -6.833736 -5.856624
v -3.577404 -6.694017 -6.015823
v -5.235693 -7.427168 -5.083027
v -8.000000 -7.652115 -4.737630
v -8.155969 -7.271245 -5.282884
v -8.000000 -7.652115 -4.737630
v -4.833009 -7.206648 -5.391124
v -5.944498 -7.882360 -4.343777
v -8.000000 -8.056795 -4.010992
v -8.155969 -7.715527 -4.609827
v -8.000000 -8.056795 -4.010992
v -5.609727 -7.656268 -4.730915
v -6.474985 -8.290916 -3.501528
v -8.000000 -8.392427 -3.250718
v -8.155969 -8.097690 -3.899654
v -8.000000 -8.392427 -3.250718
v -6.233724 -8.096045 -3.931166
v -6.815845 -8.611524 -2.615656
v -8.000000 -8.656461 -2.462860
v -8.155969 -8.414652 -3.158084
v -8.000000 -8.656461 -2.462860
v -6.668496 -8.463303 -3.061457
v -6.979930 -8.834367 -1.718711
v -8.000000 -8.846779 -1.653634
v -8.155969 -8.663866 -2.391087
v -8.000000 -8.846779 -1.653634
v -6.919028 -8.735132 -2.167362
v -7.000000 -8.909777 -1.271168
v -8.000000 -8.961611 -0.830376
v -8.155969 -8.843323 -1.604838
v -8.000000 -8.961611 -0.830376
v -7.000000 -9.000000 -0.000012
v -8.000000 -9.000000 -0.000012
v -8.155969 -8.951579 -0.805668
v -8.000000 -9.000000 -0.000012
v -7.000000 -8.977414 -0.637188
v -7.000000 -8.977416 0.637165
v -8.000000 -9.000000 -0.000012
v -7.000000 -9.000000 -0.000012
v -8.155969 -8.987762 -0.000011
v -8.000000 -8.961622 0.830260
v -8.155969 -8.987762 -0.000011
v -8.000000 -9.000000 -0.000012
v -8.000000 -8.961622 0.830260
v -7.000000 -9.999998 -1.271170
v -7.000000 -9.000000 -0.000012
v -7.000000 -8.977414 -0.637188
v -7.000000 -8.977416 0.637165
v -7.000000 -8.909777 -1.271168
v -7.000000 -9.999998 -1.271170
v -7.000000 -8.909777 -1.271168
v -6.979930 -8.834367 -1.718711
v -6.968547 -9.999998 -1.831113
v -6.919028 -8.735132 -2.167362
v -6.874641 -9.999997 -2.383767
v -6.815845 -8.611524 -2.615656
v -6.719427 -9.999996 -2.922529
v -6.668496 -8.463303 -3.061457
v -6.504860 -9.999995 -3.440555
v -6.474985 -8.290916 -3.501528
v -6.233724 -8.096045 -3.931166
v -6.233529 -9.999995 -3.931475
v -5.944498 -7.882360 -4.343777
v -5.908952 -9.999994 -4.388876
v -5.609727 -7.656268 -4.730915
v -5.535336 -9.999994 -4.806901
v -5.235693 -7.427168 -5.083027
v -5.117345 -9.999993 -5.180410
v -4.833009 -7.206648 -5.391124
v -4.660134 -9.999993 -5.504806
v -4.414743 -7.006009 -5.649411
v -4.169486 -9.999992 -5.775982
v -3.993382 -6.833736 -5.856624
v -3.651694 -9.999992 -5.990480
v -3.577404 -6.694017 -6.015823
v -3.170651 -6.587580 -6.132193
v -3.112994 -9.999992 -6.145720
v -2.773930 -6.513421 -6.210906
v 8.156434 -8.987688 -0.000011
v 8.000000 -9.000000 -0.000012
v 8.000000 -8.961620 -0.830282
v 8.156434 -8.951508 0.805639
v 8.000000 -8.961613 0.830354
v 8.000000 -9.000000 -0.000012
v 8.156434 -8.987688 -0.000011
v 8.156434 -8.843250 -1.604825
v 8.000000 -8.846779 -1.653633
v 8.156434 -8.951506 -0.805661
v 8.156434 -8.663795 -2.391067
v 8.000000 -8.656610 -2.462340
v 8.156434 -8.414583 -3.158058
v 8.000000 -8.392572 -3.250344
v 8.156434 -8.097622 -3.899622
v 8.000000 -8.056874 -4.010835
v 8.156434 -7.715464 -4.609789
v 8.000000 -7.652453 -4.737084
v 8.156434 -7.271186 -5.282841
v 8.000000 -7.182652 -5.423054
v 8.156434 -6.768364 -5.913357
v 8.000000 -6.651243 -6.063082
v 8.156434 -6.211048 -6.496263
v 8.000000 -6.063201 -6.651134
v 8.156434 -5.603723 -7.026865
v 8.000000 -5.424100 -7.181862
v 8.156434 -4.951281 -7.500890
v 8.000000 -4.738428 -7.651621
v 8.156434 -4.258974 -7.914523
v 8.000000 -4.012239 -8.056173
v 8.156434 -3.532376 -8.264434
v 8.000000 -3.251838 -8.391993
v 8.156434 -2.777337 -8.547804
v 8.000000 -2.463395 -8.656309
v 8.156434 -1.999938 -8.762351
v 8.000000 -1.653652 -8.846775
v 8.156434 -1.206436 -8.906350
v 8.000000 -0.830184 -8.961629
v 8.156434 -0.403220 -8.978639
v 8.000000 -0.000301 -9.000000
v 8.156434 0.403242 -8.978637
v 8.000000 0.830038 -8.961643
v 8.156434 1.206458 -8.906346
v 8.000000 1.653330 -8.846836
v 8.156434 1.999960 -8.762345
v 8.000000 2.462527 -8.656556
v 8.156434 2.777359 -8.547796
v 8.000000 3.251120 -8.392272
v 8.156434 3.532397 -8.264424
v 8.000000 4.012041 -8.056273
v 8.156434 4.258994 -7.914513
v 8.000000 4.738249 -7.651732
v 8.156434 4.951300 -7.500878
v 8.000000 5.423632 -7.182215
v 8.156434 5.603741 -7.026851
v 8.000000 6.063175 -6.651159
v 3.170650 6.587596 -6.132174
v 8.000000 6.650961 -6.063390
v 8.156434 6.211064 -6.496247
v 8.000000 6.650961 -6.063390
v 2.773929 6.513437 -6.210889
v 2.384936 6.469822 -6.256309
v 2.000000 6.455439 -6.271149
v 4.414739 7.006025 -5.649393
v 8.000000 7.182039 -5.423866
v 8.156434 6.768380 -5.913340
v 8.000000 7.182039 -5.423866
v 3.993382 6.833753 -5.856606
v 3.577406 6.694032 -6.015808
v 5.235695 7.427180 -5.083007
v 8.000000 7.652127 -4.737610
v 8.156434 7.271200 -5.282822
v 8.000000 7.652127 -4.737610
v 4.833010 7.206661 -5.391105
v 5.944497 7.882372 -4.343758
v 8.000000 8.056805 -4.010971
v 8.156434 7.715476 -4.609769
v 8.000000 8.056805 -4.010971
v 5.609726 7.656281 -4.730897
v 6.474985 8.290926 -3.501507
v 8.000000 8.392435 -3.250696
v 8.156434 8.097631 -3.899602
v 8.000000 8.392435 -3.250696
v 6.233724 8.096053 -3.931143
v 6.815844 8.611531 -2.615633
v 8.000000 8.656466 -2.462838
v 8.156434 8.414591 -3.158036
v 8.000000 8.656466 -2.462838
v 6.668496 8.463310 -3.061437
v 8.156434 8.663801 -2.391045
v 8.000000 8.846783 -1.653612
v 6.919028 8.735138 -2.167339
v 8.156434 8.843254 -1.604803
v 8.000000 8.961613 -0.830354
v 8.156434 8.951508 -0.805639
v 8.000000 9.000000 0.000012
v 8.156434 8.987688 0.000011
v 8.000000 9.000000 0.000012
v 8.000000 8.961620 0.830282
v 8.156434 8.987688 0.000011
v -7.000000 8.977414 0.637188
v -8.308718 8.951154 0.000011
v -8.308718 8.915118 0.802386
v -8.308718 8.951154 0.000011
v -8.308718 8.915120 -0.802364
v -8.308718 8.807307 -1.598279
v -8.308718 8.628583 -2.381326
v -8.308718 8.380385 -3.145199
v -8.308718 8.064715 -3.883750
v -8.308718 7.684113 -4.591030
v -8.308718 7.241642 -5.261347
v -8.308718 6.740866 -5.889302
v -8.308718 6.185816 -6.469840
v -8.308718 5.580962 -6.998287
v -8.308718 4.931172 -7.470387
v -8.308718 4.241681 -7.882341
v -8.308718 3.518038 -8.230829
v -8.308718 2.766070 -8.513049
v -8.308718 1.991830 -8.726727
v -8.308718 1.201554 -8.870141
v -8.308718 0.401603 -8.942139
v -8.308718 -0.401581 -8.942141
v -8.308718 -1.201532 -8.870145
v -8.308718 -1.991808 -8.726732
v -8.308718 -2.766048 -8.513057
v -8.308718 -3.518017 -8.230839
v -8.308718 -4.241661 -7.882351
v -8.308718 -4.931153 -7.470399
v -8.308718 -5.580944 -6.998301
v -8.308718 -6.185800 -6.469856
v -8.308718 -6.740850 -5.889319
v -8.308718 -7.241628 -5.261365
v -8.308718 -7.684101 -4.591050
v -8.308718 -8.064706 -3.883770
v -8.308718 -8.380378 -3.145221
v -8.308718 -8.628577 -2.381348
v -8.308718 -8.807303 -1.598301
v -8.308718 -8.915118 -0.802386
v -8.308718 -8.951154 -0.000011
v -8.155969 -8.951581 0.805646
v -8.308718 -8.951154 -0.000011
v -8.587785 8.773555 -0.789623
v -8.707107 8.697246 -0.414290
v -8.707107 8.707107 0.000011
v -8.808740 8.588166 0.000011
v -8.707107 8.707107 0.000011
v -8.707107 8.697246 -0.414290
v -8.587785 8.809017 0.000011
v -8.707107 8.697244 0.414312
v -8.587785 8.809017 0.000011
v -8.707107 8.707107 0.000011
v -8.808740 8.551530 0.792427
v -8.707107 8.697244 0.414312
v -8.707107 8.707107 0.000011
v -8.808740 8.588166 0.000011
v -8.707107 8.667681 -0.827652
v -8.808740 8.551532 -0.792405
v -8.707107 8.667681 -0.827652
v -8.587785 8.667454 -1.572900
v -8.707107 8.618483 -1.239139
v -8.707107 8.618483 -1.239139
v -8.707107 8.549760 -1.647820
v -8.808740 8.441939 -1.578060
v -8.707107 8.549760 -1.647820
v -8.587785 8.491568 -2.343512
v -8.707107 8.461670 -2.052767
v -8.707107 8.461670 -2.052767
v -8.707107 8.354411 -2.453064
v -8.808740 8.260322 -2.350253
v -8.707107 8.354411 -2.453064
v -8.587785 8.247313 -3.095257
v -8.707107 8.228227 -2.847806
v -8.707107 8.228227 -2.847806
v -8.707107 8.083403 -3.236095
v -8.808740 8.008231 -3.102394
v -8.707107 8.083403 -3.236095
v -8.587785 7.936655 -3.822079
v -8.707107 7.920268 -3.617053
v -8.707107 7.920268 -3.617053
v -8.707107 7.739190 -3.989817
v -8.808740 7.687816 -3.828065
v -8.707107 7.739190 -3.989817
v -8.587785 7.562096 -4.518128
v -8.707107 7.540582 -4.353543
v -8.707107 7.540582 -4.353543
v -8.707107 7.324890 -4.707407
v -8.808740 7.301812 -4.521078
v -8.707107 7.324890 -4.707407
v -8.587785 7.126651 -5.177801
v -8.707107 7.092607 -5.050608
v -8.707107 7.092607 -5.050608
v -8.707107 6.844254 -5.382368
v -8.808740 6.853512 -5.175519
v -8.707107 6.844254 -5.382368
v -8.587785 6.633827 -5.795784
v -8.707107 6.580399 -5.701933
v -8.707107 6.580399 -5.701933
v -8.707107 6.301638 -6.008584
v -8.808740 6.346740 -5.785802
v -8.707107 6.301638 -6.008584
v -8.587785 6.087591 -6.367105
v -8.707107 6.008600 -6.301622
v -8.707107 6.008600 -6.301622
v -8.587785 5.492341 -6.887160
v -8.707107 5.701951 -6.580385
v -8.808740 5.785818 -6.346725
v -8.707107 5.701951 -6.580385
v -8.707107 5.382385 -6.844241
v -8.707107 5.382385 -6.844241
v -8.587785 4.852870 -7.351764
v -8.707107 5.050626 -7.092593
v -8.808740 5.175536 -6.853498
v -8.707107 5.050626 -7.092593
v -8.707107 4.707427 -7.324878
v -8.707107 4.707427 -7.324878
v -8.587785 4.174327 -7.757176
v -8.707107 4.353562 -7.540570
v -8.808740 4.521097 -7.301800
v -8.707107 4.353562 -7.540570
v -8.707107 3.989837 -7.739180
v -8.707107 3.989837 -7.739180
v -8.587785 3.462174 -8.100131
v -8.707107 3.617073 -7.920258
v -8.808740 3.828085 -7.687806
v -8.707107 3.617073 -7.920258
v -8.707107 3.236115 -8.083395
v -8.707107 3.236115 -8.083395
v -8.587785 2.722147 -8.377870
v -8.707107 2.847826 -8.228219
v -8.808740 3.102414 -8.008224
v -8.707107 2.847826 -8.228219
v -8.707107 2.453086 -8.354405
v -8.707107 2.453086 -8.354405
v -8.587785 1.960202 -8.588154
v -8.707107 2.052789 -8.461664
v -8.808740 2.350274 -8.260316
v -8.707107 2.052789 -8.461664
v -8.707107 1.647842 -8.549756
v -8.707107 1.647842 -8.549756
v -8.587785 1.182474 -8.729291
v -8.707107 1.239161 -8.618479
v -8.808740 1.578082 -8.441936
v -8.707107 1.239161 -8.618479
v -8.707107 0.827674 -8.667679
v -8.707107 0.827674 -8.667679
v -8.587785 0.395226 -8.800146
v -8.707107 0.414312 -8.697244
v -8.808740 0.792427 -8.551530
v -8.707107 0.414312 -8.697244
v -8.707107 0.000011 -8.707107
v -8.707107 0.000011 -8.707107
v -8.587785 -0.395204 -8.800148
v -8.707107 -0.414290 -8.697246
v -8.808740 0.000011 -8.588166
v -8.707107 -0.414290 -8.697246
v -8.587785 -1.182452 -8.729295
v -8.707107 -0.827652 -8.667681
v -8.808740 -0.792405 -8.551532
v -8.707107 -0.827652 -8.667681
v -8.707107 -1.239139 -8.618483
v -8.707107 -1.239139 -8.618483
v -8.587785 -1.960180 -8.588160
v -8.707107 -1.647820 -8.549760
v -8.808740 -1.578060 -8.441939
v -8.707107 -1.647820 -8.549760
v -8.707107 -2.052767 -8.461670
v -8.707107 -2.052767 -8.461670
v -8.587785 -2.722125 -8.377877
v -8.707107 -2.453064 -8.354411
v -8.808740 -2.350253 -8.260322
v -8.707107 -2.453064 -8.354411
v -8.707107 -2.847806 -8.228227
v -8.707107 -2.847806 -8.228227
v -8.587785 -3.462154 -8.100141
v -8.707107 -3.236095 -8.083403
v -8.808740 -3.102394 -8.008231
v -8.707107 -3.236095 -8.083403
v -8.707107 -3.617053 -7.920268
v -8.707107 -3.617053 -7.920268
v -8.587785 -4.174307 -7.757186
v -8.707107 -3.989817 -7.739190
v -8.808740 -3.828065 -7.687816
v -8.707107 -3.989817 -7.739190
v -8.707107 -4.353543 -7.540582
v -8.707107 -4.353543 -7.540582
v -8.587785 -4.852851 -7.351776
v -8.707107 -4.707407 -7.324890
v -8.808740 -4.521078 -7.301812
v -8.707107 -4.707407 -7.324890
v -8.707107 -5.050608 -7.092607
v -8.707107 -5.050608 -7.092607
v -8.587785 -5.492323 -6.887174
v -8.707107 -5.382368 -6.844254
v -8.808740 -5.175519 -6.853512
v -8.707107 -5.382368 -6.844254
v -8.707107 -5.701933 -6.580399
v -8.707107 -5.701933 -6.580399
v -8.587785 -6.087575 -6.367120
v -8.707107 -6.008584 -6.301638
v -8.808740 -5.785802 -6.346740
v -8.707107 -6.008584 -6.301638
v -8.707107 -6.301622 -6.008600
v -8.707107 -6.301622 -6.008600
v -8.587785 -6.633811 -5.795802
v -8.707107 -6.580385 -5.701951
v -8.808740 -6.346725 -5.785818
v -8.707107 -6.580385 -5.701951
v -8.587785 -7.126637 -5.177819
v -8.707107 -6.844241 -5.382385
v -8.707107 -6.844241 -5.382385
v -8.707107 -7.092593 -5.050626
v -8.808740 -6.853498 -5.175536
v -8.707107 -7.092593 -5.050626
v -8.587785 -7.562084 -4.518147
v -8.707107 -7.324878 -4.707427
v -8.707107 -7.324878 -4.707427
v -8.707107 -7.540570 -4.353562
v -8.808740 -7.301800 -4.521097
v -8.707107 -7.540570 -4.353562
v -8.587785 -7.936645 -3.822099
v -8.707107 -7.739180 -3.989837
v -8.707107 -7.739180 -3.989837
v -8.707107 -7.920258 -3.617073
v -8.808740 -7.687806 -3.828085
v -8.707107 -7.920258 -3.617073
v -8.587785 -8.247305 -3.095278
v -8.707107 -8.083395 -3.236115
v -8.707107 -8.083395 -3.236115
v -8.707107 -8.228219 -2.847826
v -8.808740 -8.008224 -3.102414
v -8.707107 -8.228219 -2.847826
v -8.587785 -8.491562 -2.343534
v -8.707107 -8.354405 -2.453086
v -8.707107 -8.354405 -2.453086
v -8.707107 -8.461664 -2.052789
v -8.808740 -8.260316 -2.350274
v -8.707107 -8.461664 -2.052789
v -8.587785 -8.667450 -1.572922
v -8.707107 -8.549756 -1.647842
v -8.707107 -8.549756 -1.647842
v -8.707107 -8.618479 -1.239161
v -8.808740 -8.441936 -1.578082
v -8.707107 -8.618479 -1.239161
v -8.587785 -8.773553 -0.789645
v -8.707107 -8.667679 -0.827674
v -8.707107 -8.667679 -0.827674
v -8.707107 -8.697244 -0.414312
v -8.808740 -8.551530 -0.792427
v -8.707107 -8.697244 -0.414312
v -8.587785 -8.809017 -0.000011
v -8.707107 -8.707107 -0.000011
v -8.707107 -8.707107 -0.000011
v -8.587785 -8.773555 0.789623
v -8.707107 -8.707107 -0.000011
v -8.587785 -8.809017 -0.000011
v -8.707107 -8.697246 0.414290
v -8.808740 -8.588166 -0.000011
v -8.707107 -8.707107 -0.000011
v -8.707107 -8.697246 0.414290
v -8.808740 -8.588166 -0.000011
v -8.453851 -8.891078 -0.000011
v -8.453851 -8.855286 0.796979
v -8.453851 -8.891078 -0.000011
v -8.453851 -8.855284 -0.797001
v -8.453851 -8.748193 -1.587574
v -8.453851 -8.570666 -2.365365
v -8.453851 -8.324133 -3.124112
v -8.453851 -8.010579 -3.857704
v -8.453851 -7.632529 -4.560236
v -8.453851 -7.193027 -5.226053
v -8.453851 -6.695610 -5.849792
v -8.453851 -6.144284 -6.426433
v -8.453851 -5.543487 -6.951332
v -8.453851 -4.898058 -7.420262
v -8.453851 -4.213193 -7.829448
v -8.453851 -3.494406 -8.175598
v -8.453851 -2.747483 -8.455922
v -8.453851 -1.978440 -8.668163
v -8.453851 -1.193467 -8.810613
v -8.453851 -0.398886 -8.882126
v -8.453851 0.398908 -8.882124
v -8.453851 1.193489 -8.810609
v -8.453851 1.978462 -8.668158
v -8.453851 2.747505 -8.455914
v -8.453851 3.494426 -8.175589
v -8.453851 4.213213 -7.829438
v -8.453851 4.898077 -7.420250
v -8.453851 5.543505 -6.951318
v -8.453851 6.144300 -6.426417
v -8.453851 6.695625 -5.849775
v -8.453851 7.193040 -5.226035
v -8.453851 7.632541 -4.560217
v -8.453851 8.010589 -3.857684
v -8.453851 8.324141 -3.124090
v -8.453851 8.570672 -2.365343
v -8.453851 8.748197 -1.587552
v -8.453851 8.855286 -0.796979
v -8.453851 8.891078 0.000011
v -8.587785 8.773553 0.789645
v -8.453851 8.891078 0.000011
v -8.453851 8.855284 0.797001
v -8.308718 -8.915120 0.802364
v -8.155969 -8.843327 1.604816
v -8.000000 -8.846783 1.653611
v -8.155969 -8.663872 2.391065
v -8.308718 -8.807307 1.598279
v -8.000000 -8.656615 2.462318
v -8.155969 -8.414660 3.158062
v -8.308718 -8.628583 2.381326
v -8.000000 -8.392580 3.250322
v -8.155969 -8.097699 3.899634
v -8.308718 -8.380385 3.145199
v -8.000000 -8.056884 4.010814
v -8.155969 -7.715539 4.609807
v -8.308718 -8.064715 3.883750
v -8.000000 -7.652465 4.737064
v -8.155969 -7.271259 5.282865
v -8.308718 -7.684113 4.591030
v -8.000000 -7.182666 5.423036
v -8.155969 -6.768435 5.913388
v -8.308718 -7.241642 5.261347
v -8.000000 -6.651258 6.063065
v -8.155969 -6.211115 6.496300
v -8.308718 -6.740866 5.889302
v -8.000000 -6.063219 6.651119
v -8.155969 -5.603787 7.026908
v -8.308718 -6.185816 6.469840
v -8.000000 -5.424118 7.181848
v -8.155969 -4.951341 7.500940
v -8.308718 -5.580962 6.998287
v -8.000000 -4.738448 7.651609
v -8.155969 -4.259029 7.914578
v -8.308718 -4.931172 7.470387
v -8.000000 -4.012260 8.056164
v -8.155969 -3.532425 8.264492
v -8.308718 -4.241681 7.882341
v -8.000000 -3.251860 8.391985
v -8.155969 -2.777382 8.547866
v -8.308718 -3.518038 8.230829
v -8.000000 -2.463417 8.656303
v -8.155969 -1.999976 8.762417
v -8.308718 -2.766070 8.513049
v -8.000000 -1.653674 8.846771
v -8.155969 -1.206468 8.906419
v -8.308718 -1.991830 8.726727
v -8.000000 -0.830206 8.961627
v -8.155969 -0.403245 8.978711
v -8.308718 -1.201554 8.870141
v -8.000000 -0.000325 9.000000
v -8.155969 0.403223 8.978713
v -8.308718 -0.401603 8.942139
v -8.000000 0.830016 8.961645
v -8.155969 1.206446 8.906423
v -8.308718 0.401581 8.942141
v -8.000000 1.653308 8.846840
v -8.155969 1.999954 8.762423
v -8.308718 1.201532 8.870145
v -8.000000 2.462505 8.656562
v -8.155969 2.777360 8.547873
v -8.308718 1.991808 8.726732
v -8.000000 3.251098 8.392280
v -8.155969 3.532404 8.264502
v -8.308718 2.766048 8.513057
v -8.000000 4.012020 8.056283
v -8.155969 4.259009 7.914588
v -8.308718 3.518017 8.230839
v -8.000000 4.738229 7.651744
v -8.155969 4.951322 7.500952
v -8.308718 4.241661 7.882351
v -8.000000 5.423614 7.182229
v -8.155969 5.603769 7.026922
v -8.308718 4.931153 7.470399
v -8.000000 6.063158 6.651175
v -8.155969 6.211099 6.496316
v -8.308718 5.580944 6.998301
v -8.000000 6.650946 6.063407
v -8.155969 6.768419 5.913405
v -8.308718 6.185800 6.469856
v -8.000000 7.182025 5.423884
v -8.155969 7.271245 5.282884
v -8.308718 6.740850 5.889319
v -8.000000 7.652115 4.737630
v -8.155969 7.715527 4.609827
v -8.308718 7.241628 5.261365
v -8.000000 8.056795 4.010992
v -8.155969 8.097690 3.899654
v -8.308718 7.684101 4.591050
v -8.000000 8.392427 3.250718
v -8.155969 8.414652 3.158084
v -8.308718 8.064706 3.883770
v -8.000000 8.656461 2.462860
v -8.155969 8.663866 2.391087
v -8.308718 8.380378 3.145221
v -8.000000 8.846779 1.653634
v -8.155969 8.843323 1.604838
v -8.308718 8.628577 2.381348
v -8.308718 8.807303 1.598301
v -7.000000 8.909777 1.271168
v -8.000000 8.846779 1.653634
v -6.979930 8.834367 1.718711
v -8.000000 8.656461 2.462860
v -6.815845 8.611524 2.615656
v -8.000000 8.392427 3.250718
v -6.919028 8.735132 2.167362
v -6.474985 8.290916 3.501528
v -8.000000 8.056795 4.010992
v -6.668496 8.463303 3.061457
v -5.944498 7.882360 4.343777
v -8.000000 7.652115 4.737630
v -6.233724 8.096045 3.931166
v -5.235693 7.427168 5.083027
v -8.000000 7.182025 5.423884
v -5.609727 7.656268 4.730915
v -4.414743 7.006009 5.649411
v -8.000000 6.650946 6.063407
v -4.833009 7.206648 5.391124
v -3.170651 6.587580 6.132193
v -8.000000 6.063158 6.651175
v -3.993382 6.833736 5.856624
v -3.577404 6.694017 6.015823
v 8.000000 5.424100 7.181862
v -8.000000 5.423614 7.182229
v -2.773930 6.513421 6.210906
v -2.384935 6.469806 6.256325
v -2.000000 6.455423 6.271165
v 2.000000 6.455423 6.271165
v 8.000000 6.063201 6.651134
v 8.000000 4.738428 7.651621
v -8.000000 4.738229 7.651744
v 8.000000 4.012239 8.056173
v -8.000000 4.012020 8.056283
v 8.000000 3.251838 8.391993
v -8.000000 3.251098 8.392280
v 8.000000 2.463395 8.656309
v -8.000000 2.462505 8.656562
v 8.000000 1.653652 8.846775
v -8.000000 1.653308 8.846840
v 8.000000 0.830184 8.961629
v -8.000000 0.830016 8.961645
v 8.000000 0.000301 9.000000
v -8.000000 -0.000325 9.000000
v 8.000000 -0.830038 8.961643
v -8.000000 -0.830206 8.961627
v 8.000000 -1.653330 8.846836
v -8.000000 -1.653674 8.846771
v 8.000000 -2.462527 8.656556
v -8.000000 -2.463417 8.656303
v 8.000000 -3.251120 8.392272
v -8.000000 -3.251860 8.391985
v 8.000000 -4.012041 8.056273
v -8.000000 -4.012260 8.056164
v 8.000000 -4.738249 7.651732
v -8.000000 -4.738448 7.651609
v 8.000000 -5.423632 7.182215
v -8.000000 -5.424118 7.181848
v 8.000000 -6.063175 6.651159
v -8.000000 -6.063219 6.651119
v -2.000000 -6.455439 6.271149
v -8.000000 -6.651258 6.063065
v -3.579166 -6.694560 6.015219
v -8.000000 -7.182666 5.423036
v -2.385830 -6.469889 6.256240
v -2.775553 -6.513680 6.210635
v -3.172592 -6.588032 6.131707
v -4.834775 -7.207571 5.389891
v -8.000000 -7.652465 4.737064
v -3.995110 -6.834397 5.855855
v -4.416559 -7.006831 5.648391
v -5.611321 -7.657308 4.729231
v -8.000000 -8.056884 4.010814
v -5.237361 -7.428152 5.081592
v -6.234758 -8.096854 3.929498
v -8.000000 -8.392580 3.250322
v -5.945778 -7.883278 4.342112
v -6.669070 -8.463852 3.059936
v -8.000000 -8.656615 2.462318
v -6.475801 -8.291617 3.499868
v -6.919238 -8.735424 2.166189
v -8.000000 -8.846783 1.653611
v -6.816254 -8.611977 2.614166
v -7.000000 -8.909781 1.271146
v -6.979987 -8.834494 1.718057
v -8.707107 -8.667681 0.827652
v -8.808740 -8.551532 0.792405
v -8.707107 -8.667681 0.827652
v -8.587785 -8.667454 1.572900
v -8.707107 -8.618483 1.239139
v -8.707107 -8.618483 1.239139
v -8.707107 -8.549760 1.647820
v -8.808740 -8.441939 1.578060
v -8.707107 -8.549760 1.647820
v -8.587785 -8.491568 2.343512
v -8.707107 -8.461670 2.052767
v -8.707107 -8.461670 2.052767
v -8.707107 -8.354411 2.453064
v -8.808740 -8.260322 2.350253
v -8.707107 -8.354411 2.453064
v -8.587785 -8.247313 3.095257
v -8.707107 -8.228227 2.847806
v -8.707107 -8.228227 2.847806
v -8.707107 -8.083403 3.236095
v -8.808740 -8.008231 3.102394
v -8.707107 -8.083403 3.236095
v -8.587785 -7.936655 3.822079
v -8.707107 -7.920268 3.617053
v -8.707107 -7.920268 3.617053
v -8.707107 -7.739190 3.989817
v -8.808740 -7.687816 3.828065
v -8.707107 -7.739190 3.989817
v -8.587785 -7.562096 4.518128
v -8.707107 -7.540582 4.353543
v -8.707107 -7.540582 4.353543
v -8.707107 -7.324890 4.707407
v -8.808740 -7.301812 4.521078
v -8.707107 -7.324890 4.707407
v -8.587785 -7.126651 5.177801
v -8.707107 -7.092607 5.050608
v -8.707107 -7.092607 5.050608
v -8.707107 -6.844254 5.382368
v -8.808740 -6.853512 5.175519
v -8.707107 -6.844254 5.382368
v -8.587785 -6.633827 5.795784
v -8.707107 -6.580399 5.701933
v -8.707107 -6.580399 5.701933
v -8.707107 -6.301638 6.008584
v -8.808740 -6.346740 5.785802
v -8.707107 -6.301638 6.008584
v -8.587785 -6.087591 6.367105
v -8.707107 -6.008600 6.301622
v -8.707107 -6.008600 6.301622
v -8.587785 -5.492341 6.887160
v -8.707107 -5.701951 6.580385
v -8.808740 -5.785818 6.346725
v -8.707107 -5.701951 6.580385
v -8.707107 -5.382385 6.844241
v -8.707107 -5.382385 6.844241
v -8.587785 -4.852870 7.351764
v -8.707107 -5.050626 7.092593
v -8.808740 -5.175536 6.853498
v -8.707107 -5.050626 7.092593
v -8.707107 -4.707427 7.324878
v -8.707107 -4.707427 7.324878
v -8.587785 -4.174327 7.757176
v -8.707107 -4.353562 7.540570
v -8.808740 -4.521097 7.301800
v -8.707107 -4.353562 7.540570
v -8.707107 -3.989837 7.739180
v -8.707107 -3.989837 7.739180
v -8.587785 -3.462174 8.100131
v -8.707107 -3.617073 7.920258
v -8.808740 -3.828085 7.687806
v -8.707107 -3.617073 7.920258
v -8.707107 -3.236115 8.083395
v -8.707107 -3.236115 8.083395
v -8.587785 -2.722147 8.377870
v -8.707107 -2.847826 8.228219
v -8.808740 -3.102414 8.008224
v -8.707107 -2.847826 8.228219
v -8.707107 -2.453086 8.354405
v -8.707107 -2.453086 8.354405
v -8.587785 -1.960202 8.588154
v -8.707107 -2.052789 8.461664
v -8.808740 -2.350274 8.260316
v -8.707107 -2.052789 8.461664
v -8.707107 -1.647842 8.549756
v -8.707107 -1.647842 8.549756
v -8.587785 -1.182474 8.729291
v -8.707107 -1.239161 8.618479
v -8.808740 -1.578082 8.441936
v -8.707107 -1.239161 8.618479
v -8.707107 -0.827674 8.667679
v -8.707107 -0.827674 8.667679
v -8.587785 -0.395226 8.800146
v -8.707107 -0.414312 8.697244
v -8.808740 -0.792427 8.551530
v -8.707107 -0.414312 8.697244
v -8.707107 -0.000011 8.707107
v -8.707107 -0.000011 8.707107
v -8.587785 0.395204 8.800148
v -8.707107 0.414290 8.697246
v -8.808740 -0.000011 8.588166
v -8.707107 0.414290 8.697246
v -8.587785 1.182452 8.729295
v -8.707107 0.827652 8.667681
v -8.808740 0.792405 8.551532
v -8.707107 0.827652 8.667681
v -8.707107 1.239139 8.618483
v -8.707107 1.239139 8.618483
v -8.587785 1.960180 8.588160
v -8.707107 1.647820 8.549760
v -8.808740 1.578060 8.441939
v -8.707107 1.647820 8.549760
v -8.707107 2.052767 8.461670
v -8.707107 2.052767 8.461670
v -8.587785 2.722125 8.377877
v -8.707107 2.453064 8.354411
v -8.808740 2.350253 8.260322
v -8.707107 2.453064 8.354411
v -8.707107 2.847806 8.228227
v -8.707107 2.847806 8.228227
v -8.587785 3.462154 8.100141
v -8.707107 3.236095 8.083403
v -8.808740 3.102394 8.008231
v -8.707107 3.236095 8.083403
v -8.707107 3.617053 7.920268
v -8.707107 3.617053 7.920268
v -8.587785 4.174307 7.757186
v -8.707107 3.989817 7.739190
v -8.808740 3.828065 7.687816
v -8.707107 3.989817 7.739190
v -8.707107 4.353543 7.540582
v -8.707107 4.353543 7.540582
v -8.587785 4.852851 7.351776
v -8.707107 4.707407 7.324890
v -8.808740 4.521078 7.301812
v -8.707107 4.707407 7.324890
v -8.707107 5.050608 7.092607
v -8.707107 5.050608 7.092607
v -8.587785 5.492323 6.887174
v -8.707107 5.382368 6.844254
v -8.808740 5.175519 6.853512
v -8.707107 5.382368 6.844254
v -8.707107 5.701933 6.580399
v -8.707107 5.701933 6.580399
v -8.587785 6.087575 6.367120
v -8.707107 6.008584 6.301638
v -8.808740 5.785802 6.346740
v -8.707107 6.008584 6.301638
v -8.707107 6.301622 6.008600
v -8.707107 6.301622 6.008600
v -8.587785 6.633811 5.795802
v -8.707107 6.580385 5.701951
v -8.808740 6.346725 5.785818
v -8.707107 6.580385 5.701951
v -8.587785 7.126637 5.177819
v -8.707107 6.844241 5.382385
v -8.707107 6.844241 5.382385
v -8.707107 7.092593 5.050626
v -8.808740 6.853498 5.175536
v -8.707107 7.092593 5.050626
v -8.587785 7.562084 4.518147
v -8.707107 7.324878 4.707427
v -8.707107 7.324878 4.707427
v -8.707107 7.540570 4.353562
v -8.808740 7.301800 4.521097
v -8.707107 7.540570 4.353562
v -8.587785 7.936645 3.822099
v -8.707107 7.739180 3.989837
v -8.707107 7.739180 3.989837
v -8.707107 7.920258 3.617073
v -8.808740 7.687806 3.828085
v -8.707107 7.920258 3.617073
v -8.587785 8.247305 3.095278
v -8.707107 8.083395 3.236115
v -8.707107 8.083395 3.236115
v -8.707107 8.228219 2.847826
v -8.808740 8.008224 3.102414
v -8.707107 8.228219 2.847826
v -8.587785 8.491562 2.343534
v -8.707107 8.354405 2.453086
v -8.707107 8.354405 2.453086
v -8.707107 8.461664 2.052789
v -8.808740 8.260316 2.350274
v -8.707107 8.461664 2.052789
v -8.587785 8.667450 1.572922
v -8.707107 8.549756 1.647842
v -8.707107 8.549756 1.647842
v -8.707107 8.618479 1.239161
v -8.808740 8.441936 1.578082
v -8.707107 8.618479 1.239161
v -8.707107 8.667679 0.827674
v -8.707107 8.667679 0.827674
v -8.453851 8.748193 1.587574
v -8.453851 8.570666 2.365365
v -8.453851 8.324133 3.124112
v -8.453851 8.010579 3.857704
v -8.453851 7.632529 4.560236
v -8.453851 7.193027 5.226053
v -8.453851 6.695610 5.849792
v -8.453851 6.144284 6.426433
v -8.453851 5.543487 6.951332
v -8.453851 4.898058 7.420262
v -8.453851 4.213193 7.829448
v -8.453851 3.494406 8.175598
v -8.453851 2.747483 8.455922
v -8.453851 1.978440 8.668163
v -8.453851 1.193467 8.810613
v -8.453851 0.398886 8.882126
v -8.453851 -0.398908 8.882124
v -8.453851 -1.193489 8.810609
v -8.453851 -1.978462 8.668158
v -8.453851 -2.747505 8.455914
v -8.453851 -3.494426 8.175589
v -8.453851 -4.213213 7.829438
v -8.453851 -4.898077 7.420250
v -8.453851 -5.543505 6.951318
v -8.453851 -6.144300 6.426417
v -8.453851 -6.695625 5.849775
v -8.453851 -7.193040 5.226035
v -8.453851 -7.632541 4.560217
v -8.453851 -8.010589 3.857684
v -8.453851 -8.324141 3.124090
v -8.453851 -8.570672 2.365343
v -8.453851 -8.748197 1.587552
v 8.000000 6.651243 6.063082
v 2.385830 6.469873 6.256256
v 2.775553 6.513664 6.210651
v 3.172592 6.588017 6.131724
v 3.579166 6.694544 6.015236
v 8.000000 7.182652 5.423054
v 3.995110 6.834382 5.855872
v 4.416559 7.006817 5.648409
v 4.834775 7.207557 5.389909
v 8.000000 7.652453 4.737084
v 5.237361 7.428138 5.081611
v 5.611321 7.657296 4.729251
v 8.000000 8.056874 4.010835
v 5.945778 7.883266 4.342132
v 6.234758 8.096845 3.929518
v 8.000000 8.392572 3.250344
v 6.475801 8.291608 3.499889
v 6.669070 8.463844 3.059958
v 8.000000 8.656610 2.462340
v 6.816254 8.611969 2.614188
v 6.919238 8.735418 2.166211
v 8.156434 8.843250 1.604825
v 8.000000 8.846779 1.653633
v 8.156434 8.951506 0.805661
v 8.156434 8.663795 2.391067
v 8.000000 8.656610 2.462340
v 8.156434 8.414583 3.158058
v 8.000000 8.392572 3.250344
v 8.156434 8.097622 3.899622
v 8.000000 8.056874 4.010835
v 8.156434 7.715464 4.609789
v 8.000000 7.652453 4.737084
v 8.156434 7.271186 5.282841
v 8.000000 7.182652 5.423054
v 8.156434 6.768364 5.913357
v 8.000000 6.651243 6.063082
v 8.156434 6.211048 6.496263
v 8.000000 6.063201 6.651134
v 8.156434 5.603723 7.026865
v 8.000000 5.424100 7.181862
v 8.156434 4.951281 7.500890
v 8.000000 4.738428 7.651621
v 8.156434 4.258974 7.914523
v 8.000000 4.012239 8.056173
v 8.156434 3.532376 8.264434
v 8.000000 3.251838 8.391993
v 8.156434 2.777337 8.547804
v 8.000000 2.463395 8.656309
v 8.156434 1.999938 8.762351
v 8.000000 1.653652 8.846775
v 8.156434 1.206436 8.906350
v 8.000000 0.830184 8.961629
v 8.156434 0.403220 8.978639
v 8.000000 0.000301 9.000000
v 8.156434 -0.403242 8.978637
v 8.000000 -0.830038 8.961643
v 8.156434 -1.206458 8.906346
v 8.000000 -1.653330 8.846836
v 8.156434 -1.999960 8.762345
v 8.000000 -2.462527 8.656556
v 8.156434 -2.777359 8.547796
v 8.000000 -3.251120 8.392272
v 8.156434 -3.532397 8.264424
v 8.000000 -4.012041 8.056273
v 8.156434 -4.258994 7.914513
v 8.000000 -4.738249 7.651732
v 8.156434 -4.951300 7.500878
v 8.000000 -5.423632 7.182215
v 8.156434 -5.603741 7.026851
v 8.000000 -6.063175 6.651159
v 3.170651 -6.587595 6.132175
v 8.000000 -6.650961 6.063390
v 8.156434 -6.211064 6.496247
v 8.000000 -6.650961 6.063390
v 2.773930 -6.513437 6.210890
v 2.384935 -6.469822 6.256309
v 2.000000 -6.455439 6.271149
v 4.414743 -7.006023 5.649393
v 8.000000 -7.182039 5.423866
v 8.156434 -6.768380 5.913340
v 8.000000 -7.182039 5.423866
v 3.993382 -6.833752 5.856606
v 3.577404 -6.694033 6.015806
v 5.235693 -7.427182 5.083008
v 8.000000 -7.652127 4.737610
v 8.156434 -7.271200 5.282822
v 8.000000 -7.652127 4.737610
v 4.833009 -7.206662 5.391106
v 5.944498 -7.882372 4.343757
v 8.000000 -8.056805 4.010971
v 8.156434 -7.715476 4.609769
v 8.000000 -8.056805 4.010971
v 5.609727 -7.656280 4.730895
v 6.474985 -8.290926 3.501507
v 8.000000 -8.392435 3.250696
v 8.156434 -8.097631 3.899602
v 8.000000 -8.392435 3.250696
v 6.233724 -8.096054 3.931146
v 6.815845 -8.611531 2.615634
v 8.000000 -8.656466 2.462838
v 8.156434 -8.414591 3.158036
v 8.000000 -8.656466 2.462838
v 6.668496 -8.463310 3.061435
v 8.156434 -8.663801 2.391045
v 8.000000 -8.846783 1.653612
v 6.919028 -8.735138 2.167340
v 8.156434 -8.843254 1.604803
v 6.919028 -8.735138 2.167340
v 6.874641 -10.000003 2.383741
v 6.815845 -8.611531 2.615634
v 6.719427 -10.000004 2.922503
v 6.668496 -8.463310 3.061435
v 6.504860 -10.000005 3.440529
v 6.474985 -8.290926 3.501507
v 6.233724 -8.096054 3.931146
v 6.233529 -10.000005 3.931449
v 5.944498 -7.882372 4.343757
v 5.908952 -10.000006 4.388850
v 5.609727 -7.656280 4.730895
v 5.535336 -10.000006 4.806875
v 5.235693 -7.427182 5.083008
v 5.117345 -10.000007 5.180384
v 4.833009 -7.206662 5.391106
v 4.660134 -10.000007 5.504780
v 4.414743 -7.006023 5.649393
v 4.169486 -10.000008 5.775956
v 3.993382 -6.833752 5.856606
v 3.651694 -10.000008 5.990454
v 3.577404 -6.694033 6.015806
v 3.170651 -6.587595 6.132175
v 3.112994 -10.000008 6.145694
v 2.773930 -6.513437 6.210890
v 2.560173 -10.000008 6.239664
v 2.384935 -6.469822 6.256309
v 2.000000 -6.455439 6.271149
v 2.000000 -10.000008 6.271144
v 2.000000 -6.455439 6.271149
v -2.000000 -6.455439 6.271149
v 2.000000 -10.000008 6.271144
v -2.000000 -10.000008 6.271144
v -2.000000 -6.455439 6.271149
v -2.385830 -6.469889 6.256240
v -2.000000 -10.000008 6.271144
v -2.559943 -10.000008 6.239690
v -2.775553 -6.513680 6.210635
v -3.112598 -10.000008 6.145785
v -3.172592 -6.588032 6.131707
v -3.579166 -6.694560 6.015219
v -3.651360 -10.000008 5.990571
v -3.995110 -6.834397 5.855855
v -4.169385 -10.000008 5.776004
v -4.416559 -7.006831 5.648391
v -4.660305 -10.000007 5.504672
v -4.834775 -7.207571 5.389891
v -5.117707 -10.000007 5.180095
v -5.237361 -7.428152 5.081592
v -5.535732 -10.000006 4.806479
v -5.611321 -7.657308 4.729231
v -5.909240 -10.000006 4.388488
v -5.945778 -7.883278 4.342112
v -6.233636 -10.000005 3.931278
v -6.234758 -8.096854 3.929498
v -6.475801 -8.291617 3.499868
v -6.504812 -10.000005 3.440629
v -6.669070 -8.463852 3.059936
v -6.719310 -10.000004 2.922838
v -6.816254 -8.611977 2.614166
v -6.874550 -10.000003 2.384138
v -6.919238 -8.735424 2.166189
v -6.968521 -10.000002 1.831316
v -6.979987 -8.834494 1.718057
v -7.000000 -8.909781 1.271146
v -7.000000 -8.909781 1.271146
v -7.000000 -10.000002 1.271144
v -7.000000 -10.000002 1.271144
v -6.968547 -9.999998 -1.831113
v -7.000000 -10.000002 1.271144
v -7.000000 -9.999998 -1.271170
v -6.968521 -10.000002 1.831316
v -2.278000 -10.000007 4.981428
v -2.000000 -10.000008 6.271144
v -2.559943 -10.000008 6.239690
v 1.941580 -10.000007 4.999987
v 2.000000 -10.000008 6.271144
v -1.941580 -10.000007 4.999987
v -2.610251 -10.000007 4.925994
v -3.112598 -10.000008 6.145785
v -3.246461 -10.000006 4.707650
v -3.651360 -10.000008 5.990571
v -2.934362 -10.000006 4.834370
v -3.660910 -10.000006 4.593679
v -4.169385 -10.000008 5.776004
v -3.542805 -10.000006 4.547332
v -4.270796 -10.000006 4.511811
v -4.660305 -10.000007 5.504672
v -3.785003 -10.000006 4.619441
v -3.911551 -10.000006 4.623944
v -4.037075 -10.000006 4.607089
v -4.157972 -10.000006 4.569352
v -4.707664 -10.000004 3.246447
v -5.117707 -10.000007 5.180095
v -4.372350 -10.000006 4.436090
v -4.459711 -10.000006 4.344358
v -4.530402 -10.000006 4.239201
v -4.582365 -10.000006 4.123702
v -4.614145 -10.000005 4.001134
v -4.624856 -10.000005 3.874843
v -5.535336 -9.999994 -4.806901
v -5.535732 -10.000006 4.806479
v -5.117345 -9.999993 -5.180410
v -5.000000 -9.999997 -1.941593
v -4.834384 -10.000004 2.934348
v -4.926008 -10.000004 2.610236
v -4.981441 -10.000003 2.277986
v -5.000000 -10.000003 1.941567
v -5.908952 -9.999994 -4.388876
v -5.909240 -10.000006 4.388488
v -6.233529 -9.999995 -3.931475
v -6.233636 -10.000005 3.931278
v -6.504812 -10.000005 3.440629
v -6.504860 -9.999995 -3.440555
v -6.719310 -10.000004 2.922838
v -6.719427 -9.999996 -2.922529
v -6.874550 -10.000003 2.384138
v -6.874641 -9.999997 -2.383767
v 2.277999 -10.000007 4.981428
v 2.560173 -10.000008 6.239664
v 4.981441 -10.000003 2.277987
v 4.660134 -10.000007 5.504780
v 4.614123 -10.000005 4.001261
v 4.169486 -10.000008 5.775956
v 4.926007 -10.000004 2.610238
v 4.834383 -10.000004 2.934349
v 4.707663 -10.000004 3.246448
v 4.624856 -10.000005 3.874843
v 4.157842 -10.000006 4.569405
v 3.651694 -10.000008 5.990454
v 4.582283 -10.000006 4.123935
v 4.530293 -10.000006 4.239398
v 4.459606 -10.000006 4.344488
v 4.372244 -10.000006 4.436184
v 4.270699 -10.000006 4.511872
v 3.542805 -10.000006 4.547332
v 3.112994 -10.000008 6.145694
v 4.036912 -10.000006 4.607125
v 3.911325 -10.000006 4.623954
v 3.784757 -10.000006 4.619411
v 3.660786 -10.000006 4.593642
v 2.934361 -10.000006 4.834371
v 3.246460 -10.000006 4.707651
v 2.610249 -10.000007 4.925995
v -2.934361 -9.999994 -4.834397
v -3.112994 -9.999992 -6.145720
v -2.610249 -9.999993 -4.926021
v -3.542805 -9.999994 -4.547358
v -3.651694 -9.999992 -5.990480
v -3.246460 -9.999994 -4.707677
v -4.157842 -9.999994 -4.569431
v -4.169486 -9.999992 -5.775982
v -4.036912 -9.999994 -4.607151
v -3.911325 -9.999994 -4.623980
v -3.784757 -9.999994 -4.619437
v -3.660786 -9.999994 -4.593668
v -4.614123 -9.999995 -4.001287
v -4.660134 -9.999993 -5.504806
v -4.582283 -9.999994 -4.123961
v -4.530293 -9.999994 -4.239424
v -4.459606 -9.999994 -4.344514
v -4.372244 -9.999994 -4.436210
v -4.270699 -9.999994 -4.511898
v -4.981441 -9.999997 -2.278013
v -4.926007 -9.999996 -2.610264
v -4.834383 -9.999996 -2.934375
v -4.707663 -9.999996 -3.246474
v -4.624856 -9.999995 -3.874869
v 1.941580 -10.284623 -4.979656
v -1.941580 -9.999993 -5.000013
v 1.941580 -9.999993 -5.000013
v -2.272993 -10.284623 -4.961525
v -2.277999 -9.999993 -4.981454
v -1.941580 -9.999993 -5.000013
v -1.941580 -10.284623 -4.979656
v -1.941580 -10.284623 -4.979656
v 1.941580 -10.284623 -4.979656
v 1.941580 -9.999993 -5.000013
v 2.278000 -9.999993 -4.981454
v 2.600451 -10.284623 -4.907351
v 2.610251 -9.999993 -4.926020
v 2.272993 -10.284623 -4.961525
v 2.920045 -10.284624 -4.817777
v 2.934362 -9.999994 -4.834396
v 3.227960 -10.284624 -4.693875
v 3.246461 -9.999994 -4.707676
v 3.521768 -10.283477 -4.536555
v 3.542805 -9.999994 -4.547358
v 3.618249 -8.999994 -4.579605
v 3.542805 -9.999994 -4.547358
v 3.660910 -9.999994 -4.593705
v 3.533170 -10.191257 -4.542515
v 3.499853 -8.999994 -4.524384
v 3.533170 -10.191257 -4.542515
v 3.744726 -8.999994 -4.613491
v 3.785003 -9.999994 -4.619467
v 3.875072 -8.999994 -4.624866
v 3.911551 -9.999994 -4.623970
v 4.005277 -8.999994 -4.613440
v 4.037075 -9.999994 -4.607115
v 4.131494 -8.999994 -4.579592
v 4.157972 -9.999994 -4.569378
v 4.249712 -8.999994 -4.524469
v 4.270796 -9.999994 -4.511837
v 4.356733 -8.999994 -4.449579
v 4.372350 -9.999994 -4.436116
v 4.449175 -8.999994 -4.357213
v 4.459711 -9.999994 -4.344384
v 4.524274 -8.999994 -4.250040
v 4.530402 -9.999994 -4.239227
v 4.579571 -8.999994 -4.131535
v 4.582365 -9.999994 -4.123728
v 4.613422 -8.999995 -4.005323
v 4.614145 -9.999995 -4.001160
v 4.624856 -9.999995 -3.874869
v 4.616106 -9.999995 -3.760647
v 4.624856 -8.999995 -3.874867
v 4.624856 -9.999995 -3.874869
v 4.616106 -9.999995 -3.760647
v 4.624856 -8.999995 -3.874867
v 4.590070 -9.999995 -3.649109
v 4.613456 -8.999995 -3.744601
v 4.590070 -9.999995 -3.649109
v 4.547345 -9.999995 -3.542818
v 4.579633 -8.999995 -3.618369
v 4.547345 -9.999995 -3.542818
v 4.542665 -10.187610 -3.533502
v 4.547345 -9.999995 -3.542818
v 4.707664 -9.999996 -3.246473
v 4.536529 -10.283619 -3.521756
v 4.542665 -10.187610 -3.533502
v 4.693887 -10.284626 -3.227919
v 4.834384 -9.999996 -2.934374
v 4.536529 -10.283619 -3.521756
v 4.817778 -10.284626 -2.920015
v 4.926008 -9.999996 -2.610262
v 4.907344 -10.284627 -2.600435
v 4.981441 -9.999997 -2.278012
v 4.961514 -10.284627 -2.272992
v 5.000000 -9.999997 -1.941593
v 4.979643 -10.284633 1.941567
v 5.000000 -9.999997 -1.941593
v 5.000000 -10.000003 1.941567
v 4.979643 -10.284627 -1.941593
v 4.979643 -10.284627 -1.941593
v 4.979643 -10.284633 1.941567
v 5.000000 -10.000003 1.941567
v 4.981441 -10.000003 2.277987
v 4.907331 -10.284633 2.600468
v 4.926007 -10.000004 2.610238
v 4.961511 -10.284633 2.272995
v 4.817749 -10.284634 2.920075
v 4.834383 -10.000004 2.934349
v 4.693836 -10.284634 3.228001
v 4.707663 -10.000004 3.246448
v 4.590070 -10.000005 3.649083
v 4.547345 -10.000005 3.542792
v 4.536536 -10.283568 3.521743
v 4.547345 -10.000005 3.542792
v 4.616106 -10.000005 3.760621
v 4.579571 -9.000005 3.618176
v 4.547345 -10.000005 3.542792
v 4.590070 -10.000005 3.649083
v 4.542821 -10.184943 3.533781
v 4.524274 -9.000005 3.499671
v 4.542821 -10.184943 3.533781
v 4.613422 -9.000005 3.744388
v 4.616106 -10.000005 3.760621
v 4.624856 -10.000005 3.874843
v 4.624856 -9.000005 3.874845
v 4.624856 -10.000005 3.874843
v 4.614123 -10.000005 4.001261
v 4.624856 -9.000005 3.874845
v 4.613456 -9.000005 4.005111
v 4.582283 -10.000006 4.123935
v 4.579633 -9.000006 4.131341
v 4.530293 -10.000006 4.239398
v 4.524336 -9.000006 4.249908
v 4.459606 -10.000006 4.344488
v 4.449279 -9.000006 4.357067
v 4.372244 -10.000006 4.436184
v 4.356930 -9.000006 4.449390
v 4.270699 -10.000006 4.511872
v 4.249858 -9.000006 4.524362
v 4.157842 -10.000006 4.569405
v 4.131463 -9.000006 4.579582
v 4.036912 -10.000006 4.607125
v 4.004986 -9.000006 4.613468
v 3.911325 -10.000006 4.623954
v 3.874640 -9.000006 4.624843
v 3.784757 -10.000006 4.619411
v 3.744435 -9.000006 4.613417
v 3.660786 -10.000006 4.593642
v 3.618218 -9.000006 4.579569
v 3.542805 -10.000006 4.547332
v 3.533144 -10.191529 4.542475
v 3.542805 -10.000006 4.547332
v 3.246460 -10.000006 4.707651
v 3.521769 -10.283479 4.536530
v 3.533144 -10.191529 4.542475
v 3.227958 -10.284636 4.693850
v 2.934361 -10.000006 4.834371
v 3.521769 -10.283479 4.536530
v 2.920043 -10.284636 4.817750
v 2.610249 -10.000007 4.925995
v 2.600450 -10.284636 4.907324
v 2.277999 -10.000007 4.981428
v 2.272993 -10.284636 4.961499
v 1.941580 -10.000007 4.999987
v -1.941580 -10.284636 4.979630
v 1.941580 -10.000007 4.999987
v -1.941580 -10.000007 4.999987
v 1.941580 -10.284636 4.979630
v 1.941580 -10.284636 4.979630
v -1.941580 -10.284636 4.979630
v -1.941580 -10.000007 4.999987
v -2.278000 -10.000007 4.981428
v -2.600451 -10.284636 4.907324
v -2.610251 -10.000007 4.925994
v -2.272993 -10.284636 4.961499
v -2.920045 -10.284636 4.817750
v -2.934362 -10.000006 4.834370
v -3.227960 -10.284636 4.693849
v -3.246461 -10.000006 4.707650
v -3.521768 -10.283488 4.536529
v -3.542805 -10.000006 4.547332
v -3.618249 -9.000006 4.579582
v -3.542805 -10.000006 4.547332
v -3.660910 -10.000006 4.593679
v -3.533170 -10.191269 4.542489
v -3.499853 -9.000006 4.524362
v -3.533170 -10.191269 4.542489
v -3.744726 -9.000006 4.613468
v -3.785003 -10.000006 4.619441
v -3.875072 -9.000006 4.624843
v -3.911551 -10.000006 4.623944
v -4.005277 -9.000006 4.613417
v -4.037075 -10.000006 4.607089
v -4.131494 -9.000006 4.579569
v -4.157972 -10.000006 4.569352
v -4.249712 -9.000006 4.524446
v -4.270796 -10.000006 4.511811
v -4.356733 -9.000006 4.449556
v -4.372350 -10.000006 4.436090
v -4.449175 -9.000006 4.357190
v -4.459711 -10.000006 4.344358
v -4.524274 -9.000006 4.250017
v -4.530402 -10.000006 4.239201
v -4.579571 -9.000006 4.131512
v -4.582365 -10.000006 4.123702
v -4.613422 -9.000005 4.005301
v -4.614145 -10.000005 4.001134
v -4.624856 -10.000005 3.874843
v -4.616106 -10.000005 3.760621
v -4.624856 -9.000005 3.874845
v -4.624856 -10.000005 3.874843
v -4.616106 -10.000005 3.760621
v -4.624856 -9.000005 3.874845
v -4.590070 -10.000005 3.649083
v -4.613456 -9.000005 3.744578
v -4.590070 -10.000005 3.649083
v -4.547345 -10.000005 3.542792
v -4.579633 -9.000005 3.618346
v -4.547345 -10.000005 3.542792
v -4.542665 -10.187619 3.533476
v -4.547345 -10.000005 3.542792
v -4.707664 -10.000004 3.246447
v -4.536528 -10.283628 3.521729
v -4.542665 -10.187619 3.533476
v -4.693887 -10.284634 3.227892
v -4.834384 -10.000004 2.934348
v -4.536528 -10.283628 3.521729
v -4.817778 -10.284634 2.919989
v -4.926008 -10.000004 2.610236
v -4.907344 -10.284633 2.600409
v -4.981441 -10.000003 2.277986
v -4.961514 -10.284633 2.272965
v -5.000000 -10.000003 1.941567
v -4.979643 -10.284627 -1.941593
v -5.000000 -10.000003 1.941567
v -5.000000 -9.999997 -1.941593
v -4.979643 -10.284633 1.941567
v -4.979643 -10.284633 1.941567
v -4.979643 -10.284627 -1.941593
v -5.000000 -9.999997 -1.941593
v -4.981441 -9.999997 -2.278013
v -4.907331 -10.284627 -2.600494
v -4.926007 -9.999996 -2.610264
v -4.961511 -10.284627 -2.273021
v -4.817749 -10.284626 -2.920101
v -4.834383 -9.999996 -2.934375
v -4.693836 -10.284626 -3.228027
v -4.707663 -9.999996 -3.246474
v -4.590070 -9.999995 -3.649109
v -4.547345 -9.999995 -3.542818
v -4.536536 -10.283559 -3.521769
v -4.547345 -9.999995 -3.542818
v -4.616106 -9.999995 -3.760647
v -4.579571 -8.999995 -3.618199
v -4.547345 -9.999995 -3.542818
v -4.590070 -9.999995 -3.649109
v -4.542821 -10.184934 -3.533807
v -4.524274 -8.999995 -3.499694
v -4.542821 -10.184934 -3.533807
v -4.613422 -8.999995 -3.744411
v -4.616106 -9.999995 -3.760647
v -4.624856 -9.999995 -3.874869
v -4.624856 -8.999995 -3.874867
v -4.624856 -9.999995 -3.874869
v -4.614123 -9.999995 -4.001287
v -4.624856 -8.999995 -3.874867
v -4.613456 -8.999995 -4.005134
v -4.582283 -9.999994 -4.123961
v -4.579633 -8.999994 -4.131364
v -4.530293 -9.999994 -4.239424
v -4.524336 -8.999994 -4.249931
v -4.459606 -9.999994 -4.344514
v -4.449279 -8.999994 -4.357090
v -4.372244 -9.999994 -4.436210
v -4.356930 -8.999994 -4.449413
v -4.270699 -9.999994 -4.511898
v -4.249858 -8.999994 -4.524384
v -4.157842 -9.999994 -4.569431
v -4.131463 -8.999994 -4.579605
v -4.036912 -9.999994 -4.607151
v -4.004986 -8.999994 -4.613491
v -3.911325 -9.999994 -4.623980
v -3.874640 -8.999994 -4.624866
v -3.784757 -9.999994 -4.619437
v -3.744435 -8.999994 -4.613440
v -3.660786 -9.999994 -4.593668
v -3.618218 -8.999994 -4.579592
v -3.542805 -9.999994 -4.547358
v -3.533144 -10.191518 -4.542501
v -3.542805 -9.999994 -4.547358
v -3.246460 -9.999994 -4.707677
v -3.521769 -10.283467 -4.536556
v -3.533144 -10.191518 -4.542501
v -3.227958 -10.284624 -4.693876
v -2.934361 -9.999994 -4.834397
v -3.521769 -10.283467 -4.536556
v -2.920043 -10.284624 -4.817777
v -2.610249 -9.999993 -4.926021
v -2.600450 -10.284623 -4.907351
v -4.918905 -10.563736 -1.941594
v -4.918905 -10.563736 -1.941594
v -4.850721 -10.563736 -2.575127
v -4.901810 -10.563736 -2.260190
v -4.766225 -10.563735 -2.882790
v -4.649291 -10.563735 -3.179643
v -4.501241 -10.563613 -3.462387
v -4.536536 -10.283559 -3.521769
v -4.528112 -10.374473 -3.506418
v -4.528112 -10.374473 -3.506418
v -4.501241 -10.563613 -3.462387
v -4.819027 -10.831347 -1.941594
v -4.918905 -10.563742 1.941567
v -4.819027 -10.831347 -1.941594
v -4.756452 -10.831347 -2.538413
v -4.803340 -10.831347 -2.241639
v -4.678874 -10.831347 -2.828679
v -4.571451 -10.831347 -3.109274
v -4.455756 -10.763903 -3.400470
v -4.435217 -10.832442 -3.376376
v -4.500175 -10.569503 -3.460773
v -4.449175 -8.999995 -3.392522
v -4.500175 -10.569503 -3.460773
v -4.455756 -10.763903 -3.400470
v -4.682044 -11.081999 -1.941594
v -4.819027 -10.831353 1.941566
v -4.682044 -11.081999 -1.941594
v -4.625047 -11.081999 -2.497602
v -4.667757 -11.081999 -2.221055
v -4.554359 -11.081998 -2.768352
v -4.456429 -11.081998 -3.030482
v -4.394584 -10.945676 -3.334145
v -4.332072 -11.082973 -3.280351
v -4.435217 -10.832442 -3.376376
v -4.356733 -8.999996 -3.300155
v -4.394584 -10.945676 -3.334145
v -4.332072 -11.082973 -3.280351
v -4.510751 -11.310582 -1.941594
v -4.682044 -11.082005 1.941566
v -4.510751 -11.310582 -1.941594
v -4.457662 -11.310582 -2.461179
v -4.497444 -11.310582 -2.202739
v -4.391817 -11.310581 -2.714237
v -4.300591 -11.310581 -2.959291
v -4.320123 -11.105640 -3.271349
v -4.236892 -11.241596 -3.218036
v -4.249712 -8.999996 -3.225266
v -4.320123 -11.105640 -3.271349
v -4.236892 -11.241596 -3.218036
v -4.308642 -11.512431 -1.941595
v -4.510751 -11.310588 1.941566
v -4.308642 -11.512431 -1.941595
v -4.295449 -11.512431 -2.191161
v -4.256017 -11.512431 -2.437945
v -4.190786 -11.512430 -2.679196
v -4.184474 -11.312185 -3.191762
v -4.100483 -11.512430 -2.912224
v -4.131494 -8.999996 -3.170141
v -4.184474 -11.312185 -3.191762
v -4.148625 -11.355397 -3.176623
v -4.148625 -11.355397 -3.176623
v -4.058052 -11.449961 -3.147588
v -4.058052 -11.449961 -3.147588
v -4.079840 -11.683430 -1.941595
v -4.308642 -11.512437 1.941565
v -4.079840 -11.683430 -1.941595
v -4.064601 -11.683430 -2.196424
v -4.019101 -11.683430 -2.447620
v -3.943989 -11.683429 -2.691604
v -3.985764 -11.513268 -3.133117
v -3.840335 -11.683429 -2.924897
v -4.005277 -8.999996 -3.136296
v -3.985764 -11.513268 -3.133117
v -3.967201 -11.528047 -3.130578
v -3.875072 -8.999996 -3.124868
v -3.967201 -11.528047 -3.130578
v -3.879765 -11.590600 -3.124887
v -3.879765 -11.590600 -3.124887
v -3.829011 -11.820091 -1.941595
v -4.079840 -11.683435 1.941565
v -3.829011 -11.820091 -1.941595
v -3.781689 -11.820091 -2.361588
v -3.817143 -11.820091 -2.152920
v -3.723095 -11.820091 -2.564974
v -3.642097 -11.820090 -2.760521
v -3.724072 -11.677143 -3.140184
v -3.709272 -11.683899 -3.143378
v -3.539714 -11.820090 -2.945769
v -3.799091 -11.639091 -3.128707
v -3.618249 -8.999996 -3.170130
v -3.709272 -11.683899 -3.143378
v -3.724072 -11.677143 -3.140184
v -3.653290 -11.707302 -3.158345
v -3.653290 -11.707302 -3.158345
v -3.744726 -8.999996 -3.136245
v -3.799091 -11.639091 -3.128707
v -3.585796 -11.731069 -3.182813
v -3.585796 -11.731069 -3.182813
v -3.561273 -11.919625 -1.941595
v -3.829011 -11.820097 1.941565
v -3.561273 -11.919625 -1.941595
v -3.551088 -11.919625 -2.122943
v -3.520663 -11.919625 -2.302011
v -3.470381 -11.919625 -2.476546
v -3.400873 -11.919624 -2.644353
v -3.417233 -11.820090 -3.118389
v -3.313013 -11.919624 -2.803323
v -3.346008 -11.772896 -3.343062
v -3.276195 -11.820090 -3.276210
v -3.207907 -11.919624 -2.951457
v -3.400550 -11.770156 -3.293894
v -3.459194 -11.762265 -3.250591
v -3.521102 -11.749264 -3.213540
v -3.215466 -11.750142 -3.517512
v -3.118374 -11.820089 -3.417248
v -3.086876 -11.919624 -3.086891
v -3.252877 -11.762851 -3.455774
v -3.296528 -11.770451 -3.397339
v -3.143304 -11.683782 -3.709548
v -2.945754 -11.820089 -3.539729
v -2.951442 -11.919624 -3.207922
v -3.159564 -11.708827 -3.649355
v -3.184383 -11.732251 -3.582043
v -2.924663 -11.683428 -3.840464
v -2.760506 -11.820089 -3.642112
v -2.803308 -11.919624 -3.313028
v -2.691415 -11.683428 -3.944069
v -2.564959 -11.820089 -3.723110
v -2.644338 -11.919623 -3.400888
v -2.447485 -11.683428 -4.019145
v -2.361573 -11.820089 -3.781704
v -2.476531 -11.919623 -3.470396
v -2.196348 -11.683428 -4.064623
v -2.152905 -11.820089 -3.817158
v -2.301996 -11.919623 -3.520678
v -1.941580 -11.683428 -4.079855
v -1.941580 -11.820089 -3.829026
v -2.122928 -11.919623 -3.551103
v 1.941580 -11.820089 -3.829026
v -1.941580 -11.820089 -3.829026
v -1.941580 -11.683428 -4.079855
v -1.941580 -11.919623 -3.561288
v 1.941580 -11.919623 -3.561288
v -1.941580 -11.919623 -3.561288
v -1.941580 -11.512428 -4.308657
v 1.941580 -11.683428 -4.079855
v -1.941580 -11.512428 -4.308657
v -2.438037 -11.512428 -4.256009
v -2.191200 -11.512428 -4.295458
v -2.679336 -11.512428 -4.190750
v -2.912409 -11.512428 -4.100408
v -3.141039 -11.679073 -3.719911
v -3.129161 -11.641545 -3.794622
v -3.132987 -11.513885 -3.985012
v -3.128836 -11.539729 -3.952032
v -3.124856 -11.593791 -3.874871
v -3.136256 -8.999995 -3.744601
v -3.143304 -11.683782 -3.709548
v -3.159564 -11.708827 -3.649355
v -3.141039 -11.679073 -3.719911
v -3.170079 -8.999995 -3.618369
v -3.184383 -11.732251 -3.582043
v -3.215466 -11.750142 -3.517512
v -3.225376 -8.999995 -3.499802
v -3.252877 -11.762851 -3.455774
v -3.296528 -11.770451 -3.397339
v -3.300432 -8.999995 -3.392644
v -3.346008 -11.772896 -3.343062
v -3.392781 -8.999996 -3.300321
v -3.400550 -11.770156 -3.293894
v -3.459194 -11.762265 -3.250591
v -3.499853 -8.999996 -3.225349
v -3.521102 -11.749264 -3.213540
v -3.129161 -11.641545 -3.794622
v -1.941580 -11.310579 -4.510765
v 1.941580 -11.512428 -4.308657
v -1.941580 -11.310579 -4.510765
v -2.461164 -11.310579 -4.457677
v -2.202724 -11.310579 -4.497458
v -2.714221 -11.310579 -4.391832
v -2.959274 -11.310579 -4.300606
v -3.141942 -11.472071 -4.034046
v -3.191727 -11.312242 -4.184443
v -3.167146 -11.383965 -4.123159
v -3.136290 -8.999995 -4.005323
v -3.132987 -11.513885 -3.985012
v -3.128836 -11.539729 -3.952032
v -3.141942 -11.472071 -4.034046
v -3.124856 -11.593791 -3.874871
v -3.124856 -8.999995 -3.874867
v -3.124856 -11.593791 -3.874871
v -3.124856 -8.999995 -3.874867
v -3.273656 -11.980004 -2.091684
v -2.996734 -11.999997 -2.024679
v -3.000000 -11.999997 -1.941595
v -3.000000 -12.000003 1.941565
v -3.000000 -11.999997 -1.941595
v -2.996734 -11.999997 -2.024679
v -3.282085 -11.980004 -1.941595
v -3.282085 -11.980010 1.941565
v -3.282085 -11.980004 -1.941595
v -3.000000 -11.999997 -1.941595
v -3.000000 -12.000003 1.941565
v -2.986958 -11.999997 -2.107234
v -2.996731 -12.000003 2.024685
v -2.986958 -11.999997 -2.107234
v -3.248476 -11.980004 -2.239886
v -2.970736 -11.999997 -2.188755
v -2.986956 -12.000003 2.107219
v -2.970736 -11.999997 -2.188755
v -3.206861 -11.980004 -2.384336
v -2.948180 -11.999997 -2.268719
v -2.948223 -12.000003 2.268555
v -2.948180 -11.999997 -2.268719
v -2.970748 -12.000003 2.188677
v -2.919390 -11.999997 -2.346730
v -2.919482 -12.000003 2.346478
v -2.919390 -11.999997 -2.346730
v -3.149333 -11.980004 -2.523219
v -2.884544 -11.999997 -2.422291
v -2.884699 -12.000003 2.421958
v -2.884544 -11.999997 -2.422291
v -3.076618 -11.980003 -2.654787
v -2.843888 -11.999997 -2.494850
v -2.844112 -12.000003 2.494455
v -2.843888 -11.999997 -2.494850
v -2.797681 -11.999997 -2.563965
v -2.797973 -12.000003 2.563532
v -2.797681 -11.999997 -2.563965
v -2.989629 -11.980003 -2.777386
v -2.746212 -11.999996 -2.629214
v -2.746564 -12.000004 2.628772
v -2.746212 -11.999996 -2.629214
v -2.889460 -11.980003 -2.889475
v -2.689800 -11.999996 -2.690207
v -2.690192 -12.000004 2.689785
v -2.689800 -11.999996 -2.690207
v -2.777371 -11.980003 -2.989644
v -2.628787 -11.999996 -2.746579
v -2.629199 -12.000004 2.746197
v -2.628787 -11.999996 -2.746579
v -2.563547 -11.999996 -2.797988
v -2.563950 -12.000004 2.797666
v -2.563547 -11.999996 -2.797988
v -2.654772 -11.980003 -3.076633
v -2.494470 -11.999996 -2.844127
v -2.494835 -12.000004 2.843873
v -2.494470 -11.999996 -2.844127
v -2.523204 -11.980003 -3.149348
v -2.421973 -11.999996 -2.884714
v -2.422276 -12.000004 2.884529
v -2.421973 -11.999996 -2.884714
v -2.346493 -11.999996 -2.919497
v -2.346715 -12.000004 2.919375
v -2.346493 -11.999996 -2.919497
v -2.384321 -11.980003 -3.206876
v -2.268570 -11.999996 -2.948238
v -2.268704 -12.000004 2.948165
v -2.268570 -11.999996 -2.948238
v -2.239871 -11.980003 -3.248491
v -2.188692 -11.999996 -2.970763
v -2.188740 -12.000004 2.970721
v -2.188692 -11.999996 -2.970763
v -2.107234 -11.999996 -2.986971
v -2.107234 -11.999996 -2.986971
v -2.091669 -11.980003 -3.273671
v -2.024700 -11.999996 -2.996746
v -2.107219 -12.000004 2.986943
v -2.024700 -11.999996 -2.996746
v -1.941580 -11.980003 -3.282100
v -1.941580 -11.999996 -3.000015
v -2.024664 -12.000004 2.996719
v -1.941580 -11.999996 -3.000015
v 1.941580 -11.999996 -3.000015
v -1.941580 -11.999996 -3.000015
v -1.941580 -11.980003 -3.282100
v -1.941580 -12.000004 2.999985
v 1.941580 -11.999996 -3.000015
v 1.941580 -11.980003 -3.282100
v -3.561273 -11.919631 1.941565
v -3.503769 -10.388083 -4.526631
v -3.503769 -10.388083 -4.526631
v -3.179425 -10.563733 -4.649398
v -3.462474 -10.563239 -4.501320
v -2.882615 -10.563733 -4.766291
v -2.575004 -10.563732 -4.850759
v -2.260120 -10.563732 -4.901829
v -1.941580 -10.563732 -4.918918
v 1.941580 -10.563732 -4.918918
v -1.941580 -10.563732 -4.918918
v -2.241617 -10.831345 -4.803355
v -1.941580 -10.831345 -4.819041
v 1.941580 -10.831345 -4.819041
v -1.941580 -10.831345 -4.819041
v -3.500000 -8.999994 -4.524469
v -3.462474 -10.563239 -4.501320
v -3.454945 -10.590332 -4.496299
v -3.454945 -10.590332 -4.496299
v -3.109228 -10.831345 -4.571479
v -3.391169 -10.790742 -4.448060
v -3.376419 -10.832284 -4.435281
v -2.828641 -10.831345 -4.678896
v -2.538382 -10.831345 -4.756470
v -2.221158 -11.081996 -4.667759
v -1.941580 -11.081996 -4.682058
v 1.941580 -11.081996 -4.682058
v -1.941580 -11.081996 -4.682058
v -3.392979 -8.999994 -4.449579
v -3.391169 -10.790742 -4.448060
v -3.376419 -10.832284 -4.435281
v -3.322489 -10.975839 -4.382207
v -3.322489 -10.975839 -4.382207
v -3.030899 -11.081996 -4.456256
v -3.279983 -11.083859 -4.331626
v -2.768674 -11.081996 -4.554266
v -2.497818 -11.081996 -4.625014
v 1.941580 -11.310579 -4.510765
v -3.300536 -8.999994 -4.357213
v -3.279983 -11.083859 -4.331626
v -3.259029 -11.136665 -4.302955
v -3.259029 -11.136665 -4.302955
v -3.206539 -11.271941 -4.215241
v -3.225438 -8.999994 -4.250040
v -3.206539 -11.271941 -4.215241
v -3.191727 -11.312242 -4.184443
v -3.170140 -8.999994 -4.131535
v -3.167146 -11.383965 -4.123159
v -4.624856 -8.999995 -3.874867
v -3.124856 -8.999995 -3.874867
v -3.136256 -8.999995 -3.744601
v -4.613456 -8.999995 -4.005134
v -3.136290 -8.999995 -4.005323
v -4.613422 -8.999995 -3.744411
v -3.170079 -8.999995 -3.618369
v -4.579571 -8.999995 -3.618199
v -3.225376 -8.999995 -3.499802
v -4.524274 -8.999995 -3.499694
v -3.300432 -8.999995 -3.392644
v -4.449175 -8.999995 -3.392522
v -3.392781 -8.999996 -3.300321
v -4.356733 -8.999996 -3.300155
v -3.499853 -8.999996 -3.225349
v -4.249712 -8.999996 -3.225266
v -3.618249 -8.999996 -3.170130
v -4.005277 -8.999996 -3.136296
v -3.744726 -8.999996 -3.136245
v -4.131494 -8.999996 -3.170141
v -3.875072 -8.999996 -3.124868
v -4.579633 -8.999994 -4.131364
v -3.170140 -8.999994 -4.131535
v -4.524336 -8.999994 -4.249931
v -3.225438 -8.999994 -4.250040
v -4.449279 -8.999994 -4.357090
v -3.300536 -8.999994 -4.357213
v -4.356930 -8.999994 -4.449413
v -3.392979 -8.999994 -4.449579
v -4.249858 -8.999994 -4.524384
v -3.500000 -8.999994 -4.524469
v -4.131463 -8.999994 -4.579605
v -3.618218 -8.999994 -4.579592
v -3.744435 -8.999994 -4.613440
v -4.004986 -8.999994 -4.613491
v -3.874640 -8.999994 -4.624866
v -4.901814 -10.563742 2.260126
v -4.918905 -10.563742 1.941567
v -4.803342 -10.831353 2.241598
v -4.819027 -10.831353 1.941566
v -4.667763 -11.082005 2.220968
v -4.682044 -11.082005 1.941566
v -4.497462 -11.310588 2.202538
v -4.510751 -11.310588 1.941566
v -4.295456 -11.512437 2.191061
v -4.308642 -11.512437 1.941565
v -4.064616 -11.683435 2.196268
v -4.079840 -11.683435 1.941565
v -3.817143 -11.820097 2.152890
v -3.829011 -11.820097 1.941565
v -3.551088 -11.919631 2.122913
v -3.561273 -11.919631 1.941565
v -3.273656 -11.980010 2.091654
v -3.282085 -11.980010 1.941565
v -2.996731 -12.000003 2.024685
v -3.000000 -12.000003 1.941565
v -2.924574 -11.683437 3.840480
v -3.128863 -11.539535 3.952271
v -3.124856 -11.593801 3.874841
v -3.124856 -9.000005 3.874845
v -3.124856 -11.593801 3.874841
v -3.128863 -11.539535 3.952271
v -3.129366 -11.642605 3.792709
v -3.136290 -9.000005 3.744388
v -3.129366 -11.642605 3.792709
v -3.124856 -11.593801 3.874841
v -3.124856 -9.000005 3.874845
v -3.132985 -11.513906 3.984966
v -3.132985 -11.513906 3.984966
v -2.912416 -11.512440 4.100375
v -3.142089 -11.471470 4.034696
v -3.136256 -9.000005 4.005111
v -3.142089 -11.471470 4.034696
v -2.691345 -11.683437 3.944065
v -2.679342 -11.512440 4.190718
v -2.959296 -11.310591 4.300569
v -3.167511 -11.382847 4.124166
v -3.191742 -11.312210 4.184447
v -2.447436 -11.683437 4.019127
v -2.438040 -11.512440 4.255978
v -2.714237 -11.310591 4.391798
v -2.196323 -11.683437 4.064596
v -2.191202 -11.512440 4.295428
v -2.461175 -11.310591 4.457646
v -1.941580 -11.683437 4.079825
v -1.941580 -11.512440 4.308627
v -2.202730 -11.310591 4.497430
v 1.941580 -11.512440 4.308627
v -1.941580 -11.512440 4.308627
v -1.941580 -11.683437 4.079825
v -1.941580 -11.310591 4.510736
v 1.941580 -11.310591 4.510736
v -1.941580 -11.310591 4.510736
v -1.941580 -11.820099 3.828996
v 1.941580 -11.683437 4.079825
v -1.941580 -11.820099 3.828996
v -2.361573 -11.820099 3.781674
v -2.152905 -11.820099 3.817128
v -2.564959 -11.820099 3.723080
v -2.760506 -11.820099 3.642082
v -3.141410 -11.679893 3.718133
v -3.143223 -11.683632 3.709876
v -2.945754 -11.820099 3.539699
v -3.170140 -9.000005 3.618176
v -3.143223 -11.683632 3.709876
v -3.141410 -11.679893 3.718133
v -3.161104 -11.710676 3.644496
v -3.161104 -11.710676 3.644496
v -3.167511 -11.382847 4.124166
v -3.170079 -9.000006 4.131341
v -3.191742 -11.312210 4.184447
v -3.207080 -11.270509 4.216273
v -3.207080 -11.270509 4.216273
v -2.768662 -11.082007 4.554242
v -3.030883 -11.082007 4.456235
v -2.497810 -11.082007 4.624987
v -2.221154 -11.082007 4.667732
v -1.941580 -11.082007 4.682030
v 1.941580 -11.082007 4.682030
v -1.941580 -11.082007 4.682030
v -3.259607 -11.135216 4.303758
v -3.225376 -9.000006 4.249908
v -3.259607 -11.135216 4.303758
v -3.279994 -11.083840 4.331613
v -3.279994 -11.083840 4.331613
v -3.109232 -10.831356 4.571450
v -3.323043 -10.974422 4.382781
v -3.300432 -9.000006 4.357067
v -3.323043 -10.974422 4.382781
v -2.828643 -10.831356 4.678867
v -2.538384 -10.831356 4.756442
v -2.241618 -10.831356 4.803327
v -1.941580 -10.831356 4.819013
v 1.941580 -10.831356 4.819013
v -1.941580 -10.831356 4.819013
v -3.376414 -10.832309 4.435248
v -3.376414 -10.832309 4.435248
v -3.179433 -10.563745 4.649368
v -3.391602 -10.789513 4.448397
v -3.391602 -10.789513 4.448397
v -2.882622 -10.563745 4.766263
v -2.575008 -10.563745 4.850730
v -2.260122 -10.563745 4.901803
v -1.941580 -10.563745 4.918891
v 1.941580 -10.563745 4.918891
v -1.941580 -10.563745 4.918891
v -3.462468 -10.563274 4.501290
v -3.455204 -10.589430 4.496448
v -3.392781 -9.000006 4.449390
v -3.455204 -10.589430 4.496448
v -3.462468 -10.563274 4.501290
v -3.503879 -10.387533 4.526668
v -3.503879 -10.387533 4.526668
v -3.521768 -10.283488 4.536529
v -2.091669 -11.980011 3.273641
v -2.024664 -12.000004 2.996719
v -1.941580 -12.000004 2.999985
v -1.941580 -11.980011 3.282070
v 1.941580 -11.980011 3.282070
v -1.941580 -11.980011 3.282070
v -1.941580 -12.000004 2.999985
v 1.941580 -12.000004 2.999985
v 1.941580 -12.000004 2.999985
v -2.107219 -12.000004 2.986943
v -2.239871 -11.980011 3.248461
v -2.188740 -12.000004 2.970721
v -2.384321 -11.980011 3.206846
v -2.268704 -12.000004 2.948165
v -2.346715 -12.000004 2.919375
v -2.523204 -11.980011 3.149318
v -2.422276 -12.000004 2.884529
v -2.654772 -11.980011 3.076603
v -2.494835 -12.000004 2.843873
v -2.563950 -12.000004 2.797666
v -2.777371 -11.980011 2.989614
v -2.629199 -12.000004 2.746197
v -2.889460 -11.980011 2.889445
v -2.690192 -12.000004 2.689785
v -2.989629 -11.980011 2.777356
v -2.746564 -12.000004 2.628772
v -2.797973 -12.000003 2.563532
v -3.076618 -11.980011 2.654757
v -2.844112 -12.000003 2.494455
v -3.149333 -11.980010 2.523189
v -2.884699 -12.000003 2.421958
v -2.919482 -12.000003 2.346478
v -3.206861 -11.980010 2.384306
v -2.948223 -12.000003 2.268555
v -3.248476 -11.980010 2.239856
v -2.970748 -12.000003 2.188677
v -2.986956 -12.000003 2.107219
v -3.520663 -11.919631 2.301981
v -3.470381 -11.919631 2.476516
v -3.400873 -11.919632 2.644323
v -3.313013 -11.919632 2.803293
v -3.207907 -11.919632 2.951427
v -3.086876 -11.919632 3.086861
v -2.951442 -11.919632 3.207892
v -2.803308 -11.919632 3.312998
v -2.644338 -11.919633 3.400858
v -2.476531 -11.919633 3.470366
v -2.301996 -11.919633 3.520648
v -2.122928 -11.919633 3.551073
v -1.941580 -11.919633 3.561258
v 1.941580 -11.919633 3.561258
v -1.941580 -11.919633 3.561258
v 1.941580 -11.820099 3.828996
v -3.781689 -11.820097 2.361558
v -3.723095 -11.820097 2.564944
v -3.642097 -11.820098 2.760491
v -3.539714 -11.820098 2.945739
v -3.417233 -11.820098 3.118359
v -3.276195 -11.820098 3.276180
v -3.118374 -11.820099 3.417218
v -4.019161 -11.683435 2.447344
v -3.944122 -11.683436 2.691218
v -3.840568 -11.683436 2.924417
v -3.710401 -11.683429 3.143093
v -3.523603 -11.748654 3.212178
v -3.652618 -11.707570 3.158524
v -3.586656 -11.730811 3.182424
v -3.301634 -11.770977 3.391191
v -3.462122 -11.761762 3.248621
v -3.404240 -11.769808 3.290871
v -3.350521 -11.772872 3.338582
v -3.187685 -11.734631 3.574348
v -3.257883 -11.764065 3.448409
v -3.219621 -11.751946 3.509920
v -4.256047 -11.512437 2.437777
v -4.190852 -11.512438 2.678965
v -4.100598 -11.512438 2.911937
v -3.717764 -11.680094 3.141477
v -3.985672 -11.513363 3.133073
v -3.925520 -11.559295 3.126554
v -3.854753 -11.606552 3.125110
v -3.782813 -11.647918 3.130510
v -3.744435 -9.000004 3.136273
v -3.710401 -11.683429 3.143093
v -3.652618 -11.707570 3.158524
v -3.717764 -11.680094 3.141477
v -3.618218 -9.000004 3.170119
v -3.586656 -11.730811 3.182424
v -3.523603 -11.748654 3.212178
v -3.500000 -9.000004 3.225243
v -3.462122 -11.761762 3.248621
v -3.404240 -11.769808 3.290871
v -3.392979 -9.000004 3.300133
v -3.350521 -11.772872 3.338582
v -3.301634 -11.770977 3.391191
v -3.300536 -9.000005 3.392499
v -3.257883 -11.764065 3.448409
v -3.225438 -9.000005 3.499671
v -3.219621 -11.751946 3.509920
v -3.187685 -11.734631 3.574348
v -4.526719 -10.387084 3.503933
v -4.526719 -10.387084 3.503933
v -4.649352 -10.563743 3.179483
v -4.501214 -10.563787 3.462318
v -4.766259 -10.563743 2.882658
v -4.850737 -10.563742 2.575028
v -4.524336 -9.000005 3.499779
v -4.501214 -10.563787 3.462318
v -4.497371 -10.584663 3.456542
v -4.497371 -10.584663 3.456542
v -4.571473 -10.831354 3.109196
v -4.453139 -10.773128 3.397255
v -4.435013 -10.833107 3.376120
v -4.678887 -10.831354 2.828612
v -4.756458 -10.831353 2.538358
v -4.453139 -10.773128 3.397255
v -4.449279 -9.000005 3.392622
v -4.435013 -10.833107 3.376120
v -4.395905 -10.942356 3.335390
v -4.395905 -10.942356 3.335390
v -4.456522 -11.082006 3.030238
v -4.332530 -11.082059 3.280675
v -4.554412 -11.082006 2.768155
v -4.625071 -11.082005 2.497459
v -4.356930 -9.000004 3.300298
v -4.332530 -11.082059 3.280675
v -4.327165 -11.092351 3.276581
v -4.327165 -11.092351 3.276581
v -4.300866 -11.310589 2.958624
v -4.248963 -11.223854 3.224808
v -4.185605 -11.310786 3.192247
v -4.391974 -11.310589 2.713712
v -4.457732 -11.310588 2.460810
v -4.249858 -9.000004 3.225327
v -4.248963 -11.223854 3.224808
v -4.185605 -11.310786 3.192247
v -4.171569 -11.328152 3.186029
v -4.171569 -11.328152 3.186029
v -4.085135 -11.423615 3.154922
v -4.131463 -9.000004 3.170108
v -4.085135 -11.423615 3.154922
v -4.002612 -11.499349 3.135802
v -4.004986 -9.000004 3.136222
v -4.002612 -11.499349 3.135802
v -3.985672 -11.513363 3.133073
v -3.925520 -11.559295 3.126554
v -3.874640 -9.000004 3.124846
v -3.854753 -11.606552 3.125110
v -3.782813 -11.647918 3.130510
v -4.624856 -9.000005 3.874845
v -3.124856 -9.000005 3.874845
v -3.136256 -9.000005 4.005111
v -4.613456 -9.000005 3.744578
v -3.136290 -9.000005 3.744388
v -4.613422 -9.000005 4.005301
v -3.170079 -9.000006 4.131341
v -4.579571 -9.000006 4.131512
v -3.225376 -9.000006 4.249908
v -4.524274 -9.000006 4.250017
v -3.300432 -9.000006 4.357067
v -4.449175 -9.000006 4.357190
v -3.392781 -9.000006 4.449390
v -4.356733 -9.000006 4.449556
v -3.499853 -9.000006 4.524362
v -4.249712 -9.000006 4.524446
v -3.618249 -9.000006 4.579582
v -4.005277 -9.000006 4.613417
v -3.744726 -9.000006 4.613468
v -4.131494 -9.000006 4.579569
v -3.875072 -9.000006 4.624843
v -4.579633 -9.000005 3.618346
v -3.170140 -9.000005 3.618176
v -4.524336 -9.000005 3.499779
v -3.225438 -9.000005 3.499671
v -4.449279 -9.000005 3.392622
v -3.300536 -9.000005 3.392499
v -4.356930 -9.000004 3.300298
v -3.392979 -9.000004 3.300133
v -4.249858 -9.000004 3.225327
v -3.500000 -9.000004 3.225243
v -4.131463 -9.000004 3.170108
v -3.618218 -9.000004 3.170119
v -3.744435 -9.000004 3.136273
v -4.004986 -9.000004 3.136222
v -3.874640 -9.000004 3.124846
v 2.260120 -10.563745 4.901803
v 1.941580 -10.563745 4.918891
v 2.241617 -10.831356 4.803327
v 1.941580 -10.831356 4.819013
v 2.221158 -11.082007 4.667731
v 1.941580 -11.082007 4.682030
v 2.202724 -11.310591 4.497430
v 1.941580 -11.310591 4.510736
v 2.191200 -11.512440 4.295428
v 1.941580 -11.512440 4.308627
v 2.196348 -11.683437 4.064593
v 1.941580 -11.683437 4.079825
v 2.152905 -11.820099 3.817128
v 1.941580 -11.820099 3.828996
v 2.122928 -11.919633 3.551073
v 1.941580 -11.919633 3.561258
v 2.091669 -11.980011 3.273641
v 1.941580 -11.980011 3.282070
v 2.024700 -12.000004 2.996716
v 1.941580 -12.000004 2.999985
v 2.024664 -11.999996 -2.996749
v 2.024700 -12.000004 2.996716
v 4.918905 -10.563742 1.941567
v 4.918905 -10.563742 1.941567
v 4.850721 -10.563742 2.575099
v 4.901810 -10.563742 2.260162
v 4.766225 -10.563743 2.882762
v 4.649291 -10.563743 3.179615
v 4.501241 -10.563622 3.462359
v 4.536536 -10.283568 3.521743
v 4.528112 -10.374482 3.506392
v 4.528112 -10.374482 3.506392
v 4.501241 -10.563622 3.462359
v 4.819027 -10.831353 1.941566
v 4.918905 -10.563736 -1.941594
v 4.819027 -10.831353 1.941566
v 4.756452 -10.831353 2.538385
v 4.803340 -10.831353 2.241611
v 4.678874 -10.831354 2.828651
v 4.571451 -10.831354 3.109246
v 4.455756 -10.763912 3.400442
v 4.435217 -10.832452 3.376348
v 4.500175 -10.569512 3.460745
v 4.449175 -9.000005 3.392499
v 4.500175 -10.569512 3.460745
v 4.455756 -10.763912 3.400442
v 4.682044 -11.082005 1.941566
v 4.819027 -10.831347 -1.941594
v 4.682044 -11.082005 1.941566
v 4.625047 -11.082005 2.497574
v 4.667757 -11.082005 2.221027
v 4.554359 -11.082006 2.768324
v 4.456429 -11.082006 3.030454
v 4.394584 -10.945683 3.334117
v 4.332072 -11.082981 3.280323
v 4.435217 -10.832452 3.376348
v 4.356733 -9.000004 3.300133
v 4.394584 -10.945683 3.334117
v 4.332072 -11.082981 3.280323
v 4.510751 -11.310588 1.941566
v 4.682044 -11.081999 -1.941594
v 4.510751 -11.310588 1.941566
v 4.457662 -11.310588 2.461150
v 4.497444 -11.310588 2.202710
v 4.391817 -11.310589 2.714208
v 4.300591 -11.310589 2.959262
v 4.320123 -11.105648 3.271321
v 4.236892 -11.241604 3.218008
v 4.249712 -9.000004 3.225243
v 4.320123 -11.105648 3.271321
v 4.236892 -11.241604 3.218008
v 4.308642 -11.512437 1.941565
v 4.510751 -11.310582 -1.941594
v 4.308642 -11.512437 1.941565
v 4.295449 -11.512437 2.191131
v 4.256017 -11.512437 2.437915
v 4.190786 -11.512438 2.679166
v 4.184474 -11.312193 3.191733
v 4.100483 -11.512438 2.912194
v 4.131494 -9.000004 3.170119
v 4.184474 -11.312193 3.191733
v 4.148625 -11.355405 3.176594
v 4.148625 -11.355405 3.176594
v 4.058052 -11.449968 3.147559
v 4.058052 -11.449968 3.147559
v 4.079840 -11.683435 1.941565
v 4.308642 -11.512431 -1.941595
v 4.079840 -11.683435 1.941565
v 4.064601 -11.683435 2.196394
v 4.019101 -11.683435 2.447590
v 3.943989 -11.683436 2.691574
v 3.985764 -11.513275 3.133087
v 3.840335 -11.683436 2.924867
v 4.005277 -9.000004 3.136273
v 3.985764 -11.513275 3.133087
v 3.967201 -11.528054 3.130548
v 3.875072 -9.000004 3.124846
v 3.967201 -11.528054 3.130548
v 3.879765 -11.590608 3.124857
v 3.879765 -11.590608 3.124857
v 3.829011 -11.820097 1.941565
v 4.079840 -11.683430 -1.941595
v 3.829011 -11.820097 1.941565
v 3.781689 -11.820097 2.361558
v 3.817143 -11.820097 2.152890
v 3.723095 -11.820097 2.564944
v 3.642097 -11.820098 2.760491
v 3.724072 -11.677151 3.140154
v 3.709272 -11.683907 3.143348
v 3.539714 -11.820098 2.945739
v 3.799091 -11.639098 3.128677
v 3.618249 -9.000004 3.170108
v 3.709272 -11.683907 3.143348
v 3.724072 -11.677151 3.140154
v 3.653290 -11.707310 3.158315
v 3.653290 -11.707310 3.158315
v 3.744726 -9.000004 3.136222
v 3.799091 -11.639098 3.128677
v 3.585796 -11.731076 3.182783
v 3.585796 -11.731076 3.182783
v 3.561273 -11.919631 1.941565
v 3.829011 -11.820091 -1.941595
v 3.561273 -11.919631 1.941565
v 3.551088 -11.919631 2.122913
v 3.520663 -11.919631 2.301981
v 3.470381 -11.919631 2.476516
v 3.400873 -11.919632 2.644323
v 3.417233 -11.820098 3.118359
v 3.313013 -11.919632 2.803293
v 3.346008 -11.772903 3.343032
v 3.276195 -11.820098 3.276180
v 3.207907 -11.919632 2.951427
v 3.400550 -11.770164 3.293864
v 3.459194 -11.762273 3.250561
v 3.521102 -11.749271 3.213510
v 3.215466 -11.750152 3.517482
v 3.118374 -11.820099 3.417218
v 3.086876 -11.919632 3.086861
v 3.252877 -11.762860 3.455744
v 3.296528 -11.770460 3.397309
v 3.143304 -11.683791 3.709518
v 2.945754 -11.820099 3.539699
v 2.951442 -11.919632 3.207892
v 3.159564 -11.708837 3.649325
v 3.184383 -11.732261 3.582013
v 2.924663 -11.683437 3.840434
v 2.760506 -11.820099 3.642082
v 2.803308 -11.919632 3.312998
v 2.691415 -11.683437 3.944039
v 2.564959 -11.820099 3.723080
v 2.644338 -11.919633 3.400858
v 2.447485 -11.683437 4.019115
v 2.361573 -11.820099 3.781674
v 2.476531 -11.919633 3.470366
v 2.301996 -11.919633 3.520648
v 2.438037 -11.512440 4.255979
v 2.679336 -11.512440 4.190720
v 2.912409 -11.512440 4.100378
v 3.141039 -11.679083 3.719881
v 3.129161 -11.641555 3.794592
v 3.132987 -11.513895 3.984982
v 3.128836 -11.539739 3.952002
v 3.124856 -11.593801 3.874841
v 3.136256 -9.000005 3.744578
v 3.143304 -11.683791 3.709518
v 3.159564 -11.708837 3.649325
v 3.141039 -11.679083 3.719881
v 3.170079 -9.000005 3.618346
v 3.184383 -11.732261 3.582013
v 3.215466 -11.750152 3.517482
v 3.225376 -9.000005 3.499779
v 3.252877 -11.762860 3.455744
v 3.296528 -11.770460 3.397309
v 3.300432 -9.000005 3.392622
v 3.346008 -11.772903 3.343032
v 3.392781 -9.000004 3.300298
v 3.400550 -11.770164 3.293864
v 3.459194 -11.762273 3.250561
v 3.499853 -9.000004 3.225327
v 3.521102 -11.749271 3.213510
v 3.129161 -11.641555 3.794592
v 2.461164 -11.310591 4.457649
v 2.714221 -11.310591 4.391804
v 2.959274 -11.310591 4.300578
v 3.141942 -11.472080 4.034016
v 3.191727 -11.312253 4.184414
v 3.167146 -11.383977 4.123129
v 3.136290 -9.000005 4.005301
v 3.132987 -11.513895 3.984982
v 3.128836 -11.539739 3.952002
v 3.141942 -11.472080 4.034016
v 3.124856 -11.593801 3.874841
v 3.124856 -9.000005 3.874845
v 3.124856 -11.593801 3.874841
v 3.124856 -9.000005 3.874845
v 3.273656 -11.980010 2.091654
v 2.996734 -12.000003 2.024649
v 3.000000 -12.000003 1.941565
v 3.000000 -11.999997 -1.941595
v 3.000000 -12.000003 1.941565
v 2.996734 -12.000003 2.024649
v 3.282085 -11.980010 1.941565
v 3.282085 -11.980004 -1.941595
v 3.282085 -11.980010 1.941565
v 3.000000 -12.000003 1.941565
v 3.000000 -11.999997 -1.941595
v 2.986958 -12.000003 2.107204
v 2.996731 -11.999997 -2.024715
v 2.986958 -12.000003 2.107204
v 3.248476 -11.980010 2.239856
v 2.970736 -12.000003 2.188725
v 2.986956 -11.999997 -2.107249
v 2.970736 -12.000003 2.188725
v 3.206861 -11.980010 2.384306
v 2.948180 -12.000003 2.268689
v 2.948223 -11.999997 -2.268585
v 2.948180 -12.000003 2.268689
v 2.970748 -11.999997 -2.188707
v 2.919390 -12.000003 2.346700
v 2.919482 -11.999997 -2.346508
v 2.919390 -12.000003 2.346700
v 3.149333 -11.980010 2.523189
v 2.884544 -12.000003 2.422261
v 2.884699 -11.999997 -2.421988
v 2.884544 -12.000003 2.422261
v 3.076618 -11.980011 2.654757
v 2.843888 -12.000003 2.494820
v 2.844112 -11.999997 -2.494485
v 2.843888 -12.000003 2.494820
v 2.797681 -12.000003 2.563935
v 2.797973 -11.999997 -2.563562
v 2.797681 -12.000003 2.563935
v 2.989629 -11.980011 2.777356
v 2.746212 -12.000004 2.629184
v 2.746564 -11.999996 -2.628802
v 2.746212 -12.000004 2.629184
v 2.889460 -11.980011 2.889445
v 2.689800 -12.000004 2.690177
v 2.690192 -11.999996 -2.689815
v 2.689800 -12.000004 2.690177
v 2.777371 -11.980011 2.989614
v 2.628787 -12.000004 2.746549
v 2.629199 -11.999996 -2.746227
v 2.628787 -12.000004 2.746549
v 2.563547 -12.000004 2.797958
v 2.563950 -11.999996 -2.797696
v 2.563547 -12.000004 2.797958
v 2.654772 -11.980011 3.076603
v 2.494470 -12.000004 2.844097
v 2.494835 -11.999996 -2.843903
v 2.494470 -12.000004 2.844097
v 2.523204 -11.980011 3.149318
v 2.421973 -12.000004 2.884684
v 2.422276 -11.999996 -2.884559
v 2.421973 -12.000004 2.884684
v 2.346493 -12.000004 2.919467
v 2.346715 -11.999996 -2.919405
v 2.346493 -12.000004 2.919467
v 2.384321 -11.980011 3.206846
v 2.268570 -12.000004 2.948208
v 2.268704 -11.999996 -2.948195
v 2.268570 -12.000004 2.948208
v 2.239871 -11.980011 3.248461
v 2.188692 -12.000004 2.970733
v 2.188740 -11.999996 -2.970751
v 2.188692 -12.000004 2.970733
v 2.107234 -12.000004 2.986941
v 2.107234 -12.000004 2.986941
v 2.107219 -11.999996 -2.986973
v 3.561273 -11.919625 -1.941595
v 3.503769 -10.388095 4.526605
v 3.503769 -10.388095 4.526605
v 3.179425 -10.563745 4.649372
v 3.462474 -10.563251 4.501294
v 2.882615 -10.563745 4.766264
v 2.575004 -10.563745 4.850732
v 3.500000 -9.000006 4.524446
v 3.462474 -10.563251 4.501294
v 3.454945 -10.590343 4.496273
v 3.454945 -10.590343 4.496273
v 3.109228 -10.831356 4.571451
v 3.391169 -10.790753 4.448032
v 3.376419 -10.832295 4.435253
v 2.828641 -10.831356 4.678868
v 2.538382 -10.831356 4.756442
v 3.392979 -9.000006 4.449556
v 3.391169 -10.790753 4.448032
v 3.376419 -10.832295 4.435253
v 3.322489 -10.975850 4.382179
v 3.322489 -10.975850 4.382179
v 3.030899 -11.082007 4.456228
v 3.279983 -11.083871 4.331598
v 2.768674 -11.082007 4.554238
v 2.497818 -11.082007 4.624986
v 3.300536 -9.000006 4.357190
v 3.279983 -11.083871 4.331598
v 3.259029 -11.136677 4.302927
v 3.259029 -11.136677 4.302927
v 3.206539 -11.271953 4.215213
v 3.225438 -9.000006 4.250017
v 3.206539 -11.271953 4.215213
v 3.191727 -11.312253 4.184414
v 3.170140 -9.000006 4.131512
v 3.167146 -11.383977 4.123129
v 4.624856 -9.000005 3.874845
v 3.124856 -9.000005 3.874845
v 3.136256 -9.000005 3.744578
v 4.613456 -9.000005 4.005111
v 3.136290 -9.000005 4.005301
v 4.613422 -9.000005 3.744388
v 3.170079 -9.000005 3.618346
v 4.579571 -9.000005 3.618176
v 3.225376 -9.000005 3.499779
v 4.524274 -9.000005 3.499671
v 3.300432 -9.000005 3.392622
v 4.449175 -9.000005 3.392499
v 3.392781 -9.000004 3.300298
v 4.356733 -9.000004 3.300133
v 3.499853 -9.000004 3.225327
v 4.249712 -9.000004 3.225243
v 3.618249 -9.000004 3.170108
v 4.005277 -9.000004 3.136273
v 3.744726 -9.000004 3.136222
v 4.131494 -9.000004 3.170119
v 3.875072 -9.000004 3.124846
v 4.579633 -9.000006 4.131341
v 3.170140 -9.000006 4.131512
v 4.524336 -9.000006 4.249908
v 3.225438 -9.000006 4.250017
v 4.449279 -9.000006 4.357067
v 3.300536 -9.000006 4.357190
v 4.356930 -9.000006 4.449390
v 3.392979 -9.000006 4.449556
v 4.249858 -9.000006 4.524362
v 3.500000 -9.000006 4.524446
v 4.131463 -9.000006 4.579582
v 3.618218 -9.000006 4.579569
v 3.744435 -9.000006 4.613417
v 4.004986 -9.000006 4.613468
v 3.874640 -9.000006 4.624843
v 4.901814 -10.563736 -2.260154
v 4.918905 -10.563736 -1.941594
v 4.803342 -10.831347 -2.241626
v 4.819027 -10.831347 -1.941594
v 4.667763 -11.081999 -2.220997
v 4.682044 -11.081999 -1.941594
v 4.497462 -11.310582 -2.202567
v 4.510751 -11.310582 -1.941594
v 4.295456 -11.512431 -2.191091
v 4.308642 -11.512431 -1.941595
v 4.064616 -11.683430 -2.196298
v 4.079840 -11.683430 -1.941595
v 3.817143 -11.820091 -2.152920
v 3.829011 -11.820091 -1.941595
v 3.551088 -11.919625 -2.122943
v 3.561273 -11.919625 -1.941595
v 3.273656 -11.980004 -2.091684
v 3.282085 -11.980004 -1.941595
v 2.996731 -11.999997 -2.024715
v 3.000000 -11.999997 -1.941595
v 2.924573 -11.683428 -3.840511
v 3.128863 -11.539525 -3.952301
v 3.124856 -11.593791 -3.874871
v 3.124856 -8.999995 -3.874867
v 3.124856 -11.593791 -3.874871
v 3.128863 -11.539525 -3.952301
v 3.129366 -11.642595 -3.792739
v 3.136290 -8.999995 -3.744411
v 3.129366 -11.642595 -3.792739
v 3.124856 -11.593791 -3.874871
v 3.124856 -8.999995 -3.874867
v 3.132985 -11.513897 -3.984996
v 3.132985 -11.513897 -3.984996
v 2.912416 -11.512428 -4.100405
v 3.142089 -11.471460 -4.034726
v 3.136256 -8.999995 -4.005134
v 3.142089 -11.471460 -4.034726
v 2.691344 -11.683428 -3.944096
v 2.679342 -11.512428 -4.190748
v 2.959296 -11.310579 -4.300597
v 3.167511 -11.382835 -4.124196
v 3.191742 -11.312199 -4.184475
v 2.447436 -11.683428 -4.019157
v 2.438040 -11.512428 -4.256008
v 2.714237 -11.310579 -4.391827
v 2.196322 -11.683428 -4.064626
v 2.191202 -11.512428 -4.295458
v 2.461175 -11.310579 -4.457675
v 1.941580 -11.683428 -4.079855
v 1.941580 -11.512428 -4.308657
v 2.202730 -11.310579 -4.497458
v 1.941580 -11.310579 -4.510765
v 1.941580 -11.820089 -3.829026
v 2.361573 -11.820089 -3.781704
v 2.152905 -11.820089 -3.817158
v 2.564959 -11.820089 -3.723110
v 2.760506 -11.820089 -3.642112
v 3.141410 -11.679883 -3.718164
v 3.143223 -11.683622 -3.709907
v 2.945754 -11.820089 -3.539729
v 3.170140 -8.999995 -3.618199
v 3.143223 -11.683622 -3.709907
v 3.141410 -11.679883 -3.718164
v 3.161104 -11.710667 -3.644526
v 3.161104 -11.710667 -3.644526
v 3.167511 -11.382835 -4.124196
v 3.170079 -8.999994 -4.131364
v 3.191742 -11.312199 -4.184475
v 3.207080 -11.270497 -4.216301
v 3.207080 -11.270497 -4.216301
v 2.768662 -11.081996 -4.554270
v 3.030883 -11.081996 -4.456264
v 2.497810 -11.081996 -4.625015
v 2.221154 -11.081996 -4.667760
v 1.941580 -11.081996 -4.682058
v 3.259607 -11.135204 -4.303786
v 3.225376 -8.999994 -4.249931
v 3.259607 -11.135204 -4.303786
v 3.279994 -11.083829 -4.331641
v 3.279994 -11.083829 -4.331641
v 3.109232 -10.831345 -4.571478
v 3.323043 -10.974411 -4.382809
v 3.300432 -8.999994 -4.357090
v 3.323043 -10.974411 -4.382809
v 2.828643 -10.831345 -4.678895
v 2.538384 -10.831345 -4.756470
v 2.241618 -10.831345 -4.803355
v 1.941580 -10.831345 -4.819041
v 3.376414 -10.832297 -4.435276
v 3.376414 -10.832297 -4.435276
v 3.179433 -10.563733 -4.649395
v 3.391602 -10.789501 -4.448425
v 3.391602 -10.789501 -4.448425
v 2.882622 -10.563733 -4.766289
v 2.575008 -10.563732 -4.850757
v 2.260122 -10.563732 -4.901829
v 1.941580 -10.563732 -4.918918
v 3.462468 -10.563263 -4.501317
v 3.455204 -10.589418 -4.496474
v 3.392781 -8.999994 -4.449413
v 3.455204 -10.589418 -4.496474
v 3.462468 -10.563263 -4.501317
v 3.503879 -10.387522 -4.526694
v 3.503879 -10.387522 -4.526694
v 3.521768 -10.283477 -4.536555
v 2.091669 -11.980003 -3.273671
v 2.024664 -11.999996 -2.996749
v 1.941580 -11.999996 -3.000015
v 1.941580 -11.980003 -3.282100
v 2.107219 -11.999996 -2.986973
v 2.239871 -11.980003 -3.248491
v 2.188740 -11.999996 -2.970751
v 2.384321 -11.980003 -3.206876
v 2.268704 -11.999996 -2.948195
v 2.346715 -11.999996 -2.919405
v 2.523204 -11.980003 -3.149348
v 2.422276 -11.999996 -2.884559
v 2.654772 -11.980003 -3.076633
v 2.494835 -11.999996 -2.843903
v 2.563950 -11.999996 -2.797696
v 2.777371 -11.980003 -2.989644
v 2.629199 -11.999996 -2.746227
v 2.889460 -11.980003 -2.889475
v 2.690192 -11.999996 -2.689815
v 2.989629 -11.980003 -2.777386
v 2.746564 -11.999996 -2.628802
v 2.797973 -11.999997 -2.563562
v 3.076618 -11.980003 -2.654787
v 2.844112 -11.999997 -2.494485
v 3.149333 -11.980004 -2.523219
v 2.884699 -11.999997 -2.421988
v 2.919482 -11.999997 -2.346508
v 3.206861 -11.980004 -2.384336
v 2.948223 -11.999997 -2.268585
v 3.248476 -11.980004 -2.239886
v 2.970748 -11.999997 -2.188707
v 2.986956 -11.999997 -2.107249
v 3.520663 -11.919625 -2.302011
v 3.470381 -11.919625 -2.476546
v 3.400873 -11.919624 -2.644353
v 3.313013 -11.919624 -2.803323
v 3.207907 -11.919624 -2.951457
v 3.086876 -11.919624 -3.086891
v 2.951442 -11.919624 -3.207922
v 2.803308 -11.919624 -3.313028
v 2.644338 -11.919623 -3.400888
v 2.476531 -11.919623 -3.470396
v 2.301996 -11.919623 -3.520678
v 2.122928 -11.919623 -3.551103
v 1.941580 -11.919623 -3.561288
v 3.781689 -11.820091 -2.361588
v 3.723095 -11.820091 -2.564974
v 3.642097 -11.820090 -2.760521
v 3.539714 -11.820090 -2.945769
v 3.417233 -11.820090 -3.118389
v 3.276195 -11.820090 -3.276210
v 3.118374 -11.820089 -3.417248
v 4.019161 -11.683430 -2.447373
v 3.944122 -11.683429 -2.691247
v 3.840569 -11.683429 -2.924446
v 3.710402 -11.683421 -3.143123
v 3.523603 -11.748647 -3.212208
v 3.652618 -11.707562 -3.158554
v 3.586656 -11.730803 -3.182454
v 3.301634 -11.770967 -3.391221
v 3.462122 -11.761754 -3.248651
v 3.404240 -11.769800 -3.290901
v 3.350521 -11.772864 -3.338612
v 3.187685 -11.734621 -3.574378
v 3.257883 -11.764055 -3.448439
v 3.219621 -11.751937 -3.509950
v 4.256047 -11.512431 -2.437807
v 4.190852 -11.512430 -2.678995
v 4.100598 -11.512430 -2.911967
v 3.717764 -11.680086 -3.141507
v 3.985672 -11.513355 -3.133103
v 3.925520 -11.559287 -3.126584
v 3.854752 -11.606544 -3.125140
v 3.782813 -11.647910 -3.130540
v 3.744435 -8.999996 -3.136296
v 3.710402 -11.683421 -3.143123
v 3.652618 -11.707562 -3.158554
v 3.717764 -11.680086 -3.141507
v 3.618218 -8.999996 -3.170141
v 3.586656 -11.730803 -3.182454
v 3.523603 -11.748647 -3.212208
v 3.500000 -8.999996 -3.225266
v 3.462122 -11.761754 -3.248651
v 3.404240 -11.769800 -3.290901
v 3.392979 -8.999996 -3.300155
v 3.350521 -11.772864 -3.338612
v 3.301634 -11.770967 -3.391221
v 3.300536 -8.999995 -3.392522
v 3.257883 -11.764055 -3.448439
v 3.225438 -8.999995 -3.499694
v 3.219621 -11.751937 -3.509950
v 3.187685 -11.734621 -3.574378
v 4.526720 -10.387074 -3.503960
v 4.526720 -10.387074 -3.503960
v 4.649352 -10.563735 -3.179511
v 4.501214 -10.563778 -3.462346
v 4.766259 -10.563735 -2.882686
v 4.850737 -10.563736 -2.575056
v 4.524336 -8.999995 -3.499802
v 4.501214 -10.563778 -3.462346
v 4.497371 -10.584654 -3.456570
v 4.497371 -10.584654 -3.456570
v 4.571473 -10.831347 -3.109226
v 4.453139 -10.773119 -3.397283
v 4.435014 -10.833097 -3.376148
v 4.678886 -10.831347 -2.828642
v 4.756458 -10.831347 -2.538387
v 4.453139 -10.773119 -3.397283
v 4.449279 -8.999995 -3.392644
v 4.435014 -10.833097 -3.376148
v 4.395905 -10.942348 -3.335419
v 4.395905 -10.942348 -3.335419
v 4.456522 -11.081998 -3.030267
v 4.332530 -11.082051 -3.280703
v 4.554412 -11.081998 -2.768184
v 4.625071 -11.081999 -2.497487
v 4.356930 -8.999996 -3.300321
v 4.332530 -11.082051 -3.280703
v 4.327165 -11.092344 -3.276609
v 4.327165 -11.092344 -3.276609
v 4.300866 -11.310581 -2.958653
v 4.248963 -11.223846 -3.224836
v 4.185605 -11.310779 -3.192276
v 4.391974 -11.310581 -2.713741
v 4.457733 -11.310582 -2.460840
v 4.249858 -8.999996 -3.225349
v 4.248963 -11.223846 -3.224836
v 4.185605 -11.310779 -3.192276
v 4.171569 -11.328144 -3.186059
v 4.171569 -11.328144 -3.186059
v 4.085135 -11.423607 -3.154952
v 4.131463 -8.999996 -3.170130
v 4.085135 -11.423607 -3.154952
v 4.002612 -11.499341 -3.135832
v 4.004986 -8.999996 -3.136245
v 4.002612 -11.499341 -3.135832
v 3.985672 -11.513355 -3.133103
v 3.925520 -11.559287 -3.126584
v 3.874640 -8.999996 -3.124868
v 3.854752 -11.606544 -3.125140
v 3.782813 -11.647910 -3.130540
v 4.624856 -8.999995 -3.874867
v 3.124856 -8.999995 -3.874867
v 3.136256 -8.999995 -4.005134
v 4.613456 -8.999995 -3.744601
v 3.136290 -8.999995 -3.744411
v 4.613422 -8.999995 -4.005323
v 3.170079 -8.999994 -4.131364
v 4.579571 -8.999994 -4.131535
v 3.225376 -8.999994 -4.249931
v 4.524274 -8.999994 -4.250040
v 3.300432 -8.999994 -4.357090
v 4.449175 -8.999994 -4.357213
v 3.392781 -8.999994 -4.449413
v 4.356733 -8.999994 -4.449579
v 3.499853 -8.999994 -4.524384
v 4.249712 -8.999994 -4.524469
v 3.618249 -8.999994 -4.579605
v 4.005277 -8.999994 -4.613440
v 3.744726 -8.999994 -4.613491
v 4.131494 -8.999994 -4.579592
v 3.875072 -8.999994 -4.624866
v 4.579633 -8.999995 -3.618369
v 3.170140 -8.999995 -3.618199
v 4.524336 -8.999995 -3.499802
v 3.225438 -8.999995 -3.499694
v 4.449279 -8.999995 -3.392644
v 3.300536 -8.999995 -3.392522
v 4.356930 -8.999996 -3.300321
v 3.392979 -8.999996 -3.300155
v 4.249858 -8.999996 -3.225349
v 3.500000 -8.999996 -3.225266
v 4.131463 -8.999996 -3.170130
v 3.618218 -8.999996 -3.170141
v 3.744435 -8.999996 -3.136296
v 4.004986 -8.999996 -3.136245
v 3.874640 -8.999996 -3.124868
v 8.309166 8.951008 0.000011
v 8.309166 8.914975 -0.802351
v 8.309166 8.951008 0.000011
v 8.309166 8.914973 0.802373
v 8.309166 8.807160 1.598275
v 8.309166 8.628436 2.381309
v 8.309166 8.380242 3.145170
v 8.309166 8.064575 3.883707
v 8.309166 7.683976 4.590976
v 8.309166 7.241511 5.261279
v 8.309166 6.740741 5.889224
v 8.309166 6.185699 6.469751
v 8.309166 5.580853 6.998187
v 8.309166 4.931074 7.470278
v 8.309166 4.241592 7.882223
v 8.309166 3.517960 8.230704
v 8.309166 2.766003 8.512918
v 8.309166 1.991776 8.726591
v 8.309166 1.201512 8.870001
v 8.309166 0.401574 8.941996
v 8.309166 -0.401596 8.941994
v 8.309166 -1.201534 8.869997
v 8.309166 -1.991798 8.726585
v 8.309166 -2.766025 8.512910
v 8.309166 -3.517981 8.230695
v 8.309166 -4.241612 7.882213
v 8.309166 -4.931093 7.470266
v 8.309166 -5.580871 6.998173
v 8.309166 -6.185715 6.469735
v 8.309166 -6.740757 5.889206
v 8.309166 -7.241525 5.261261
v 8.309166 -7.683988 4.590956
v 8.309166 -8.064585 3.883687
v 8.309166 -8.380250 3.145148
v 8.309166 -8.628442 2.381287
v 8.309166 -8.807164 1.598253
v 8.309166 -8.914975 0.802351
v 8.309166 -8.951008 -0.000011
v 8.309166 -8.951008 -0.000011
v 8.454270 8.890864 0.000011
v 8.454270 8.855073 -0.796960
v 8.454270 8.890864 0.000011
v 8.454270 8.855071 0.796982
v 8.454270 8.747982 1.587536
v 8.454270 8.570460 2.365308
v 8.454270 8.323934 3.124037
v 8.454270 8.010387 3.857611
v 8.454270 7.632345 4.560128
v 8.454270 7.192853 5.225928
v 8.454270 6.695448 5.849653
v 8.454270 6.144136 6.426279
v 8.454270 5.543354 6.951164
v 8.454270 4.897941 7.420083
v 8.454270 4.213092 7.829260
v 8.454270 3.494322 8.175401
v 8.454270 2.747417 8.455718
v 8.454270 1.978392 8.667953
v 8.454270 1.193439 8.810401
v 8.454270 0.398876 8.881912
v 8.454270 -0.398898 8.881910
v 8.454270 -1.193461 8.810397
v 8.454270 -1.978414 8.667948
v 8.454270 -2.747439 8.455710
v 8.454270 -3.494343 8.175391
v 8.454270 -4.213112 7.829250
v 8.454270 -4.897960 7.420071
v 8.454270 -5.543372 6.951150
v 8.454270 -6.144152 6.426263
v 8.454270 -6.695464 5.849636
v 8.454270 -7.192867 5.225910
v 8.454270 -7.632357 4.560109
v 8.454270 -8.010397 3.857591
v 8.454270 -8.323941 3.124015
v 8.454270 -8.570466 2.365286
v 8.454270 -8.747986 1.587514
v 8.454270 -8.855073 0.796960
v 8.454270 -8.890864 -0.000011
v 8.309166 -8.914973 -0.802373
v 8.454270 -8.890864 -0.000011
v 8.588166 8.808740 0.000011
v 8.588166 8.773280 -0.789598
v 8.588166 8.808740 0.000011
v 8.588166 8.773278 0.789620
v 8.588166 8.667178 1.572872
v 8.588166 8.491295 2.343460
v 8.588166 8.247046 3.095180
v 8.588166 7.936395 3.821979
v 8.588166 7.561846 4.518005
v 8.588166 7.126413 5.177656
v 8.588166 6.633604 5.795619
v 8.588166 6.087383 6.366920
v 8.588166 5.492151 6.886957
v 8.588166 4.852698 7.351545
v 8.588166 4.174176 7.756942
v 8.588166 3.462045 8.099886
v 8.588166 2.722039 8.377613
v 8.588166 1.960118 8.587889
v 8.588166 1.182415 8.729021
v 8.588166 0.395192 8.799870
v 8.588166 -0.395214 8.799869
v 8.588166 -1.182437 8.729017
v 8.588166 -1.960140 8.587883
v 8.588166 -2.722061 8.377605
v 8.588166 -3.462065 8.099876
v 8.588166 -4.174196 7.756932
v 8.588166 -4.852717 7.351533
v 8.588166 -5.492168 6.886943
v 8.588166 -6.087399 6.366904
v 8.588166 -6.633619 5.795602
v 8.588166 -7.126427 5.177638
v 8.588166 -7.561858 4.517986
v 8.588166 -7.936405 3.821959
v 8.588166 -8.247053 3.095159
v 8.588166 -8.491301 2.343438
v 8.588166 -8.667182 1.572850
v 8.588166 -8.773280 0.789598
v 8.588166 -8.808740 -0.000011
v 8.454270 -8.855071 -0.796982
v 8.588166 -8.808740 -0.000011
v 8.707107 8.707107 0.000011
v 8.707107 8.697246 -0.414290
v 8.707107 8.707107 0.000011
v 8.707107 8.667679 0.827674
v 8.707107 8.697244 0.414312
v 8.707107 8.549756 1.647842
v 8.707107 8.618479 1.239161
v 8.707107 8.354405 2.453086
v 8.707107 8.461664 2.052789
v 8.707107 8.083395 3.236115
v 8.707107 8.228219 2.847826
v 8.707107 7.739180 3.989837
v 8.707107 7.920258 3.617073
v 8.707107 7.324878 4.707427
v 8.707107 7.540570 4.353562
v 8.707107 6.844241 5.382385
v 8.707107 7.092593 5.050626
v 8.707107 6.301622 6.008600
v 8.707107 6.580385 5.701951
v 8.707107 6.008584 6.301638
v 8.707107 5.382368 6.844254
v 8.707107 5.701933 6.580399
v 8.707107 4.707407 7.324890
v 8.707107 5.050608 7.092607
v 8.707107 3.989817 7.739190
v 8.707107 4.353543 7.540582
v 8.707107 3.236095 8.083403
v 8.707107 3.617053 7.920268
v 8.707107 2.453064 8.354411
v 8.707107 2.847806 8.228227
v 8.707107 1.647820 8.549760
v 8.707107 2.052767 8.461670
v 8.707107 0.827652 8.667681
v 8.707107 1.239139 8.618483
v 8.707107 -0.000011 8.707107
v 8.707107 0.414290 8.697246
v 8.707107 -0.414312 8.697244
v 8.707107 -1.239161 8.618479
v 8.707107 -0.827674 8.667679
v 8.707107 -2.052789 8.461664
v 8.707107 -1.647842 8.549756
v 8.707107 -2.847826 8.228219
v 8.707107 -2.453086 8.354405
v 8.707107 -3.617073 7.920258
v 8.707107 -3.236115 8.083395
v 8.707107 -4.353562 7.540570
v 8.707107 -3.989837 7.739180
v 8.707107 -5.050626 7.092593
v 8.707107 -4.707427 7.324878
v 8.707107 -5.701951 6.580385
v 8.707107 -5.382385 6.844241
v 8.707107 -6.301638 6.008584
v 8.707107 -6.008600 6.301622
v 8.707107 -6.580399 5.701933
v 8.707107 -7.092607 5.050608
v 8.707107 -6.844254 5.382368
v 8.707107 -7.540582 4.353543
v 8.707107 -7.324890 4.707407
v 8.707107 -7.920268 3.617053
v 8.707107 -7.739190 3.989817
v 8.707107 -8.228227 2.847806
v 8.707107 -8.083403 3.236095
v 8.707107 -8.461670 2.052767
v 8.707107 -8.354411 2.453064
v 8.707107 -8.618483 1.239139
v 8.707107 -8.549760 1.647820
v 8.707107 -8.697246 0.414290
v 8.707107 -8.667681 0.827652
v 8.707107 -8.707107 -0.000011
v 8.588166 -8.773278 -0.789620
v 8.707107 -8.707107 -0.000011
v 8.809017 8.587785 0.000011
v 8.707107 8.707107 0.000011
v 8.707107 8.697244 0.414312
v 8.809017 8.551152 -0.792370
v 8.707107 8.697246 -0.414290
v 8.707107 8.707107 0.000011
v 8.809017 8.587785 0.000011
v 8.809017 8.551150 0.792392
v 8.707107 8.667679 0.827674
v 8.707107 8.618479 1.239161
v 8.809017 8.441560 1.578012
v 8.707107 8.549756 1.647842
v 8.707107 8.461664 2.052789
v 8.809017 8.259949 2.350169
v 8.707107 8.354405 2.453086
v 8.707107 8.228219 2.847826
v 8.809017 8.007867 3.102276
v 8.707107 8.083395 3.236115
v 8.707107 7.920258 3.617073
v 8.809017 7.687465 3.827915
v 8.707107 7.739180 3.989837
v 8.707107 7.540570 4.353562
v 8.809017 7.301476 4.520895
v 8.707107 7.324878 4.707427
v 8.707107 7.092593 5.050626
v 8.809017 6.853194 5.175305
v 8.707107 6.844241 5.382385
v 8.707107 6.580385 5.701951
v 8.809017 6.346442 5.785562
v 8.707107 6.301622 6.008600
v 8.707107 6.008584 6.301638
v 8.809017 5.785546 6.346457
v 8.707107 5.701933 6.580399
v 8.707107 5.382368 6.844254
v 8.809017 5.175288 6.853208
v 8.707107 5.050608 7.092607
v 8.707107 4.707407 7.324890
v 8.809017 4.520876 7.301488
v 8.707107 4.353543 7.540582
v 8.707107 3.989817 7.739190
v 8.809017 3.827895 7.687475
v 8.707107 3.617053 7.920268
v 8.707107 3.236095 8.083403
v 8.809017 3.102256 8.007874
v 8.707107 2.847806 8.228227
v 8.707107 2.453064 8.354411
v 8.809017 2.350148 8.259954
v 8.707107 2.052767 8.461670
v 8.707107 1.647820 8.549760
v 8.809017 1.577990 8.441564
v 8.707107 1.239139 8.618483
v 8.707107 0.827652 8.667681
v 8.809017 0.792370 8.551152
v 8.707107 0.414290 8.697246
v 8.707107 -0.000011 8.707107
v 8.809017 -0.000011 8.587785
v 8.707107 -0.414312 8.697244
v 8.809017 -0.792392 8.551150
v 8.707107 -0.827674 8.667679
v 8.707107 -1.239161 8.618479
v 8.809017 -1.578012 8.441560
v 8.707107 -1.647842 8.549756
v 8.707107 -2.052789 8.461664
v 8.809017 -2.350169 8.259949
v 8.707107 -2.453086 8.354405
v 8.707107 -2.847826 8.228219
v 8.809017 -3.102276 8.007867
v 8.707107 -3.236115 8.083395
v 8.707107 -3.617073 7.920258
v 8.809017 -3.827915 7.687465
v 8.707107 -3.989837 7.739180
v 8.707107 -4.353562 7.540570
v 8.809017 -4.520895 7.301476
v 8.707107 -4.707427 7.324878
v 8.707107 -5.050626 7.092593
v 8.809017 -5.175305 6.853194
v 8.707107 -5.382385 6.844241
v 8.707107 -5.701951 6.580385
v 8.809017 -5.785562 6.346442
v 8.707107 -6.008600 6.301622
v 8.707107 -6.301638 6.008584
v 8.809017 -6.346457 5.785546
v 8.707107 -6.580399 5.701933
v 8.707107 -6.844254 5.382368
v 8.809017 -6.853208 5.175288
v 8.707107 -7.092607 5.050608
v 8.707107 -7.324890 4.707407
v 8.809017 -7.301488 4.520876
v 8.707107 -7.540582 4.353543
v 8.707107 -7.739190 3.989817
v 8.809017 -7.687475 3.827895
v 8.707107 -7.920268 3.617053
v 8.707107 -8.083403 3.236095
v 8.809017 -8.007874 3.102256
v 8.707107 -8.228227 2.847806
v 8.707107 -8.354411 2.453064
v 8.809017 -8.259954 2.350148
v 8.707107 -8.461670 2.052767
v 8.707107 -8.549760 1.647820
v 8.809017 -8.441564 1.577990
v 8.707107 -8.618483 1.239139
v 8.707107 -8.667681 0.827652
v 8.809017 -8.551152 0.792370
v 8.707107 -8.697246 0.414290
v 8.707107 -8.707107 -0.000011
v 8.707107 -8.697244 -0.414312
v 8.809017 -8.587785 -0.000011
v 8.707107 -8.707107 -0.000011
v 8.707107 -8.697244 -0.414312
v 8.809017 -8.587785 -0.000011
v 8.309166 -8.807160 -1.598275
v 8.309166 -8.628436 -2.381309
v 8.309166 -8.380242 -3.145170
v 8.309166 -8.064575 -3.883707
v 8.309166 -7.683976 -4.590976
v 8.309166 -7.241511 -5.261279
v 8.309166 -6.740741 -5.889224
v 8.309166 -6.185699 -6.469751
v 8.309166 -5.580853 -6.998187
v 8.309166 -4.931074 -7.470278
v 8.309166 -4.241592 -7.882223
v 8.309166 -3.517960 -8.230704
v 8.309166 -2.766003 -8.512918
v 8.309166 -1.991776 -8.726591
v 8.309166 -1.201512 -8.870001
v 8.309166 -0.401574 -8.941996
v 8.309166 0.401596 -8.941994
v 8.309166 1.201534 -8.869997
v 8.309166 1.991798 -8.726585
v 8.309166 2.766025 -8.512910
v 8.309166 3.517981 -8.230695
v 8.309166 4.241612 -7.882213
v 8.309166 4.931093 -7.470266
v 8.309166 5.580871 -6.998173
v 8.309166 6.185715 -6.469735
v 8.309166 6.740757 -5.889206
v 8.309166 7.241525 -5.261261
v 8.309166 7.683988 -4.590956
v 8.309166 8.064585 -3.883687
v 8.309166 8.380250 -3.145148
v 8.309166 8.628442 -2.381287
v 8.309166 8.807164 -1.598253
v 8.454270 -8.747982 -1.587536
v 8.454270 -8.570460 -2.365308
v 8.454270 -8.323934 -3.124037
v 8.454270 -8.010387 -3.857611
v 8.454270 -7.632345 -4.560128
v 8.454270 -7.192853 -5.225928
v 8.454270 -6.695448 -5.849653
v 8.454270 -6.144136 -6.426279
v 8.454270 -5.543354 -6.951164
v 8.454270 -4.897941 -7.420083
v 8.454270 -4.213092 -7.829260
v 8.454270 -3.494322 -8.175401
v 8.454270 -2.747417 -8.455718
v 8.454270 -1.978392 -8.667953
v 8.454270 -1.193439 -8.810401
v 8.454270 -0.398876 -8.881912
v 8.454270 0.398898 -8.881910
v 8.454270 1.193461 -8.810397
v 8.454270 1.978414 -8.667948
v 8.454270 2.747439 -8.455710
v 8.454270 3.494343 -8.175391
v 8.454270 4.213112 -7.829250
v 8.454270 4.897960 -7.420071
v 8.454270 5.543372 -6.951150
v 8.454270 6.144152 -6.426263
v 8.454270 6.695464 -5.849636
v 8.454270 7.192867 -5.225910
v 8.454270 7.632357 -4.560109
v 8.454270 8.010397 -3.857591
v 8.454270 8.323941 -3.124015
v 8.454270 8.570466 -2.365286
v 8.454270 8.747986 -1.587514
v 8.588166 -8.667178 -1.572872
v 8.588166 -8.491295 -2.343460
v 8.588166 -8.247046 -3.095180
v 8.588166 -7.936395 -3.821979
v 8.588166 -7.561846 -4.518005
v 8.588166 -7.126413 -5.177656
v 8.588166 -6.633604 -5.795619
v 8.588166 -6.087383 -6.366920
v 8.588166 -5.492151 -6.886957
v 8.588166 -4.852698 -7.351545
v 8.588166 -4.174176 -7.756942
v 8.588166 -3.462045 -8.099886
v 8.588166 -2.722039 -8.377613
v 8.588166 -1.960118 -8.587889
v 8.588166 -1.182415 -8.729021
v 8.588166 -0.395192 -8.799870
v 8.588166 0.395214 -8.799869
v 8.588166 1.182437 -8.729017
v 8.588166 1.960140 -8.587883
v 8.588166 2.722061 -8.377605
v 8.588166 3.462065 -8.099876
v 8.588166 4.174196 -7.756932
v 8.588166 4.852717 -7.351533
v 8.588166 5.492168 -6.886943
v 8.588166 6.087399 -6.366904
v 8.588166 6.633619 -5.795602
v 8.588166 7.126427 -5.177638
v 8.588166 7.561858 -4.517986
v 8.588166 7.936405 -3.821959
v 8.588166 8.247053 -3.095159
v 8.588166 8.491301 -2.343438
v 8.588166 8.667182 -1.572850
v 8.707107 -8.667679 -0.827674
v 8.707107 -8.549756 -1.647842
v 8.707107 -8.618479 -1.239161
v 8.707107 -8.354405 -2.453086
v 8.707107 -8.461664 -2.052789
v 8.707107 -8.083395 -3.236115
v 8.707107 -8.228219 -2.847826
v 8.707107 -7.739180 -3.989837
v 8.707107 -7.920258 -3.617073
v 8.707107 -7.324878 -4.707427
v 8.707107 -7.540570 -4.353562
v 8.707107 -6.844241 -5.382385
v 8.707107 -7.092593 -5.050626
v 8.707107 -6.301622 -6.008600
v 8.707107 -6.580385 -5.701951
v 8.707107 -6.008584 -6.301638
v 8.707107 -5.382368 -6.844254
v 8.707107 -5.701933 -6.580399
v 8.707107 -4.707407 -7.324890
v 8.707107 -5.050608 -7.092607
v 8.707107 -3.989817 -7.739190
v 8.707107 -4.353543 -7.540582
v 8.707107 -3.236095 -8.083403
v 8.707107 -3.617053 -7.920268
v 8.707107 -2.453064 -8.354411
v 8.707107 -2.847806 -8.228227
v 8.707107 -1.647820 -8.549760
v 8.707107 -2.052767 -8.461670
v 8.707107 -0.827652 -8.667681
v 8.707107 -1.239139 -8.618483
v 8.707107 0.000011 -8.707107
v 8.707107 -0.414290 -8.697246
v 8.707107 0.414312 -8.697244
v 8.707107 1.239161 -8.618479
v 8.707107 0.827674 -8.667679
v 8.707107 2.052789 -8.461664
v 8.707107 1.647842 -8.549756
v 8.707107 2.847826 -8.228219
v 8.707107 2.453086 -8.354405
v 8.707107 3.617073 -7.920258
v 8.707107 3.236115 -8.083395
v 8.707107 4.353562 -7.540570
v 8.707107 3.989837 -7.739180
v 8.707107 5.050626 -7.092593
v 8.707107 4.707427 -7.324878
v 8.707107 5.701951 -6.580385
v 8.707107 5.382385 -6.844241
v 8.707107 6.301638 -6.008584
v 8.707107 6.008600 -6.301622
v 8.707107 6.580399 -5.701933
v 8.707107 7.092607 -5.050608
v 8.707107 6.844254 -5.382368
v 8.707107 7.540582 -4.353543
v 8.707107 7.324890 -4.707407
v 8.707107 7.920268 -3.617053
v 8.707107 7.739190 -3.989817
v 8.707107 8.228227 -2.847806
v 8.707107 8.083403 -3.236095
v 8.707107 8.461670 -2.052767
v 8.707107 8.354411 -2.453064
v 8.707107 8.618483 -1.239139
v 8.707107 8.549760 -1.647820
v 8.707107 8.667681 -0.827652
v 8.809017 -8.551150 -0.792392
v 8.707107 -8.667679 -0.827674
v 8.707107 -8.618479 -1.239161
v 8.809017 -8.441560 -1.578012
v 8.707107 -8.549756 -1.647842
v 8.707107 -8.461664 -2.052789
v 8.809017 -8.259949 -2.350169
v 8.707107 -8.354405 -2.453086
v 8.707107 -8.228219 -2.847826
v 8.809017 -8.007867 -3.102276
v 8.707107 -8.083395 -3.236115
v 8.707107 -7.920258 -3.617073
v 8.809017 -7.687465 -3.827915
v 8.707107 -7.739180 -3.989837
v 8.707107 -7.540570 -4.353562
v 8.809017 -7.301476 -4.520895
v 8.707107 -7.324878 -4.707427
v 8.707107 -7.092593 -5.050626
v 8.809017 -6.853194 -5.175305
v 8.707107 -6.844241 -5.382385
v 8.707107 -6.580385 -5.701951
v 8.809017 -6.346442 -5.785562
v 8.707107 -6.301622 -6.008600
v 8.707107 -6.008584 -6.301638
v 8.809017 -5.785546 -6.346457
v 8.707107 -5.701933 -6.580399
v 8.707107 -5.382368 -6.844254
v 8.809017 -5.175288 -6.853208
v 8.707107 -5.050608 -7.092607
v 8.707107 -4.707407 -7.324890
v 8.809017 -4.520876 -7.301488
v 8.707107 -4.353543 -7.540582
v 8.707107 -3.989817 -7.739190
v 8.809017 -3.827895 -7.687475
v 8.707107 -3.617053 -7.920268
v 8.707107 -3.236095 -8.083403
v 8.809017 -3.102256 -8.007874
v 8.707107 -2.847806 -8.228227
v 8.707107 -2.453064 -8.354411
v 8.809017 -2.350148 -8.259954
v 8.707107 -2.052767 -8.461670
v 8.707107 -1.647820 -8.549760
v 8.809017 -1.577990 -8.441564
v 8.707107 -1.239139 -8.618483
v 8.707107 -0.827652 -8.667681
v 8.809017 -0.792370 -8.551152
v 8.707107 -0.414290 -8.697246
v 8.707107 0.000011 -8.707107
v 8.809017 0.000011 -8.587785
v 8.707107 0.414312 -8.697244
v 8.809017 0.792392 -8.551150
v 8.707107 0.827674 -8.667679
v 8.707107 1.239161 -8.618479
v 8.809017 1.578012 -8.441560
v 8.707107 1.647842 -8.549756
v 8.707107 2.052789 -8.461664
v 8.809017 2.350169 -8.259949
v 8.707107 2.453086 -8.354405
v 8.707107 2.847826 -8.228219
v 8.809017 3.102276 -8.007867
v 8.707107 3.236115 -8.083395
v 8.707107 3.617073 -7.920258
v 8.809017 3.827915 -7.687465
v 8.707107 3.989837 -7.739180
v 8.707107 4.353562 -7.540570
v 8.809017 4.520895 -7.301476
v 8.707107 4.707427 -7.324878
v 8.707107 5.050626 -7.092593
v 8.809017 5.175305 -6.853194
v 8.707107 5.382385 -6.844241
v 8.707107 5.701951 -6.580385
v 8.809017 5.785562 -6.346442
v 8.707107 6.008600 -6.301622
v 8.707107 6.301638 -6.008584
v 8.809017 6.346457 -5.785546
v 8.707107 6.580399 -5.701933
v 8.707107 6.844254 -5.382368
v 8.809017 6.853208 -5.175288
v 8.707107 7.092607 -5.050608
v 8.707107 7.324890 -4.707407
v 8.809017 7.301488 -4.520876
v 8.707107 7.540582 -4.353543
v 8.707107 7.739190 -3.989817
v 8.809017 7.687475 -3.827895
v 8.707107 7.920268 -3.617053
v 8.707107 8.083403 -3.236095
v 8.809017 8.007874 -3.102256
v 8.707107 8.228227 -2.847806
v 8.707107 8.354411 -2.453064
v 8.809017 8.259954 -2.350148
v 8.707107 8.461670 -2.052767
v 8.707107 8.549760 -1.647820
v 8.809017 8.441564 -1.577990
v 8.707107 8.618483 -1.239139
v 8.707107 8.667681 -0.827652
v 9.000000 8.000000 0.000010
v 9.000000 -8.000000 -0.000010
v 9.000000 -7.990362 -0.392579
v 8.987762 -8.121176 -0.752548
v 9.000000 -7.990362 -0.392579
v 9.000000 -8.000000 -0.000010
v 9.000000 7.990362 0.392579
v 8.987762 -8.155969 -0.000010
v 9.000000 -7.990348 0.392834
v 8.987762 -8.155969 -0.000010
v 9.000000 -8.000000 -0.000010
v 9.000000 -7.990348 0.392834
v 9.000000 7.990348 -0.392834
v 9.000000 -7.961466 -0.784251
v 9.000000 -7.961466 -0.784251
v 9.000000 7.961431 -0.784604
v 9.000000 -7.913388 -1.173998
v 8.987762 -8.017097 -1.498665
v 9.000000 -7.913388 -1.173998
v 9.000000 7.913337 -1.174337
v 9.000000 -7.846284 -1.560722
v 9.000000 -7.846284 -1.560722
v 9.000000 7.846230 -1.560996
v 9.000000 -7.760236 -1.943886
v 8.987762 -7.844617 -2.231997
v 9.000000 -7.760236 -1.943886
v 9.000000 7.760182 -1.944101
v 9.000000 -7.655461 -2.322475
v 9.000000 -7.655461 -2.322475
v 9.000000 7.655405 -2.322659
v 9.000000 -7.532230 -2.695455
v 8.987762 -7.605211 -2.946286
v 9.000000 -7.532230 -2.695455
v 9.000000 7.532166 -2.695632
v 9.000000 -7.390888 -3.061826
v 9.000000 -7.390888 -3.061826
v 9.000000 7.390809 -3.062016
v 9.000000 -7.231815 -3.420650
v 8.987762 -7.300919 -3.635437
v 9.000000 -7.231815 -3.420650
v 9.000000 7.231715 -3.420860
v 9.000000 -7.055295 -3.771311
v 9.000000 -7.055295 -3.771311
v 9.000000 7.055177 -3.771532
v 9.000000 -6.861678 -4.113072
v 8.987762 -6.934339 -4.293573
v 9.000000 -6.861678 -4.113072
v 9.000000 6.861547 -4.113291
v 9.000000 -6.651528 -4.444905
v 9.000000 -6.651528 -4.444905
v 9.000000 6.651386 -4.445117
v 9.000000 -6.425382 -4.765969
v 8.987762 -6.508598 -4.915077
v 9.000000 -6.425382 -4.765969
v 9.000000 6.425222 -4.766185
v 9.000000 -6.183910 -5.075359
v 9.000000 -6.183910 -5.075359
v 9.000000 6.183728 -5.075581
v 9.000000 -5.927420 -5.372680
v 8.987762 -6.027327 -5.494648
v 9.000000 -5.927420 -5.372680
v 9.000000 5.927231 -5.372889
v 9.000000 -5.656578 -5.657129
v 9.000000 -5.656578 -5.657129
v 9.000000 5.656392 -5.657315
v 9.000000 -5.372075 -5.927965
v 8.987762 -5.494633 -6.027341
v 9.000000 -5.372075 -5.927965
v 9.000000 5.371871 -5.928149
v 9.000000 -5.074770 -6.184391
v 8.987762 -4.915061 -6.508610
v 9.000000 -5.074770 -6.184391
v 9.000000 5.074496 -6.184616
v 9.000000 -4.765292 -6.425883
v 9.000000 -4.765292 -6.425883
v 9.000000 4.764945 -6.426140
v 9.000000 -4.444252 -6.651961
v 8.987762 -4.293555 -6.934350
v 9.000000 -4.444252 -6.651961
v 9.000000 4.443902 -6.652196
v 9.000000 -4.112456 -6.862046
v 9.000000 -4.112456 -6.862046
v 9.000000 4.112157 -6.862225
v 9.000000 -3.770790 -7.055575
v 8.987762 -3.635419 -7.300929
v 9.000000 -3.770790 -7.055575
v 9.000000 3.770526 -7.055715
v 9.000000 -3.420094 -7.232078
v 9.000000 -3.420094 -7.232078
v 9.000000 3.419815 -7.232210
v 9.000000 -3.061195 -7.391149
v 8.987762 -2.946266 -7.605219
v 9.000000 -3.061195 -7.391149
v 9.000000 3.060876 -7.391281
v 9.000000 -2.694944 -7.532414
v 9.000000 -2.694944 -7.532414
v 9.000000 2.694593 -7.532541
v 9.000000 -2.322200 -7.655546
v 8.987762 -2.231977 -7.844623
v 9.000000 -2.322200 -7.655546
v 9.000000 2.321899 -7.655637
v 9.000000 -1.943867 -7.760243
v 9.000000 -1.943867 -7.760243
v 9.000000 1.943739 -7.760276
v 9.000000 -1.560833 -7.846261
v 8.987762 -1.498645 -8.017100
v 9.000000 -1.560833 -7.846261
v 9.000000 1.174180 -7.913361
v 9.000000 -1.173756 -7.913424
v 9.000000 -1.173756 -7.913424
v 9.000000 1.560963 -7.846235
v 9.000000 0.784539 -7.961437
v 9.000000 -0.783837 -7.961506
v 8.987762 -0.752528 -8.121178
v 9.000000 -0.783837 -7.961506
v 9.000000 0.393013 -7.990340
v 9.000000 -0.392105 -7.990384
v 9.000000 -0.392105 -7.990384
v 9.000000 0.000493 -7.999998
v 8.987762 0.000010 -8.155969
v 9.000000 0.000493 -7.999998
v 8.987762 0.752548 -8.121176
v 9.000000 0.393013 -7.990340
v 9.000000 0.784539 -7.961437
v 8.987762 1.498665 -8.017097
v 9.000000 1.174180 -7.913361
v 9.000000 1.560963 -7.846235
v 8.987762 2.231997 -7.844617
v 9.000000 1.943739 -7.760276
v 9.000000 2.321899 -7.655637
v 8.987762 2.946286 -7.605211
v 9.000000 2.694593 -7.532541
v 9.000000 3.060876 -7.391281
v 8.987762 3.635437 -7.300919
v 9.000000 3.419815 -7.232210
v 9.000000 3.770526 -7.055715
v 8.987762 4.293573 -6.934339
v 9.000000 4.112157 -6.862225
v 9.000000 4.443902 -6.652196
v 8.987762 4.915077 -6.508598
v 9.000000 4.764945 -6.426140
v 9.000000 5.074496 -6.184616
v 8.987762 5.494648 -6.027327
v 9.000000 5.371871 -5.928149
v 9.000000 5.656392 -5.657315
v 8.987762 6.027341 -5.494633
v 9.000000 5.927231 -5.372889
v 8.987762 6.508610 -4.915061
v 9.000000 6.183728 -5.075581
v 9.000000 6.425222 -4.766185
v 8.987762 6.934350 -4.293555
v 9.000000 6.651386 -4.445117
v 9.000000 6.861547 -4.113291
v 8.987762 7.300929 -3.635419
v 9.000000 7.055177 -3.771532
v 9.000000 7.231715 -3.420860
v 8.987762 7.605219 -2.946266
v 9.000000 7.390809 -3.062016
v 9.000000 7.532166 -2.695632
v 8.987762 7.844623 -2.231977
v 9.000000 7.655405 -2.322659
v 9.000000 7.760182 -1.944101
v 8.987762 8.017100 -1.498645
v 9.000000 7.846230 -1.560996
v 9.000000 7.913337 -1.174337
v 8.987762 8.121178 -0.752528
v 9.000000 7.961431 -0.784604
v 9.000000 7.990348 -0.392834
v 8.987762 8.155969 0.000010
v 9.000000 8.000000 0.000010
v 8.987762 8.121176 0.752548
v 9.000000 8.000000 0.000010
v 8.987762 8.155969 0.000010
v 9.000000 7.990362 0.392579
v 8.951154 8.308718 0.000011
v 8.951154 8.273274 0.766643
v 8.951154 8.308718 0.000011
v 8.951154 8.273276 -0.766621
v 8.951154 8.167248 -1.526713
v 8.951154 7.991541 -2.273779
v 8.951154 7.747653 -3.001445
v 8.951154 7.437665 -3.703505
v 8.951154 7.064221 -4.373967
v 8.951154 6.630506 -5.007113
v 8.951154 6.140224 -5.597539
v 8.951154 5.597555 -6.140210
v 8.951154 5.007130 -6.630494
v 8.951154 4.373985 -7.064209
v 8.951154 3.703524 -7.437655
v 8.951154 3.001465 -7.747645
v 8.951154 2.273799 -7.991535
v 8.951154 1.526734 -8.167244
v 8.951154 0.766643 -8.273274
v 8.951154 0.000011 -8.308718
v 8.951154 -0.766621 -8.273276
v 8.951154 -1.526713 -8.167248
v 8.951154 -2.273779 -7.991541
v 8.951154 -3.001445 -7.747653
v 8.951154 -3.703505 -7.437665
v 8.951154 -4.373967 -7.064221
v 8.951154 -5.007113 -6.630506
v 8.951154 -5.597539 -6.140224
v 8.951154 -6.140210 -5.597555
v 8.951154 -6.630494 -5.007130
v 8.951154 -7.064209 -4.373985
v 8.951154 -7.437655 -3.703524
v 8.951154 -7.747645 -3.001465
v 8.951154 -7.991535 -2.273799
v 8.951154 -8.167244 -1.526734
v 8.951154 -8.273274 -0.766643
v 8.951154 -8.308718 -0.000011
v 8.987762 -8.121178 0.752528
v 8.951154 -8.308718 -0.000011
v 8.891078 -8.453851 -0.000011
v 8.891078 -8.417789 0.780012
v 8.891078 -8.453851 -0.000011
v 8.891078 -8.417787 -0.780034
v 8.891078 -8.309906 -1.553402
v 8.891078 -8.131127 -2.313516
v 8.891078 -7.882977 -3.053893
v 8.891078 -7.567572 -3.768215
v 8.891078 -7.187603 -4.450388
v 8.891078 -6.746311 -5.094592
v 8.891078 -6.247464 -5.695330
v 8.891078 -5.695314 -6.247478
v 8.891078 -5.094574 -6.746325
v 8.891078 -4.450370 -7.187615
v 8.891078 -3.768195 -7.567582
v 8.891078 -3.053873 -7.882985
v 8.891078 -2.313495 -8.131133
v 8.891078 -1.553380 -8.309910
v 8.891078 -0.780012 -8.417789
v 8.891078 0.000011 -8.453851
v 8.891078 0.780034 -8.417787
v 8.891078 1.553402 -8.309906
v 8.891078 2.313516 -8.131127
v 8.891078 3.053893 -7.882977
v 8.891078 3.768215 -7.567572
v 8.891078 4.450388 -7.187603
v 8.891078 5.094592 -6.746311
v 8.891078 5.695330 -6.247464
v 8.891078 6.247478 -5.695314
v 8.891078 6.746325 -5.094574
v 8.891078 7.187615 -4.450370
v 8.891078 7.567582 -3.768195
v 8.891078 7.882985 -3.053873
v 8.891078 8.131133 -2.313495
v 8.891078 8.309910 -1.553380
v 8.891078 8.417789 -0.780012
v 8.891078 8.453851 0.000011
v 8.891078 8.453851 0.000011
v 8.891078 8.417787 0.780034
v 8.951154 -8.273276 0.766621
v 9.000000 7.961466 0.784251
v 9.000000 -7.961431 0.784604
v 9.000000 -7.961431 0.784604
v 9.000000 7.913388 1.173998
v 9.000000 -7.913337 1.174337
v 9.000000 -7.913337 1.174337
v 9.000000 7.846284 1.560722
v 9.000000 -7.846230 1.560996
v 8.987762 -8.017100 1.498645
v 9.000000 -7.846230 1.560996
v 9.000000 7.760236 1.943886
v 9.000000 -7.760182 1.944101
v 9.000000 -7.760182 1.944101
v 9.000000 7.655461 2.322475
v 9.000000 -7.655405 2.322659
v 8.987762 -7.844623 2.231977
v 9.000000 -7.655405 2.322659
v 9.000000 7.532230 2.695455
v 9.000000 -7.532166 2.695632
v 9.000000 -7.532166 2.695632
v 9.000000 7.390888 3.061826
v 9.000000 -7.390809 3.062016
v 8.987762 -7.605219 2.946266
v 9.000000 -7.390809 3.062016
v 9.000000 7.231815 3.420650
v 9.000000 -7.231715 3.420860
v 9.000000 -7.231715 3.420860
v 9.000000 7.055295 3.771311
v 9.000000 -7.055177 3.771532
v 8.987762 -7.300929 3.635419
v 9.000000 -7.055177 3.771532
v 9.000000 6.861678 4.113072
v 9.000000 -6.861547 4.113291
v 9.000000 -6.861547 4.113291
v 9.000000 6.651528 4.444905
v 9.000000 -6.651386 4.445117
v 8.987762 -6.934350 4.293555
v 9.000000 -6.651386 4.445117
v 9.000000 6.425382 4.765969
v 9.000000 -6.425222 4.766185
v 9.000000 -6.425222 4.766185
v 9.000000 6.183910 5.075359
v 9.000000 -6.183728 5.075581
v 8.987762 -6.508610 4.915061
v 9.000000 -6.183728 5.075581
v 9.000000 5.927420 5.372680
v 9.000000 -5.927231 5.372889
v 9.000000 -5.927231 5.372889
v 9.000000 5.656578 5.657129
v 9.000000 -5.656392 5.657315
v 8.987762 -6.027341 5.494633
v 9.000000 -5.656392 5.657315
v 9.000000 5.372075 5.927965
v 9.000000 -5.371871 5.928149
v 8.987762 -5.494648 6.027327
v 9.000000 -5.371871 5.928149
v 9.000000 5.074770 6.184391
v 9.000000 -5.074496 6.184616
v 9.000000 -5.074496 6.184616
v 9.000000 4.765292 6.425883
v 9.000000 -4.764945 6.426140
v 8.987762 -4.915077 6.508598
v 9.000000 -4.764945 6.426140
v 9.000000 4.444252 6.651961
v 9.000000 -4.443902 6.652196
v 9.000000 -4.443902 6.652196
v 9.000000 4.112456 6.862046
v 9.000000 -4.112157 6.862225
v 8.987762 -4.293573 6.934339
v 9.000000 -4.112157 6.862225
v 9.000000 3.770790 7.055575
v 9.000000 -3.770526 7.055715
v 9.000000 -3.770526 7.055715
v 9.000000 3.420094 7.232078
v 9.000000 -3.419815 7.232210
v 8.987762 -3.635437 7.300919
v 9.000000 -3.419815 7.232210
v 9.000000 3.061195 7.391149
v 9.000000 -3.060876 7.391281
v 9.000000 -3.060876 7.391281
v 9.000000 2.694944 7.532414
v 9.000000 -2.694593 7.532541
v 8.987762 -2.946286 7.605211
v 9.000000 -2.694593 7.532541
v 9.000000 2.322200 7.655546
v 9.000000 -2.321899 7.655637
v 9.000000 -2.321899 7.655637
v 9.000000 1.943867 7.760243
v 9.000000 -1.943739 7.760276
v 8.987762 -2.231997 7.844617
v 9.000000 -1.943739 7.760276
v 9.000000 1.560833 7.846261
v 9.000000 -1.560963 7.846235
v 9.000000 -1.560963 7.846235
v 9.000000 -1.174180 7.913361
v 8.987762 -1.498665 8.017097
v 9.000000 -1.174180 7.913361
v 9.000000 1.173756 7.913424
v 9.000000 -0.784539 7.961437
v 9.000000 -0.784539 7.961437
v 9.000000 0.783837 7.961506
v 9.000000 -0.393013 7.990340
v 8.987762 -0.752548 8.121176
v 9.000000 -0.393013 7.990340
v 9.000000 0.392105 7.990384
v 9.000000 -0.000493 7.999998
v 9.000000 -0.000493 7.999998
v 8.987762 -0.000010 8.155969
v 9.000000 0.392105 7.990384
v 8.987762 0.752528 8.121178
v 9.000000 0.783837 7.961506
v 9.000000 1.173756 7.913424
v 8.987762 1.498645 8.017100
v 9.000000 1.560833 7.846261
v 9.000000 1.943867 7.760243
v 8.987762 2.231977 7.844623
v 9.000000 2.322200 7.655546
v 9.000000 2.694944 7.532414
v 8.987762 2.946266 7.605219
v 9.000000 3.061195 7.391149
v 9.000000 3.420094 7.232078
v 8.987762 3.635419 7.300929
v 9.000000 3.770790 7.055575
v 9.000000 4.112456 6.862046
v 8.987762 4.293555 6.934350
v 9.000000 4.444252 6.651961
v 9.000000 4.765292 6.425883
v 8.987762 4.915061 6.508610
v 9.000000 5.074770 6.184391
v 9.000000 5.372075 5.927965
v 8.987762 5.494633 6.027341
v 9.000000 5.656578 5.657129
v 8.987762 6.027327 5.494648
v 9.000000 5.927420 5.372680
v 9.000000 6.183910 5.075359
v 8.987762 6.508598 4.915077
v 9.000000 6.425382 4.765969
v 9.000000 6.651528 4.444905
v 8.987762 6.934339 4.293573
v 9.000000 6.861678 4.113072
v 9.000000 7.055295 3.771311
v 8.987762 7.300919 3.635437
v 9.000000 7.231815 3.420650
v 9.000000 7.390888 3.061826
v 8.987762 7.605211 2.946286
v 9.000000 7.532230 2.695455
v 9.000000 7.655461 2.322475
v 8.987762 7.844617 2.231997
v 9.000000 7.760236 1.943886
v 9.000000 7.846284 1.560722
v 8.987762 8.017097 1.498665
v 9.000000 7.913388 1.173998
v 9.000000 7.961466 0.784251
v 8.951154 -8.167248 1.526713
v 8.951154 -7.991541 2.273779
v 8.951154 -7.747653 3.001445
v 8.951154 -7.437665 3.703505
v 8.951154 -7.064221 4.373967
v 8.951154 -6.630506 5.007113
v 8.951154 -6.140224 5.597539
v 8.951154 -5.597555 6.140210
v 8.951154 -5.007130 6.630494
v 8.951154 -4.373985 7.064209
v 8.951154 -3.703524 7.437655
v 8.951154 -3.001465 7.747645
v 8.951154 -2.273799 7.991535
v 8.951154 -1.526734 8.167244
v 8.951154 -0.766643 8.273274
v 8.951154 -0.000011 8.308718
v 8.951154 0.766621 8.273276
v 8.951154 1.526713 8.167248
v 8.951154 2.273779 7.991541
v 8.951154 3.001445 7.747653
v 8.951154 3.703505 7.437665
v 8.951154 4.373967 7.064221
v 8.951154 5.007113 6.630506
v 8.951154 5.597539 6.140224
v 8.951154 6.140210 5.597555
v 8.951154 6.630494 5.007130
v 8.951154 7.064209 4.373985
v 8.951154 7.437655 3.703524
v 8.951154 7.747645 3.001465
v 8.951154 7.991535 2.273799
v 8.951154 8.167244 1.526734
v 8.891078 8.309906 1.553402
v 8.891078 8.131127 2.313516
v 8.891078 7.882977 3.053893
v 8.891078 7.567572 3.768215
v 8.891078 7.187603 4.450388
v 8.891078 6.746311 5.094592
v 8.891078 6.247464 5.695330
v 8.891078 5.695314 6.247478
v 8.891078 5.094574 6.746325
v 8.891078 4.450370 7.187615
v 8.891078 3.768195 7.567582
v 8.891078 3.053873 7.882985
v 8.891078 2.313495 8.131133
v 8.891078 1.553380 8.309910
v 8.891078 0.780012 8.417789
v 8.891078 -0.000011 8.453851
v 8.891078 -0.780034 8.417787
v 8.891078 -1.553402 8.309906
v 8.891078 -2.313516 8.131127
v 8.891078 -3.053893 7.882977
v 8.891078 -3.768215 7.567572
v 8.891078 -4.450388 7.187603
v 8.891078 -5.094592 6.746311
v 8.891078 -5.695330 6.247464
v 8.891078 -6.247478 5.695314
v 8.891078 -6.746325 5.094574
v 8.891078 -7.187615 4.450370
v 8.891078 -7.567582 3.768195
v 8.891078 -7.882985 3.053873
v 8.891078 -8.131133 2.313495
v 8.891078 -8.309910 1.553380
v -9.000000 8.000000 0.000010
v -9.000000 -8.000000 -0.000010
v -9.000000 -7.990363 0.392559
v -8.987688 -8.121642 0.752571
v -9.000000 -7.990363 0.392559
v -9.000000 -8.000000 -0.000010
v -9.000000 7.990363 -0.392559
v -8.987688 -8.156434 -0.000010
v -9.000000 -7.990347 -0.392854
v -8.987688 -8.156434 -0.000010
v -9.000000 -8.000000 -0.000010
v -9.000000 -7.990347 -0.392854
v -9.000000 7.990347 0.392854
v -9.000000 -7.961468 0.784231
v -9.000000 -7.961468 0.784231
v -9.000000 7.961429 0.784624
v -9.000000 -7.913391 1.173978
v -8.987688 -8.017558 1.498731
v -9.000000 -7.913391 1.173978
v -9.000000 7.913334 1.174357
v -9.000000 -7.846288 1.560702
v -9.000000 -7.846288 1.560702
v -9.000000 7.846226 1.561016
v -9.000000 -7.760241 1.943866
v -8.987688 -7.845071 2.232104
v -9.000000 -7.760241 1.943866
v -9.000000 7.760178 1.944121
v -9.000000 -7.655467 2.322455
v -9.000000 -7.655467 2.322455
v -9.000000 7.655399 2.322679
v -9.000000 -7.532237 2.695436
v -8.987688 -7.605653 2.946434
v -9.000000 -7.532237 2.695436
v -9.000000 7.532159 2.695652
v -9.000000 -7.390896 3.061807
v -9.000000 -7.390896 3.061807
v -9.000000 7.390801 3.062036
v -9.000000 -7.231823 3.420632
v -8.987688 -7.301346 3.635627
v -9.000000 -7.231823 3.420632
v -9.000000 7.231707 3.420878
v -9.000000 -7.055305 3.771293
v -9.000000 -7.055305 3.771293
v -9.000000 7.055167 3.771550
v -9.000000 -6.861688 4.113055
v -8.987688 -6.934746 4.293800
v -9.000000 -6.861688 4.113055
v -9.000000 6.861537 4.113308
v -9.000000 -6.651540 4.444888
v -9.000000 -6.651540 4.444888
v -9.000000 6.651374 4.445135
v -9.000000 -6.425394 4.765953
v -8.987688 -6.508981 4.915342
v -9.000000 -6.425394 4.765953
v -9.000000 6.425210 4.766201
v -9.000000 -6.183924 5.075343
v -9.000000 -6.183924 5.075343
v -9.000000 6.183714 5.075597
v -9.000000 -5.927433 5.372664
v -8.987688 -6.027685 5.494946
v -9.000000 -5.927433 5.372664
v -9.000000 5.927217 5.372904
v -9.000000 -5.656592 5.657115
v -9.000000 -5.656592 5.657115
v -9.000000 5.656378 5.657329
v -9.000000 -5.372090 5.927951
v -8.987688 -5.494962 6.027671
v -9.000000 -5.372090 5.927951
v -9.000000 5.371856 5.928163
v -9.000000 -5.074786 6.184378
v -8.987688 -4.915358 6.508969
v -9.000000 -5.074786 6.184378
v -9.000000 5.074480 6.184629
v -9.000000 -4.765308 6.425871
v -9.000000 -4.765308 6.425871
v -9.000000 4.764929 6.426152
v -9.000000 -4.444270 6.651949
v -8.987688 -4.293818 6.934734
v -9.000000 -4.444270 6.651949
v -9.000000 4.443884 6.652208
v -9.000000 -4.112473 6.862036
v -9.000000 -4.112473 6.862036
v -9.000000 4.112140 6.862235
v -9.000000 -3.770808 7.055565
v -8.987688 -3.635645 7.301336
v -9.000000 -3.770808 7.055565
v -9.000000 3.770508 7.055725
v -9.000000 -3.420112 7.232069
v -9.000000 -3.420112 7.232069
v -9.000000 3.419797 7.232218
v -9.000000 -3.061214 7.391141
v -8.987688 -2.946454 7.605645
v -9.000000 -3.061214 7.391141
v -9.000000 3.060857 7.391289
v -9.000000 -2.694963 7.532408
v -9.000000 -2.694963 7.532408
v -9.000000 2.694574 7.532547
v -9.000000 -2.322220 7.655540
v -8.987688 -2.232124 7.845065
v -9.000000 -2.322220 7.655540
v -9.000000 2.321879 7.655643
v -9.000000 -1.943887 7.760239
v -9.000000 -1.943887 7.760239
v -9.000000 1.943719 7.760281
v -9.000000 -1.560853 7.846257
v -8.987688 -1.498751 8.017554
v -9.000000 -1.560853 7.846257
v -9.000000 1.174160 7.913363
v -9.000000 -1.173776 7.913421
v -9.000000 -1.173776 7.913421
v -9.000000 1.560943 7.846239
v -9.000000 0.784519 7.961439
v -9.000000 -0.783857 7.961504
v -8.987688 -0.752591 8.121640
v -9.000000 -0.783857 7.961504
v -9.000000 0.392993 7.990341
v -9.000000 -0.392125 7.990383
v -9.000000 -0.392125 7.990383
v -9.000000 0.000473 7.999998
v -8.987688 -0.000010 8.156434
v -9.000000 0.000473 7.999998
v -8.987688 0.752571 8.121642
v -9.000000 0.392993 7.990341
v -9.000000 0.784519 7.961439
v -8.987688 1.498731 8.017558
v -9.000000 1.174160 7.913363
v -9.000000 1.560943 7.846239
v -8.987688 2.232104 7.845071
v -9.000000 1.943719 7.760281
v -9.000000 2.321879 7.655643
v -8.987688 2.946434 7.605653
v -9.000000 2.694574 7.532547
v -9.000000 3.060857 7.391289
v -8.987688 3.635627 7.301346
v -9.000000 3.419797 7.232218
v -9.000000 3.770508 7.055725
v -8.987688 4.293800 6.934746
v -9.000000 4.112140 6.862235
v -9.000000 4.443884 6.652208
v -8.987688 4.915342 6.508981
v -9.000000 4.764929 6.426152
v -9.000000 5.074480 6.184629
v -8.987688 5.494946 6.027685
v -9.000000 5.371856 5.928163
v -9.000000 5.656378 5.657329
v -8.987688 6.027671 5.494962
v -9.000000 5.927217 5.372904
v -8.987688 6.508969 4.915358
v -9.000000 6.183714 5.075597
v -9.000000 6.425210 4.766201
v -8.987688 6.934734 4.293818
v -9.000000 6.651374 4.445135
v -9.000000 6.861537 4.113308
v -8.987688 7.301336 3.635645
v -9.000000 7.055167 3.771550
v -9.000000 7.231707 3.420878
v -8.987688 7.605645 2.946454
v -9.000000 7.390801 3.062036
v -9.000000 7.532159 2.695652
v -8.987688 7.845065 2.232124
v -9.000000 7.655399 2.322679
v -9.000000 7.760178 1.944121
v -8.987688 8.017554 1.498751
v -9.000000 7.846226 1.561016
v -9.000000 7.913334 1.174357
v -8.987688 8.121640 0.752591
v -9.000000 7.961429 0.784624
v -9.000000 7.990347 0.392854
v -8.987688 8.156434 0.000010
v -9.000000 8.000000 0.000010
v -8.987688 8.121642 -0.752571
v -9.000000 8.000000 0.000010
v -8.987688 8.156434 0.000010
v -9.000000 7.990363 -0.392559
v -8.951008 8.309166 0.000011
v -8.951008 8.273722 -0.766662
v -8.951008 8.309166 0.000011
v -8.951008 8.273720 0.766684
v -8.951008 8.167686 1.526816
v -8.951008 7.991966 2.273921
v -8.951008 7.748063 3.001627
v -8.951008 7.438056 3.703723
v -8.951008 7.064590 4.374221
v -8.951008 6.630852 5.007400
v -8.951008 6.140541 5.597857
v -8.951008 5.597841 6.140555
v -8.951008 5.007382 6.630864
v -8.951008 4.374203 7.064602
v -8.951008 3.703704 7.438066
v -8.951008 3.001607 7.748071
v -8.951008 2.273901 7.991972
v -8.951008 1.526795 8.167689
v -8.951008 0.766662 8.273722
v -8.951008 -0.000011 8.309166
v -8.951008 -0.766684 8.273720
v -8.951008 -1.526816 8.167686
v -8.951008 -2.273921 7.991966
v -8.951008 -3.001627 7.748063
v -8.951008 -3.703723 7.438056
v -8.951008 -4.374221 7.064590
v -8.951008 -5.007400 6.630852
v -8.951008 -5.597857 6.140541
v -8.951008 -6.140555 5.597841
v -8.951008 -6.630864 5.007382
v -8.951008 -7.064602 4.374203
v -8.951008 -7.438066 3.703704
v -8.951008 -7.748071 3.001607
v -8.951008 -7.991972 2.273901
v -8.951008 -8.167689 1.526795
v -8.951008 -8.273722 0.766662
v -8.951008 -8.309166 -0.000011
v -8.987688 -8.121640 -0.752591
v -8.951008 -8.309166 -0.000011
v -8.890864 8.454270 0.000011
v -8.890864 8.418207 -0.780051
v -8.890864 8.454270 0.000011
v -8.890864 8.418205 0.780073
v -8.890864 8.310318 1.553479
v -8.890864 8.131531 2.313632
v -8.890864 7.883368 3.054045
v -8.890864 7.567948 3.768403
v -8.890864 7.187960 4.450609
v -8.890864 6.746646 5.094845
v -8.890864 6.247774 5.695613
v -8.890864 5.695597 6.247788
v -8.890864 5.094828 6.746660
v -8.890864 4.450591 7.187972
v -8.890864 3.768383 7.567958
v -8.890864 3.054025 7.883376
v -8.890864 2.313611 8.131536
v -8.890864 1.553457 8.310322
v -8.890864 0.780051 8.418207
v -8.890864 -0.000011 8.454270
v -8.890864 -0.780073 8.418205
v -8.890864 -1.553479 8.310318
v -8.890864 -2.313632 8.131531
v -8.890864 -3.054045 7.883368
v -8.890864 -3.768403 7.567948
v -8.890864 -4.450609 7.187960
v -8.890864 -5.094845 6.746646
v -8.890864 -5.695613 6.247774
v -8.890864 -6.247788 5.695597
v -8.890864 -6.746660 5.094828
v -8.890864 -7.187972 4.450591
v -8.890864 -7.567958 3.768383
v -8.890864 -7.883376 3.054025
v -8.890864 -8.131536 2.313611
v -8.890864 -8.310322 1.553457
v -8.890864 -8.418207 0.780051
v -8.890864 -8.454270 -0.000011
v -8.951008 -8.273720 -0.766684
v -8.890864 -8.454270 -0.000011
v -8.890864 -8.418205 -0.780073
v -9.000000 7.961468 -0.784231
v -9.000000 -7.961429 -0.784624
v -9.000000 -7.961429 -0.784624
v -9.000000 7.913391 -1.173978
v -9.000000 -7.913334 -1.174357
v -9.000000 -7.913334 -1.174357
v -9.000000 7.846288 -1.560702
v -9.000000 -7.846226 -1.561016
v -8.987688 -8.017554 -1.498751
v -9.000000 -7.846226 -1.561016
v -9.000000 7.760241 -1.943866
v -9.000000 -7.760178 -1.944121
v -9.000000 -7.760178 -1.944121
v -9.000000 7.655467 -2.322455
v -9.000000 -7.655399 -2.322679
v -8.987688 -7.845065 -2.232124
v -9.000000 -7.655399 -2.322679
v -9.000000 7.532237 -2.695436
v -9.000000 -7.532159 -2.695652
v -9.000000 -7.532159 -2.695652
v -9.000000 7.390896 -3.061807
v -9.000000 -7.390801 -3.062036
v -8.987688 -7.605645 -2.946454
v -9.000000 -7.390801 -3.062036
v -9.000000 7.231823 -3.420632
v -9.000000 -7.231707 -3.420878
v -9.000000 -7.231707 -3.420878
v -9.000000 7.055305 -3.771293
v -9.000000 -7.055167 -3.771550
v -8.987688 -7.301336 -3.635645
v -9.000000 -7.055167 -3.771550
v -9.000000 6.861688 -4.113055
v -9.000000 -6.861537 -4.113308
v -9.000000 -6.861537 -4.113308
v -9.000000 6.651540 -4.444888
v -9.000000 -6.651374 -4.445135
v -8.987688 -6.934734 -4.293818
v -9.000000 -6.651374 -4.445135
v -9.000000 6.425394 -4.765953
v -9.000000 -6.425210 -4.766201
v -9.000000 -6.425210 -4.766201
v -9.000000 6.183924 -5.075343
v -9.000000 -6.183714 -5.075597
v -8.987688 -6.508969 -4.915358
v -9.000000 -6.183714 -5.075597
v -9.000000 5.927433 -5.372664
v -9.000000 -5.927217 -5.372904
v -9.000000 -5.927217 -5.372904
v -9.000000 5.656592 -5.657115
v -9.000000 -5.656378 -5.657329
v -8.987688 -6.027671 -5.494962
v -9.000000 -5.656378 -5.657329
v -9.000000 5.372090 -5.927951
v -9.000000 -5.371856 -5.928163
v -8.987688 -5.494946 -6.027685
v -9.000000 -5.371856 -5.928163
v -9.000000 5.074786 -6.184378
v -9.000000 -5.074480 -6.184629
v -9.000000 -5.074480 -6.184629
v -9.000000 4.765308 -6.425871
v -9.000000 -4.764929 -6.426152
v -8.987688 -4.915342 -6.508981
v -9.000000 -4.764929 -6.426152
v -9.000000 4.444270 -6.651949
v -9.000000 -4.443884 -6.652208
v -9.000000 -4.443884 -6.652208
v -9.000000 4.112473 -6.862036
v -9.000000 -4.112140 -6.862235
v -8.987688 -4.293800 -6.934746
v -9.000000 -4.112140 -6.862235
v -9.000000 3.770808 -7.055565
v -9.000000 -3.770508 -7.055725
v -9.000000 -3.770508 -7.055725
v -9.000000 3.420112 -7.232069
v -9.000000 -3.419797 -7.232218
v -8.987688 -3.635627 -7.301346
v -9.000000 -3.419797 -7.232218
v -9.000000 3.061214 -7.391141
v -9.000000 -3.060857 -7.391289
v -9.000000 -3.060857 -7.391289
v -9.000000 2.694963 -7.532408
v -9.000000 -2.694574 -7.532547
v -8.987688 -2.946434 -7.605653
v -9.000000 -2.694574 -7.532547
v -9.000000 2.322220 -7.655540
v -9.000000 -2.321879 -7.655643
v -9.000000 -2.321879 -7.655643
v -9.000000 1.943887 -7.760239
v -9.000000 -1.943719 -7.760281
v -8.987688 -2.232104 -7.845071
v -9.000000 -1.943719 -7.760281
v -9.000000 1.560853 -7.846257
v -9.000000 -1.560943 -7.846239
v -9.000000 -1.560943 -7.846239
v -9.000000 -1.174160 -7.913363
v -8.987688 -1.498731 -8.017558
v -9.000000 -1.174160 -7.913363
v -9.000000 1.173776 -7.913421
v -9.000000 -0.784519 -7.961439
v -9.000000 -0.784519 -7.961439
v -9.000000 0.783857 -7.961504
v -9.000000 -0.392993 -7.990341
v -8.987688 -0.752571 -8.121642
v -9.000000 -0.392993 -7.990341
v -9.000000 0.392125 -7.990383
v -9.000000 -0.000473 -7.999998
v -9.000000 -0.000473 -7.999998
v -8.987688 0.000010 -8.156434
v -9.000000 0.392125 -7.990383
v -8.987688 0.752591 -8.121640
v -9.000000 0.783857 -7.961504
v -9.000000 1.173776 -7.913421
v -8.987688 1.498751 -8.017554
v -9.000000 1.560853 -7.846257
v -9.000000 1.943887 -7.760239
v -8.987688 2.232124 -7.845065
v -9.000000 2.322220 -7.655540
v -9.000000 2.694963 -7.532408
v -8.987688 2.946454 -7.605645
v -9.000000 3.061214 -7.391141
v -9.000000 3.420112 -7.232069
v -8.987688 3.635645 -7.301336
v -9.000000 3.770808 -7.055565
v -9.000000 4.112473 -6.862036
v -8.987688 4.293818 -6.934734
v -9.000000 4.444270 -6.651949
v -9.000000 4.765308 -6.425871
v -8.987688 4.915358 -6.508969
v -9.000000 5.074786 -6.184378
v -9.000000 5.372090 -5.927951
v -8.987688 5.494962 -6.027671
v -9.000000 5.656592 -5.657115
v -8.987688 6.027685 -5.494946
v -9.000000 5.927433 -5.372664
v -9.000000 6.183924 -5.075343
v -8.987688 6.508981 -4.915342
v -9.000000 6.425394 -4.765953
v -9.000000 6.651540 -4.444888
v -8.987688 6.934746 -4.293800
v -9.000000 6.861688 -4.113055
v -9.000000 7.055305 -3.771293
v -8.987688 7.301346 -3.635627
v -9.000000 7.231823 -3.420632
v -9.000000 7.390896 -3.061807
v -8.987688 7.605653 -2.946434
v -9.000000 7.532237 -2.695436
v -9.000000 7.655467 -2.322455
v -8.987688 7.845071 -2.232104
v -9.000000 7.760241 -1.943866
v -9.000000 7.846288 -1.560702
v -8.987688 8.017558 -1.498731
v -9.000000 7.913391 -1.173978
v -9.000000 7.961468 -0.784231
v -8.951008 -8.167686 -1.526816
v -8.951008 -7.991966 -2.273921
v -8.951008 -7.748063 -3.001627
v -8.951008 -7.438056 -3.703723
v -8.951008 -7.064590 -4.374221
v -8.951008 -6.630852 -5.007400
v -8.951008 -6.140541 -5.597857
v -8.951008 -5.597841 -6.140555
v -8.951008 -5.007382 -6.630864
v -8.951008 -4.374203 -7.064602
v -8.951008 -3.703704 -7.438066
v -8.951008 -3.001607 -7.748071
v -8.951008 -2.273901 -7.991972
v -8.951008 -1.526795 -8.167689
v -8.951008 -0.766662 -8.273722
v -8.951008 0.000011 -8.309166
v -8.951008 0.766684 -8.273720
v -8.951008 1.526816 -8.167686
v -8.951008 2.273921 -7.991966
v -8.951008 3.001627 -7.748063
v -8.951008 3.703723 -7.438056
v -8.951008 4.374221 -7.064590
v -8.951008 5.007400 -6.630852
v -8.951008 5.597857 -6.140541
v -8.951008 6.140555 -5.597841
v -8.951008 6.630864 -5.007382
v -8.951008 7.064602 -4.374203
v -8.951008 7.438066 -3.703704
v -8.951008 7.748071 -3.001607
v -8.951008 7.991972 -2.273901
v -8.951008 8.167689 -1.526795
v -8.890864 -8.310318 -1.553479
v -8.890864 -8.131531 -2.313632
v -8.890864 -7.883368 -3.054045
v -8.890864 -7.567948 -3.768403
v -8.890864 -7.187960 -4.450609
v -8.890864 -6.746646 -5.094845
v -8.890864 -6.247774 -5.695613
v -8.890864 -5.695597 -6.247788
v -8.890864 -5.094828 -6.746660
v -8.890864 -4.450591 -7.187972
v -8.890864 -3.768383 -7.567958
v -8.890864 -3.054025 -7.883376
v -8.890864 -2.313611 -8.131536
v -8.890864 -1.553457 -8.310322
v -8.890864 -0.780051 -8.418207
v -8.890864 0.000011 -8.454270
v -8.890864 0.780073 -8.418205
v -8.890864 1.553479 -8.310318
v -8.890864 2.313632 -8.131531
v -8.890864 3.054045 -7.883368
v -8.890864 3.768403 -7.567948
v -8.890864 4.450609 -7.187960
v -8.890864 5.094845 -6.746646
v -8.890864 5.695613 -6.247774
v -8.890864 6.247788 -5.695597
v -8.890864 6.746660 -5.094828
v -8.890864 7.187972 -4.450591
v -8.890864 7.567958 -3.768383
v -8.890864 7.883376 -3.054025
v -8.890864 8.131536 -2.313611
v -8.890864 8.310322 -1.553457
v -6.000000 35.217892 -7.412795
v 6.000000 35.217899 -7.412793
v -6.000000 35.563717 -7.305042
v 6.000000 35.563705 -7.305046
v -6.000000 35.893978 -7.156427
v 6.000000 35.894085 -7.156371
v -6.000000 36.203899 -6.969114
v 6.000000 36.204266 -6.968861
v -6.000000 36.489082 -6.745745
v 6.000000 36.489632 -6.745257
v -6.000000 36.745312 -6.489576
v 6.000000 36.745800 -6.489026
v -6.000000 36.968914 -6.204211
v 6.000000 36.969166 -6.203843
v -6.000000 37.156425 -5.894028
v 6.000000 37.156479 -5.893923
v -6.000000 37.305099 -5.563650
v 6.000000 37.305096 -5.563663
v -6.000000 37.412846 -5.217844
v 6.000000 37.412849 -5.217836
v -6.000000 37.478127 -4.861611
v 6.000000 37.478127 -4.861614
v -6.000000 37.500008 -4.499952
v 6.000000 37.499992 4.500048
v -6.000000 37.500008 -4.499952
v -6.000000 37.499992 4.500048
v 6.000000 37.500008 -4.499952
v 6.000000 37.500008 -4.499952
v 6.000000 37.499992 4.500048
v -6.000000 37.499992 4.500048
v -6.000000 37.478111 4.861710
v 6.000000 37.478111 4.861707
v -6.000000 37.412834 5.217932
v 6.000000 37.412830 5.217940
v -6.000000 37.305080 5.563758
v 6.000000 37.305084 5.563745
v -6.000000 37.156464 5.894019
v 6.000000 37.156410 5.894124
v -6.000000 36.969151 6.203937
v 6.000000 36.968899 6.204305
v -6.000000 36.745785 6.489120
v 6.000000 36.745296 6.489670
v -6.000000 36.489616 6.745351
v 6.000000 36.489067 6.745839
v -6.000000 36.204250 6.968953
v 6.000000 36.203884 6.969206
v -6.000000 35.894070 7.156463
v 6.000000 35.893963 7.156519
v -6.000000 35.563690 7.305136
v 6.000000 35.563702 7.305132
v -6.000000 35.217884 7.412883
v 6.000000 35.217876 7.412885
v 6.961808 56.735573 0.000073
v 6.961808 55.235573 0.000071
v 6.961808 55.246971 -0.130195
v 6.961808 56.724171 0.130339
v 6.961808 55.247005 0.130527
v 6.961808 56.724136 -0.130383
v 6.961808 55.280792 -0.256427
v 6.961808 56.690285 -0.256594
v 6.961808 55.336090 -0.374993
v 6.961808 56.634991 -0.375100
v 6.961808 55.411148 -0.482151
v 6.961808 56.559891 -0.482273
v 6.961808 55.503498 -0.574475
v 6.961808 56.467449 -0.574640
v 6.961808 55.610569 -0.649447
v 6.961808 56.360428 -0.649530
v 6.961808 55.728966 -0.704666
v 6.961808 56.115993 -0.738500
v 6.961808 55.855442 -0.738552
v 6.961808 56.242210 -0.704653
v 6.961808 55.985786 -0.749927
v 6.961808 56.690350 0.256571
v 6.961808 55.280857 0.256738
v 6.961808 56.635052 0.375136
v 6.961808 55.336151 0.375243
v 6.961808 56.559994 0.482294
v 6.961808 55.411251 0.482416
v 6.961808 56.467644 0.574618
v 6.961808 55.503693 0.574783
v 6.961808 56.360573 0.649590
v 6.961808 55.610714 0.649673
v 6.961808 56.242180 0.704809
v 6.961808 55.728931 0.704796
v 6.961808 55.855148 0.738643
v 6.961808 56.115700 0.738695
v 6.961808 55.985355 0.750071
v -6.961687 47.757221 -5.183596
v -6.961687 46.257221 -5.183598
v -6.961687 46.268623 -5.053331
v -6.961687 47.745823 -5.313862
v -6.961687 46.268654 -5.314054
v -6.961687 47.745789 -5.053139
v -6.961687 46.302444 -4.927100
v -6.961687 47.711937 -4.926928
v -6.961687 46.357742 -4.808533
v -6.961687 47.656639 -4.808423
v -6.961687 46.432800 -4.701375
v -6.961687 47.581543 -4.701251
v -6.961687 46.525146 -4.609051
v -6.961687 47.489098 -4.608884
v -6.961687 46.632221 -4.534080
v -6.961687 47.382080 -4.533995
v -6.961687 46.750614 -4.478860
v -6.961687 47.137638 -4.445024
v -6.961687 46.877090 -4.444973
v -6.961687 47.263859 -4.478870
v -6.961687 47.007435 -4.433598
v -6.961687 47.711998 -5.440093
v -6.961687 46.302505 -5.440265
v -6.961687 47.656704 -5.558660
v -6.961687 46.357803 -5.558770
v -6.961687 47.581646 -5.665818
v -6.961687 46.432903 -5.665942
v -6.961687 47.489296 -5.758142
v -6.961687 46.525345 -5.758309
v -6.961687 47.382225 -5.833114
v -6.961687 46.632366 -5.833200
v -6.961687 47.263828 -5.888332
v -6.961687 46.750584 -5.888322
v -6.961687 46.876801 -5.922169
v -6.961687 47.137352 -5.922220
v -6.961687 47.007004 -5.933595
vt 0.898892 0.043446
vt 0.918611 0.040493
vt 0.917531 0.040669
vt 0.898135 0.027586
vt 0.916579 0.040841
vt 0.896234 0.028180
vt 0.896556 0.037559
vt 0.916718 0.033416
vt 0.939864 0.034258
vt 0.896786 0.038898
vt 0.919434 0.040372
vt 0.912892 0.027399
vt 0.914381 0.026909
vt 0.938314 0.027698
vt 0.907944 0.029232
vt 0.903924 0.031045
vt 0.900806 0.032807
vt 0.898561 0.034487
vt 0.897145 0.036080
vt 0.888336 0.020265
vt 0.918825 0.025575
vt 0.891944 0.018948
vt 0.885077 0.021581
vt 0.877244 0.025443
vt 0.882149 0.022888
vt 0.873524 0.027878
vt 0.870902 0.030151
vt 0.869317 0.032220
vt 0.868719 0.034054
vt 0.869078 0.035624
vt 0.908675 0.044930
vt 0.900783 0.048294
vt 0.871997 0.040369
vt 0.908285 0.044855
vt 0.907731 0.044648
vt 0.907486 0.044373
vt 0.907554 0.044037
vt 0.907929 0.043652
vt 0.908601 0.043230
vt 0.909555 0.042783
vt 0.910769 0.042325
vt 0.912214 0.041869
vt 0.913854 0.041432
vt 0.915645 0.041027
vt 0.920818 0.052000
vt 0.902477 0.053476
vt 0.874595 0.045482
vt 0.918695 0.044151
vt 0.917749 0.044312
vt 0.916808 0.044460
vt 0.915878 0.044593
vt 0.914966 0.044711
vt 0.914080 0.044812
vt 0.913226 0.044896
vt 0.912412 0.044961
vt 0.911643 0.045006
vt 0.910927 0.045031
vt 0.910267 0.045037
vt 0.909669 0.045022
vt 0.909137 0.044986
vt 0.903987 0.059034
vt 0.876895 0.051010
vt 0.922012 0.060841
vt 0.905326 0.065015
vt 0.878919 0.057012
vt 0.922989 0.070734
vt 0.906504 0.071481
vt 0.880685 0.063559
vt 0.907530 0.078502
vt 0.882211 0.070747
vt 0.923772 0.081935
vt 0.908412 0.086164
vt 0.883465 0.078378
vt 0.924376 0.094782
vt 0.909156 0.094573
vt 0.884479 0.086486
vt 0.909767 0.103858
vt 0.885313 0.095487
vt 0.924812 0.109739
vt 0.910251 0.114176
vt 0.885972 0.105543
vt 0.925090 0.127449
vt 0.910610 0.125726
vt 0.886461 0.116867
vt 0.910847 0.138754
vt 0.886783 0.129728
vt 0.925213 0.148817
vt 0.910964 0.153568
vt 0.899291 0.148604
vt 0.886941 0.144473
vt 0.911335 0.150204
vt 0.911639 0.146647
vt 0.927433 0.148154
vt 0.921686 0.143166
vt 0.945270 0.105520
vt 0.944697 0.143726
vt 0.945572 0.143535
vt 0.945479 0.122749
vt 0.944941 0.090960
vt 0.944486 0.078443
vt 0.943896 0.067518
vt 0.943157 0.057855
vt 0.942254 0.049208
vt 0.919389 0.044026
vt 0.941166 0.041390
vt 0.900071 0.029056
vt 0.920591 0.043792
vt 0.898135 0.029659
vt 0.896237 0.030239
vt 0.894429 0.030775
vt 0.892760 0.031252
vt 0.891275 0.031651
vt 0.890014 0.031958
vt 0.889001 0.032162
vt 0.888263 0.032256
vt 0.887812 0.032235
vt 0.887661 0.032101
vt 0.887813 0.031857
vt 0.888263 0.031513
vt 0.889000 0.031081
vt 0.890011 0.030576
vt 0.891273 0.030013
vt 0.892758 0.029413
vt 0.894427 0.028795
vt 0.921312 0.040142
vt 0.900068 0.027031
vt 0.923101 0.039985
vt 0.903795 0.026103
vt 0.901975 0.026533
vt 0.924743 0.039906
vt 0.905466 0.025754
vt 0.926183 0.039905
vt 0.906924 0.025494
vt 0.927374 0.039980
vt 0.928280 0.040128
vt 0.908122 0.025327
vt 0.928873 0.040341
vt 0.909011 0.025258
vt 0.929137 0.040613
vt 0.909561 0.025287
vt 0.929067 0.040934
vt 0.909745 0.025413
vt 0.928670 0.041295
vt 0.909560 0.025631
vt 0.927943 0.041695
vt 0.909011 0.025937
vt 0.926917 0.042117
vt 0.908123 0.026322
vt 0.925626 0.042548
vt 0.906927 0.026778
vt 0.924110 0.042979
vt 0.905468 0.027294
vt 0.923282 0.043190
vt 0.903797 0.027856
vt 0.922415 0.043397
vt 0.921516 0.043599
vt 0.901977 0.028449
vt 0.932089 0.140049
vt 0.962687 0.140439
vt 0.942829 0.137334
vt 0.966870 0.118993
vt 0.966931 0.139855
vt 0.966734 0.101774
vt 0.966518 0.087265
vt 0.966219 0.074816
vt 0.965831 0.063964
vt 0.965343 0.054370
vt 0.964745 0.045785
vt 0.964020 0.038020
vt 0.963148 0.030929
vt 0.933801 0.022101
vt 0.936401 0.021620
vt 0.962102 0.024400
vt 0.925824 0.023785
vt 0.915640 0.012636
vt 0.942796 0.020556
vt 0.910109 0.013830
vt 0.900256 0.016339
vt 0.904984 0.015068
vt 0.895911 0.017637
vt 0.012844 0.023783
vt 0.997671 0.018602
vt 1.000000 0.018618
vt 0.000000 0.007788
vt 0.002329 0.018602
vt 0.002982 0.007787
vt 0.995404 0.018554
vt 0.997022 0.007787
vt 0.993261 0.018475
vt 0.994139 0.007782
vt 0.991303 0.018365
vt 0.991434 0.007772
vt 0.989587 0.018225
vt 0.988993 0.007753
vt 0.988164 0.018058
vt 0.986895 0.007723
vt 0.987079 0.017865
vt 0.985194 0.007679
vt 0.987327 0.023834
vt 0.986869 0.017814
vt 0.983943 0.007617
vt 0.960793 0.018337
vt 0.986366 0.017651
vt 0.012486 0.030270
vt 0.987679 0.030320
vt 0.012189 0.037309
vt 0.987972 0.037357
vt 0.011942 0.045010
vt 0.988215 0.045057
vt 0.011738 0.053518
vt 0.988416 0.053562
vt 0.011572 0.063018
vt 0.988580 0.063059
vt 0.011439 0.073756
vt 0.988710 0.073792
vt 0.011338 0.086064
vt 0.988810 0.086094
vt 0.011264 0.100397
vt 0.988883 0.100420
vt 0.011218 0.117395
vt 0.988928 0.117406
vt 1.000000 0.137730
vt 0.988949 0.137966
vt 0.011197 0.137972
vt 0.988294 0.131144
vt 0.981204 0.138414
vt 0.976659 0.131939
vt 0.000000 0.130877
vt 0.018796 0.138414
vt 0.011706 0.131144
vt 0.033273 0.119012
vt 0.033212 0.139873
vt 0.033410 0.101793
vt 0.033627 0.087284
vt 0.033926 0.074836
vt 0.034317 0.063983
vt 0.034806 0.054389
vt 0.035407 0.045804
vt 0.036135 0.038038
vt 0.037010 0.030947
vt 0.012921 0.017865
vt 0.013321 0.017762
vt 0.038060 0.024418
vt 0.011836 0.018058
vt 0.010413 0.018225
vt 0.008697 0.018365
vt 0.006738 0.018475
vt 0.004596 0.018554
vt 0.016056 0.007617
vt 0.013634 0.017651
vt 0.016822 0.007538
vt 0.014808 0.007679
vt 0.013109 0.007723
vt 0.011010 0.007753
vt 0.008569 0.007772
vt 0.005865 0.007782
vt 0.986051 0.017421
vt 0.983177 0.007538
vt 0.963708 0.018070
vt 0.986144 0.017183
vt 0.982920 0.007441
vt 0.969456 0.017611
vt 0.986641 0.016943
vt 0.983178 0.007329
vt 0.975365 0.017229
vt 0.986798 0.016892
vt 0.986807 0.016730
vt 0.987530 0.016709
vt 0.983944 0.007207
vt 0.973796 0.005930
vt 0.982417 0.005590
vt 0.957201 0.006993
vt 0.965365 0.006400
vt 0.949342 0.007701
vt 0.952822 0.019193
vt 0.941826 0.008515
vt 0.965163 0.133250
vt 0.953868 0.135057
vt 0.985192 0.007079
vt 0.988402 0.015825
vt 0.927933 0.010423
vt 0.921580 0.011497
vt 0.934680 0.009426
vt 0.075041 0.127486
vt 0.089036 0.153568
vt 0.088664 0.150196
vt 0.074917 0.148856
vt 0.088361 0.146647
vt 0.089153 0.138753
vt 0.100709 0.148604
vt 0.089390 0.125726
vt 0.113208 0.130217
vt 0.113059 0.144472
vt 0.075319 0.109774
vt 0.089749 0.114177
vt 0.113511 0.117725
vt 0.090233 0.103858
vt 0.113968 0.106683
vt 0.075756 0.094815
vt 0.090844 0.094574
vt 0.114583 0.096842
vt 0.076360 0.081966
vt 0.091588 0.086165
vt 0.115360 0.088013
vt 0.092470 0.078502
vt 0.116304 0.080040
vt 0.077144 0.070764
vt 0.093496 0.071481
vt 0.117421 0.072787
vt 0.078123 0.060869
vt 0.094673 0.065016
vt 0.118720 0.066154
vt 0.096012 0.059034
vt 0.120209 0.060055
vt 0.079317 0.052027
vt 0.097523 0.053477
vt 0.121897 0.054435
vt 0.080749 0.044051
vt 0.099217 0.048295
vt 0.125922 0.044382
vt 0.123796 0.049229
vt 0.091399 0.043230
vt 0.101108 0.043447
vt 0.128291 0.039858
vt 0.092071 0.043652
vt 0.092446 0.044037
vt 0.092514 0.044373
vt 0.092269 0.044648
vt 0.091715 0.044855
vt 0.091325 0.044930
vt 0.090863 0.044986
vt 0.090331 0.045022
vt 0.089733 0.045037
vt 0.089073 0.045031
vt 0.088357 0.045006
vt 0.087588 0.044961
vt 0.086774 0.044896
vt 0.085920 0.044812
vt 0.085034 0.044711
vt 0.084122 0.044593
vt 0.083192 0.044460
vt 0.082251 0.044312
vt 0.081305 0.044151
vt 0.083422 0.033443
vt 0.103214 0.038898
vt 0.082469 0.040669
vt 0.083421 0.040841
vt 0.084355 0.041027
vt 0.086145 0.041432
vt 0.087786 0.041869
vt 0.089231 0.042325
vt 0.090445 0.042783
vt 0.103440 0.037530
vt 0.130922 0.035624
vt 0.102818 0.036023
vt 0.131281 0.034053
vt 0.085697 0.026934
vt 0.101322 0.034383
vt 0.130682 0.032219
vt 0.131103 0.033167
vt 0.098911 0.032627
vt 0.129099 0.030152
vt 0.095599 0.030809
vt 0.126479 0.027880
vt 0.091353 0.028949
vt 0.122757 0.025443
vt 0.086104 0.027066
vt 0.117854 0.022889
vt 0.061839 0.027718
vt 0.063716 0.021641
vt 0.079902 0.025223
vt 0.111670 0.020268
vt 0.081529 0.040514
vt 0.060285 0.034278
vt 0.099929 0.027031
vt 0.080565 0.040372
vt 0.101865 0.027586
vt 0.103763 0.028179
vt 0.105571 0.028794
vt 0.107240 0.029412
vt 0.108725 0.030012
vt 0.109986 0.030574
vt 0.110999 0.031081
vt 0.111737 0.031513
vt 0.112188 0.031858
vt 0.112339 0.032102
vt 0.112187 0.032236
vt 0.111737 0.032256
vt 0.111000 0.032162
vt 0.109989 0.031958
vt 0.108727 0.031651
vt 0.107242 0.031252
vt 0.105573 0.030776
vt 0.103766 0.030239
vt 0.101865 0.029659
vt 0.058981 0.041411
vt 0.079409 0.043792
vt 0.099932 0.029057
vt 0.057890 0.049230
vt 0.056985 0.057878
vt 0.056245 0.067541
vt 0.055654 0.078467
vt 0.055198 0.090986
vt 0.054868 0.105547
vt 0.054659 0.122777
vt 0.072567 0.148154
vt 0.078314 0.143166
vt 0.055303 0.143726
vt 0.067911 0.140049
vt 0.078484 0.043599
vt 0.077585 0.043397
vt 0.098025 0.028450
vt 0.076718 0.043190
vt 0.075890 0.042979
vt 0.096205 0.027857
vt 0.074374 0.042548
vt 0.094534 0.027294
vt 0.073083 0.042117
vt 0.093076 0.026779
vt 0.072057 0.041695
vt 0.091878 0.026323
vt 0.071330 0.041295
vt 0.090989 0.025937
vt 0.070933 0.040934
vt 0.090439 0.025631
vt 0.070863 0.040613
vt 0.090255 0.025412
vt 0.071127 0.040341
vt 0.090440 0.025287
vt 0.071720 0.040128
vt 0.090989 0.025258
vt 0.072626 0.039980
vt 0.091877 0.025327
vt 0.073817 0.039905
vt 0.093073 0.025493
vt 0.075257 0.039906
vt 0.094532 0.025754
vt 0.076898 0.039985
vt 0.078688 0.040142
vt 0.096203 0.026103
vt 0.098023 0.026532
vt 0.072758 0.023461
vt 0.104096 0.017639
vt 0.108064 0.018950
vt 0.064618 0.021805
vt 0.095028 0.015071
vt 0.099755 0.016343
vt 0.089903 0.013833
vt 0.039370 0.018353
vt 0.055522 0.020303
vt 0.084376 0.012639
vt 0.054565 0.143565
vt 0.057171 0.137334
vt 0.037313 0.140439
vt 0.046132 0.135057
vt 0.034837 0.133250
vt 0.045644 0.019013
vt 0.072102 0.010428
vt 0.078448 0.011502
vt 0.058204 0.008518
vt 0.065350 0.009430
vt 0.013949 0.017421
vt 0.013856 0.017183
vt 0.035007 0.017960
vt 0.050687 0.007703
vt 0.023341 0.131939
vt 0.013344 0.016938
vt 0.023667 0.017174
vt 0.042828 0.006995
vt 0.013359 0.016943
vt 0.013363 0.016735
vt 0.026242 0.005931
vt 0.034670 0.006402
vt 0.012470 0.016709
vt 0.016057 0.007207
vt 0.016823 0.007330
vt 0.017080 0.007441
vt 0.014806 0.007079
vt 0.011597 0.015825
vt 0.017619 0.005591
vt 1.000000 0.006594
vt 0.002978 0.006611
vt 0.997018 0.006611
vt 0.994135 0.006659
vt 0.991431 0.006736
vt 0.988990 0.006837
vt 0.986891 0.006953
vt 0.989470 0.015081
vt 0.991959 0.013978
vt 0.990673 0.014470
vt 0.994638 0.013296
vt 0.993290 0.013591
vt 0.997332 0.012932
vt 0.995988 0.013080
vt 1.000000 0.012819
vt 0.998668 0.012847
vt 0.001331 0.012847
vt 0.000016 0.005315
vt 0.991169 0.005384
vt 0.005861 0.006659
vt 0.008566 0.006736
vt 0.011007 0.006836
vt 0.013105 0.006953
vt 0.010527 0.015081
vt 0.009322 0.014469
vt 0.006704 0.013591
vt 0.008035 0.013977
vt 0.004008 0.013079
vt 0.005357 0.013296
vt 0.002666 0.012932
vt 0.008854 0.005384
vt 0.142612 0.031224
vt 0.142612 0.060967
vt 0.142237 0.030052
vt 0.141102 0.028539
vt 0.139179 0.026719
vt 0.136417 0.024629
vt 0.132745 0.022312
vt 0.128069 0.019813
vt 0.122270 0.017187
vt 0.115204 0.014493
vt 0.106709 0.011796
vt 0.096613 0.009172
vt 0.084753 0.006705
vt 0.071020 0.004489
vt 0.055408 0.002621
vt 0.038081 0.001198
vt 0.019413 0.000305
vt 1.000000 0.000000
vt 0.980593 0.000305
vt 0.961930 0.001198
vt 0.944600 0.002620
vt 0.928986 0.004488
vt 0.915253 0.006704
vt 0.903392 0.009171
vt 0.893295 0.011795
vt 0.884799 0.014492
vt 0.877732 0.017186
vt 0.871933 0.019812
vt 0.867257 0.022311
vt 0.863584 0.024628
vt 0.860822 0.026718
vt 0.858899 0.028538
vt 0.857764 0.030051
vt 0.857388 0.031224
vt 0.386942 0.144474
vt 0.104561 0.140117
vt 0.386907 0.144450
vt 0.113094 0.144448
vt 0.108994 0.142289
vt 0.386492 0.117755
vt 0.386793 0.130238
vt 0.386035 0.106716
vt 0.385420 0.096873
vt 0.384644 0.088040
vt 0.383700 0.080062
vt 0.371710 0.039858
vt 0.357388 0.031224
vt 0.369080 0.035625
vt 0.357764 0.030051
vt 0.398893 0.043452
vt 0.396786 0.038898
vt 0.368717 0.034109
vt 0.382583 0.072804
vt 0.357388 0.060967
vt 0.357615 0.059826
vt 0.381284 0.066165
vt 0.379794 0.060062
vt 0.378105 0.054438
vt 0.376206 0.049230
vt 0.374079 0.044382
vt 0.642237 0.030052
vt 0.642612 0.031224
vt 0.368771 0.048053
vt 0.358297 0.058395
vt 0.359438 0.056704
vt 0.361047 0.054786
vt 0.363132 0.052678
vt 0.365704 0.050419
vt 0.142385 0.059826
vt 0.868771 0.048053
vt 0.141703 0.058395
vt 0.140562 0.056704
vt 0.138954 0.054787
vt 0.136871 0.052681
vt 0.134302 0.050424
vt 0.131236 0.048058
vt 0.127663 0.045624
vt 0.123583 0.043169
vt 0.118998 0.040736
vt 0.113922 0.038369
vt 0.108381 0.036109
vt 0.102416 0.033995
vt 0.897584 0.033995
vt 0.891619 0.036109
vt 0.886078 0.038369
vt 0.881002 0.040736
vt 0.876419 0.043168
vt 0.872341 0.045621
vt 0.391007 0.142290
vt 0.410847 0.138746
vt 0.410964 0.153569
vt 0.399291 0.148605
vt 0.410609 0.125714
vt 0.410250 0.114161
vt 0.409766 0.103839
vt 0.409154 0.094555
vt 0.408410 0.086154
vt 0.407529 0.078495
vt 0.406502 0.071474
vt 0.405324 0.065005
vt 0.403986 0.059030
vt 0.402478 0.053481
vt 0.400785 0.048302
vt 0.425221 0.148815
vt 0.411638 0.146648
vt 0.411335 0.150196
vt 0.425097 0.127447
vt 0.424820 0.109737
vt 0.424383 0.094780
vt 0.423780 0.081933
vt 0.422997 0.070733
vt 0.422019 0.060839
vt 0.420826 0.051998
vt 0.408515 0.044904
vt 0.417721 0.044317
vt 0.418695 0.044151
vt 0.416752 0.044468
vt 0.415796 0.044604
vt 0.414859 0.044724
vt 0.413950 0.044826
vt 0.413077 0.044909
vt 0.412247 0.044972
vt 0.411467 0.045014
vt 0.410744 0.045035
vt 0.410082 0.045034
vt 0.409487 0.045012
vt 0.408964 0.044968
vt 0.418619 0.040491
vt 0.408144 0.044818
vt 0.407854 0.044713
vt 0.407645 0.044589
vt 0.407518 0.044447
vt 0.407474 0.044288
vt 0.407513 0.044115
vt 0.407633 0.043927
vt 0.407835 0.043728
vt 0.408116 0.043518
vt 0.408475 0.043299
vt 0.408909 0.043073
vt 0.409416 0.042842
vt 0.409993 0.042607
vt 0.411192 0.042183
vt 0.412579 0.041766
vt 0.414123 0.041367
vt 0.415788 0.040998
vt 0.417531 0.040669
vt 0.396560 0.037522
vt 0.395440 0.140118
vt 0.398137 0.029660
vt 0.419397 0.044024
vt 0.400073 0.029056
vt 0.396238 0.030239
vt 0.394430 0.030776
vt 0.392761 0.031253
vt 0.391276 0.031652
vt 0.390015 0.031959
vt 0.389003 0.032163
vt 0.388264 0.032257
vt 0.387813 0.032236
vt 0.387663 0.032102
vt 0.387814 0.031858
vt 0.388264 0.031514
vt 0.389002 0.031082
vt 0.390013 0.030576
vt 0.391275 0.030014
vt 0.392760 0.029413
vt 0.394428 0.028796
vt 0.396235 0.028181
vt 0.398137 0.027586
vt 0.416724 0.033408
vt 0.439871 0.034248
vt 0.419453 0.040369
vt 0.400070 0.027032
vt 0.413926 0.027056
vt 0.414440 0.026890
vt 0.438320 0.027689
vt 0.408716 0.028921
vt 0.404445 0.030787
vt 0.401100 0.032620
vt 0.398702 0.034362
vt 0.397197 0.036000
vt 0.393873 0.018295
vt 0.420139 0.025212
vt 0.386856 0.020848
vt 0.381125 0.023380
vt 0.376589 0.025833
vt 0.373132 0.028178
vt 0.370706 0.030360
vt 0.369249 0.032349
vt 0.427433 0.148154
vt 0.421685 0.143166
vt 0.445278 0.105514
vt 0.444697 0.143726
vt 0.445581 0.143533
vt 0.445487 0.122745
vt 0.444949 0.090953
vt 0.444494 0.078436
vt 0.443904 0.067510
vt 0.443165 0.057847
vt 0.442262 0.049200
vt 0.441173 0.041381
vt 0.420566 0.043797
vt 0.420408 0.040244
vt 0.421348 0.040138
vt 0.401976 0.026534
vt 0.422265 0.040050
vt 0.423151 0.039982
vt 0.403797 0.026104
vt 0.423999 0.039933
vt 0.424802 0.039904
vt 0.405467 0.025755
vt 0.425552 0.039896
vt 0.426244 0.039907
vt 0.406926 0.025495
vt 0.426873 0.039937
vt 0.427432 0.039986
vt 0.408123 0.025328
vt 0.428327 0.040139
vt 0.409013 0.025259
vt 0.428903 0.040358
vt 0.409562 0.025288
vt 0.429143 0.040636
vt 0.409747 0.025414
vt 0.429045 0.040964
vt 0.409561 0.025632
vt 0.428615 0.041332
vt 0.409012 0.025938
vt 0.427870 0.041729
vt 0.408124 0.026323
vt 0.426837 0.042146
vt 0.406928 0.026779
vt 0.425549 0.042572
vt 0.405469 0.027294
vt 0.424044 0.042996
vt 0.403798 0.027857
vt 0.422366 0.043409
vt 0.401979 0.028450
vt 0.432088 0.140049
vt 0.462686 0.140439
vt 0.442829 0.137334
vt 0.466879 0.118992
vt 0.466939 0.139854
vt 0.466742 0.101773
vt 0.466527 0.087265
vt 0.466228 0.074817
vt 0.465840 0.063964
vt 0.465352 0.054371
vt 0.464754 0.045786
vt 0.464029 0.038021
vt 0.463157 0.030930
vt 0.435462 0.021790
vt 0.436444 0.021612
vt 0.462112 0.024401
vt 0.427350 0.023437
vt 0.423409 0.011174
vt 0.444504 0.020299
vt 0.412063 0.013393
vt 0.402260 0.015785
vt 0.599217 0.048295
vt 0.580782 0.044057
vt 0.581305 0.044151
vt 0.601863 0.029660
vt 0.583126 0.044450
vt 0.603765 0.030240
vt 0.597523 0.053477
vt 0.579326 0.052029
vt 0.558989 0.041420
vt 0.579522 0.043815
vt 0.596013 0.059034
vt 0.578131 0.060871
vt 0.557899 0.049239
vt 0.593496 0.071482
vt 0.577152 0.070766
vt 0.556994 0.057886
vt 0.594674 0.065016
vt 0.592471 0.078503
vt 0.576369 0.081968
vt 0.556254 0.067550
vt 0.590845 0.094574
vt 0.575764 0.094818
vt 0.555662 0.078475
vt 0.591589 0.086165
vt 0.590233 0.103859
vt 0.575327 0.109777
vt 0.555206 0.090993
vt 0.589391 0.125726
vt 0.575049 0.127489
vt 0.554877 0.105553
vt 0.589750 0.114177
vt 0.588969 0.153574
vt 0.574925 0.148859
vt 0.554667 0.122782
vt 0.589153 0.138754
vt 0.588362 0.146648
vt 0.572567 0.148154
vt 0.578315 0.143166
vt 0.588666 0.150204
vt 0.600709 0.148605
vt 0.613207 0.130218
vt 0.613058 0.144474
vt 0.613509 0.117726
vt 0.613967 0.106683
vt 0.614582 0.096843
vt 0.615359 0.088014
vt 0.616303 0.080041
vt 0.617420 0.072788
vt 0.618719 0.066155
vt 0.620208 0.060056
vt 0.621896 0.054435
vt 0.625920 0.044383
vt 0.623794 0.049230
vt 0.591850 0.043495
vt 0.601109 0.043447
vt 0.628290 0.039859
vt 0.592321 0.043875
vt 0.592520 0.044216
vt 0.592440 0.044507
vt 0.592081 0.044741
vt 0.591448 0.044910
vt 0.590552 0.045010
vt 0.589415 0.045037
vt 0.588065 0.044991
vt 0.586537 0.044874
vt 0.584875 0.044691
vt 0.583429 0.033451
vt 0.603214 0.038898
vt 0.582469 0.040669
vt 0.584234 0.041002
vt 0.585941 0.041382
vt 0.587520 0.041793
vt 0.588929 0.042223
vt 0.590137 0.042657
vt 0.591117 0.043086
vt 0.603446 0.037569
vt 0.630920 0.035625
vt 0.602873 0.036106
vt 0.631283 0.034107
vt 0.585752 0.026952
vt 0.601486 0.034529
vt 0.630749 0.032344
vt 0.599254 0.032845
vt 0.629290 0.030356
vt 0.596168 0.031091
vt 0.626848 0.028162
vt 0.592179 0.029282
vt 0.623401 0.025827
vt 0.587200 0.027430
vt 0.618864 0.023375
vt 0.613102 0.020831
vt 0.561847 0.027727
vt 0.563755 0.021648
vt 0.581247 0.025595
vt 0.581526 0.040514
vt 0.560293 0.034287
vt 0.599927 0.027031
vt 0.580738 0.040396
vt 0.601863 0.027586
vt 0.603762 0.028180
vt 0.605570 0.028795
vt 0.607239 0.029413
vt 0.608724 0.030013
vt 0.609985 0.030575
vt 0.610997 0.031082
vt 0.611736 0.031514
vt 0.612187 0.031859
vt 0.612337 0.032102
vt 0.612186 0.032236
vt 0.611736 0.032257
vt 0.610998 0.032163
vt 0.609987 0.031959
vt 0.608725 0.031652
vt 0.607240 0.031253
vt 0.605572 0.030777
vt 0.577770 0.043440
vt 0.599930 0.029057
vt 0.576130 0.043042
vt 0.598024 0.028451
vt 0.574648 0.042631
vt 0.596203 0.027857
vt 0.573363 0.042217
vt 0.594533 0.027295
vt 0.572313 0.041811
vt 0.593074 0.026780
vt 0.571529 0.041421
vt 0.591877 0.026323
vt 0.571035 0.041056
vt 0.590987 0.025938
vt 0.570850 0.040727
vt 0.590438 0.025632
vt 0.570983 0.040442
vt 0.590253 0.025413
vt 0.571432 0.040209
vt 0.590439 0.025288
vt 0.572187 0.040037
vt 0.590988 0.025259
vt 0.573228 0.039931
vt 0.591876 0.025328
vt 0.574524 0.039896
vt 0.593072 0.025494
vt 0.575901 0.039929
vt 0.594531 0.025754
vt 0.577423 0.040024
vt 0.596202 0.026104
vt 0.579050 0.040181
vt 0.598021 0.026533
vt 0.574294 0.023813
vt 0.606074 0.018277
vt 0.566283 0.022117
vt 0.597712 0.015777
vt 0.587861 0.013377
vt 0.538070 0.024418
vt 0.539379 0.018354
vt 0.557211 0.020557
vt 0.537020 0.030947
vt 0.536145 0.038038
vt 0.535417 0.045803
vt 0.534816 0.054389
vt 0.534326 0.063983
vt 0.533936 0.074836
vt 0.533636 0.087285
vt 0.533420 0.101794
vt 0.533282 0.119013
vt 0.555303 0.143726
vt 0.554574 0.143567
vt 0.557171 0.137334
vt 0.537314 0.140439
vt 0.546132 0.135057
vt 0.567912 0.140049
vt 0.454480 0.018999
vt 0.436334 0.009203
vt 0.453868 0.135057
vt 0.481204 0.138414
vt 0.465162 0.133250
vt 0.488892 0.100421
vt 0.488958 0.137966
vt 0.488937 0.117406
vt 0.488820 0.086096
vt 0.488719 0.073795
vt 0.488589 0.063061
vt 0.488426 0.053565
vt 0.488225 0.045060
vt 0.487982 0.037360
vt 0.487689 0.030323
vt 0.487338 0.023838
vt 0.460807 0.018336
vt 0.486882 0.017818
vt 0.450633 0.007575
vt 0.486144 0.017183
vt 0.465136 0.017948
vt 0.486366 0.017651
vt 0.486051 0.017421
vt 0.486642 0.016943
vt 0.476371 0.017172
vt 0.466269 0.006343
vt 0.476659 0.131939
vt 0.500000 0.137730
vt 0.488294 0.131144
vt 0.511227 0.117394
vt 0.511206 0.137973
vt 0.511274 0.100396
vt 0.511347 0.086062
vt 0.511449 0.073754
vt 0.511581 0.063016
vt 0.511748 0.053516
vt 0.511952 0.045008
vt 0.512199 0.037306
vt 0.512497 0.030267
vt 0.487078 0.017865
vt 0.512854 0.023779
vt 0.483944 0.007618
vt 0.483177 0.007539
vt 0.482920 0.007442
vt 0.483178 0.007330
vt 0.486808 0.016889
vt 0.486822 0.016729
vt 0.487530 0.016709
vt 0.483944 0.007208
vt 0.482880 0.005576
vt 0.488402 0.015825
vt 0.485192 0.007080
vt 0.500000 0.130877
vt 0.518796 0.138414
vt 0.511706 0.131144
vt 0.533221 0.139875
vt 0.512922 0.017865
vt 0.513332 0.017758
vt 0.511837 0.018058
vt 0.510414 0.018225
vt 0.508697 0.018365
vt 0.506739 0.018475
vt 0.504596 0.018554
vt 0.502329 0.018602
vt 0.500000 0.018618
vt 0.497671 0.018602
vt 0.495404 0.018554
vt 0.493261 0.018475
vt 0.491303 0.018365
vt 0.489587 0.018225
vt 0.488163 0.018058
vt 0.516056 0.007618
vt 0.513634 0.017651
vt 0.516822 0.007539
vt 0.514808 0.007679
vt 0.513109 0.007724
vt 0.511009 0.007754
vt 0.508569 0.007772
vt 0.505865 0.007783
vt 0.502982 0.007788
vt 0.500000 0.007789
vt 0.497022 0.007788
vt 0.494139 0.007783
vt 0.491434 0.007772
vt 0.488993 0.007754
vt 0.486895 0.007724
vt 0.485194 0.007679
vt 0.534838 0.133250
vt 0.547231 0.019199
vt 0.576450 0.011150
vt 0.563574 0.009191
vt 0.513949 0.017421
vt 0.513856 0.017183
vt 0.536304 0.018071
vt 0.523341 0.131939
vt 0.530547 0.017612
vt 0.549222 0.007561
vt 0.513352 0.016941
vt 0.524604 0.017227
vt 0.513370 0.016735
vt 0.533502 0.006329
vt 0.512470 0.016709
vt 0.516823 0.007330
vt 0.516056 0.007208
vt 0.517080 0.007442
vt 0.516962 0.005571
vt 0.511597 0.015825
vt 0.514806 0.007080
vt 0.500000 0.005316
vt 0.500000 0.000000
vt 0.489470 0.015081
vt 0.490673 0.014470
vt 0.491960 0.013978
vt 0.493290 0.013592
vt 0.494639 0.013296
vt 0.495988 0.013080
vt 0.497332 0.012933
vt 0.498669 0.012847
vt 0.500000 0.012819
vt 0.519413 0.000305
vt 0.461930 0.001198
vt 0.480593 0.000305
vt 0.444600 0.002620
vt 0.428986 0.004488
vt 0.415253 0.006704
vt 0.403392 0.009171
vt 0.393295 0.011795
vt 0.384799 0.014492
vt 0.377732 0.017186
vt 0.371933 0.019812
vt 0.367257 0.022311
vt 0.363584 0.024628
vt 0.360822 0.026718
vt 0.358899 0.028538
vt 0.486891 0.006954
vt 0.488991 0.006837
vt 0.491431 0.006737
vt 0.494135 0.006660
vt 0.497018 0.006612
vt 0.501331 0.012847
vt 0.500000 0.006595
vt 0.502666 0.012933
vt 0.502978 0.006612
vt 0.504008 0.013080
vt 0.505357 0.013296
vt 0.505861 0.006660
vt 0.506704 0.013591
vt 0.508035 0.013978
vt 0.508566 0.006737
vt 0.509322 0.014470
vt 0.510527 0.015081
vt 0.511007 0.006837
vt 0.513105 0.006954
vt 0.642612 0.060967
vt 0.641102 0.028539
vt 0.639179 0.026719
vt 0.636417 0.024629
vt 0.632745 0.022312
vt 0.628069 0.019813
vt 0.622270 0.017187
vt 0.615204 0.014493
vt 0.606709 0.011796
vt 0.596613 0.009172
vt 0.584753 0.006705
vt 0.571020 0.004489
vt 0.555408 0.002621
vt 0.538081 0.001198
vt 0.642385 0.059826
vt 0.372341 0.045621
vt 0.376419 0.043168
vt 0.381002 0.040736
vt 0.386078 0.038369
vt 0.391619 0.036109
vt 0.397584 0.033995
vt 0.602416 0.033995
vt 0.641703 0.058395
vt 0.640562 0.056704
vt 0.638954 0.054787
vt 0.636871 0.052681
vt 0.634302 0.050424
vt 0.631236 0.048058
vt 0.627663 0.045624
vt 0.623583 0.043169
vt 0.618998 0.040736
vt 0.613922 0.038369
vt 0.608381 0.036109
vt 0.857388 0.060967
vt 0.857615 0.059826
vt 0.865704 0.050419
vt 0.863132 0.052678
vt 0.861047 0.054786
vt 0.859438 0.056704
vt 0.858297 0.058395
vt 0.886906 0.144449
vt 0.613093 0.144450
vt 0.608993 0.142290
vt 0.604560 0.140118
vt 0.891006 0.142289
vt 0.895439 0.140117
vt 0.700865 0.077862
vt 0.053130 0.089133
vt 0.799135 0.077862
vt 0.811968 0.080517
vt 0.824621 0.082875
vt 0.837127 0.084930
vt 0.849512 0.086675
vt 0.861805 0.088107
vt 0.874026 0.089221
vt 0.886191 0.090015
vt 0.898325 0.090486
vt 0.910446 0.090633
vt 0.922569 0.090456
vt 0.934706 0.089955
vt 0.946878 0.089132
vt 0.959104 0.087989
vt 0.971410 0.086527
vt 0.028590 0.086527
vt 0.040901 0.087989
vt 0.553130 0.089133
vt 0.565302 0.089956
vt 0.577434 0.090456
vt 0.589550 0.090633
vt 0.601665 0.090486
vt 0.613796 0.090015
vt 0.625964 0.089222
vt 0.638190 0.088108
vt 0.650490 0.086675
vt 0.662881 0.084929
vt 0.675388 0.082874
vt 0.688037 0.080516
vt 0.200865 0.077862
vt 0.528590 0.086527
vt 0.471410 0.086527
vt 0.459104 0.087989
vt 0.540901 0.087989
vt 0.299135 0.077862
vt 0.311968 0.080517
vt 0.324621 0.082875
vt 0.337127 0.084930
vt 0.349512 0.086675
vt 0.361805 0.088107
vt 0.374026 0.089221
vt 0.386191 0.090015
vt 0.398325 0.090486
vt 0.410446 0.090633
vt 0.422569 0.090456
vt 0.434706 0.089955
vt 0.446878 0.089132
vt 0.065302 0.089956
vt 0.077434 0.090456
vt 0.089550 0.090633
vt 0.101665 0.090486
vt 0.113796 0.090015
vt 0.125964 0.089222
vt 0.138190 0.088108
vt 0.150490 0.086675
vt 0.162881 0.084929
vt 0.175388 0.082874
vt 0.188037 0.080516
vt 0.528590 0.207356
vt 0.461575 0.210706
vt 0.514447 0.203876
vt 0.485553 0.203876
vt 0.471410 0.207356
vt 0.500000 0.202705
vt 0.548288 0.214248
vt 0.538411 0.210701
vt 0.558286 0.218029
vt 0.568464 0.222062
vt 0.578859 0.226347
vt 0.600389 0.235530
vt 0.589504 0.230861
vt 0.611456 0.240218
vt 0.622598 0.244725
vt 0.633632 0.248786
vt 0.644382 0.252145
vt 0.654713 0.254604
vt 0.664574 0.256057
vt 0.683111 0.255849
vt 0.674007 0.256471
vt 0.692015 0.254196
vt 0.799135 0.251497
vt 0.700865 0.251497
vt 0.816852 0.255844
vt 0.807964 0.254191
vt 0.825948 0.256470
vt 0.845246 0.254612
vt 0.835385 0.256061
vt 0.855572 0.252158
vt 0.866321 0.248802
vt 0.877355 0.244743
vt 0.888494 0.240239
vt 0.899566 0.235549
vt 0.910454 0.230879
vt 0.931502 0.222076
vt 0.921101 0.226364
vt 0.941681 0.218042
vt 0.951686 0.214258
vt 0.961575 0.210706
vt 0.028590 0.207356
vt 0.014447 0.203876
vt 1.000000 0.202705
vt 0.985553 0.203876
vt 0.971410 0.207356
vt 0.048288 0.214248
vt 0.038411 0.210701
vt 0.058286 0.218029
vt 0.068464 0.222062
vt 0.078859 0.226347
vt 0.100389 0.235530
vt 0.089504 0.230861
vt 0.111456 0.240218
vt 0.122598 0.244725
vt 0.133632 0.248786
vt 0.144382 0.252145
vt 0.154713 0.254604
vt 0.164574 0.256057
vt 0.183111 0.255849
vt 0.174007 0.256471
vt 0.192015 0.254196
vt 0.299135 0.251497
vt 0.200865 0.251497
vt 0.316852 0.255844
vt 0.307964 0.254191
vt 0.325948 0.256470
vt 0.345246 0.254612
vt 0.335385 0.256061
vt 0.355572 0.252158
vt 0.366321 0.248802
vt 0.377355 0.244743
vt 0.388494 0.240239
vt 0.399566 0.235549
vt 0.410454 0.230879
vt 0.431502 0.222076
vt 0.421101 0.226364
vt 0.441681 0.218041
vt 0.451686 0.214258
vt 0.528590 0.880307
vt 0.471410 0.880307
vt 0.471410 0.860127
vt 0.459099 0.878126
vt 0.485553 0.863607
vt 0.483541 0.839167
vt 0.461589 0.856782
vt 0.467559 0.834012
vt 0.540896 0.878127
vt 0.514447 0.863607
vt 0.528590 0.860127
vt 0.538425 0.856777
vt 0.500000 0.864778
vt 0.516461 0.839167
vt 0.532441 0.834012
vt 0.500000 0.840908
vt 0.516459 0.228316
vt 0.532441 0.233471
vt 0.483539 0.228316
vt 0.467559 0.233471
vt 0.500000 0.226575
vt 0.307985 0.813287
vt 0.311963 0.889404
vt 0.299135 0.893488
vt 0.318262 0.922970
vt 0.299135 0.815986
vt 0.200865 0.893488
vt 0.191050 0.926172
vt 0.308950 0.926172
vt 0.316889 0.811634
vt 0.324612 0.885811
vt 0.327552 0.920259
vt 0.335426 0.811426
vt 0.337119 0.882705
vt 0.346085 0.916295
vt 0.325993 0.811012
vt 0.336824 0.918035
vt 0.345287 0.812879
vt 0.349510 0.880086
vt 0.357091 0.912059
vt 0.355339 0.915036
vt 0.355618 0.815338
vt 0.361810 0.877950
vt 0.370633 0.903036
vt 0.359250 0.909419
vt 0.361747 0.907162
vt 0.364520 0.905328
vt 0.367503 0.903945
vt 0.366368 0.818697
vt 0.374036 0.876297
vt 0.403915 0.916295
vt 0.373848 0.902614
vt 0.377085 0.902685
vt 0.380283 0.903249
vt 0.383377 0.904297
vt 0.386305 0.905812
vt 0.389007 0.907774
vt 0.377402 0.822758
vt 0.386204 0.875124
vt 0.613809 0.875125
vt 0.625974 0.876298
vt 0.558950 0.926172
vt 0.413176 0.918035
vt 0.422448 0.920259
vt 0.431738 0.922970
vt 0.441050 0.926172
vt 0.388544 0.827265
vt 0.398335 0.874430
vt 0.601675 0.874431
vt 0.399611 0.831953
vt 0.410450 0.874214
vt 0.589554 0.874214
vt 0.421141 0.841136
vt 0.422566 0.874474
vt 0.410496 0.836622
vt 0.431536 0.845421
vt 0.434698 0.875212
vt 0.577431 0.874474
vt 0.441714 0.849454
vt 0.446870 0.876429
vt 0.565294 0.875213
vt 0.451712 0.853234
vt 0.553122 0.876430
vt 0.452478 0.825645
vt 0.438579 0.814347
vt 0.426036 0.800455
vt 0.414913 0.784327
vt 0.405187 0.766301
vt 0.396784 0.746677
vt 0.200865 0.815986
vt 0.110389 0.725746
vt 0.389612 0.725748
vt 0.188032 0.889403
vt 0.192036 0.813292
vt 0.181738 0.922970
vt 0.016459 0.228316
vt 1.000000 0.226575
vt 1.000000 0.230313
vt 0.983539 0.228316
vt 0.984329 0.231924
vt 0.032441 0.233471
vt 0.030921 0.236696
vt 0.015671 0.231924
vt 0.047522 0.241838
vt 0.045387 0.244464
vt 0.061421 0.253136
vt 0.058797 0.254980
vt 0.073964 0.267028
vt 0.070983 0.267948
vt 0.085087 0.283155
vt 0.081876 0.283053
vt 0.094813 0.301182
vt 0.091479 0.299991
vt 0.103216 0.320806
vt 0.099843 0.318476
vt 0.110388 0.341735
vt 0.107049 0.338255
vt 0.389611 0.341737
vt 0.116431 0.363715
vt 0.113186 0.359105
vt 0.383564 0.363731
vt 0.121458 0.386575
vt 0.118345 0.380833
vt 0.378541 0.386582
vt 0.125557 0.410135
vt 0.122610 0.403273
vt 0.374442 0.410142
vt 0.128805 0.434241
vt 0.126052 0.426279
vt 0.371192 0.434264
vt 0.131268 0.458772
vt 0.128733 0.449728
vt 0.368730 0.458800
vt 0.132993 0.483612
vt 0.130703 0.473505
vt 0.367007 0.483623
vt 0.134014 0.508635
vt 0.131996 0.497510
vt 0.365986 0.508640
vt 0.134351 0.533732
vt 0.132636 0.521650
vt 0.365649 0.533751
vt 0.134014 0.558843
vt 0.132636 0.545833
vt 0.365986 0.558848
vt 0.132993 0.583860
vt 0.131996 0.569973
vt 0.367007 0.583871
vt 0.131270 0.608683
vt 0.130703 0.593978
vt 0.368732 0.608710
vt 0.128808 0.633219
vt 0.128733 0.617755
vt 0.371195 0.633242
vt 0.125558 0.657341
vt 0.126052 0.641204
vt 0.374443 0.657348
vt 0.121459 0.680901
vt 0.122610 0.664210
vt 0.378542 0.680908
vt 0.116436 0.703752
vt 0.118345 0.686650
vt 0.383569 0.703768
vt 0.113186 0.708378
vt 0.174052 0.811013
vt 0.103221 0.746666
vt 0.107049 0.729228
vt 0.183148 0.811639
vt 0.144428 0.815325
vt 0.094824 0.766277
vt 0.099843 0.749007
vt 0.154754 0.812871
vt 0.164615 0.811422
vt 0.122645 0.822740
vt 0.085095 0.784314
vt 0.091479 0.767492
vt 0.133679 0.818681
vt 0.100434 0.831934
vt 0.073966 0.800452
vt 0.081876 0.784430
vt 0.111506 0.827244
vt 0.078899 0.841119
vt 0.061427 0.814341
vt 0.070983 0.799535
vt 0.089546 0.836604
vt 0.058319 0.849441
vt 0.047531 0.825639
vt 0.058797 0.812503
vt 0.068498 0.845407
vt 0.038425 0.856777
vt 0.032441 0.834012
vt 0.045387 0.823019
vt 0.048314 0.853225
vt 0.028590 0.860127
vt 0.016461 0.839167
vt 0.030921 0.830787
vt 0.000000 0.864778
vt 1.000000 0.840908
vt 0.015671 0.835559
vt 0.014447 0.863607
vt 0.985553 0.863607
vt 0.000000 0.837170
vt 0.983541 0.839167
vt 0.028590 0.880307
vt 0.040896 0.878127
vt 0.053122 0.876430
vt 0.065294 0.875213
vt 0.077431 0.874474
vt 0.089554 0.874214
vt 0.101675 0.874431
vt 0.113809 0.875125
vt 0.125974 0.876298
vt 0.138195 0.877951
vt 0.150488 0.880085
vt 0.162873 0.882703
vt 0.175379 0.885809
vt 0.500000 0.837158
vt 0.515670 0.835547
vt 0.469081 0.830775
vt 0.484330 0.835547
vt 0.454615 0.823008
vt 0.441207 0.812492
vt 0.429021 0.799526
vt 0.418128 0.784421
vt 0.408526 0.767484
vt 0.400162 0.749000
vt 0.392956 0.729222
vt 0.386819 0.708372
vt 0.381660 0.686645
vt 0.377396 0.664206
vt 0.373953 0.641200
vt 0.371272 0.617753
vt 0.369303 0.593976
vt 0.368010 0.569971
vt 0.367369 0.545833
vt 0.367369 0.521650
vt 0.368010 0.497511
vt 0.369303 0.473507
vt 0.371272 0.449730
vt 0.373953 0.426283
vt 0.377396 0.403277
vt 0.381660 0.380838
vt 0.386819 0.359111
vt 0.396779 0.320817
vt 0.392956 0.338261
vt 0.405176 0.301206
vt 0.400162 0.318483
vt 0.414905 0.283169
vt 0.408526 0.299999
vt 0.426034 0.267031
vt 0.418128 0.283062
vt 0.438573 0.253142
vt 0.429021 0.267957
vt 0.452469 0.241844
vt 0.441207 0.254991
vt 0.454615 0.244475
vt 0.469081 0.236707
vt 0.484330 0.231935
vt 0.500000 0.230325
vt 0.000000 0.234417
vt 0.984678 0.235991
vt 0.015322 0.235991
vt 0.030246 0.240659
vt 0.044424 0.248263
vt 0.057594 0.258568
vt 0.069591 0.271290
vt 0.080342 0.286128
vt 0.089843 0.302786
vt 0.098137 0.320987
vt 0.105298 0.340483
vt 0.111408 0.361052
vt 0.116552 0.382505
vt 0.120810 0.404676
vt 0.124251 0.427419
vt 0.126933 0.450608
vt 0.128905 0.474131
vt 0.130200 0.497885
vt 0.130841 0.521774
vt 0.130841 0.545709
vt 0.130200 0.569598
vt 0.128905 0.593352
vt 0.126933 0.616875
vt 0.124251 0.640064
vt 0.120810 0.662807
vt 0.116552 0.684978
vt 0.111408 0.706430
vt 0.105298 0.727000
vt 0.098137 0.746495
vt 0.089843 0.764697
vt 0.080342 0.781355
vt 0.069591 0.796193
vt 0.057594 0.808915
vt 0.044424 0.819220
vt 0.030246 0.826824
vt 0.015322 0.831492
vt 1.000000 0.833066
vt 0.984329 0.835559
vt 0.014593 0.244827
vt 0.007567 0.248366
vt 1.000000 0.247954
vt 0.000000 0.252568
vt 0.000000 0.243327
vt 0.992433 0.248366
vt 0.985721 0.254078
vt 0.015083 0.249598
vt 0.014279 0.254078
vt 0.028831 0.249276
vt 0.022499 0.251640
vt 0.029768 0.254472
vt 0.028213 0.258560
vt 0.042399 0.256535
vt 0.036849 0.258072
vt 0.043706 0.262411
vt 0.041498 0.265876
vt 0.055057 0.266393
vt 0.050309 0.267454
vt 0.056634 0.273167
vt 0.053895 0.275816
vt 0.066644 0.278594
vt 0.062663 0.279509
vt 0.068385 0.286443
vt 0.065246 0.288124
vt 0.077082 0.292861
vt 0.073792 0.293926
vt 0.078882 0.301921
vt 0.075470 0.302524
vt 0.086353 0.308919
vt 0.083656 0.310388
vt 0.088118 0.319290
vt 0.084545 0.318738
vt 0.094486 0.326506
vt 0.092276 0.328591
vt 0.096135 0.338257
vt 0.092494 0.336504
vt 0.101538 0.345386
vt 0.099707 0.348256
vt 0.107580 0.365344
vt 0.103000 0.358557
vt 0.099369 0.355578
vt 0.106026 0.369133
vt 0.112683 0.386195
vt 0.108793 0.379956
vt 0.105234 0.375745
vt 0.111312 0.391003
vt 0.116919 0.407774
vt 0.113593 0.402249
vt 0.110156 0.396810
vt 0.115644 0.413673
vt 0.120351 0.429937
vt 0.117474 0.425256
vt 0.114202 0.418605
vt 0.119091 0.436977
vt 0.123031 0.452555
vt 0.120501 0.448818
vt 0.117430 0.440979
vt 0.121710 0.460764
vt 0.125003 0.475516
vt 0.122725 0.472796
vt 0.119888 0.463797
vt 0.123549 0.484901
vt 0.126301 0.498713
vt 0.124186 0.497062
vt 0.121616 0.486937
vt 0.124639 0.509265
vt 0.126944 0.522050
vt 0.124910 0.521496
vt 0.122642 0.510288
vt 0.125000 0.533741
vt 0.126944 0.545433
vt 0.124910 0.545987
vt 0.122982 0.533741
vt 0.126301 0.568770
vt 0.124639 0.558218
vt 0.122642 0.557195
vt 0.124186 0.570421
vt 0.125003 0.591967
vt 0.123549 0.582582
vt 0.121616 0.580546
vt 0.122725 0.594687
vt 0.123031 0.614928
vt 0.121710 0.606719
vt 0.119888 0.603686
vt 0.120501 0.618665
vt 0.120351 0.637546
vt 0.119091 0.630506
vt 0.117430 0.626504
vt 0.117474 0.642227
vt 0.116919 0.659709
vt 0.115644 0.653810
vt 0.114202 0.648878
vt 0.113593 0.665234
vt 0.112683 0.681288
vt 0.111312 0.676480
vt 0.110156 0.670673
vt 0.108793 0.687527
vt 0.107580 0.702139
vt 0.106026 0.698350
vt 0.105234 0.691738
vt 0.103000 0.708926
vt 0.101538 0.722097
vt 0.099707 0.719227
vt 0.099369 0.711905
vt 0.096135 0.729226
vt 0.094486 0.740977
vt 0.092276 0.738892
vt 0.092494 0.730979
vt 0.086353 0.758564
vt 0.088118 0.748193
vt 0.083656 0.757095
vt 0.084545 0.748745
vt 0.077082 0.774622
vt 0.078882 0.765562
vt 0.073792 0.773556
vt 0.075470 0.764959
vt 0.066644 0.788889
vt 0.068385 0.781040
vt 0.062663 0.787974
vt 0.065246 0.779359
vt 0.055057 0.801090
vt 0.056634 0.794316
vt 0.050309 0.800029
vt 0.053895 0.791667
vt 0.042399 0.810948
vt 0.043706 0.805072
vt 0.036849 0.809411
vt 0.041498 0.801607
vt 0.028831 0.818207
vt 0.029768 0.813011
vt 0.022499 0.815843
vt 0.028213 0.808923
vt 0.014593 0.822656
vt 0.015083 0.817885
vt 0.007567 0.819117
vt 0.014279 0.813405
vt 1.000000 0.824156
vt 1.000000 0.819529
vt 0.985407 0.822656
vt 0.992433 0.819117
vt 1.000000 0.814915
vt 1.000000 0.828699
vt 0.985040 0.827162
vt 0.014960 0.827162
vt 0.029544 0.822602
vt 0.043421 0.815169
vt 0.056338 0.805086
vt 0.068134 0.792621
vt 0.078732 0.778064
vt 0.088121 0.761702
vt 0.096339 0.743802
vt 0.103448 0.724608
vt 0.109526 0.704338
vt 0.114652 0.683179
vt 0.118900 0.661298
vt 0.122337 0.638838
vt 0.125019 0.615927
vt 0.126992 0.592678
vt 0.128288 0.569195
vt 0.128931 0.545574
vt 0.128931 0.521908
vt 0.128288 0.498288
vt 0.126992 0.474805
vt 0.125019 0.451556
vt 0.122337 0.428645
vt 0.118900 0.406185
vt 0.114652 0.384304
vt 0.109526 0.363145
vt 0.103448 0.342875
vt 0.096339 0.323681
vt 0.088121 0.305781
vt 0.078732 0.289419
vt 0.068134 0.274862
vt 0.056338 0.262397
vt 0.043421 0.252314
vt 0.029544 0.244880
vt 0.014960 0.240321
vt 0.000000 0.238784
vt 0.985407 0.244827
vt 0.985040 0.240321
vt 0.984678 0.831492
vt 0.969079 0.830787
vt 0.967559 0.834012
vt 0.954613 0.823019
vt 0.969754 0.826824
vt 0.952478 0.825645
vt 0.941203 0.812503
vt 0.955576 0.819220
vt 0.938579 0.814347
vt 0.929017 0.799535
vt 0.942406 0.808915
vt 0.926036 0.800455
vt 0.918124 0.784430
vt 0.930409 0.796193
vt 0.914913 0.784327
vt 0.908521 0.767492
vt 0.919658 0.781355
vt 0.905187 0.766301
vt 0.900157 0.749007
vt 0.910157 0.764697
vt 0.896784 0.746677
vt 0.892951 0.729228
vt 0.901863 0.746495
vt 0.889612 0.725748
vt 0.886814 0.708378
vt 0.894702 0.727000
vt 0.883569 0.703768
vt 0.881655 0.686650
vt 0.888592 0.706430
vt 0.878542 0.680908
vt 0.877390 0.664210
vt 0.883448 0.684978
vt 0.874443 0.657348
vt 0.873948 0.641204
vt 0.879190 0.662807
vt 0.871195 0.633242
vt 0.871267 0.617755
vt 0.875749 0.640064
vt 0.868732 0.608710
vt 0.869297 0.593978
vt 0.873067 0.616875
vt 0.867007 0.583871
vt 0.868004 0.569973
vt 0.871095 0.593352
vt 0.865986 0.558848
vt 0.867364 0.545833
vt 0.869800 0.569598
vt 0.865649 0.533751
vt 0.867364 0.521650
vt 0.869159 0.545709
vt 0.865986 0.508640
vt 0.868004 0.497510
vt 0.869159 0.521774
vt 0.867007 0.483623
vt 0.869297 0.473505
vt 0.869800 0.497885
vt 0.868730 0.458800
vt 0.871267 0.449728
vt 0.871095 0.474131
vt 0.871192 0.434264
vt 0.873948 0.426279
vt 0.873067 0.450608
vt 0.874442 0.410142
vt 0.877390 0.403273
vt 0.875749 0.427419
vt 0.878541 0.386582
vt 0.881655 0.380833
vt 0.879190 0.404676
vt 0.883564 0.363731
vt 0.886814 0.359105
vt 0.883448 0.382505
vt 0.889611 0.341737
vt 0.892951 0.338255
vt 0.888592 0.361052
vt 0.896779 0.320817
vt 0.900157 0.318476
vt 0.894702 0.340483
vt 0.905176 0.301206
vt 0.908521 0.299991
vt 0.901863 0.320987
vt 0.914905 0.283169
vt 0.918124 0.283053
vt 0.910157 0.302786
vt 0.926034 0.267031
vt 0.929017 0.267948
vt 0.919658 0.286128
vt 0.938573 0.253142
vt 0.941203 0.254980
vt 0.930409 0.271290
vt 0.952469 0.241844
vt 0.954613 0.244464
vt 0.942406 0.258568
vt 0.967559 0.233471
vt 0.969079 0.236696
vt 0.955576 0.248263
vt 0.969754 0.240659
vt 0.616431 0.363715
vt 0.610388 0.341735
vt 0.621458 0.386575
vt 0.625557 0.410135
vt 0.628805 0.434241
vt 0.631268 0.458772
vt 0.632993 0.483612
vt 0.634014 0.508635
vt 0.634351 0.533732
vt 0.634014 0.558843
vt 0.632993 0.583860
vt 0.631270 0.608683
vt 0.628808 0.633219
vt 0.625558 0.657341
vt 0.621459 0.680901
vt 0.616436 0.703752
vt 0.610389 0.725746
vt 0.799135 0.815986
vt 0.835426 0.811426
vt 0.807985 0.813287
vt 0.816889 0.811634
vt 0.825993 0.811012
vt 0.866368 0.818697
vt 0.845287 0.812879
vt 0.855618 0.815338
vt 0.888544 0.827265
vt 0.877402 0.822758
vt 0.910496 0.836622
vt 0.899611 0.831953
vt 0.931536 0.845421
vt 0.921141 0.841136
vt 0.951712 0.853234
vt 0.941714 0.849454
vt 0.971410 0.860127
vt 0.961589 0.856782
vt 0.984917 0.817885
vt 0.985721 0.813405
vt 0.971169 0.818207
vt 0.977501 0.815843
vt 0.970232 0.813011
vt 0.971787 0.808923
vt 0.957601 0.810948
vt 0.963151 0.809411
vt 0.956294 0.805072
vt 0.958502 0.801607
vt 0.944943 0.801090
vt 0.949691 0.800029
vt 0.943366 0.794316
vt 0.946105 0.791667
vt 0.933356 0.788889
vt 0.937337 0.787974
vt 0.931615 0.781040
vt 0.934754 0.779359
vt 0.922918 0.774622
vt 0.926208 0.773556
vt 0.921118 0.765562
vt 0.924530 0.764959
vt 0.913647 0.758564
vt 0.916344 0.757095
vt 0.911882 0.748193
vt 0.915455 0.748745
vt 0.905514 0.740977
vt 0.907724 0.738892
vt 0.903865 0.729226
vt 0.907506 0.730979
vt 0.898462 0.722097
vt 0.900293 0.719227
vt 0.892420 0.702139
vt 0.897000 0.708926
vt 0.900631 0.711905
vt 0.893974 0.698350
vt 0.887317 0.681288
vt 0.891207 0.687527
vt 0.894766 0.691738
vt 0.888688 0.676480
vt 0.883081 0.659709
vt 0.886407 0.665234
vt 0.889844 0.670673
vt 0.884356 0.653810
vt 0.879649 0.637546
vt 0.882526 0.642227
vt 0.885798 0.648878
vt 0.880909 0.630506
vt 0.876969 0.614928
vt 0.879499 0.618665
vt 0.882570 0.626504
vt 0.878290 0.606719
vt 0.874997 0.591967
vt 0.877275 0.594687
vt 0.880112 0.603686
vt 0.876451 0.582582
vt 0.873699 0.568770
vt 0.875814 0.570421
vt 0.878384 0.580546
vt 0.875361 0.558218
vt 0.873056 0.545433
vt 0.875090 0.545987
vt 0.877358 0.557195
vt 0.875000 0.533741
vt 0.873056 0.522050
vt 0.875090 0.521496
vt 0.877018 0.533741
vt 0.873699 0.498713
vt 0.875361 0.509265
vt 0.877358 0.510288
vt 0.875814 0.497062
vt 0.874997 0.475516
vt 0.876451 0.484901
vt 0.878384 0.486937
vt 0.877275 0.472796
vt 0.876969 0.452555
vt 0.878290 0.460764
vt 0.880112 0.463797
vt 0.879499 0.448818
vt 0.879649 0.429937
vt 0.880909 0.436977
vt 0.882570 0.440979
vt 0.882526 0.425256
vt 0.883081 0.407774
vt 0.884356 0.413673
vt 0.885798 0.418605
vt 0.886407 0.402249
vt 0.887317 0.386195
vt 0.888688 0.391003
vt 0.889844 0.396810
vt 0.891207 0.379956
vt 0.892420 0.365344
vt 0.893974 0.369133
vt 0.894766 0.375745
vt 0.897000 0.358557
vt 0.898462 0.345386
vt 0.900293 0.348256
vt 0.900631 0.355578
vt 0.903865 0.338257
vt 0.905514 0.326506
vt 0.907724 0.328591
vt 0.907506 0.336504
vt 0.913647 0.308919
vt 0.911882 0.319290
vt 0.916344 0.310388
vt 0.915455 0.318738
vt 0.922918 0.292861
vt 0.921118 0.301921
vt 0.926208 0.293926
vt 0.924530 0.302524
vt 0.933356 0.278594
vt 0.931615 0.286443
vt 0.937337 0.279509
vt 0.934754 0.288124
vt 0.944943 0.266393
vt 0.943366 0.273167
vt 0.949691 0.267454
vt 0.946105 0.275816
vt 0.957601 0.256535
vt 0.956294 0.262411
vt 0.963151 0.258072
vt 0.958502 0.265876
vt 0.971169 0.249276
vt 0.970232 0.254472
vt 0.977501 0.251640
vt 0.971787 0.258560
vt 0.984917 0.249598
vt 0.970456 0.244880
vt 0.956579 0.252314
vt 0.943662 0.262397
vt 0.931866 0.274862
vt 0.921268 0.289419
vt 0.911879 0.305781
vt 0.903661 0.323681
vt 0.896552 0.342875
vt 0.890474 0.363145
vt 0.885348 0.384304
vt 0.881100 0.406185
vt 0.877663 0.428645
vt 0.874981 0.451556
vt 0.873008 0.474805
vt 0.871712 0.498288
vt 0.871069 0.521908
vt 0.871069 0.545574
vt 0.871712 0.569195
vt 0.873008 0.592678
vt 0.874981 0.615927
vt 0.877663 0.638838
vt 0.881100 0.661298
vt 0.885348 0.683179
vt 0.890474 0.704338
vt 0.896552 0.724608
vt 0.903661 0.743802
vt 0.911879 0.761702
vt 0.921268 0.778064
vt 0.931866 0.792621
vt 0.943662 0.805086
vt 0.956579 0.815169
vt 0.970456 0.822602
vt 0.603216 0.320806
vt 0.594813 0.301182
vt 0.585087 0.283155
vt 0.573964 0.267028
vt 0.561421 0.253136
vt 0.547522 0.241838
vt 0.530919 0.236707
vt 0.515670 0.231935
vt 0.545385 0.244475
vt 0.558793 0.254991
vt 0.570979 0.267957
vt 0.581872 0.283062
vt 0.591474 0.299999
vt 0.599838 0.318483
vt 0.607044 0.338261
vt 0.613181 0.359111
vt 0.618340 0.380838
vt 0.622604 0.403277
vt 0.626047 0.426283
vt 0.628728 0.449730
vt 0.630697 0.473507
vt 0.631990 0.497511
vt 0.632631 0.521650
vt 0.632631 0.545833
vt 0.631990 0.569971
vt 0.630697 0.593976
vt 0.628728 0.617753
vt 0.626047 0.641200
vt 0.622604 0.664206
vt 0.618340 0.686645
vt 0.613181 0.708372
vt 0.674052 0.811013
vt 0.603221 0.746666
vt 0.607044 0.729222
vt 0.683148 0.811639
vt 0.692036 0.813292
vt 0.700865 0.815986
vt 0.644428 0.815325
vt 0.594824 0.766277
vt 0.599838 0.749000
vt 0.654754 0.812871
vt 0.664615 0.811422
vt 0.622645 0.822740
vt 0.585095 0.784314
vt 0.591474 0.767484
vt 0.633679 0.818681
vt 0.600434 0.831934
vt 0.573966 0.800452
vt 0.581872 0.784421
vt 0.611506 0.827244
vt 0.578899 0.841119
vt 0.561427 0.814341
vt 0.570979 0.799526
vt 0.589546 0.836604
vt 0.558319 0.849441
vt 0.547531 0.825639
vt 0.558793 0.812492
vt 0.568498 0.845407
vt 0.545385 0.823008
vt 0.548314 0.853225
vt 0.530919 0.830775
vt 0.638195 0.877951
vt 0.650488 0.880085
vt 0.662873 0.882703
vt 0.675379 0.885809
vt 0.688032 0.889403
vt 0.700865 0.893488
vt 0.799135 0.893488
vt 0.811963 0.889404
vt 0.824612 0.885811
vt 0.837119 0.882705
vt 0.849510 0.880086
vt 0.861810 0.877950
vt 0.874036 0.876297
vt 0.886204 0.875124
vt 0.898335 0.874430
vt 0.910450 0.874214
vt 0.922566 0.874474
vt 0.934698 0.875212
vt 0.946870 0.876429
vt 0.959099 0.878126
vt 0.971410 0.880307
vt 0.818262 0.922970
vt 0.691050 0.926172
vt 0.808950 0.926172
vt 0.827552 0.920259
vt 0.846085 0.916295
vt 0.836824 0.918035
vt 0.857091 0.912059
vt 0.855339 0.915036
vt 0.870633 0.903036
vt 0.859250 0.909419
vt 0.861747 0.907162
vt 0.864520 0.905328
vt 0.867503 0.903945
vt 0.903915 0.916295
vt 0.873848 0.902614
vt 0.877085 0.902685
vt 0.880283 0.903249
vt 0.883377 0.904297
vt 0.886305 0.905812
vt 0.889007 0.907774
vt 0.058950 0.926172
vt 0.913176 0.918035
vt 0.922448 0.920259
vt 0.931738 0.922970
vt 0.941050 0.926172
vt 0.681738 0.922970
vt 0.568262 0.922970
vt 0.613698 0.905810
vt 0.577552 0.920259
vt 0.586824 0.918035
vt 0.596085 0.916295
vt 0.610993 0.907774
vt 0.632500 0.903946
vt 0.616629 0.904294
vt 0.619723 0.903247
vt 0.622919 0.902684
vt 0.626156 0.902614
vt 0.629370 0.903036
vt 0.644661 0.915036
vt 0.635484 0.905330
vt 0.638258 0.907166
vt 0.640755 0.909423
vt 0.642911 0.912062
vt 0.663176 0.918035
vt 0.653915 0.916295
vt 0.672448 0.920259
vt 0.163176 0.918035
vt 0.172448 0.920259
vt 0.144661 0.915036
vt 0.153915 0.916295
vt 0.132500 0.903946
vt 0.135484 0.905330
vt 0.138258 0.907166
vt 0.140755 0.909423
vt 0.142911 0.912062
vt 0.113698 0.905810
vt 0.116629 0.904294
vt 0.119723 0.903247
vt 0.122919 0.902684
vt 0.126156 0.902614
vt 0.129370 0.903036
vt 0.068262 0.922970
vt 0.077552 0.920259
vt 0.086824 0.918035
vt 0.096085 0.916295
vt 0.110993 0.907774
vt 0.309169 0.930921
vt 0.181629 0.927797
vt 0.190831 0.930921
vt 0.327554 0.925147
vt 0.318371 0.927797
vt 0.336722 0.922967
vt 0.345878 0.921255
vt 0.355063 0.919984
vt 0.356421 0.895972
vt 0.355211 0.918268
vt 0.354789 0.899305
vt 0.358517 0.892985
vt 0.360997 0.890414
vt 0.363788 0.888308
vt 0.366820 0.886699
vt 0.370018 0.885615
vt 0.373322 0.885067
vt 0.376662 0.885065
vt 0.379973 0.885612
vt 0.383179 0.886699
vt 0.386211 0.888308
vt 0.391197 0.909902
vt 0.389007 0.890418
vt 0.393098 0.912335
vt 0.391486 0.892988
vt 0.394661 0.915036
vt 0.393577 0.895969
vt 0.394785 0.918203
vt 0.394938 0.919986
vt 0.404123 0.921256
vt 0.413279 0.922967
vt 0.422446 0.925147
vt 0.431629 0.927797
vt 0.559169 0.930921
vt 0.440831 0.930921
vt 0.577555 0.925147
vt 0.568372 0.927797
vt 0.586724 0.922967
vt 0.595880 0.921255
vt 0.606902 0.912335
vt 0.605339 0.915036
vt 0.605063 0.919985
vt 0.608803 0.909902
vt 0.606420 0.895973
vt 0.605219 0.918154
vt 0.604787 0.899310
vt 0.608511 0.892992
vt 0.610993 0.890418
vt 0.613785 0.888310
vt 0.616817 0.886701
vt 0.620024 0.885613
vt 0.623334 0.885066
vt 0.626671 0.885066
vt 0.629978 0.885614
vt 0.633180 0.886700
vt 0.636218 0.888312
vt 0.639012 0.890422
vt 0.641489 0.892991
vt 0.643579 0.895972
vt 0.644790 0.918273
vt 0.644937 0.919983
vt 0.654122 0.921255
vt 0.663278 0.922967
vt 0.672446 0.925147
vt 0.681629 0.927797
vt 0.809169 0.930921
vt 0.690831 0.930921
vt 0.827554 0.925147
vt 0.818371 0.927797
vt 0.836722 0.922967
vt 0.845878 0.921255
vt 0.855063 0.919984
vt 0.856421 0.895972
vt 0.855211 0.918268
vt 0.854789 0.899305
vt 0.858517 0.892985
vt 0.860997 0.890414
vt 0.863788 0.888308
vt 0.866820 0.886699
vt 0.870018 0.885615
vt 0.873322 0.885067
vt 0.876662 0.885065
vt 0.879973 0.885612
vt 0.883179 0.886699
vt 0.886211 0.888308
vt 0.891197 0.909902
vt 0.889007 0.890418
vt 0.893098 0.912335
vt 0.891486 0.892988
vt 0.894661 0.915036
vt 0.893577 0.895969
vt 0.894785 0.918203
vt 0.894938 0.919987
vt 0.904123 0.921256
vt 0.913279 0.922967
vt 0.922446 0.925147
vt 0.931629 0.927797
vt 0.059169 0.930921
vt 0.940831 0.930921
vt 0.077555 0.925147
vt 0.068372 0.927797
vt 0.086724 0.922967
vt 0.095880 0.921255
vt 0.106902 0.912335
vt 0.105339 0.915036
vt 0.105063 0.919985
vt 0.108803 0.909902
vt 0.106420 0.895973
vt 0.105219 0.918154
vt 0.104787 0.899310
vt 0.108511 0.892992
vt 0.110993 0.890418
vt 0.113785 0.888310
vt 0.116817 0.886701
vt 0.120024 0.885613
vt 0.123334 0.885066
vt 0.126671 0.885066
vt 0.129978 0.885614
vt 0.133180 0.886700
vt 0.136218 0.888312
vt 0.139012 0.890422
vt 0.141489 0.892991
vt 0.143579 0.895972
vt 0.144790 0.918273
vt 0.144937 0.919983
vt 0.154122 0.921255
vt 0.163278 0.922967
vt 0.172446 0.925147
vt 0.059833 0.936430
vt 0.077674 0.930865
vt 0.068761 0.933425
vt 0.086575 0.928747
vt 0.095467 0.927070
vt 0.104355 0.925830
vt 0.104869 0.921777
vt 0.060957 0.942572
vt 0.940167 0.936430
vt 0.078021 0.937258
vt 0.069493 0.939710
vt 0.086543 0.935216
vt 0.095060 0.933583
vt 0.103748 0.930622
vt 0.103557 0.932387
vt 0.104337 0.925963
vt 0.103682 0.902928
vt 0.062564 0.949223
vt 0.939043 0.942572
vt 0.078805 0.944160
vt 0.070684 0.946502
vt 0.086925 0.942198
vt 0.095046 0.940615
vt 0.103298 0.935454
vt 0.103149 0.939442
vt 0.103176 0.906728
vt 0.064691 0.956264
vt 0.937436 0.949223
vt 0.080289 0.951391
vt 0.072484 0.953646
vt 0.088102 0.949499
vt 0.095923 0.947970
vt 0.103150 0.940131
vt 0.103382 0.944467
vt 0.103323 0.910609
vt 0.067382 0.963576
vt 0.935309 0.956264
vt 0.075074 0.960983
vt 0.082791 0.958763
vt 0.090530 0.956916
vt 0.103708 0.946866
vt 0.098286 0.955443
vt 0.104165 0.914444
vt 0.104004 0.948391
vt 0.104996 0.951894
vt 0.070693 0.971042
vt 0.932618 0.963576
vt 0.078849 0.968292
vt 0.087059 0.965991
vt 0.095310 0.964141
vt 0.106028 0.954383
vt 0.103594 0.962744
vt 0.105729 0.918115
vt 0.106326 0.954982
vt 0.108007 0.921474
vt 0.107914 0.957606
vt 0.074690 0.978544
vt 0.929307 0.971042
vt 0.088844 0.974068
vt 0.081732 0.976122
vt 0.096012 0.972383
vt 0.103222 0.971071
vt 0.111494 0.961507
vt 0.111886 0.961827
vt 0.110465 0.970133
vt 0.109646 0.959749
vt 0.114509 0.926700
vt 0.113455 0.962955
vt 0.110962 0.924381
vt 0.115535 0.964135
vt 0.079441 0.985964
vt 0.925310 0.978544
vt 0.085756 0.983750
vt 0.092163 0.981868
vt 0.098646 0.980324
vt 0.105185 0.979120
vt 0.117727 0.969569
vt 0.111767 0.978259
vt 0.124930 0.966307
vt 0.125000 0.969381
vt 0.118377 0.977741
vt 0.122464 0.966161
vt 0.120053 0.965742
vt 0.117736 0.965064
vt 0.132135 0.965109
vt 0.132273 0.969569
vt 0.125000 0.977569
vt 0.129812 0.965773
vt 0.127396 0.966176
vt 0.138121 0.961821
vt 0.139535 0.970133
vt 0.131623 0.977741
vt 0.136429 0.963030
vt 0.134342 0.964195
vt 0.146414 0.962745
vt 0.146778 0.971071
vt 0.138233 0.978259
vt 0.154696 0.964142
vt 0.153988 0.972383
vt 0.144815 0.979120
vt 0.162945 0.965992
vt 0.161156 0.974068
vt 0.151354 0.980324
vt 0.171153 0.968292
vt 0.168268 0.976122
vt 0.157837 0.981868
vt 0.179307 0.971042
vt 0.175310 0.978544
vt 0.164244 0.983750
vt 0.324690 0.978544
vt 0.170559 0.985964
vt 0.329441 0.985964
vt 0.182618 0.963576
vt 0.320693 0.971042
vt 0.167205 0.958762
vt 0.174925 0.960983
vt 0.159465 0.956915
vt 0.151708 0.955442
vt 0.138396 0.961598
vt 0.140250 0.959860
vt 0.143960 0.954408
vt 0.143420 0.955461
vt 0.141988 0.957744
vt 0.139034 0.924384
vt 0.135495 0.926699
vt 0.131491 0.928314
vt 0.127192 0.929143
vt 0.122801 0.929142
vt 0.118507 0.928313
vt 0.185309 0.956264
vt 0.317382 0.963576
vt 0.169711 0.951391
vt 0.177516 0.953646
vt 0.161898 0.949499
vt 0.154077 0.947970
vt 0.144685 0.952749
vt 0.146292 0.946868
vt 0.145752 0.949425
vt 0.144272 0.918114
vt 0.141988 0.921479
vt 0.090489 0.991213
vt 0.094566 0.998801
vt 0.091419 1.000000
vt 0.908581 1.000000
vt 0.085020 0.993180
vt 0.914980 0.993180
vt 0.097783 0.997721
vt 0.905432 0.998800
vt 0.096074 0.989539
vt 0.101060 0.996764
vt 0.902216 0.997721
vt 0.101753 0.988163
vt 0.104387 0.995931
vt 0.895619 0.995933
vt 0.898942 0.996765
vt 0.107760 0.995223
vt 0.892250 0.995225
vt 0.107503 0.987089
vt 0.111171 0.994642
vt 0.888843 0.994644
vt 0.113307 0.986319
vt 0.114609 0.994189
vt 0.885409 0.994191
vt 0.118066 0.993866
vt 0.881954 0.993867
vt 0.119145 0.985857
vt 0.121536 0.993672
vt 0.878487 0.993672
vt 0.125000 0.985703
vt 0.125012 0.993607
vt 0.875012 0.993607
vt 0.130855 0.985857
vt 0.128487 0.993672
vt 0.871536 0.993672
vt 0.131954 0.993867
vt 0.868066 0.993866
vt 0.136693 0.986319
vt 0.135409 0.994191
vt 0.864609 0.994189
vt 0.142497 0.987089
vt 0.138843 0.994644
vt 0.861171 0.994642
vt 0.142250 0.995225
vt 0.857760 0.995223
vt 0.148247 0.988163
vt 0.145619 0.995933
vt 0.854387 0.995931
vt 0.153926 0.989539
vt 0.148942 0.996765
vt 0.851060 0.996764
vt 0.152216 0.997721
vt 0.159511 0.991213
vt 0.155432 0.998800
vt 0.847783 0.997721
vt 0.164980 0.993180
vt 0.158581 1.000000
vt 0.844566 0.998801
vt 0.341419 1.000000
vt 0.841419 1.000000
vt 0.335020 0.993180
vt 0.920559 0.985964
vt 0.145163 0.922054
vt 0.154539 0.927071
vt 0.145644 0.925822
vt 0.163430 0.928748
vt 0.172329 0.930866
vt 0.181241 0.933426
vt 0.190167 0.936430
vt 0.309833 0.936430
vt 0.180507 0.939710
vt 0.189043 0.942572
vt 0.310957 0.942572
vt 0.145210 0.899300
vt 0.145726 0.926439
vt 0.154941 0.933583
vt 0.146329 0.931305
vt 0.146442 0.932383
vt 0.163458 0.935217
vt 0.171979 0.937259
vt 0.179312 0.946501
vt 0.187436 0.949223
vt 0.312564 0.949223
vt 0.146314 0.902911
vt 0.146754 0.936303
vt 0.154940 0.940613
vt 0.146851 0.939469
vt 0.163065 0.942196
vt 0.171189 0.944158
vt 0.314691 0.956264
vt 0.146823 0.906710
vt 0.146833 0.941090
vt 0.146499 0.945485
vt 0.146679 0.910598
vt 0.145835 0.914443
vt 0.931240 0.933426
vt 0.930507 0.939710
vt 0.929317 0.946502
vt 0.927521 0.953647
vt 0.924928 0.960984
vt 0.921155 0.968293
vt 0.918268 0.976122
vt 0.914244 0.983750
vt 0.909511 0.991213
vt 0.853582 0.962746
vt 0.856576 0.955453
vt 0.858012 0.957744
vt 0.858012 0.921479
vt 0.859794 0.959907
vt 0.860970 0.924388
vt 0.856040 0.954408
vt 0.848293 0.955442
vt 0.855306 0.952725
vt 0.855731 0.918120
vt 0.845302 0.964143
vt 0.840536 0.956915
vt 0.845923 0.947970
vt 0.854237 0.949384
vt 0.853708 0.946867
vt 0.837053 0.965992
vt 0.832795 0.958762
vt 0.838103 0.949499
vt 0.828846 0.968293
vt 0.825075 0.960983
vt 0.830289 0.951391
vt 0.820693 0.971042
vt 0.817382 0.963576
vt 0.822484 0.953646
vt 0.682618 0.963576
vt 0.814691 0.956264
vt 0.685309 0.956264
vt 0.824690 0.978544
vt 0.679307 0.971042
vt 0.838844 0.974068
vt 0.831732 0.976122
vt 0.846012 0.972383
vt 0.853222 0.971071
vt 0.861650 0.961636
vt 0.861870 0.961814
vt 0.860465 0.970133
vt 0.864511 0.926701
vt 0.863714 0.963120
vt 0.854166 0.914449
vt 0.853495 0.945436
vt 0.836935 0.942196
vt 0.845059 0.940613
vt 0.828811 0.944158
vt 0.820688 0.946501
vt 0.812564 0.949223
vt 0.687436 0.949223
vt 0.853166 0.941044
vt 0.853322 0.910601
vt 0.853149 0.939468
vt 0.845059 0.933583
vt 0.853249 0.936263
vt 0.853176 0.906715
vt 0.836542 0.935216
vt 0.828021 0.937258
vt 0.819493 0.939710
vt 0.810957 0.942572
vt 0.689043 0.942572
vt 0.853558 0.932383
vt 0.845461 0.927071
vt 0.853675 0.931273
vt 0.836570 0.928748
vt 0.827671 0.930866
vt 0.818759 0.933426
vt 0.809833 0.936430
vt 0.690167 0.936430
vt 0.854356 0.925822
vt 0.854277 0.926418
vt 0.853685 0.902918
vt 0.854838 0.922042
vt 0.840489 0.991213
vt 0.835020 0.993180
vt 0.664980 0.993180
vt 0.658581 1.000000
vt 0.846074 0.989539
vt 0.851753 0.988163
vt 0.857503 0.987089
vt 0.863307 0.986319
vt 0.869145 0.985857
vt 0.875000 0.985703
vt 0.880855 0.985857
vt 0.886693 0.986319
vt 0.892497 0.987089
vt 0.898247 0.988163
vt 0.903926 0.989539
vt 0.907837 0.981868
vt 0.901354 0.980324
vt 0.894815 0.979120
vt 0.888233 0.978259
vt 0.881623 0.977741
vt 0.875000 0.977569
vt 0.868377 0.977741
vt 0.861767 0.978259
vt 0.855185 0.979120
vt 0.848646 0.980324
vt 0.842163 0.981868
vt 0.835756 0.983750
vt 0.829441 0.985964
vt 0.670559 0.985964
vt 0.675310 0.978544
vt 0.911156 0.974068
vt 0.903988 0.972383
vt 0.896778 0.971071
vt 0.889535 0.970133
vt 0.882273 0.969569
vt 0.875000 0.969381
vt 0.867727 0.969569
vt 0.912949 0.965993
vt 0.904702 0.964143
vt 0.896423 0.962746
vt 0.888144 0.961803
vt 0.882353 0.965032
vt 0.886525 0.962968
vt 0.884493 0.964121
vt 0.872870 0.966204
vt 0.880061 0.965715
vt 0.877694 0.966142
vt 0.875284 0.966305
vt 0.865909 0.964314
vt 0.870479 0.965837
vt 0.868138 0.965202
vt 0.917213 0.958764
vt 0.909476 0.956917
vt 0.901723 0.955444
vt 0.888340 0.961645
vt 0.893971 0.954386
vt 0.892955 0.956274
vt 0.891577 0.958299
vt 0.889972 0.960149
vt 0.889030 0.924387
vt 0.885490 0.926701
vt 0.881498 0.928311
vt 0.877207 0.929141
vt 0.872813 0.929143
vt 0.868513 0.928315
vt 0.895161 0.922034
vt 0.904537 0.927071
vt 0.895646 0.925834
vt 0.913428 0.928748
vt 0.922328 0.930865
vt 0.895212 0.899307
vt 0.895709 0.926308
vt 0.904942 0.933583
vt 0.896278 0.930856
vt 0.896444 0.932404
vt 0.913458 0.935217
vt 0.921979 0.937259
vt 0.896317 0.902923
vt 0.896696 0.935361
vt 0.904961 0.940616
vt 0.896850 0.939415
vt 0.913080 0.942199
vt 0.921199 0.944161
vt 0.896824 0.906721
vt 0.896851 0.939727
vt 0.904098 0.947974
vt 0.896674 0.943881
vt 0.896300 0.946817
vt 0.911913 0.949502
vt 0.919722 0.951393
vt 0.896678 0.910604
vt 0.896192 0.947425
vt 0.895337 0.950895
vt 0.895835 0.914445
vt 0.894231 0.953825
vt 0.894267 0.918123
vt 0.891984 0.921484
vt 0.681241 0.933426
vt 0.680507 0.939710
vt 0.679312 0.946501
vt 0.677516 0.953646
vt 0.674925 0.960983
vt 0.671153 0.968292
vt 0.668268 0.976122
vt 0.664244 0.983750
vt 0.659511 0.991213
vt 0.655432 0.998800
vt 0.344566 0.998801
vt 0.559833 0.936430
vt 0.577674 0.930865
vt 0.568761 0.933425
vt 0.586575 0.928747
vt 0.595467 0.927070
vt 0.604355 0.925830
vt 0.604869 0.921777
vt 0.560957 0.942572
vt 0.440167 0.936430
vt 0.578021 0.937258
vt 0.569493 0.939710
vt 0.586543 0.935216
vt 0.595060 0.933583
vt 0.603748 0.930622
vt 0.603557 0.932387
vt 0.604337 0.925963
vt 0.603682 0.902928
vt 0.562564 0.949223
vt 0.439043 0.942572
vt 0.578805 0.944160
vt 0.570684 0.946502
vt 0.586925 0.942198
vt 0.595046 0.940615
vt 0.603298 0.935454
vt 0.603149 0.939442
vt 0.603176 0.906728
vt 0.564691 0.956264
vt 0.437436 0.949223
vt 0.580289 0.951391
vt 0.572484 0.953646
vt 0.588102 0.949499
vt 0.595923 0.947970
vt 0.603150 0.940131
vt 0.603382 0.944467
vt 0.603323 0.910609
vt 0.567382 0.963576
vt 0.435309 0.956264
vt 0.575074 0.960983
vt 0.582791 0.958763
vt 0.590530 0.956916
vt 0.603708 0.946866
vt 0.598286 0.955443
vt 0.604165 0.914444
vt 0.604004 0.948391
vt 0.604996 0.951894
vt 0.570693 0.971042
vt 0.432618 0.963576
vt 0.578849 0.968292
vt 0.587059 0.965991
vt 0.595310 0.964141
vt 0.606028 0.954383
vt 0.603594 0.962744
vt 0.605729 0.918115
vt 0.606326 0.954982
vt 0.608007 0.921474
vt 0.607914 0.957606
vt 0.574690 0.978544
vt 0.429307 0.971042
vt 0.588844 0.974068
vt 0.581732 0.976122
vt 0.596012 0.972383
vt 0.603222 0.971071
vt 0.611494 0.961507
vt 0.611886 0.961827
vt 0.610465 0.970133
vt 0.609646 0.959749
vt 0.614509 0.926700
vt 0.613455 0.962955
vt 0.610962 0.924381
vt 0.615535 0.964135
vt 0.579441 0.985964
vt 0.425310 0.978544
vt 0.585756 0.983750
vt 0.592163 0.981868
vt 0.598646 0.980324
vt 0.605185 0.979120
vt 0.617727 0.969569
vt 0.611767 0.978259
vt 0.624930 0.966307
vt 0.625000 0.969381
vt 0.618377 0.977741
vt 0.622464 0.966161
vt 0.620053 0.965742
vt 0.617736 0.965064
vt 0.632135 0.965109
vt 0.632273 0.969569
vt 0.625000 0.977569
vt 0.629812 0.965773
vt 0.627396 0.966176
vt 0.638121 0.961821
vt 0.639535 0.970133
vt 0.631623 0.977741
vt 0.636429 0.963030
vt 0.634342 0.964195
vt 0.646414 0.962745
vt 0.646778 0.971071
vt 0.638233 0.978259
vt 0.654696 0.964142
vt 0.653988 0.972383
vt 0.644815 0.979120
vt 0.662945 0.965992
vt 0.661156 0.974068
vt 0.651354 0.980324
vt 0.657837 0.981868
vt 0.667205 0.958762
vt 0.659465 0.956915
vt 0.651708 0.955442
vt 0.638396 0.961598
vt 0.640250 0.959860
vt 0.643960 0.954408
vt 0.643420 0.955461
vt 0.641988 0.957744
vt 0.639034 0.924384
vt 0.635495 0.926699
vt 0.631491 0.928314
vt 0.627192 0.929143
vt 0.622801 0.929142
vt 0.618507 0.928313
vt 0.669711 0.951391
vt 0.661898 0.949499
vt 0.654077 0.947970
vt 0.644685 0.952749
vt 0.646292 0.946868
vt 0.645752 0.949425
vt 0.644272 0.918114
vt 0.641988 0.921479
vt 0.590489 0.991213
vt 0.594566 0.998801
vt 0.591419 1.000000
vt 0.408581 1.000000
vt 0.585020 0.993180
vt 0.414980 0.993180
vt 0.597783 0.997721
vt 0.405432 0.998800
vt 0.596074 0.989539
vt 0.601060 0.996764
vt 0.402216 0.997721
vt 0.601753 0.988163
vt 0.604387 0.995931
vt 0.395619 0.995933
vt 0.398942 0.996765
vt 0.607760 0.995223
vt 0.392250 0.995225
vt 0.607503 0.987089
vt 0.611171 0.994642
vt 0.388843 0.994644
vt 0.613307 0.986319
vt 0.614609 0.994189
vt 0.385409 0.994191
vt 0.618066 0.993866
vt 0.381954 0.993867
vt 0.619145 0.985857
vt 0.621536 0.993672
vt 0.378487 0.993672
vt 0.625000 0.985703
vt 0.625012 0.993607
vt 0.375012 0.993607
vt 0.630855 0.985857
vt 0.628487 0.993672
vt 0.371536 0.993672
vt 0.631954 0.993867
vt 0.368066 0.993866
vt 0.636693 0.986319
vt 0.635409 0.994191
vt 0.364609 0.994189
vt 0.642497 0.987089
vt 0.638843 0.994644
vt 0.361171 0.994642
vt 0.642250 0.995225
vt 0.357760 0.995223
vt 0.648247 0.988163
vt 0.645619 0.995933
vt 0.354387 0.995931
vt 0.653926 0.989539
vt 0.648942 0.996765
vt 0.351060 0.996764
vt 0.652216 0.997721
vt 0.347783 0.997721
vt 0.420559 0.985964
vt 0.645163 0.922054
vt 0.654539 0.927071
vt 0.645644 0.925822
vt 0.663430 0.928748
vt 0.672329 0.930866
vt 0.645210 0.899300
vt 0.645726 0.926439
vt 0.654941 0.933583
vt 0.646329 0.931305
vt 0.646442 0.932383
vt 0.663458 0.935217
vt 0.671979 0.937259
vt 0.646314 0.902911
vt 0.646754 0.936303
vt 0.654940 0.940613
vt 0.646851 0.939469
vt 0.663065 0.942196
vt 0.671189 0.944158
vt 0.646823 0.906710
vt 0.646833 0.941090
vt 0.646499 0.945485
vt 0.646679 0.910598
vt 0.645835 0.914443
vt 0.431240 0.933426
vt 0.430507 0.939710
vt 0.429317 0.946502
vt 0.427521 0.953647
vt 0.424928 0.960984
vt 0.421155 0.968293
vt 0.418268 0.976122
vt 0.414244 0.983750
vt 0.409511 0.991213
vt 0.353582 0.962746
vt 0.356576 0.955453
vt 0.358012 0.957744
vt 0.358012 0.921479
vt 0.359794 0.959907
vt 0.360970 0.924388
vt 0.356040 0.954408
vt 0.348293 0.955442
vt 0.355306 0.952725
vt 0.355731 0.918120
vt 0.345302 0.964143
vt 0.340536 0.956915
vt 0.345923 0.947970
vt 0.354237 0.949384
vt 0.353708 0.946867
vt 0.337053 0.965992
vt 0.332795 0.958762
vt 0.338103 0.949499
vt 0.328846 0.968293
vt 0.325075 0.960983
vt 0.330289 0.951391
vt 0.322484 0.953646
vt 0.338844 0.974068
vt 0.331732 0.976122
vt 0.346012 0.972383
vt 0.353222 0.971071
vt 0.361650 0.961636
vt 0.361870 0.961814
vt 0.360465 0.970133
vt 0.364511 0.926701
vt 0.363714 0.963120
vt 0.354166 0.914449
vt 0.353495 0.945436
vt 0.336935 0.942196
vt 0.345059 0.940613
vt 0.328811 0.944158
vt 0.320688 0.946501
vt 0.353166 0.941044
vt 0.353322 0.910601
vt 0.353149 0.939468
vt 0.345059 0.933583
vt 0.353249 0.936263
vt 0.353176 0.906715
vt 0.336542 0.935216
vt 0.328021 0.937258
vt 0.319493 0.939710
vt 0.353558 0.932383
vt 0.345461 0.927071
vt 0.353675 0.931273
vt 0.336570 0.928748
vt 0.327671 0.930866
vt 0.318759 0.933426
vt 0.354356 0.925822
vt 0.354277 0.926418
vt 0.353685 0.902918
vt 0.354838 0.922042
vt 0.340489 0.991213
vt 0.346074 0.989539
vt 0.351753 0.988163
vt 0.357503 0.987089
vt 0.363307 0.986319
vt 0.369145 0.985857
vt 0.375000 0.985703
vt 0.380855 0.985857
vt 0.386693 0.986319
vt 0.392497 0.987089
vt 0.398247 0.988163
vt 0.403926 0.989539
vt 0.407837 0.981868
vt 0.401354 0.980324
vt 0.394815 0.979120
vt 0.388233 0.978259
vt 0.381623 0.977741
vt 0.375000 0.977569
vt 0.368377 0.977741
vt 0.361767 0.978259
vt 0.355185 0.979120
vt 0.348646 0.980324
vt 0.342163 0.981868
vt 0.335756 0.983750
vt 0.411156 0.974068
vt 0.403988 0.972383
vt 0.396778 0.971071
vt 0.389535 0.970133
vt 0.382273 0.969569
vt 0.375000 0.969381
vt 0.367727 0.969569
vt 0.412949 0.965993
vt 0.404702 0.964143
vt 0.396423 0.962746
vt 0.388144 0.961803
vt 0.382353 0.965032
vt 0.386525 0.962968
vt 0.384493 0.964121
vt 0.372870 0.966204
vt 0.380061 0.965715
vt 0.377694 0.966142
vt 0.375284 0.966305
vt 0.365909 0.964314
vt 0.370479 0.965837
vt 0.368138 0.965202
vt 0.417213 0.958764
vt 0.409476 0.956917
vt 0.401723 0.955444
vt 0.388340 0.961645
vt 0.393971 0.954386
vt 0.392955 0.956274
vt 0.391577 0.958299
vt 0.389972 0.960149
vt 0.389030 0.924387
vt 0.385490 0.926701
vt 0.381498 0.928311
vt 0.377207 0.929141
vt 0.372813 0.929143
vt 0.368513 0.928315
vt 0.395161 0.922034
vt 0.404537 0.927071
vt 0.395646 0.925834
vt 0.413428 0.928748
vt 0.422328 0.930865
vt 0.395212 0.899307
vt 0.395709 0.926308
vt 0.404942 0.933583
vt 0.396278 0.930856
vt 0.396444 0.932404
vt 0.413458 0.935217
vt 0.421979 0.937259
vt 0.396317 0.902923
vt 0.396696 0.935361
vt 0.404961 0.940616
vt 0.396850 0.939415
vt 0.413080 0.942199
vt 0.421199 0.944161
vt 0.396824 0.906721
vt 0.396851 0.939727
vt 0.404098 0.947974
vt 0.396674 0.943881
vt 0.396300 0.946817
vt 0.411913 0.949502
vt 0.419722 0.951393
vt 0.396678 0.910604
vt 0.396192 0.947425
vt 0.395337 0.950895
vt 0.395835 0.914445
vt 0.394231 0.953825
vt 0.394267 0.918123
vt 0.391984 0.921484
vt 0.500000 0.234429
vt 0.484679 0.236004
vt 0.515321 0.236004
vt 0.530244 0.240671
vt 0.544421 0.248275
vt 0.557590 0.258579
vt 0.569587 0.271300
vt 0.580337 0.286138
vt 0.589838 0.302795
vt 0.598132 0.320995
vt 0.605292 0.340490
vt 0.611402 0.361059
vt 0.616547 0.382511
vt 0.620804 0.404680
vt 0.624245 0.427422
vt 0.626928 0.450611
vt 0.628899 0.474133
vt 0.630194 0.497886
vt 0.630836 0.521775
vt 0.630836 0.545708
vt 0.630194 0.569597
vt 0.628899 0.593350
vt 0.626928 0.616872
vt 0.624245 0.640061
vt 0.620804 0.662803
vt 0.616547 0.684972
vt 0.611402 0.706424
vt 0.605292 0.726993
vt 0.598132 0.746488
vt 0.589838 0.764688
vt 0.580337 0.781345
vt 0.569587 0.796183
vt 0.557590 0.808904
vt 0.544421 0.819208
vt 0.530244 0.826812
vt 0.515321 0.831479
vt 0.500000 0.833054
vt 0.500000 0.238797
vt 0.485041 0.240334
vt 0.514959 0.240334
vt 0.529542 0.244893
vt 0.543418 0.252326
vt 0.556334 0.262409
vt 0.568130 0.274873
vt 0.578727 0.289429
vt 0.588116 0.305791
vt 0.596333 0.323690
vt 0.603442 0.342882
vt 0.609520 0.363152
vt 0.614646 0.384310
vt 0.618894 0.406190
vt 0.622331 0.428649
vt 0.625014 0.451559
vt 0.626986 0.474807
vt 0.628283 0.498289
vt 0.628925 0.521909
vt 0.628925 0.545574
vt 0.628283 0.569194
vt 0.626986 0.592676
vt 0.625014 0.615924
vt 0.622331 0.638834
vt 0.618894 0.661293
vt 0.614646 0.683173
vt 0.609520 0.704331
vt 0.603442 0.724601
vt 0.596333 0.743793
vt 0.588116 0.761692
vt 0.578727 0.778054
vt 0.568130 0.792610
vt 0.556334 0.805074
vt 0.543418 0.815157
vt 0.529542 0.822590
vt 0.514959 0.827149
vt 0.500000 0.828686
vt 0.484679 0.831479
vt 0.500000 0.243341
vt 0.485408 0.244840
vt 0.514592 0.244840
vt 0.528829 0.249289
vt 0.542396 0.256548
vt 0.555053 0.266406
vt 0.566640 0.278605
vt 0.577077 0.292872
vt 0.586347 0.308928
vt 0.594480 0.326515
vt 0.601533 0.345393
vt 0.607574 0.365351
vt 0.612677 0.386201
vt 0.616913 0.407779
vt 0.620345 0.429941
vt 0.623025 0.452558
vt 0.624997 0.475518
vt 0.626294 0.498714
vt 0.626938 0.522050
vt 0.626938 0.545433
vt 0.626294 0.568769
vt 0.624997 0.591965
vt 0.623025 0.614925
vt 0.620345 0.637542
vt 0.616913 0.659704
vt 0.612677 0.681282
vt 0.607574 0.702132
vt 0.601533 0.722090
vt 0.594480 0.740968
vt 0.586347 0.758555
vt 0.577077 0.774611
vt 0.566640 0.788877
vt 0.555053 0.801077
vt 0.542396 0.810935
vt 0.528829 0.818194
vt 0.514592 0.822643
vt 0.500000 0.824142
vt 0.485041 0.827149
vt 0.500000 0.247954
vt 0.492433 0.248366
vt 0.515083 0.249598
vt 0.507567 0.248366
vt 0.529768 0.254472
vt 0.522499 0.251640
vt 0.543706 0.262411
vt 0.536849 0.258072
vt 0.556634 0.273167
vt 0.550309 0.267454
vt 0.568385 0.286443
vt 0.562663 0.279509
vt 0.578882 0.301921
vt 0.573792 0.293926
vt 0.588118 0.319290
vt 0.583656 0.310388
vt 0.596135 0.338257
vt 0.592276 0.328591
vt 0.599707 0.348256
vt 0.606026 0.369133
vt 0.603000 0.358557
vt 0.611312 0.391003
vt 0.608793 0.379956
vt 0.615644 0.413673
vt 0.613593 0.402249
vt 0.619091 0.436977
vt 0.617474 0.425256
vt 0.621710 0.460764
vt 0.620501 0.448818
vt 0.623549 0.484901
vt 0.622725 0.472796
vt 0.624639 0.509265
vt 0.624186 0.497062
vt 0.625000 0.533741
vt 0.624910 0.521496
vt 0.624910 0.545987
vt 0.624186 0.570421
vt 0.624639 0.558218
vt 0.622725 0.594687
vt 0.623549 0.582582
vt 0.620501 0.618665
vt 0.621710 0.606719
vt 0.617474 0.642227
vt 0.619091 0.630506
vt 0.613593 0.665234
vt 0.615644 0.653810
vt 0.608793 0.687527
vt 0.611312 0.676480
vt 0.603000 0.708926
vt 0.606026 0.698350
vt 0.596135 0.729226
vt 0.599707 0.719227
vt 0.592276 0.738892
vt 0.583656 0.757095
vt 0.588118 0.748193
vt 0.573792 0.773556
vt 0.578882 0.765562
vt 0.562663 0.787974
vt 0.568385 0.781040
vt 0.550309 0.800029
vt 0.556634 0.794316
vt 0.536849 0.809411
vt 0.543706 0.805072
vt 0.522499 0.815843
vt 0.529768 0.813011
vt 0.507567 0.819117
vt 0.515083 0.817885
vt 0.500000 0.819529
vt 0.485408 0.822643
vt 0.500000 0.252581
vt 0.485722 0.254092
vt 0.514278 0.254092
vt 0.528211 0.258574
vt 0.541495 0.265889
vt 0.553891 0.275828
vt 0.565242 0.288135
vt 0.575465 0.302534
vt 0.584540 0.318748
vt 0.592489 0.336512
vt 0.599363 0.355586
vt 0.605228 0.375751
vt 0.610150 0.396816
vt 0.614196 0.418610
vt 0.617424 0.440982
vt 0.619882 0.463799
vt 0.621610 0.486939
vt 0.622636 0.510289
vt 0.622976 0.533741
vt 0.622636 0.557194
vt 0.621610 0.580544
vt 0.619882 0.603683
vt 0.617424 0.626500
vt 0.614196 0.648873
vt 0.610150 0.670667
vt 0.605228 0.691732
vt 0.599363 0.711897
vt 0.592489 0.730971
vt 0.584540 0.748735
vt 0.575465 0.764949
vt 0.565242 0.779347
vt 0.553891 0.791655
vt 0.541495 0.801594
vt 0.528211 0.808909
vt 0.514278 0.813391
vt 0.492433 0.819117
vt 0.500000 0.814901
vt 0.469756 0.826812
vt 0.455579 0.819208
vt 0.442410 0.808904
vt 0.430413 0.796183
vt 0.419663 0.781345
vt 0.410162 0.764688
vt 0.401868 0.746488
vt 0.394708 0.726993
vt 0.388598 0.706424
vt 0.383453 0.684972
vt 0.379196 0.662803
vt 0.375755 0.640061
vt 0.373072 0.616872
vt 0.371101 0.593350
vt 0.369806 0.569597
vt 0.369164 0.545708
vt 0.369164 0.521775
vt 0.369806 0.497886
vt 0.371101 0.474133
vt 0.373072 0.450611
vt 0.375755 0.427422
vt 0.379196 0.404680
vt 0.383453 0.382511
vt 0.388598 0.361059
vt 0.394708 0.340490
vt 0.401868 0.320995
vt 0.410162 0.302795
vt 0.419663 0.286138
vt 0.430413 0.271300
vt 0.442410 0.258579
vt 0.455579 0.248275
vt 0.469756 0.240671
vt 0.470458 0.822590
vt 0.456582 0.815157
vt 0.443666 0.805074
vt 0.431870 0.792610
vt 0.421273 0.778054
vt 0.411884 0.761692
vt 0.403667 0.743793
vt 0.396558 0.724601
vt 0.390480 0.704331
vt 0.385354 0.683173
vt 0.381106 0.661293
vt 0.377669 0.638834
vt 0.374986 0.615924
vt 0.373014 0.592676
vt 0.371717 0.569194
vt 0.371075 0.545574
vt 0.371075 0.521909
vt 0.371717 0.498289
vt 0.373014 0.474807
vt 0.374986 0.451559
vt 0.377669 0.428649
vt 0.381106 0.406190
vt 0.385354 0.384310
vt 0.390480 0.363152
vt 0.396558 0.342882
vt 0.403667 0.323690
vt 0.411884 0.305791
vt 0.421273 0.289429
vt 0.431870 0.274873
vt 0.443666 0.262409
vt 0.456582 0.252326
vt 0.470458 0.244893
vt 0.471171 0.818194
vt 0.457604 0.810935
vt 0.444947 0.801077
vt 0.433360 0.788877
vt 0.422923 0.774611
vt 0.413653 0.758555
vt 0.405520 0.740968
vt 0.398467 0.722090
vt 0.392426 0.702132
vt 0.387323 0.681282
vt 0.383087 0.659704
vt 0.379655 0.637542
vt 0.376975 0.614925
vt 0.375003 0.591965
vt 0.373706 0.568769
vt 0.373062 0.545433
vt 0.373062 0.522050
vt 0.373706 0.498714
vt 0.375003 0.475518
vt 0.376975 0.452558
vt 0.379655 0.429941
vt 0.383087 0.407779
vt 0.387323 0.386201
vt 0.392426 0.365351
vt 0.398467 0.345393
vt 0.405520 0.326515
vt 0.413653 0.308928
vt 0.422923 0.292872
vt 0.433360 0.278605
vt 0.444947 0.266406
vt 0.457604 0.256548
vt 0.471171 0.249289
vt 0.484917 0.817885
vt 0.470232 0.813011
vt 0.477501 0.815843
vt 0.456294 0.805072
vt 0.463151 0.809411
vt 0.443366 0.794316
vt 0.449691 0.800029
vt 0.431615 0.781040
vt 0.437337 0.787974
vt 0.421118 0.765562
vt 0.426208 0.773556
vt 0.411882 0.748193
vt 0.416344 0.757095
vt 0.403865 0.729226
vt 0.407724 0.738892
vt 0.400293 0.719227
vt 0.393974 0.698350
vt 0.397000 0.708926
vt 0.388688 0.676480
vt 0.391207 0.687527
vt 0.384356 0.653810
vt 0.386407 0.665234
vt 0.380909 0.630506
vt 0.382526 0.642227
vt 0.378290 0.606719
vt 0.379499 0.618665
vt 0.376451 0.582582
vt 0.377275 0.594687
vt 0.375361 0.558218
vt 0.375814 0.570421
vt 0.375000 0.533741
vt 0.375090 0.545987
vt 0.375090 0.521496
vt 0.375814 0.497062
vt 0.375361 0.509265
vt 0.377275 0.472796
vt 0.376451 0.484901
vt 0.379499 0.448818
vt 0.378290 0.460764
vt 0.382526 0.425256
vt 0.380909 0.436977
vt 0.386407 0.402249
vt 0.384356 0.413673
vt 0.391207 0.379956
vt 0.388688 0.391003
vt 0.397000 0.358557
vt 0.393974 0.369133
vt 0.403865 0.338257
vt 0.400293 0.348256
vt 0.407724 0.328591
vt 0.416344 0.310388
vt 0.411882 0.319290
vt 0.426208 0.293926
vt 0.421118 0.301921
vt 0.437337 0.279509
vt 0.431615 0.286443
vt 0.449691 0.267454
vt 0.443366 0.273167
vt 0.463151 0.258072
vt 0.456294 0.262411
vt 0.477501 0.251640
vt 0.470232 0.254472
vt 0.484917 0.249598
vt 0.485722 0.813391
vt 0.471789 0.808909
vt 0.458505 0.801594
vt 0.446109 0.791655
vt 0.434758 0.779347
vt 0.424535 0.764949
vt 0.415460 0.748735
vt 0.407511 0.730971
vt 0.400637 0.711897
vt 0.394772 0.691732
vt 0.389850 0.670667
vt 0.385804 0.648873
vt 0.382576 0.626500
vt 0.380118 0.603683
vt 0.378390 0.580544
vt 0.377364 0.557194
vt 0.377024 0.533741
vt 0.377364 0.510289
vt 0.378390 0.486939
vt 0.380118 0.463799
vt 0.382576 0.440982
vt 0.385804 0.418610
vt 0.389850 0.396816
vt 0.394772 0.375751
vt 0.400637 0.355586
vt 0.407511 0.336512
vt 0.415460 0.318748
vt 0.424535 0.302534
vt 0.434758 0.288135
vt 0.446109 0.275828
vt 0.458505 0.265889
vt 0.471789 0.258574
vt 0.500000 0.269334
vt 0.500000 0.798149
vt 0.493062 0.797759
vt 0.486705 0.800481
vt 0.506938 0.269724
vt 0.500000 0.801888
vt 0.506943 0.797759
vt 0.493057 0.269724
vt 0.486167 0.796594
vt 0.486160 0.270891
vt 0.479356 0.794662
vt 0.473704 0.796304
vt 0.479350 0.272823
vt 0.472672 0.791980
vt 0.472667 0.275505
vt 0.466145 0.788566
vt 0.461260 0.789472
vt 0.466141 0.278919
vt 0.459807 0.784445
vt 0.459803 0.283040
vt 0.453687 0.779647
vt 0.449584 0.780165
vt 0.453684 0.287839
vt 0.447810 0.774205
vt 0.447807 0.293281
vt 0.442193 0.768155
vt 0.438826 0.768605
vt 0.442190 0.299332
vt 0.436846 0.761529
vt 0.436843 0.305959
vt 0.431776 0.754360
vt 0.429071 0.755034
vt 0.431772 0.313129
vt 0.426990 0.746687
vt 0.426986 0.320801
vt 0.422490 0.738549
vt 0.420354 0.739701
vt 0.422487 0.328940
vt 0.418278 0.729984
vt 0.418275 0.337506
vt 0.414345 0.721017
vt 0.412668 0.722848
vt 0.414342 0.346473
vt 0.410688 0.711681
vt 0.410686 0.355809
vt 0.407302 0.702010
vt 0.405982 0.704699
vt 0.407299 0.365481
vt 0.404180 0.692038
vt 0.400248 0.685460
vt 0.404178 0.375455
vt 0.401316 0.681791
vt 0.401313 0.385704
vt 0.398699 0.671292
vt 0.395413 0.665317
vt 0.398696 0.396203
vt 0.396323 0.660565
vt 0.396321 0.406928
vt 0.394181 0.649638
vt 0.391423 0.644436
vt 0.394180 0.417854
vt 0.392266 0.638533
vt 0.392265 0.428959
vt 0.390572 0.627272
vt 0.388230 0.622966
vt 0.390570 0.440221
vt 0.389091 0.615874
vt 0.389090 0.451621
vt 0.387819 0.604357
vt 0.385792 0.601043
vt 0.387818 0.463136
vt 0.386751 0.592740
vt 0.386751 0.474747
vt 0.385883 0.581040
vt 0.384075 0.578788
vt 0.385211 0.498204
vt 0.385211 0.569267
vt 0.385883 0.486439
vt 0.384733 0.510018
vt 0.384732 0.557445
vt 0.383054 0.556318
vt 0.384447 0.521864
vt 0.384446 0.545593
vt 0.384351 0.533727
vt 0.382716 0.533741
vt 0.383054 0.511165
vt 0.384075 0.488695
vt 0.385792 0.466440
vt 0.388230 0.444517
vt 0.391423 0.423047
vt 0.395413 0.402166
vt 0.400248 0.382023
vt 0.405982 0.362784
vt 0.412668 0.344635
vt 0.420354 0.327782
vt 0.429071 0.312449
vt 0.438826 0.298878
vt 0.449584 0.287318
vt 0.461260 0.278011
vt 0.473704 0.271179
vt 0.486705 0.267001
vt 0.500000 0.265595
vt 0.513295 0.267001
vt 0.500000 0.261492
vt 0.513598 0.262930
vt 0.486402 0.262930
vt 0.473113 0.267202
vt 0.460409 0.274183
vt 0.448508 0.283686
vt 0.437563 0.295479
vt 0.427660 0.309308
vt 0.418828 0.324917
vt 0.411057 0.342056
vt 0.404309 0.360496
vt 0.398531 0.380028
vt 0.393666 0.400463
vt 0.389656 0.421634
vt 0.386451 0.443390
vt 0.384005 0.465599
vt 0.382283 0.488135
vt 0.381260 0.510885
vt 0.380921 0.533741
vt 0.381260 0.556598
vt 0.382283 0.579348
vt 0.384005 0.601884
vt 0.386451 0.624093
vt 0.389656 0.645849
vt 0.393666 0.667020
vt 0.398531 0.687455
vt 0.404309 0.706987
vt 0.411057 0.725427
vt 0.418828 0.742566
vt 0.427660 0.758175
vt 0.437563 0.772004
vt 0.448508 0.783797
vt 0.460409 0.793300
vt 0.473113 0.800281
vt 0.486402 0.804553
vt 0.500000 0.805991
vt 0.513295 0.800481
vt 0.500000 0.810358
vt 0.513927 0.808885
vt 0.486073 0.808885
vt 0.472471 0.804511
vt 0.459485 0.797368
vt 0.447343 0.787653
vt 0.436200 0.775610
vt 0.426139 0.761503
vt 0.417187 0.745599
vt 0.409327 0.728154
vt 0.402515 0.709403
vt 0.396694 0.689561
vt 0.391799 0.668816
vt 0.387771 0.647339
vt 0.384553 0.625279
vt 0.382101 0.602771
vt 0.380375 0.579938
vt 0.379351 0.556892
vt 0.379011 0.533741
vt 0.379351 0.510591
vt 0.380375 0.487545
vt 0.382101 0.464712
vt 0.384553 0.442204
vt 0.387771 0.420144
vt 0.391799 0.398667
vt 0.396694 0.377922
vt 0.402515 0.358080
vt 0.409327 0.339329
vt 0.417187 0.321884
vt 0.426139 0.305980
vt 0.436200 0.291873
vt 0.447343 0.279830
vt 0.459485 0.270115
vt 0.472471 0.262972
vt 0.486073 0.258598
vt 0.500000 0.257125
vt 0.513927 0.258598
vt 0.513598 0.804553
vt 0.513833 0.270889
vt 0.513840 0.796592
vt 0.520644 0.272821
vt 0.520650 0.794660
vt 0.527328 0.275503
vt 0.527333 0.791978
vt 0.526296 0.796304
vt 0.533855 0.278917
vt 0.533859 0.788564
vt 0.540193 0.283038
vt 0.540197 0.784443
vt 0.538740 0.789472
vt 0.546313 0.287836
vt 0.546316 0.779644
vt 0.552190 0.293278
vt 0.552193 0.774202
vt 0.550416 0.780165
vt 0.557807 0.299328
vt 0.557810 0.768151
vt 0.563154 0.305954
vt 0.563157 0.761524
vt 0.561174 0.768605
vt 0.568224 0.313123
vt 0.568228 0.754354
vt 0.573010 0.320796
vt 0.573014 0.746682
vt 0.570929 0.755034
vt 0.577510 0.328934
vt 0.577513 0.738543
vt 0.581722 0.337499
vt 0.581725 0.729977
vt 0.579646 0.739701
vt 0.585655 0.346466
vt 0.585658 0.721010
vt 0.589312 0.355802
vt 0.589314 0.711674
vt 0.587332 0.722848
vt 0.592698 0.365473
vt 0.592701 0.702002
vt 0.594018 0.704699
vt 0.595820 0.375445
vt 0.595822 0.692028
vt 0.598684 0.385692
vt 0.598687 0.681779
vt 0.599752 0.685460
vt 0.601301 0.396191
vt 0.601304 0.671280
vt 0.603677 0.406918
vt 0.603679 0.660555
vt 0.604587 0.665317
vt 0.605819 0.417845
vt 0.605820 0.649629
vt 0.607734 0.428950
vt 0.607735 0.638524
vt 0.608577 0.644436
vt 0.609428 0.440211
vt 0.609430 0.627262
vt 0.610909 0.451609
vt 0.610910 0.615862
vt 0.611770 0.622966
vt 0.612181 0.463126
vt 0.612182 0.604347
vt 0.613249 0.474743
vt 0.613249 0.592736
vt 0.614208 0.601043
vt 0.614117 0.486443
vt 0.614117 0.581044
vt 0.614789 0.569279
vt 0.615925 0.578788
vt 0.614789 0.498216
vt 0.615267 0.557465
vt 0.615268 0.510038
vt 0.615553 0.545619
vt 0.616946 0.556318
vt 0.615554 0.521890
vt 0.615649 0.533756
vt 0.617284 0.533741
vt 0.616946 0.511165
vt 0.615925 0.488695
vt 0.614208 0.466440
vt 0.611770 0.444517
vt 0.608577 0.423047
vt 0.604587 0.402166
vt 0.599752 0.382023
vt 0.594018 0.362784
vt 0.587332 0.344635
vt 0.579646 0.327782
vt 0.570929 0.312449
vt 0.561174 0.298878
vt 0.550416 0.287318
vt 0.538740 0.278011
vt 0.526296 0.271179
vt 0.526887 0.800281
vt 0.539591 0.793300
vt 0.551492 0.783797
vt 0.562437 0.772004
vt 0.572340 0.758175
vt 0.581172 0.742566
vt 0.588943 0.725427
vt 0.595691 0.706987
vt 0.601469 0.687455
vt 0.606334 0.667020
vt 0.610344 0.645849
vt 0.613549 0.624093
vt 0.615995 0.601884
vt 0.617717 0.579348
vt 0.618740 0.556598
vt 0.619079 0.533741
vt 0.618740 0.510885
vt 0.617717 0.488135
vt 0.615995 0.465599
vt 0.613549 0.443390
vt 0.610344 0.421634
vt 0.606334 0.400463
vt 0.601469 0.380028
vt 0.595691 0.360496
vt 0.588943 0.342056
vt 0.581172 0.324917
vt 0.572340 0.309308
vt 0.562437 0.295479
vt 0.551492 0.283686
vt 0.539591 0.274183
vt 0.526887 0.267202
vt 0.527529 0.262972
vt 0.540515 0.270115
vt 0.552657 0.279830
vt 0.563800 0.291873
vt 0.573861 0.305980
vt 0.582813 0.321884
vt 0.590673 0.339329
vt 0.597485 0.358080
vt 0.603306 0.377922
vt 0.608201 0.398667
vt 0.612229 0.420144
vt 0.615447 0.442204
vt 0.617899 0.464712
vt 0.619625 0.487545
vt 0.620649 0.510591
vt 0.620989 0.533741
vt 0.620649 0.556892
vt 0.619625 0.579938
vt 0.617899 0.602771
vt 0.615447 0.625279
vt 0.612229 0.647339
vt 0.608201 0.668816
vt 0.603306 0.689561
vt 0.597485 0.709403
vt 0.590673 0.728154
vt 0.582813 0.745599
vt 0.573861 0.761503
vt 0.563800 0.775610
vt 0.552657 0.787653
vt 0.540515 0.797368
vt 0.527529 0.804511
vt 0.000000 0.269334
vt 0.000000 0.798149
vt 0.993062 0.797759
vt 0.986704 0.800493
vt 0.006938 0.269724
vt 1.000000 0.801899
vt 0.006943 0.797759
vt 0.993057 0.269724
vt 0.986167 0.796594
vt 0.986160 0.270891
vt 0.979356 0.794662
vt 0.973702 0.796315
vt 0.979350 0.272823
vt 0.972672 0.791980
vt 0.972667 0.275505
vt 0.966145 0.788566
vt 0.961257 0.789483
vt 0.966141 0.278919
vt 0.959807 0.784445
vt 0.959803 0.283040
vt 0.953687 0.779647
vt 0.949581 0.780176
vt 0.953684 0.287839
vt 0.947810 0.774205
vt 0.947807 0.293281
vt 0.942193 0.768155
vt 0.938822 0.768614
vt 0.942190 0.299332
vt 0.936846 0.761529
vt 0.936843 0.305959
vt 0.931776 0.754360
vt 0.929067 0.755043
vt 0.931772 0.313129
vt 0.926990 0.746687
vt 0.926986 0.320801
vt 0.922490 0.738549
vt 0.920350 0.739709
vt 0.922487 0.328940
vt 0.918278 0.729984
vt 0.918275 0.337506
vt 0.914345 0.721017
vt 0.912664 0.722855
vt 0.914342 0.346473
vt 0.910688 0.711681
vt 0.910686 0.355809
vt 0.907302 0.702010
vt 0.905977 0.704705
vt 0.907299 0.365481
vt 0.904180 0.692038
vt 0.900243 0.685466
vt 0.904178 0.375455
vt 0.901316 0.681791
vt 0.901313 0.385704
vt 0.898699 0.671292
vt 0.895408 0.665322
vt 0.898696 0.396203
vt 0.896323 0.660565
vt 0.896321 0.406928
vt 0.894181 0.649638
vt 0.891418 0.644440
vt 0.894180 0.417854
vt 0.892266 0.638533
vt 0.892265 0.428959
vt 0.890572 0.627272
vt 0.888225 0.622970
vt 0.890570 0.440221
vt 0.889091 0.615874
vt 0.889090 0.451621
vt 0.887819 0.604357
vt 0.885787 0.601045
vt 0.887818 0.463136
vt 0.886751 0.592740
vt 0.886751 0.474747
vt 0.885883 0.581040
vt 0.884070 0.578790
vt 0.885211 0.498204
vt 0.885211 0.569267
vt 0.885883 0.486439
vt 0.884733 0.510018
vt 0.884732 0.557445
vt 0.883049 0.556319
vt 0.884447 0.521864
vt 0.884446 0.545593
vt 0.884351 0.533727
vt 0.882711 0.533741
vt 0.883049 0.511164
vt 0.884070 0.488693
vt 0.885787 0.466438
vt 0.888225 0.444513
vt 0.891418 0.423043
vt 0.895408 0.402161
vt 0.900243 0.382017
vt 0.905977 0.362778
vt 0.912664 0.344628
vt 0.920350 0.327774
vt 0.929067 0.312440
vt 0.938822 0.298869
vt 0.949581 0.287307
vt 0.961257 0.278000
vt 0.973702 0.271168
vt 0.986704 0.266990
vt 0.000000 0.265584
vt 0.013296 0.266990
vt 0.000000 0.261479
vt 0.013599 0.262918
vt 0.986401 0.262918
vt 0.973111 0.267189
vt 0.960406 0.274171
vt 0.948505 0.283675
vt 0.937559 0.295468
vt 0.927656 0.309298
vt 0.918823 0.324908
vt 0.911052 0.342048
vt 0.904303 0.360489
vt 0.898525 0.380022
vt 0.893660 0.400458
vt 0.889651 0.421629
vt 0.886445 0.443387
vt 0.883999 0.465596
vt 0.882278 0.488133
vt 0.881255 0.510885
vt 0.880916 0.533741
vt 0.881255 0.556598
vt 0.882278 0.579350
vt 0.883999 0.601887
vt 0.886445 0.624096
vt 0.889651 0.645854
vt 0.893660 0.667025
vt 0.898525 0.687461
vt 0.904303 0.706994
vt 0.911052 0.725435
vt 0.918823 0.742575
vt 0.927656 0.758185
vt 0.937559 0.772015
vt 0.948505 0.783808
vt 0.960406 0.793312
vt 0.973111 0.800294
vt 0.986401 0.804565
vt 1.000000 0.806004
vt 0.013296 0.800493
vt 0.000000 0.257112
vt 0.013928 0.258585
vt 0.986072 0.258585
vt 0.972469 0.262959
vt 0.959483 0.270102
vt 0.947340 0.279818
vt 0.936195 0.291862
vt 0.926134 0.305970
vt 0.917182 0.321875
vt 0.909322 0.339321
vt 0.902510 0.358072
vt 0.896688 0.377916
vt 0.891793 0.398661
vt 0.887765 0.420139
vt 0.884548 0.442200
vt 0.882095 0.464709
vt 0.880369 0.487544
vt 0.879345 0.510590
vt 0.879005 0.533741
vt 0.879345 0.556893
vt 0.880369 0.579939
vt 0.882095 0.602774
vt 0.884548 0.625283
vt 0.887765 0.647344
vt 0.891793 0.668822
vt 0.896688 0.689567
vt 0.902510 0.709411
vt 0.909322 0.728162
vt 0.917182 0.745608
vt 0.926134 0.761513
vt 0.936195 0.775621
vt 0.947340 0.787665
vt 0.959483 0.797381
vt 0.972469 0.804524
vt 0.986072 0.808898
vt 1.000000 0.810371
vt 0.013599 0.804565
vt 0.013928 0.808898
vt 0.013833 0.270889
vt 0.013840 0.796592
vt 0.020644 0.272821
vt 0.020650 0.794660
vt 0.027328 0.275503
vt 0.027333 0.791978
vt 0.026298 0.796315
vt 0.033855 0.278917
vt 0.033859 0.788564
vt 0.040193 0.283038
vt 0.040197 0.784443
vt 0.038743 0.789483
vt 0.046313 0.287836
vt 0.046316 0.779644
vt 0.052190 0.293278
vt 0.052193 0.774202
vt 0.050419 0.780176
vt 0.057807 0.299328
vt 0.057810 0.768151
vt 0.063154 0.305954
vt 0.063157 0.761524
vt 0.061178 0.768614
vt 0.068224 0.313123
vt 0.068228 0.754354
vt 0.073010 0.320796
vt 0.073014 0.746682
vt 0.070933 0.755043
vt 0.077510 0.328934
vt 0.077513 0.738543
vt 0.081722 0.337499
vt 0.081725 0.729977
vt 0.079650 0.739709
vt 0.085655 0.346466
vt 0.085658 0.721010
vt 0.089312 0.355802
vt 0.089314 0.711674
vt 0.087336 0.722855
vt 0.092698 0.365473
vt 0.092701 0.702002
vt 0.094023 0.704705
vt 0.095820 0.375445
vt 0.095822 0.692028
vt 0.098684 0.385692
vt 0.098687 0.681779
vt 0.099757 0.685466
vt 0.101301 0.396191
vt 0.101304 0.671280
vt 0.103677 0.406918
vt 0.103679 0.660555
vt 0.104592 0.665322
vt 0.105819 0.417845
vt 0.105820 0.649629
vt 0.107734 0.428950
vt 0.107735 0.638524
vt 0.108582 0.644440
vt 0.109428 0.440211
vt 0.109430 0.627262
vt 0.110909 0.451609
vt 0.110910 0.615862
vt 0.111775 0.622970
vt 0.112181 0.463126
vt 0.112182 0.604347
vt 0.113249 0.474743
vt 0.113249 0.592736
vt 0.114213 0.601045
vt 0.114117 0.486443
vt 0.114117 0.581044
vt 0.114789 0.569279
vt 0.115930 0.578790
vt 0.114789 0.498216
vt 0.115267 0.557465
vt 0.115268 0.510038
vt 0.115553 0.545619
vt 0.116951 0.556319
vt 0.115554 0.521890
vt 0.115649 0.533756
vt 0.117289 0.533741
vt 0.116951 0.511164
vt 0.115930 0.488693
vt 0.114213 0.466438
vt 0.111775 0.444513
vt 0.108582 0.423043
vt 0.104592 0.402161
vt 0.099757 0.382017
vt 0.094023 0.362778
vt 0.087336 0.344628
vt 0.079650 0.327774
vt 0.070933 0.312440
vt 0.061178 0.298869
vt 0.050419 0.287307
vt 0.038743 0.278000
vt 0.026298 0.271168
vt 0.026889 0.800294
vt 0.039594 0.793312
vt 0.051495 0.783808
vt 0.062441 0.772015
vt 0.072344 0.758185
vt 0.081177 0.742575
vt 0.088948 0.725435
vt 0.095697 0.706994
vt 0.101475 0.687461
vt 0.106340 0.667025
vt 0.110349 0.645854
vt 0.113555 0.624096
vt 0.116001 0.601887
vt 0.117722 0.579350
vt 0.118745 0.556598
vt 0.119084 0.533741
vt 0.118745 0.510885
vt 0.117722 0.488133
vt 0.116001 0.465596
vt 0.113555 0.443387
vt 0.110349 0.421629
vt 0.106340 0.400458
vt 0.101475 0.380022
vt 0.095697 0.360489
vt 0.088948 0.342048
vt 0.081177 0.324908
vt 0.072344 0.309298
vt 0.062441 0.295468
vt 0.051495 0.283675
vt 0.039594 0.274171
vt 0.026889 0.267189
vt 0.027531 0.804524
vt 0.040517 0.797381
vt 0.052660 0.787665
vt 0.063805 0.775621
vt 0.073866 0.761513
vt 0.082818 0.745608
vt 0.090678 0.728162
vt 0.097490 0.709411
vt 0.103312 0.689567
vt 0.108207 0.668822
vt 0.112235 0.647344
vt 0.115452 0.625283
vt 0.117905 0.602774
vt 0.119631 0.579939
vt 0.120655 0.556893
vt 0.120995 0.533741
vt 0.120655 0.510590
vt 0.119631 0.487544
vt 0.117905 0.464709
vt 0.115452 0.442200
vt 0.112235 0.420139
vt 0.108207 0.398661
vt 0.103312 0.377916
vt 0.097490 0.358072
vt 0.090678 0.339321
vt 0.082818 0.321875
vt 0.073866 0.305970
vt 0.063805 0.291862
vt 0.052660 0.279818
vt 0.040517 0.270102
vt 0.027531 0.262959
vn -0.971400 0.106500 0.212300
vn -0.980300 0.105100 0.167100
vn -0.979900 0.105200 0.169600
vn 0.000000 -1.000000 0.000000
vn -0.000000 -1.000000 0.000100
vn -0.000000 -0.995100 0.098800
vn -0.979500 0.105100 0.171600
vn -0.000000 -0.984800 -0.173800
vn -0.000000 -0.996100 -0.087800
vn 0.000000 -1.000000 -0.000100
vn -0.970000 0.116600 0.213300
vn -0.979000 0.117200 0.166900
vn -0.986700 0.110300 0.119500
vn -0.970200 0.114300 0.213800
vn -0.980600 0.105100 0.165200
vn 0.000000 -0.984800 0.173500
vn -0.976900 0.128800 0.170200
vn -0.977500 0.129300 0.166600
vn -0.985300 0.122000 0.119400
vn -0.975100 0.127000 0.182000
vn -0.973400 0.125100 0.192000
vn -0.972000 0.123000 0.200100
vn -0.971000 0.121000 0.206400
vn -0.970300 0.118800 0.210800
vn -0.533700 0.546200 0.645600
vn -0.533200 0.552200 0.641000
vn -0.531800 0.537000 0.654900
vn -0.979000 0.130500 0.156700
vn -0.536600 0.575400 0.617300
vn -0.537300 0.591900 0.600900
vn -0.531100 0.515900 0.672200
vn -0.527100 0.478000 0.702700
vn -0.524700 0.418500 0.741300
vn -0.523400 0.415000 0.744200
vn -0.528700 0.484300 0.697100
vn -0.522100 0.349100 0.778200
vn -0.521000 0.348900 0.779000
vn -0.521000 0.277000 0.807300
vn -0.520100 0.280100 0.806800
vn -0.521800 0.202900 0.828600
vn -0.520900 0.208700 0.827700
vn -0.524600 0.127200 0.841800
vn -0.523800 0.135100 0.841100
vn -0.528000 0.061300 0.847000
vn -0.527900 0.062100 0.847000
vn -0.529300 0.057100 0.846500
vn -0.529200 0.051100 0.847000
vn -0.976300 0.101100 0.191200
vn -0.972500 0.098600 0.210900
vn -0.529300 0.057300 0.846500
vn -0.530400 0.053400 0.846100
vn -0.976300 0.101400 0.191400
vn -0.975900 0.101800 0.193200
vn -0.975700 0.102300 0.193600
vn -0.975700 0.102800 0.193300
vn -0.975900 0.103300 0.192200
vn -0.976200 0.103700 0.190500
vn -0.976600 0.104100 0.188100
vn -0.977100 0.104400 0.185100
vn -0.977800 0.104700 0.181700
vn -0.978400 0.105000 0.177900
vn -0.979200 0.105100 0.173800
vn -0.982000 0.087500 0.167300
vn -0.973600 0.090800 0.209700
vn -0.530500 0.052600 0.846000
vn -0.531600 0.049200 0.845600
vn -0.980600 0.099400 0.168700
vn -0.980300 0.099500 0.170700
vn -0.979900 0.099500 0.173000
vn -0.979500 0.099500 0.175200
vn -0.979100 0.099600 0.177200
vn -0.978700 0.099700 0.179200
vn -0.978400 0.099800 0.181100
vn -0.978000 0.099900 0.182900
vn -0.977700 0.100100 0.184700
vn -0.977400 0.100300 0.186300
vn -0.977100 0.100500 0.187700
vn -0.976800 0.100700 0.189100
vn -0.976500 0.100900 0.190200
vn -0.974500 0.082900 0.208500
vn -0.531800 0.048100 0.845500
vn -0.532600 0.044900 0.845200
vn -0.983000 0.075600 0.167500
vn -0.975400 0.075000 0.207500
vn -0.532700 0.043100 0.845200
vn -0.533500 0.040600 0.844800
vn -0.983800 0.063600 0.167700
vn -0.976100 0.067100 0.206600
vn -0.533600 0.038300 0.844900
vn -0.534300 0.036300 0.844500
vn -0.976800 0.059200 0.205800
vn -0.534400 0.033600 0.844500
vn -0.534800 0.031900 0.844400
vn -0.984500 0.051700 0.167700
vn -0.977400 0.051300 0.205100
vn -0.535200 0.029000 0.844200
vn -0.535400 0.027700 0.844100
vn -0.985000 0.039700 0.167800
vn -0.977900 0.043400 0.204500
vn -0.535800 0.024500 0.844000
vn -0.536200 0.023500 0.843800
vn -0.978300 0.035500 0.204000
vn -0.536300 0.020000 0.843800
vn -0.536600 0.019200 0.843600
vn -0.985400 0.027700 0.167900
vn -0.978700 0.027600 0.203600
vn -0.536700 0.015600 0.843700
vn -0.536900 0.014900 0.843500
vn -0.985700 0.015800 0.168000
vn -0.978900 0.019600 0.203300
vn -0.537000 0.011100 0.843500
vn -0.537200 0.010600 0.843400
vn -0.979100 0.011700 0.203100
vn -0.537600 0.006700 0.843200
vn -0.537300 0.006300 0.843400
vn -0.985800 0.003800 0.168000
vn -0.979200 0.003800 0.203100
vn -0.537400 0.002000 0.843300
vn -0.537400 0.002100 0.843300
vn -0.979200 0.003700 0.203000
vn -0.380100 -0.706400 0.597100
vn -0.380300 -0.706300 0.597100
vn -0.380500 -0.706100 0.597200
vn -0.380400 -0.706400 0.597000
vn -0.693300 -0.707100 0.138800
vn -0.692400 -0.707100 0.143400
vn -0.697100 -0.707100 0.118800
vn -0.986700 0.003800 0.162700
vn -0.697000 -0.707400 0.117500
vn -0.697700 -0.707100 0.115000
vn -0.694300 -0.707100 0.134100
vn -0.992400 0.027400 0.120200
vn -0.992500 0.003800 0.122300
vn -0.992700 0.003800 0.120200
vn -0.992600 0.015700 0.120300
vn -0.992000 0.039500 0.120100
vn -0.991500 0.051000 0.120100
vn -0.990800 0.063400 0.120000
vn -0.990000 0.074600 0.119900
vn -0.989000 0.086400 0.119800
vn -0.980900 0.099400 0.167200
vn -0.987900 0.098500 0.119700
vn -0.000100 0.984800 0.173800
vn -0.000000 0.997900 0.064400
vn 0.000000 1.000000 -0.000200
vn -0.981400 0.099500 0.164500
vn -0.000000 0.984300 0.176500
vn 0.000000 1.000000 0.000100
vn -0.000000 1.000000 0.000000
vn -0.000000 0.996100 -0.087700
vn 0.000100 0.984800 -0.173700
vn -0.000000 0.984600 -0.174900
vn 0.000000 0.965400 -0.260800
vn -0.000000 0.939700 -0.342000
vn -0.000000 0.938600 -0.345000
vn -0.000000 0.904500 -0.426600
vn -0.000000 0.866000 -0.500100
vn -0.000000 0.863200 -0.504900
vn -0.000000 0.815200 -0.579200
vn -0.000000 0.765900 -0.643000
vn -0.000000 0.760800 -0.649000
vn 0.000000 0.700500 -0.713600
vn -0.000000 0.642800 -0.766100
vn 0.000000 0.634900 -0.772600
vn 0.000000 0.564200 -0.825600
vn -0.000000 0.500000 -0.866000
vn 0.000000 0.489500 -0.872000
vn 0.000000 0.411200 -0.911500
vn -0.000100 0.342100 -0.939700
vn -0.000000 0.329900 -0.944000
vn -0.000400 0.173500 -0.984800
vn 0.000000 0.161000 -0.987000
vn -0.000000 -0.000300 -1.000000
vn 0.000000 -0.011800 -0.999900
vn -0.000300 -0.173900 -0.984800
vn 0.000000 -0.183500 -0.983000
vn -0.000300 -0.342100 -0.939700
vn 0.000000 -0.349200 -0.937100
vn -0.000200 -0.499900 -0.866100
vn 0.000100 -0.504700 -0.863300
vn 0.000200 -0.642400 -0.766400
vn 0.000000 -0.644700 -0.764400
vn -0.000100 -0.765800 -0.643100
vn 0.000000 -0.766300 -0.642500
vn 0.000000 -0.865500 -0.500900
vn -0.000000 -0.865900 -0.500200
vn -0.000000 -0.939200 -0.343400
vn -0.000000 -0.939600 -0.342200
vn 0.000000 -0.984600 -0.174800
vn -0.981300 0.105000 0.161100
vn -0.000000 -0.984800 0.173600
vn 0.000000 -0.939700 0.342000
vn -0.982000 0.104700 0.157200
vn -0.000000 -0.866000 0.500100
vn -0.000000 -0.865900 0.500200
vn -0.982600 0.104500 0.153600
vn -0.000000 -0.766000 0.642900
vn 0.000000 -0.765800 0.643100
vn -0.983100 0.104100 0.150600
vn -0.000000 -0.642700 0.766100
vn 0.000000 -0.642500 0.766300
vn -0.983500 0.103700 0.148100
vn -0.000000 -0.500100 0.866000
vn -0.983800 0.103300 0.146200
vn 0.000000 -0.342800 0.939400
vn -0.984100 0.102800 0.145000
vn -0.000000 -0.342100 0.939700
vn 0.000000 -0.175700 0.984500
vn -0.984200 0.102300 0.144600
vn -0.000100 -0.173600 0.984800
vn 0.000000 -0.003700 1.000000
vn -0.984200 0.101800 0.144900
vn -0.000100 0.000200 1.000000
vn 0.000000 0.167800 0.985800
vn -0.984100 0.101300 0.146000
vn -0.000200 0.173800 0.984800
vn 0.000000 0.333900 0.942600
vn -0.983900 0.100900 0.147700
vn -0.000200 0.342100 0.939700
vn -0.000000 0.493100 0.870000
vn -0.983600 0.100500 0.150000
vn -0.000200 0.499800 0.866100
vn 0.000000 0.637100 0.770800
vn -0.983100 0.100100 0.153000
vn 0.000300 0.642400 0.766300
vn 0.000000 0.761600 0.648000
vn -0.982600 0.099800 0.156400
vn 0.000100 0.765700 0.643200
vn -0.000000 0.863000 0.505200
vn -0.982300 0.099700 0.158400
vn -0.000200 0.865900 0.500300
vn -0.000000 0.904000 0.427600
vn -0.982000 0.099600 0.160300
vn -0.000000 0.938000 0.346500
vn -0.981700 0.099600 0.162400
vn -0.000100 0.939600 0.342200
vn -0.000000 0.964900 0.262600
vn -0.700000 -0.707000 0.100800
vn -0.701800 -0.707100 0.086400
vn -0.702000 -0.707100 0.085000
vn -0.996700 0.003800 0.081600
vn -0.702100 -0.707100 0.084100
vn -0.704700 -0.707100 0.057700
vn -0.997300 0.015700 0.072200
vn -0.997400 0.003800 0.072200
vn -0.997000 0.028000 0.072100
vn -0.996600 0.040200 0.072100
vn -0.996000 0.051800 0.072200
vn -0.995300 0.064400 0.072000
vn -0.994500 0.076500 0.071900
vn -0.993500 0.088600 0.071900
vn -0.992300 0.100700 0.071800
vn -0.991000 0.112700 0.071700
vn -0.983200 0.133500 0.124600
vn -0.983800 0.133900 0.119200
vn -0.989600 0.124500 0.071600
vn -0.981100 0.132100 0.141400
vn -0.551900 0.700400 0.452700
vn -0.551000 0.699800 0.454700
vn -0.549200 0.687400 0.475300
vn -0.985200 0.134700 0.106400
vn -0.555100 0.726600 0.405000
vn -0.549200 0.678000 0.488500
vn -0.543200 0.642400 0.540600
vn -0.542800 0.629700 0.555800
vn -0.545700 0.654800 0.522900
vn -0.539600 0.603200 0.587300
vn -0.992000 0.123600 -0.024100
vn -0.991000 0.133500 0.004200
vn -0.991100 0.133400 -0.000000
vn 0.000000 1.000000 -0.000100
vn 0.000000 0.985700 -0.168500
vn -0.991000 0.133500 -0.004200
vn 0.000000 0.984800 0.173900
vn -0.000000 0.985700 0.168500
vn -0.991000 0.133600 0.008400
vn -0.000300 0.984800 -0.173600
vn 0.000000 0.943100 -0.332400
vn -0.990900 0.133800 0.012300
vn -0.000400 0.939700 -0.342000
vn 0.000000 0.873400 -0.487100
vn -0.990800 0.134000 0.015800
vn 0.000000 0.778200 -0.628100
vn -0.990700 0.134400 0.019000
vn 0.000000 0.660100 -0.751200
vn -0.990700 0.134600 0.021100
vn -0.000100 0.642700 -0.766100
vn 0.000000 0.522500 -0.852700
vn -0.990500 0.135200 0.023400
vn -0.000100 0.500000 -0.866000
vn -0.000000 0.369300 -0.929300
vn -0.992100 0.123200 0.023700
vn -0.990500 0.135300 0.023800
vn -0.000100 0.342100 -0.939600
vn -0.000000 0.330100 -0.944000
vn -0.988100 0.136400 0.071500
vn -0.990400 0.135700 0.024700
vn -0.000000 0.205000 -0.978800
vn -0.993500 0.111500 -0.024100
vn -0.993500 0.111400 0.023800
vn -0.994700 0.099600 -0.024100
vn -0.994800 0.099500 0.023800
vn -0.995900 0.087600 -0.024200
vn -0.995900 0.087500 0.023800
vn -0.996800 0.075700 -0.024200
vn -0.996900 0.075600 0.023900
vn -0.997700 0.063700 -0.024200
vn -0.997700 0.063600 0.023900
vn -0.998400 0.051700 -0.024200
vn -0.998400 0.051700 0.023900
vn -0.998900 0.039800 -0.024300
vn -0.998900 0.039700 0.023900
vn -0.999300 0.027800 -0.024300
vn -0.999300 0.027700 0.024000
vn -0.999600 0.016000 -0.024200
vn -0.999600 0.015900 0.024000
vn -1.000000 0.003800 0.000000
vn -0.999700 0.003800 0.024000
vn -0.999700 0.003800 -0.024300
vn -0.706900 -0.707100 0.016800
vn -0.706900 -0.707100 0.016900
vn -0.707100 -0.707100 -0.000100
vn -0.999200 0.003800 0.040800
vn -0.706300 -0.707100 0.033700
vn -0.706500 -0.707100 0.028900
vn -0.707100 -0.707100 -0.000000
vn -0.706900 -0.707100 -0.017200
vn -0.999200 0.003800 -0.040800
vn -0.706900 -0.707100 -0.016900
vn -0.706500 -0.707100 -0.028900
vn -0.997200 0.016000 -0.072500
vn -0.997400 0.003800 -0.072500
vn -0.997000 0.028000 -0.072400
vn -0.996600 0.040200 -0.072400
vn -0.996000 0.052300 -0.072300
vn -0.995300 0.064400 -0.072300
vn -0.994500 0.076500 -0.072200
vn -0.993500 0.088600 -0.072200
vn -0.992300 0.100600 -0.072100
vn -0.991000 0.112700 -0.072000
vn -0.990500 0.135200 -0.023500
vn -0.990500 0.135500 -0.024100
vn -0.989600 0.124700 -0.071900
vn -0.990600 0.134800 -0.021500
vn -0.990700 0.134400 -0.019000
vn -0.990800 0.134100 -0.015800
vn -0.990900 0.133800 -0.012300
vn -0.991000 0.133600 -0.008400
vn -0.000000 0.342200 0.939600
vn 0.000000 0.289300 0.957200
vn 0.000000 0.369300 0.929300
vn -0.990400 0.135700 -0.024800
vn 0.000000 0.173900 0.984800
vn 0.000000 0.205000 0.978800
vn -0.000100 0.499800 0.866100
vn 0.000000 0.522500 0.852700
vn 0.000000 0.642500 0.766300
vn 0.000000 0.660100 0.751200
vn -0.000300 0.765800 0.643100
vn -0.000000 0.778100 0.628100
vn -0.000100 0.865900 0.500200
vn 0.000000 0.873400 0.487100
vn -0.000000 0.943100 0.332500
vn -0.990400 0.136200 0.025300
vn -0.000100 0.173500 -0.984800
vn 0.000000 0.034800 -0.999400
vn -0.988400 0.136700 0.066100
vn -0.990300 0.136600 0.025100
vn 0.000000 -0.136100 -0.990700
vn -0.989000 0.136900 0.055400
vn -0.990300 0.137100 0.024100
vn -0.000100 -0.173900 -0.984800
vn -0.000000 -0.302700 -0.953100
vn -0.989500 0.137300 0.044600
vn -0.990300 0.137200 0.023700
vn -0.000000 -0.337100 -0.941500
vn -0.990200 0.137600 0.023700
vn -0.990200 0.137600 0.022500
vn -0.000100 -0.342100 -0.939600
vn -0.000000 -0.460100 -0.887900
vn -0.569500 0.811600 0.129900
vn -0.570300 0.816400 0.090200
vn -0.568300 0.805300 0.169100
vn -0.570400 0.816700 0.087000
vn -0.570400 0.816900 0.085200
vn -0.566700 0.795200 0.215400
vn -0.566400 0.796700 0.210800
vn -0.568200 0.804500 0.173000
vn -0.564800 0.784100 0.257200
vn -0.564900 0.786000 0.251100
vn -0.563800 0.779900 0.271800
vn -0.986900 0.135800 0.086800
vn -0.562600 0.771000 0.298200
vn -0.560400 0.759700 0.329800
vn -0.705400 -0.707000 0.050400
vn -0.705300 -0.707100 0.051100
vn -0.703900 -0.707100 0.067300
vn -0.000100 -0.499800 -0.866100
vn -0.000000 -0.581300 -0.813700
vn -0.570600 0.817600 0.077400
vn -0.557600 0.739300 0.377400
vn -0.554800 0.720700 0.415600
vn -0.560200 0.756200 0.338200
vn -0.985600 0.015800 -0.168300
vn -0.979200 0.003800 -0.202900
vn -0.979200 0.003800 -0.202800
vn -0.380300 -0.706400 -0.597000
vn -0.380700 -0.706000 -0.597200
vn -0.380300 -0.706200 -0.597200
vn -0.985700 0.003800 -0.168300
vn -0.694300 -0.707100 -0.134100
vn -0.697000 -0.707100 -0.119000
vn -0.692400 -0.707100 -0.143400
vn -0.693800 -0.706600 -0.139100
vn -0.979100 0.011700 -0.203100
vn -0.537400 0.002100 -0.843300
vn -0.537400 0.002000 -0.843300
vn -0.537300 0.006400 -0.843400
vn -0.978900 0.019600 -0.203300
vn -0.537200 0.006400 -0.843400
vn -0.537100 0.010700 -0.843400
vn -0.985400 0.027700 -0.168200
vn -0.978700 0.027600 -0.203600
vn -0.537100 0.010700 -0.843500
vn -0.536900 0.015000 -0.843500
vn -0.978300 0.035500 -0.204000
vn -0.536800 0.015100 -0.843600
vn -0.536500 0.019300 -0.843700
vn -0.985000 0.039700 -0.168200
vn -0.977900 0.043400 -0.204500
vn -0.536400 0.019400 -0.843700
vn -0.536100 0.023600 -0.843800
vn -0.984400 0.051700 -0.168000
vn -0.977400 0.051300 -0.205100
vn -0.536000 0.023700 -0.843900
vn -0.535600 0.027800 -0.844000
vn -0.976800 0.059200 -0.205800
vn -0.535400 0.028000 -0.844100
vn -0.535000 0.032100 -0.844200
vn -0.983700 0.063600 -0.167900
vn -0.976100 0.067100 -0.206600
vn -0.534800 0.032300 -0.844400
vn -0.534300 0.036400 -0.844500
vn -0.982900 0.075600 -0.167800
vn -0.975400 0.075000 -0.207500
vn -0.534300 0.036800 -0.844500
vn -0.533500 0.040600 -0.844800
vn -0.974500 0.082900 -0.208500
vn -0.533300 0.040900 -0.845000
vn -0.532700 0.044800 -0.845100
vn -0.982000 0.087500 -0.167600
vn -0.973600 0.090800 -0.209700
vn -0.532400 0.045100 -0.845300
vn -0.531600 0.048900 -0.845600
vn -0.980800 0.099500 -0.167500
vn -0.972500 0.098600 -0.210900
vn -0.530600 0.053600 -0.845900
vn -0.530300 0.053200 -0.846100
vn -0.531500 0.049500 -0.845600
vn -0.976200 0.103700 -0.190500
vn -0.971400 0.106500 -0.212300
vn -0.529200 0.057900 -0.846500
vn -0.529300 0.057200 -0.846500
vn -0.976200 0.102600 -0.191000
vn -0.975800 0.102800 -0.193200
vn -0.975700 0.102300 -0.193600
vn -0.975900 0.101800 -0.193200
vn -0.976100 0.101300 -0.192100
vn -0.976300 0.101100 -0.191200
vn -0.976500 0.100900 -0.190200
vn -0.976800 0.100700 -0.189100
vn -0.977100 0.100500 -0.187700
vn -0.977400 0.100300 -0.186300
vn -0.977700 0.100100 -0.184700
vn -0.978000 0.099900 -0.183000
vn -0.978400 0.099900 -0.181100
vn -0.978800 0.099700 -0.179200
vn -0.979100 0.099600 -0.177100
vn -0.979500 0.099600 -0.175100
vn -0.979900 0.099500 -0.173100
vn -0.980200 0.099400 -0.171000
vn -0.980700 0.099300 -0.168500
vn -0.978900 0.117200 -0.167200
vn -0.970200 0.114300 -0.213900
vn -0.528100 0.061300 -0.847000
vn -0.979900 0.105100 -0.169500
vn -0.979600 0.105000 -0.171500
vn -0.979200 0.105100 -0.173800
vn -0.978400 0.105000 -0.177900
vn -0.977800 0.104700 -0.181700
vn -0.977100 0.104500 -0.185100
vn -0.976600 0.104100 -0.188100
vn -0.970000 0.116600 -0.213300
vn -0.529200 0.051000 -0.847000
vn -0.528000 0.061300 -0.847000
vn -0.523500 0.137000 -0.840900
vn -0.527900 0.062300 -0.847000
vn -0.970300 0.118900 -0.210700
vn -0.524500 0.127300 -0.841800
vn -0.520900 0.211400 -0.827000
vn -0.977500 0.129300 -0.166900
vn -0.971000 0.121100 -0.206000
vn -0.521800 0.202900 -0.828600
vn -0.520100 0.284500 -0.805300
vn -0.522900 0.165300 -0.836200
vn -0.972100 0.123300 -0.199400
vn -0.521000 0.277000 -0.807300
vn -0.521200 0.355800 -0.775700
vn -0.973600 0.125300 -0.190700
vn -0.522100 0.349100 -0.778200
vn -0.523800 0.423500 -0.739100
vn -0.975300 0.127300 -0.180300
vn -0.524700 0.418500 -0.741300
vn -0.527700 0.487300 -0.695700
vn -0.977200 0.129500 -0.168000
vn -0.528700 0.484400 -0.697000
vn -0.532700 0.547300 -0.645500
vn -0.533100 0.551300 -0.641700
vn -0.985300 0.122200 -0.119600
vn -0.983800 0.133900 -0.119500
vn -0.979400 0.130900 -0.153900
vn -0.533800 0.546100 -0.645600
vn -0.538500 0.602000 -0.589700
vn -0.980300 0.105100 -0.167400
vn -0.986700 0.110300 -0.119800
vn -0.000000 -0.984800 -0.173900
vn 0.000000 -0.996300 -0.086000
vn -0.980600 0.105100 -0.165200
vn 0.000000 -0.984800 -0.173500
vn -0.000000 -0.996100 0.087700
vn -0.000100 -0.984800 0.173700
vn -0.000000 -0.984600 0.174700
vn -0.000000 -0.939200 0.343400
vn -0.000000 -0.865500 0.500800
vn 0.000000 -0.766300 0.642500
vn 0.000000 -0.644700 0.764400
vn -0.000100 -0.642800 0.766100
vn 0.000100 -0.504700 0.863300
vn -0.000200 -0.500100 0.866000
vn 0.000000 -0.349100 0.937100
vn -0.000300 -0.342100 0.939700
vn -0.000000 -0.183600 0.983000
vn -0.000300 -0.173600 0.984800
vn -0.000000 -0.011900 0.999900
vn -0.000400 0.000200 1.000000
vn 0.000000 0.161000 0.987000
vn -0.000400 0.173900 0.984800
vn -0.000000 0.329800 0.944000
vn -0.000400 0.342100 0.939700
vn 0.000000 0.411200 0.911500
vn 0.000000 0.489600 0.872000
vn -0.000300 0.499800 0.866100
vn -0.000000 0.564300 0.825500
vn -0.000000 0.634900 0.772600
vn 0.000200 0.642500 0.766300
vn 0.000000 0.700500 0.713700
vn -0.000000 0.760800 0.649000
vn 0.000000 0.815200 0.579100
vn 0.000000 0.863200 0.504800
vn -0.000100 0.865900 0.500300
vn 0.000000 0.904500 0.426500
vn -0.000000 0.938600 0.345000
vn -0.000100 0.939600 0.342300
vn -0.000000 0.965400 0.260900
vn 0.000000 0.984600 0.174900
vn -0.000000 0.996200 0.087600
vn 0.000000 0.998700 -0.051600
vn -0.987900 0.098500 -0.119900
vn -0.981400 0.099500 -0.164400
vn -0.000000 0.984300 -0.176400
vn -0.989000 0.086900 -0.120100
vn -0.989900 0.074600 -0.120200
vn -0.990700 0.062800 -0.120300
vn -0.991400 0.051000 -0.120400
vn -0.991900 0.039700 -0.120400
vn -0.992300 0.027400 -0.120500
vn -0.992600 0.015600 -0.120500
vn -0.986700 0.003800 -0.162700
vn -0.697000 -0.707400 -0.117500
vn -0.697700 -0.707100 -0.115100
vn -0.992500 0.003800 -0.122200
vn -0.700000 -0.707000 -0.100800
vn -0.701800 -0.707100 -0.086500
vn -0.981700 0.099600 -0.162300
vn -0.000000 0.964900 -0.262500
vn -0.982000 0.099600 -0.160300
vn 0.000000 0.938100 -0.346500
vn -0.982300 0.099700 -0.158300
vn 0.000000 0.903900 -0.427600
vn -0.982600 0.099800 -0.156500
vn 0.000100 0.866000 -0.500100
vn 0.000000 0.863000 -0.505200
vn -0.983100 0.100100 -0.153000
vn -0.000200 0.765900 -0.642900
vn 0.000000 0.761700 -0.648000
vn -0.983600 0.100500 -0.150000
vn -0.000200 0.642700 -0.766100
vn 0.000000 0.637100 -0.770800
vn -0.983900 0.100900 -0.147600
vn -0.000200 0.500000 -0.866000
vn 0.000000 0.493100 -0.870000
vn -0.984100 0.101300 -0.145900
vn -0.000200 0.342100 -0.939700
vn 0.000000 0.333900 -0.942600
vn -0.984200 0.101900 -0.145000
vn -0.000200 0.173500 -0.984800
vn -0.000000 0.167800 -0.985800
vn -0.984200 0.102300 -0.144600
vn -0.000100 -0.000300 -1.000000
vn -0.000000 -0.003700 -1.000000
vn -0.984100 0.102800 -0.145100
vn -0.000000 -0.175700 -0.984400
vn -0.983800 0.103300 -0.146200
vn -0.000000 -0.342100 -0.939700
vn 0.000000 -0.342800 -0.939400
vn -0.983500 0.103700 -0.148100
vn -0.000000 -0.499900 -0.866100
vn 0.000000 -0.500100 -0.866000
vn -0.983100 0.104100 -0.150600
vn -0.000000 -0.642500 -0.766300
vn -0.982600 0.104500 -0.153700
vn -0.000000 -0.765800 -0.643100
vn -0.982000 0.104700 -0.157200
vn -0.981300 0.105000 -0.161100
vn 0.000000 -0.865900 -0.500300
vn 0.000000 -0.939700 -0.342100
vn 0.000000 -0.939600 -0.342300
vn -0.981500 0.132400 -0.138300
vn -0.539600 0.603100 -0.587500
vn -0.544300 0.651300 -0.528700
vn -0.536600 0.575300 -0.617300
vn -0.983500 0.133600 -0.121700
vn -0.545700 0.654700 -0.523000
vn -0.550300 0.695000 -0.462700
vn -0.542700 0.629700 -0.555900
vn -0.548800 0.678300 -0.488600
vn -0.550900 0.699300 -0.455500
vn -0.988100 0.136400 -0.071800
vn -0.985500 0.134900 -0.103000
vn -0.551900 0.700300 -0.452800
vn -0.556100 0.732800 -0.392100
vn -0.992700 0.003800 -0.120500
vn -0.702100 -0.707100 -0.084200
vn -0.702000 -0.707100 -0.085200
vn -0.996700 0.003800 -0.081600
vn -0.703900 -0.707100 -0.067300
vn -0.704700 -0.707100 -0.057700
vn -0.705300 -0.707100 -0.050600
vn -0.705300 -0.707100 -0.051200
vn -0.987200 0.136000 -0.083800
vn -0.557600 0.739200 -0.377800
vn -0.561100 0.764000 -0.318600
vn -0.554800 0.720500 -0.415900
vn -0.562600 0.771100 -0.298300
vn -0.563700 0.779500 -0.273200
vn -0.560300 0.756000 -0.338500
vn -0.990400 0.136200 -0.025200
vn -0.990300 0.136700 -0.025100
vn -0.988600 0.136700 -0.063700
vn -0.564700 0.784100 -0.257300
vn -0.565300 0.788600 -0.241900
vn -0.706300 -0.707100 -0.033600
vn -0.990300 0.137000 -0.024100
vn -0.989600 0.137300 -0.042800
vn -0.566700 0.795200 -0.215400
vn -0.568500 0.806500 -0.162300
vn -0.990300 0.136800 -0.024100
vn -0.990200 0.137600 -0.024100
vn -0.569500 0.811600 -0.130400
vn -0.570300 0.816300 -0.091300
vn -0.568400 0.804200 -0.173500
vn -0.990200 0.137600 -0.022500
vn -0.570400 0.816900 -0.085200
vn -0.000000 -0.342200 0.939600
vn 0.000000 -0.305600 0.952100
vn -0.000000 -0.302400 0.953200
vn 0.000000 -0.460100 0.887900
vn -0.000200 -0.173500 0.984800
vn 0.000000 -0.136100 0.990700
vn -0.000100 0.000300 1.000000
vn -0.000000 0.034800 0.999400
vn 0.000000 -0.500000 0.866000
vn -0.000000 -0.581500 0.813600
vn -0.570200 0.816900 -0.087300
vn -0.570600 0.817600 -0.077300
vn -1.000000 -0.000000 0.000000
vn 0.000000 -0.684000 -0.729400
vn -0.000100 -0.765700 -0.643200
vn 0.000000 -0.837500 -0.546400
vn -0.000000 -0.769000 -0.639300
vn -0.000000 -0.932900 -0.360100
vn -0.000100 -0.939600 -0.342200
vn 0.000000 -0.891500 -0.453000
vn 0.000000 -0.984000 -0.178000
vn -0.000300 -0.984800 -0.173800
vn 0.000000 -0.963300 -0.268400
vn 0.000000 -0.996100 -0.088700
vn -0.000000 -0.996100 0.088600
vn 0.000000 -0.984800 0.173700
vn -0.571100 0.820900 -0.000100
vn -0.571200 0.820800 0.000000
vn -0.571200 0.820800 0.008100
vn -0.571200 0.820800 -0.008200
vn -0.571100 0.820700 0.016500
vn -0.571100 0.820500 0.024800
vn -0.571000 0.820200 0.033400
vn -0.571000 0.819900 0.042200
vn -0.570700 0.820000 0.043300
vn -0.570900 0.819400 0.051100
vn -0.570800 0.818900 0.060100
vn -0.570700 0.818300 0.068900
vn -0.000000 -0.684300 0.729200
vn -0.000000 -0.765900 0.643000
vn 0.000000 -0.769200 0.639000
vn 0.000000 -0.891700 0.452500
vn 0.000000 -0.837700 0.546100
vn 0.000000 -0.963400 0.268200
vn -0.000000 -0.933000 0.359800
vn -0.000000 -0.984000 0.177900
vn -0.570700 0.818300 -0.068900
vn -0.570800 0.818900 -0.060100
vn -0.570900 0.819400 -0.050900
vn -0.570700 0.820000 -0.043700
vn -0.571000 0.819900 -0.042100
vn -0.571000 0.820200 -0.033400
vn -0.571100 0.820500 -0.024800
vn -0.571100 0.820700 -0.016400
vn -0.000000 0.000000 -1.000000
vn 0.000000 0.100800 -0.994900
vn 0.000000 0.098000 -0.995200
vn 0.000000 0.150800 -0.988600
vn 0.000000 0.195100 -0.980800
vn -0.000000 0.200400 -0.979700
vn 0.000000 0.290300 -0.956900
vn -0.000100 0.297800 -0.954600
vn 0.000000 0.382700 -0.923900
vn 0.000000 0.392400 -0.919800
vn 0.000000 0.471400 -0.881900
vn -0.000000 0.483200 -0.875500
vn 0.000000 0.555600 -0.831500
vn -0.000000 0.569100 -0.822300
vn 0.000000 0.634400 -0.773000
vn -0.000000 0.649400 -0.760500
vn -0.000000 0.687100 -0.726600
vn 0.000000 0.707100 -0.707100
vn -0.000000 0.723100 -0.690800
vn 0.000000 0.757200 -0.653200
vn 0.000000 0.773000 -0.634400
vn 0.000000 0.789500 -0.613800
vn -0.000000 0.819700 -0.572900
vn 0.000000 0.831400 -0.555600
vn -0.000000 0.847700 -0.530500
vn 0.000000 0.873600 -0.486700
vn -0.000000 0.881900 -0.471400
vn -0.000000 0.897200 -0.441700
vn 0.000000 0.918500 -0.395500
vn 0.000000 0.923900 -0.382700
vn -0.000000 0.937400 -0.348300
vn 0.000000 0.953900 -0.300200
vn -0.000000 0.956900 -0.290300
vn -0.000000 0.967900 -0.251300
vn -0.000000 0.979400 -0.201900
vn 0.000000 0.980800 -0.195200
vn -0.000000 0.988400 -0.151900
vn -0.000000 0.994800 -0.101500
vn -0.000000 0.995200 -0.098100
vn 0.000000 0.998700 -0.050900
vn 0.000000 0.998700 0.050700
vn 0.000000 0.995200 0.098000
vn 0.000100 0.994800 0.101600
vn 0.000100 0.988400 0.151600
vn -0.000000 0.980800 0.195100
vn -0.000000 0.979400 0.201700
vn 0.000100 0.968000 0.251100
vn -0.000000 0.956900 0.290300
vn -0.000000 0.953900 0.300000
vn 0.000000 0.937500 0.348100
vn 0.000000 0.923900 0.382700
vn 0.000000 0.918500 0.395300
vn -0.000000 0.897300 0.441500
vn 0.000000 0.881900 0.471400
vn 0.000000 0.873700 0.486500
vn -0.000000 0.847800 0.530300
vn 0.000000 0.831500 0.555600
vn 0.000000 0.819700 0.572800
vn -0.000000 0.789500 0.613700
vn -0.000000 0.773000 0.634400
vn 0.000000 0.757300 0.653000
vn -0.000000 0.723100 0.690700
vn 0.000000 0.707100 0.707100
vn 0.000000 0.687200 0.726500
vn 0.000000 0.649400 0.760400
vn 0.000000 0.634400 0.773000
vn 0.000000 0.610000 0.792400
vn -0.000000 0.569100 0.822200
vn 0.000100 0.555600 0.831500
vn 0.000000 0.483200 0.875500
vn 0.000000 0.471400 0.881900
vn -0.000000 0.392500 0.919800
vn 0.000000 0.382700 0.923900
vn -0.000100 0.297900 0.954600
vn 0.000000 0.290300 0.956900
vn -0.000000 0.200300 0.979700
vn 0.000200 0.195000 0.980800
vn -0.000000 0.100700 0.994900
vn -0.000100 0.098100 0.995200
vn 0.000000 0.000000 1.000000
vn -0.380400 -0.706400 -0.597000
vn 0.000000 -0.000500 -1.000000
vn -0.379800 -0.706200 -0.597500
vn -0.380200 -0.706400 -0.597100
vn 0.000100 0.098200 -0.995200
vn 0.529100 0.057400 -0.846600
vn 0.529400 0.057800 -0.846400
vn 0.527900 0.062100 -0.847000
vn 0.528000 0.061300 -0.847000
vn 0.524600 0.124900 -0.842100
vn 0.529200 0.051000 -0.847000
vn -0.000000 0.097500 -0.995200
vn 0.000000 0.120500 -0.992700
vn 1.000000 0.000000 0.000000
vn 0.000000 -0.707100 -0.707100
vn 0.380400 -0.706400 -0.597000
vn 0.381400 -0.706200 -0.596500
vn 0.380400 -0.706400 -0.596900
vn 0.537300 0.006400 -0.843400
vn 0.537400 0.002100 -0.843300
vn 0.537400 0.002000 -0.843300
vn 0.537100 0.010800 -0.843400
vn 0.537100 0.010700 -0.843500
vn 0.536900 0.015100 -0.843500
vn 0.536800 0.015000 -0.843600
vn 0.536500 0.019400 -0.843600
vn 0.536400 0.019300 -0.843700
vn 0.536100 0.023700 -0.843800
vn 0.536000 0.023600 -0.843900
vn 0.535600 0.028000 -0.844000
vn 0.535500 0.027800 -0.844100
vn 0.535000 0.032300 -0.844200
vn 0.534800 0.032100 -0.844300
vn 0.534300 0.036600 -0.844500
vn 0.534100 0.036400 -0.844600
vn 0.533500 0.040900 -0.844800
vn 0.533300 0.040600 -0.844900
vn 0.532700 0.045100 -0.845100
vn 0.532400 0.044800 -0.845300
vn 0.531300 0.049700 -0.845700
vn 0.531400 0.049000 -0.845700
vn 0.530200 0.053900 -0.846100
vn 0.530500 0.053000 -0.846000
vn 0.985800 0.003800 -0.168000
vn 0.979100 0.003800 -0.203100
vn 0.979100 0.011700 -0.203100
vn 0.380400 -0.706300 -0.597000
vn 0.979100 0.003900 -0.203200
vn 0.380300 -0.706500 -0.596800
vn 0.380400 -0.706300 -0.597100
vn 0.985700 0.015800 -0.167900
vn 0.978900 0.019700 -0.203300
vn 0.978700 0.027600 -0.203600
vn 0.985400 0.027700 -0.167900
vn 0.978300 0.035500 -0.204000
vn 0.985000 0.039700 -0.167800
vn 0.977900 0.043400 -0.204500
vn 0.977400 0.051300 -0.205100
vn 0.984500 0.051700 -0.167800
vn 0.976800 0.059200 -0.205800
vn 0.983800 0.063600 -0.167600
vn 0.976100 0.067100 -0.206600
vn 0.975400 0.075000 -0.207500
vn 0.983000 0.075600 -0.167400
vn 0.974500 0.082900 -0.208500
vn 0.982000 0.087500 -0.167300
vn 0.973600 0.090800 -0.209700
vn 0.972500 0.098600 -0.210900
vn 0.976200 0.101200 -0.191600
vn 0.971400 0.106500 -0.212300
vn 0.980200 0.099400 -0.171000
vn 0.980600 0.099400 -0.168700
vn 0.979900 0.099500 -0.173200
vn 0.979500 0.099500 -0.175300
vn 0.979100 0.099600 -0.177400
vn 0.978700 0.099800 -0.179500
vn 0.978300 0.099800 -0.181400
vn 0.978000 0.100000 -0.183300
vn 0.977600 0.100100 -0.185100
vn 0.977300 0.100300 -0.186700
vn 0.977000 0.100500 -0.188200
vn 0.976700 0.100700 -0.189500
vn 0.976500 0.101000 -0.190600
vn 0.980300 0.105100 -0.167100
vn 0.970200 0.114300 -0.213900
vn 0.976000 0.101500 -0.192800
vn 0.976000 0.101600 -0.192700
vn 0.975800 0.101900 -0.193300
vn 0.975800 0.102200 -0.193600
vn 0.975700 0.102500 -0.193600
vn 0.975700 0.102700 -0.193400
vn 0.975800 0.102900 -0.193000
vn 0.975900 0.103200 -0.192500
vn 0.976000 0.103400 -0.191700
vn 0.976100 0.103700 -0.190800
vn 0.976300 0.103900 -0.189700
vn 0.976600 0.104100 -0.188400
vn 0.976800 0.104300 -0.187000
vn 0.977300 0.104500 -0.184100
vn 0.977900 0.104800 -0.180900
vn 0.978500 0.105000 -0.177300
vn 0.979200 0.105100 -0.173500
vn 0.979900 0.105200 -0.169600
vn 0.970000 0.116600 -0.213300
vn 0.523500 0.137300 -0.840900
vn 0.000000 0.995900 0.090300
vn 0.980900 0.099500 -0.167200
vn 0.000000 0.984800 -0.173800
vn -0.000000 0.997900 -0.065200
vn 0.000000 0.984800 0.173700
vn -0.000000 0.983700 0.180000
vn -0.000000 0.963300 0.268600
vn 0.000100 0.939700 0.342000
vn 0.000000 0.934900 0.354900
vn 0.000000 0.898700 0.438500
vn -0.000000 0.866000 0.500100
vn 0.000000 0.855200 0.518400
vn 0.000000 0.804400 0.594100
vn 0.000100 0.765900 0.643000
vn 0.000000 0.746900 0.664900
vn 0.000000 0.683400 0.730100
vn 0.000000 0.642700 0.766100
vn 0.000000 0.614200 0.789100
vn 0.000000 0.540200 0.841500
vn 0.000200 0.500000 0.866000
vn 0.000000 0.461900 0.886900
vn 0.000000 0.379900 0.925000
vn 0.000100 0.342100 0.939700
vn -0.000000 0.295100 0.955500
vn 0.000000 0.208300 0.978100
vn 0.000100 0.173500 0.984800
vn -0.000000 0.119900 0.992800
vn 0.000000 0.030800 0.999500
vn 0.000000 -0.000300 1.000000
vn 0.000000 -0.058200 0.998300
vn 0.000000 -0.146600 0.989200
vn 0.000100 -0.173900 0.984800
vn 0.000000 -0.233600 0.972300
vn -0.000000 -0.318700 0.947900
vn 0.000100 -0.401200 0.916000
vn 0.000100 -0.480500 0.877000
vn 0.000100 -0.499800 0.866100
vn 0.000000 -0.556200 0.831000
vn -0.000000 -0.627500 0.778600
vn 0.000100 -0.642500 0.766300
vn -0.000000 -0.694000 0.720000
vn 0.000000 -0.799500 0.600700
vn 0.000100 -0.865900 0.500200
vn 0.000000 -0.885000 0.465600
vn 0.000200 -0.939600 0.342200
vn -0.000000 -0.948100 0.317800
vn 0.000100 -0.984800 0.173900
vn -0.000000 -0.986900 0.161300
vn 0.000000 -0.995000 -0.099500
vn 0.979000 0.117200 -0.166900
vn 0.986700 0.110300 -0.119500
vn 0.980600 0.105100 -0.165200
vn -0.000100 -0.984800 -0.173600
vn 0.000000 -0.984500 -0.175200
vn 0.977300 0.129100 -0.167800
vn 0.977500 0.129300 -0.166600
vn 0.985300 0.122100 -0.119300
vn 0.975400 0.127300 -0.180100
vn 0.973600 0.125400 -0.190600
vn 0.972100 0.123300 -0.199300
vn 0.971000 0.121100 -0.206000
vn 0.970300 0.118900 -0.210700
vn 0.538100 0.589300 -0.602600
vn 0.533300 0.552700 -0.640500
vn 0.532800 0.547600 -0.645200
vn 0.979400 0.130900 -0.153800
vn 0.538400 0.602300 -0.589300
vn 0.532600 0.532900 -0.657500
vn 0.527800 0.488200 -0.695000
vn 0.527900 0.472200 -0.706000
vn 0.523900 0.424300 -0.738600
vn 0.524200 0.407900 -0.747600
vn 0.521300 0.356100 -0.775500
vn 0.521800 0.340100 -0.782300
vn 0.520200 0.285500 -0.804900
vn 0.521000 0.270000 -0.809700
vn 0.520900 0.212500 -0.826700
vn 0.521900 0.198000 -0.829700
vn 0.693400 -0.707100 -0.138800
vn 0.692400 -0.707100 -0.143400
vn 0.697100 -0.707100 -0.118800
vn 0.986700 0.003800 -0.162700
vn 0.697000 -0.707400 -0.117500
vn 0.697700 -0.707100 -0.115000
vn 0.694300 -0.707100 -0.134100
vn 0.992400 0.027400 -0.120200
vn 0.992500 0.003800 -0.122200
vn 0.992700 0.003800 -0.120200
vn 0.992600 0.015700 -0.120300
vn 0.992000 0.039200 -0.120100
vn 0.991400 0.051500 -0.120000
vn 0.990800 0.062800 -0.120000
vn 0.990000 0.074600 -0.119900
vn 0.989000 0.086400 -0.119800
vn 0.987900 0.098500 -0.119600
vn 0.981300 0.099500 -0.164500
vn -0.000000 0.984700 -0.174000
vn 0.981000 0.105100 -0.163100
vn -0.000000 -0.965300 -0.261300
vn 0.981400 0.105000 -0.161000
vn 0.000000 -0.939700 -0.342000
vn -0.000000 -0.938500 -0.345200
vn 0.981700 0.104900 -0.159000
vn 0.000000 -0.904500 -0.426500
vn 0.982000 0.104700 -0.157100
vn -0.000000 -0.866000 -0.500100
vn 0.000000 -0.863400 -0.504600
vn 0.982300 0.104600 -0.155200
vn -0.000000 -0.815600 -0.578600
vn 0.982600 0.104400 -0.153500
vn 0.000000 -0.765900 -0.643000
vn -0.000000 -0.761500 -0.648100
vn 0.982900 0.104300 -0.151900
vn 0.000000 -0.701600 -0.712600
vn 0.983100 0.104100 -0.150400
vn 0.000000 -0.642800 -0.766100
vn -0.000000 -0.636300 -0.771400
vn 0.983300 0.103900 -0.149100
vn -0.000000 -0.566100 -0.824300
vn 0.983900 0.105400 -0.144600
vn 0.000000 -0.500000 -0.866000
vn 0.000000 -0.491700 -0.870700
vn 0.983900 0.103200 -0.146100
vn 0.000300 -0.342000 -0.939700
vn -0.000000 -0.332500 -0.943100
vn 0.984100 0.102700 -0.145000
vn 0.000300 -0.173500 -0.984800
vn 0.000000 -0.163500 -0.986500
vn 0.984200 0.102300 -0.144600
vn 0.000300 0.000200 -1.000000
vn -0.000000 0.010000 -1.000000
vn 0.984200 0.101800 -0.145000
vn 0.000200 0.173900 -0.984800
vn -0.000000 0.182800 -0.983200
vn 0.984100 0.101300 -0.146000
vn 0.000200 0.342100 -0.939700
vn -0.000000 0.349500 -0.936900
vn 0.983900 0.100800 -0.147800
vn 0.000200 0.499900 -0.866100
vn -0.000000 0.505600 -0.862700
vn 0.983500 0.100400 -0.150200
vn 0.000100 0.642500 -0.766300
vn 0.000000 0.646300 -0.763100
vn 0.983100 0.100100 -0.153200
vn 0.000100 0.765800 -0.643100
vn -0.000000 0.767700 -0.640800
vn 0.982600 0.099800 -0.156600
vn 0.000100 0.865900 -0.500300
vn 0.000000 0.866600 -0.499000
vn 0.982000 0.099600 -0.160400
vn 0.000000 0.939600 -0.342200
vn 0.699900 -0.707100 -0.100800
vn 0.701800 -0.707100 -0.086400
vn 0.702000 -0.707100 -0.085000
vn 0.996700 0.003800 -0.081600
vn 0.702100 -0.707100 -0.084100
vn 0.704800 -0.707100 -0.057700
vn 0.997300 0.016100 -0.072200
vn 0.997400 0.003800 -0.072200
vn 0.997000 0.028000 -0.072100
vn 0.996600 0.040200 -0.072100
vn 0.996000 0.052300 -0.072000
vn 0.995300 0.064400 -0.072000
vn 0.994500 0.076500 -0.071900
vn 0.993500 0.088600 -0.071800
vn 0.992300 0.100600 -0.071800
vn 0.991000 0.112700 -0.071700
vn 0.983600 0.133800 -0.121200
vn 0.983800 0.133900 -0.119100
vn 0.989600 0.124500 -0.071500
vn 0.981500 0.132400 -0.138100
vn 0.555700 0.726300 -0.404600
vn 0.551100 0.700000 -0.454300
vn 0.550400 0.695400 -0.462000
vn 0.985500 0.135000 -0.103000
vn 0.556100 0.732900 -0.391900
vn 0.549900 0.686500 -0.475700
vn 0.544400 0.651900 -0.527800
vn 0.544000 0.640800 -0.541700
vn 0.972500 0.098600 0.210900
vn 0.980800 0.099500 0.167500
vn 0.980700 0.099600 0.168400
vn -0.000000 1.000000 0.000200
vn 0.000000 0.998700 0.050800
vn 0.979900 0.099400 0.172900
vn 0.000200 0.984800 -0.173700
vn 0.000000 0.985700 -0.168700
vn 0.973500 0.090800 0.209700
vn 0.981900 0.087500 0.167700
vn 0.987900 0.098400 0.119900
vn 0.981300 0.099500 0.164700
vn -0.000000 0.986200 0.165900
vn 0.974500 0.082900 0.208500
vn 0.982900 0.075600 0.167800
vn 0.989000 0.086400 0.120100
vn 0.976100 0.067100 0.206600
vn 0.983700 0.063600 0.168000
vn 0.989900 0.074600 0.120300
vn 0.975400 0.075000 0.207500
vn 0.976800 0.059200 0.205800
vn 0.984400 0.051700 0.168100
vn 0.990700 0.063300 0.120300
vn 0.977900 0.043400 0.204500
vn 0.985000 0.039700 0.168200
vn 0.991400 0.051000 0.120400
vn 0.977400 0.051300 0.205100
vn 0.978300 0.035500 0.204000
vn 0.985300 0.027700 0.168300
vn 0.991900 0.039500 0.120500
vn 0.978900 0.019600 0.203300
vn 0.985600 0.015800 0.168300
vn 0.992300 0.027700 0.120500
vn 0.978700 0.027600 0.203600
vn 0.979200 0.003800 0.203000
vn 0.985700 0.003800 0.168300
vn 0.992600 0.015600 0.120500
vn 0.979100 0.003800 0.203400
vn 0.979100 0.011700 0.203100
vn 0.694300 -0.707100 0.134100
vn 0.697000 -0.707100 0.119000
vn 0.692400 -0.707100 0.143400
vn 0.986700 0.003800 0.162700
vn 0.697000 -0.707400 0.117500
vn 0.697700 -0.707100 0.115000
vn 0.380400 -0.706400 0.597000
vn 0.380400 -0.706600 0.596700
vn 0.380400 -0.706500 0.596900
vn 0.693100 -0.707300 0.139000
vn 0.537400 0.002000 0.843300
vn 0.537300 0.006400 0.843400
vn 0.537200 0.006400 0.843400
vn 0.537100 0.010700 0.843400
vn 0.537100 0.010700 0.843500
vn 0.536900 0.015000 0.843500
vn 0.536800 0.015100 0.843600
vn 0.536500 0.019300 0.843600
vn 0.536700 0.019600 0.843600
vn 0.536100 0.023600 0.843800
vn 0.536000 0.023700 0.843900
vn 0.535600 0.027800 0.844000
vn 0.535400 0.028000 0.844100
vn 0.535000 0.032100 0.844200
vn 0.534800 0.032300 0.844400
vn 0.534300 0.036400 0.844500
vn 0.534100 0.036600 0.844600
vn 0.533500 0.040600 0.844800
vn 0.533300 0.040900 0.845000
vn 0.532700 0.044800 0.845100
vn 0.532500 0.045400 0.845200
vn 0.531500 0.049200 0.845600
vn 0.530600 0.053600 0.845900
vn 0.530600 0.052900 0.846000
vn 0.531500 0.049500 0.845600
vn 0.976000 0.103400 0.191600
vn 0.971400 0.106500 0.212300
vn 0.529200 0.058100 0.846500
vn 0.529300 0.057200 0.846500
vn 0.975800 0.103000 0.192900
vn 0.975700 0.102500 0.193500
vn 0.975800 0.102100 0.193500
vn 0.976000 0.101600 0.192800
vn 0.976300 0.101200 0.191500
vn 0.976700 0.100800 0.189600
vn 0.977200 0.100400 0.187100
vn 0.977800 0.100100 0.184000
vn 0.978500 0.099800 0.180600
vn 0.979200 0.099600 0.176800
vn 0.978900 0.117200 0.167200
vn 0.970200 0.114300 0.213800
vn 0.528100 0.061300 0.847000
vn 0.979900 0.105100 0.169500
vn 0.979200 0.105100 0.173500
vn 0.978500 0.105000 0.177400
vn 0.977900 0.104800 0.181100
vn 0.977300 0.104600 0.184400
vn 0.976700 0.104200 0.187400
vn 0.976300 0.103800 0.189700
vn 0.970000 0.116600 0.213300
vn 0.529200 0.051100 0.847000
vn 0.528000 0.061300 0.847000
vn 0.523600 0.134900 0.841200
vn 0.528000 0.062100 0.847000
vn 0.970300 0.118800 0.210900
vn 0.524800 0.125100 0.842000
vn 0.521000 0.207500 0.827900
vn 0.977500 0.129200 0.166900
vn 0.970900 0.120900 0.206500
vn 0.521900 0.198100 0.829700
vn 0.520100 0.278300 0.807500
vn 0.972000 0.123000 0.200300
vn 0.521100 0.270100 0.809700
vn 0.520900 0.347300 0.779700
vn 0.973400 0.125000 0.192200
vn 0.521900 0.340600 0.782100
vn 0.523300 0.413300 0.745200
vn 0.975000 0.126900 0.182300
vn 0.524200 0.408000 0.747500
vn 0.527000 0.476200 0.703900
vn 0.977000 0.128700 0.170300
vn 0.527900 0.472300 0.705900
vn 0.531700 0.536000 0.655700
vn 0.532600 0.533400 0.657100
vn 0.533100 0.550900 0.642200
vn 0.985300 0.122000 0.119900
vn 0.983800 0.133900 0.119500
vn 0.979000 0.130500 0.156900
vn 0.537200 0.591300 0.601500
vn 0.980300 0.105100 0.167400
vn 0.986600 0.110300 0.119800
vn 0.000400 -0.984800 0.173600
vn 0.000000 -0.996400 0.085200
vn 0.980600 0.105000 0.165600
vn -0.000000 -0.987500 0.157900
vn 0.000000 -0.986600 -0.163300
vn 0.000400 -0.984800 -0.173600
vn 0.000000 -0.946100 -0.324000
vn 0.000000 -0.879900 -0.475100
vn 0.000100 -0.866000 -0.500100
vn -0.000000 -0.790400 -0.612500
vn -0.000000 -0.680100 -0.733100
vn -0.000000 -0.642700 -0.766100
vn -0.000000 -0.552100 -0.833700
vn 0.000100 -0.500000 -0.866000
vn -0.000100 -0.409700 -0.912200
vn 0.000000 -0.342200 -0.939600
vn -0.000000 -0.256500 -0.966500
vn 0.000100 -0.173500 -0.984800
vn 0.000000 -0.096100 -0.995400
vn 0.000000 0.000300 -1.000000
vn -0.000000 0.067500 -0.997700
vn -0.000000 0.230200 -0.973200
vn 0.000100 0.342200 -0.939600
vn 0.000000 0.387400 -0.921900
vn 0.000100 0.499800 -0.866100
vn -0.000000 0.534800 -0.845000
vn -0.000100 0.642500 -0.766300
vn -0.000000 0.667900 -0.744300
vn 0.000000 0.765800 -0.643100
vn -0.000000 0.782600 -0.622500
vn 0.000300 0.865900 -0.500200
vn -0.000000 0.875500 -0.483200
vn 0.000400 0.939600 -0.342200
vn -0.000000 0.943800 -0.330400
vn 0.982000 0.099600 0.160700
vn -0.000200 0.984800 0.173600
vn -0.000000 0.944200 0.329300
vn 0.982500 0.099800 0.157000
vn 0.000400 0.939700 0.341900
vn -0.000000 0.875800 0.482800
vn 0.983100 0.100100 0.153600
vn 0.000100 0.866000 0.500100
vn -0.000000 0.782900 0.622200
vn 0.983500 0.100400 0.150700
vn -0.000000 0.668100 0.744000
vn 0.983800 0.100800 0.148300
vn -0.000000 0.642800 0.766100
vn 0.000000 0.534800 0.845000
vn 0.984000 0.101200 0.146400
vn 0.000100 0.500000 0.866000
vn -0.000000 0.386300 0.922400
vn 0.984100 0.101700 0.145500
vn -0.000000 0.226700 0.974000
vn 0.984200 0.102100 0.144700
vn 0.000200 0.173500 0.984800
vn -0.000000 0.060400 0.998200
vn 0.984100 0.102600 0.144800
vn 0.000100 -0.000300 1.000000
vn -0.000000 -0.108000 0.994200
vn 0.984000 0.103100 0.145600
vn -0.000000 -0.273700 0.961800
vn 0.983700 0.103500 0.147200
vn 0.000000 -0.432000 0.901900
vn 0.983300 0.103900 0.149400
vn 0.000000 -0.499800 0.866100
vn -0.000000 -0.578300 0.815900
vn 0.982900 0.104300 0.152100
vn -0.000000 -0.708200 0.706100
vn 0.982400 0.104600 0.155000
vn -0.000000 -0.765700 0.643100
vn -0.000000 -0.809300 0.587300
vn 0.981800 0.104800 0.158300
vn 0.000200 -0.865900 0.500200
vn 0.000000 -0.890900 0.454100
vn 0.981200 0.105000 0.161900
vn 0.000100 -0.939600 0.342200
vn -0.000000 -0.950800 0.309800
vn 0.981100 0.132100 0.141700
vn 0.538100 0.589800 0.602200
vn 0.543100 0.641600 0.541600
vn 0.983200 0.133400 0.124800
vn 0.544000 0.640900 0.541500
vn 0.549200 0.686900 0.475900
vn 0.550000 0.686800 0.475200
vn 0.550900 0.699000 0.455900
vn 0.989600 0.124400 0.072000
vn 0.988000 0.136400 0.071900
vn 0.985200 0.134700 0.106400
vn 0.555100 0.726500 0.405000
vn 0.991100 0.112300 0.072100
vn 0.992300 0.100600 0.072100
vn 0.993500 0.088600 0.072200
vn 0.994500 0.076200 0.072400
vn 0.995300 0.064400 0.072300
vn 0.996000 0.052300 0.072400
vn 0.996600 0.040200 0.072400
vn 0.997000 0.028000 0.072500
vn 0.997200 0.016000 0.072500
vn 0.992500 0.003800 0.122200
vn 0.992700 0.003800 0.120600
vn 0.702100 -0.707200 0.083800
vn 0.702000 -0.707100 0.085200
vn 0.701800 -0.707100 0.086500
vn 0.996700 0.003800 0.081600
vn 0.703900 -0.707100 0.067400
vn 0.704700 -0.707100 0.057700
vn 0.699800 -0.707200 0.100800
vn 0.987200 0.136000 -0.083600
vn 0.560800 0.759800 -0.328900
vn 0.561200 0.764300 -0.317600
vn 0.703900 -0.707100 -0.067400
vn 0.705300 -0.707100 -0.051000
vn 0.999200 0.003800 -0.040800
vn 0.705300 -0.707100 -0.050500
vn 0.706500 -0.707100 -0.028900
vn 0.999300 0.027700 -0.023900
vn 0.999700 0.003800 -0.024000
vn 0.999600 0.015600 -0.023900
vn 0.998900 0.039700 -0.023900
vn 0.998400 0.051700 -0.023900
vn 0.997700 0.063600 -0.023900
vn 0.996900 0.075600 -0.023800
vn 0.995900 0.087500 -0.023800
vn 0.994800 0.099500 -0.023800
vn 0.993500 0.111400 -0.023700
vn 0.992100 0.123200 -0.023700
vn 0.988100 0.136400 -0.071500
vn 0.990500 0.135300 -0.023700
vn 0.565100 0.786100 -0.250200
vn 0.563800 0.779900 -0.271700
vn 0.990300 0.136700 -0.025000
vn 0.988600 0.136700 -0.063500
vn 0.565400 0.788900 -0.240900
vn 0.990400 0.135700 -0.024700
vn 0.990400 0.136200 -0.025300
vn 0.990300 0.137100 -0.024100
vn 0.989600 0.137300 -0.042700
vn 0.568400 0.805300 -0.168500
vn 0.568500 0.806500 -0.162100
vn 0.706300 -0.707100 -0.033700
vn 0.706900 -0.707100 -0.016900
vn 1.000000 0.003800 -0.000000
vn 0.707100 -0.707100 0.000100
vn 0.999600 0.016000 0.024300
vn 0.999700 0.003800 0.024300
vn 0.999300 0.027800 0.024300
vn 0.998900 0.039800 0.024300
vn 0.998400 0.051700 0.024300
vn 0.997700 0.063700 0.024200
vn 0.996800 0.075700 0.024200
vn 0.995900 0.087600 0.024200
vn 0.994700 0.099600 0.024100
vn 0.993500 0.111500 0.024100
vn 0.990500 0.135200 -0.023400
vn 0.992000 0.123600 0.024100
vn 0.000000 0.332500 0.943100
vn -0.000000 0.369200 0.929300
vn -0.000000 -0.136200 0.990700
vn -0.000000 -0.173900 0.984800
vn 0.000000 -0.302800 0.953100
vn 0.990300 0.137200 -0.023700
vn -0.000000 -0.339000 0.940800
vn 0.990200 0.137600 -0.023800
vn 0.990200 0.137600 -0.022400
vn 0.000100 -0.342100 0.939600
vn -0.000000 -0.460300 0.887800
vn 0.570500 0.816900 -0.084700
vn 0.570300 0.816500 -0.090100
vn 0.570400 0.816900 -0.085200
vn 0.570500 0.817600 -0.077300
vn 0.000100 -0.499800 0.866200
vn -0.000000 -0.581500 0.813500
vn 0.707100 -0.707100 0.000000
vn 0.706900 -0.707100 0.017200
vn 0.999200 0.003800 0.040800
vn 0.706900 -0.707100 0.016900
vn 0.706500 -0.707100 0.028900
vn 0.997400 0.003800 0.072500
vn 0.990500 0.135200 0.023500
vn 0.990500 0.135500 0.024100
vn 0.990600 0.134800 0.021600
vn 0.990700 0.134400 0.019000
vn 0.990800 0.134100 0.015800
vn 0.990900 0.133800 0.012300
vn 0.991000 0.133600 0.008400
vn 0.991000 0.133500 0.004200
vn 0.991100 0.133500 0.000000
vn 0.991000 0.133500 -0.004200
vn 0.991000 0.133600 -0.008400
vn 0.990900 0.133800 -0.012300
vn 0.990800 0.134100 -0.015800
vn 0.990700 0.134400 -0.018900
vn 0.990600 0.134900 -0.021400
vn 0.000000 0.286700 -0.958000
vn -0.000000 0.369200 -0.929300
vn 0.990400 0.135700 0.024700
vn -0.000000 0.173900 -0.984800
vn -0.000000 0.522400 -0.852700
vn -0.000000 0.642500 -0.766300
vn 0.000300 0.765800 -0.643100
vn -0.000000 0.778100 -0.628100
vn -0.000000 0.865900 -0.500200
vn -0.000000 0.873300 -0.487100
vn 0.000100 0.939600 -0.342200
vn 0.000300 0.984800 0.173500
vn 0.000400 0.939700 0.342000
vn -0.000000 0.873300 0.487100
vn 0.000000 0.765900 0.643000
vn 0.000100 0.642800 0.766100
vn 0.000000 0.522400 0.852700
vn 0.705200 -0.707200 0.050400
vn 0.705300 -0.707100 0.051200
vn 0.986900 0.135800 0.086900
vn 0.555700 0.726900 0.403600
vn 0.560400 0.759600 0.330200
vn 0.560800 0.760000 0.328300
vn 0.563800 0.779500 0.273100
vn 0.990400 0.136200 0.025200
vn 0.990300 0.136700 0.025100
vn 0.988400 0.136600 0.066200
vn 0.564900 0.786000 0.251100
vn 0.706300 -0.707100 0.033800
vn 0.989000 0.137000 0.055500
vn 0.565200 0.786300 0.249500
vn 0.566800 0.796600 0.210400
vn 0.990300 0.137100 0.024100
vn 0.989500 0.137200 0.044500
vn 0.568300 0.805300 0.168900
vn 0.990200 0.137600 0.024100
vn 0.568400 0.805600 0.167200
vn 0.570300 0.816300 0.091300
vn 0.990200 0.137600 0.022500
vn 0.570400 0.816900 0.085100
vn 0.000200 -0.173500 -0.984800
vn -0.000000 -0.304100 -0.952600
vn 0.000000 -0.136200 -0.990700
vn 0.000000 -0.342100 -0.939600
vn -0.000000 -0.460200 -0.887800
vn 0.570500 0.817000 0.083900
vn 0.570600 0.817600 0.077500
vn 0.000000 -0.581600 -0.813500
vn 0.571100 0.820900 0.000000
vn 0.000100 1.000000 -0.000100
vn 0.000100 0.995200 -0.098300
vn 0.570800 0.818200 -0.069200
vn 0.570800 0.818900 -0.059900
vn 0.570900 0.819400 -0.050900
vn 0.571000 0.819900 -0.042200
vn 0.571100 0.820200 -0.033400
vn 0.571100 0.820500 -0.024800
vn 0.571100 0.820700 -0.016500
vn 0.571100 0.820800 -0.008200
vn 0.571200 0.820800 0.000100
vn -0.000000 0.995200 0.097500
vn -0.000200 0.980800 -0.195000
vn -0.000000 0.980500 -0.196300
vn 0.000000 0.995200 -0.098200
vn 0.000400 0.956600 -0.291300
vn -0.000400 0.923900 -0.382600
vn -0.000100 0.923200 -0.384300
vn -0.000500 0.882000 -0.471200
vn 0.000000 0.880900 -0.473300
vn -0.000500 0.831600 -0.555400
vn 0.000200 0.830200 -0.557400
vn -0.000100 0.773000 -0.634400
vn 0.000200 0.771600 -0.636100
vn -0.000600 0.707300 -0.707000
vn 0.000000 0.705300 -0.708900
vn -0.000200 0.634500 -0.773000
vn -0.000000 0.632200 -0.774800
vn -0.000300 0.555700 -0.831400
vn -0.000000 0.553200 -0.833000
vn -0.000100 0.471500 -0.881900
vn 0.000100 0.469200 -0.883100
vn -0.000100 0.382800 -0.923900
vn 0.000000 0.380600 -0.924700
vn 0.000000 0.288500 -0.957500
vn -0.000400 0.195200 -0.980800
vn 0.000000 0.193700 -0.981100
vn -0.000000 -0.684100 0.729300
vn 0.000000 -0.769000 0.639300
vn 0.000000 -0.837500 0.546500
vn 0.000000 -0.891500 0.452900
vn 0.000000 -0.932900 0.360100
vn -0.000100 -0.939600 0.342200
vn -0.000000 -0.963300 0.268400
vn 0.000000 -0.984000 0.178100
vn 0.000300 -0.984800 0.173800
vn 0.000000 -0.996100 0.088800
vn 0.571200 0.820800 0.008200
vn 0.571100 0.820700 0.016400
vn -0.000000 -0.984800 -0.173600
vn 0.571100 0.820500 0.024800
vn -0.000000 -0.963400 -0.268200
vn 0.571000 0.820200 0.033400
vn -0.000000 -0.933100 -0.359700
vn 0.571000 0.819900 0.042100
vn -0.000000 -0.891700 -0.452600
vn 0.570900 0.819400 0.051000
vn 0.000000 -0.837800 -0.546000
vn 0.570800 0.818900 0.060000
vn 0.000000 -0.769300 -0.638900
vn 0.570700 0.818300 0.068800
vn 0.000000 -0.684400 -0.729100
vn -0.000000 0.097600 0.995200
vn -0.000200 0.098000 0.995200
vn 0.000000 0.194000 0.981000
vn -0.000300 0.195100 0.980800
vn 0.000000 0.288800 0.957400
vn -0.000400 0.290400 0.956900
vn 0.000000 0.381200 0.924500
vn -0.000400 0.382700 0.923900
vn 0.000000 0.469500 0.882900
vn -0.000200 0.471400 0.881900
vn 0.000200 0.553400 0.832900
vn -0.000100 0.555600 0.831400
vn 0.000600 0.632700 0.774400
vn -0.000500 0.634500 0.772900
vn -0.000100 0.705800 0.708500
vn -0.000100 0.707100 0.707100
vn 0.000000 0.771700 0.635900
vn -0.000400 0.773100 0.634300
vn 0.000100 0.830600 0.556900
vn -0.000300 0.831500 0.555500
vn 0.000000 0.881400 0.472300
vn -0.000200 0.881900 0.471400
vn 0.000100 0.923600 0.383400
vn -0.000200 0.923900 0.382700
vn 0.000000 0.956800 0.290800
vn 0.000100 0.956900 0.290500
vn 0.000100 0.980900 0.194700
vn -0.000000 0.980800 0.195200
vn -0.000000 0.120500 0.992700
vn -0.000000 -0.000500 1.000000
vn 0.381100 -0.706100 0.596900
vn 0.380300 -0.706400 0.597000
vn 0.380200 -0.706400 0.597100
vn 0.000000 -0.707100 0.707100
vn -0.381000 -0.706100 0.596900
vn -0.380400 -0.706300 0.597000
vn -0.001700 -1.000000 0.000000
vn 0.000100 -1.000000 0.000000
vn 0.000900 -1.000000 -0.000000
vn 0.996000 -0.000000 -0.089600
vn 0.993700 0.000200 -0.112000
vn 0.993700 0.000000 0.112000
vn 0.983800 -0.000000 0.179000
vn 0.974900 0.000300 0.222600
vn 0.996000 0.000000 0.089400
vn 0.963200 -0.000000 0.268600
vn 0.943900 0.000200 0.330400
vn 0.933800 -0.000000 0.357800
vn 0.901000 0.000100 0.433900
vn 0.895100 -0.000000 0.445800
vn 0.846700 0.000300 0.532000
vn 0.789200 -0.000000 0.614200
vn 0.781800 -0.000200 0.623500
vn 0.847000 -0.000000 0.531700
vn 0.722300 -0.000000 0.691600
vn 0.707200 0.000400 0.707000
vn 0.647500 -0.000000 0.762100
vn 0.623500 0.000200 0.781800
vn 0.567000 -0.000000 0.823800
vn 0.532100 0.000100 0.846700
vn 0.483300 -0.000000 0.875500
vn 0.433900 0.000200 0.901000
vn 0.399000 -0.000000 0.916900
vn 0.330200 0.000400 0.943900
vn 0.315800 -0.000000 0.948800
vn 0.222500 0.000100 0.974900
vn 0.155100 -0.000000 0.987900
vn 0.112000 -0.000100 0.993700
vn 0.234600 -0.000000 0.972100
vn 0.077100 -0.000000 0.997000
vn -0.111800 0.000300 0.993700
vn -0.154800 -0.000000 0.988000
vn -0.222700 0.000400 0.974900
vn -0.077000 -0.000000 0.997000
vn -0.234100 -0.000000 0.972200
vn -0.330300 0.000000 0.943900
vn -0.398700 -0.000000 0.917100
vn -0.433900 0.000100 0.901000
vn -0.315500 -0.000000 0.948900
vn -0.483000 -0.000000 0.875600
vn -0.532000 0.000100 0.846700
vn -0.566600 -0.000000 0.824000
vn -0.623500 -0.000200 0.781800
vn -0.647100 -0.000000 0.762400
vn -0.707100 0.000400 0.707100
vn -0.721900 -0.000000 0.692000
vn -0.781800 0.000300 0.623500
vn -0.788900 -0.000000 0.614500
vn -0.846700 0.000100 0.532000
vn -0.846700 -0.000000 0.532000
vn -0.900900 0.000300 0.434000
vn -0.933700 -0.000000 0.358100
vn -0.943900 0.000200 0.330300
vn -0.895000 -0.000000 0.446100
vn -0.963200 -0.000000 0.268900
vn -0.974900 0.000100 0.222500
vn -0.983800 0.000000 0.179200
vn -0.993700 0.000200 0.112000
vn -0.996000 -0.000000 0.089600
vn -0.993700 0.000000 -0.112000
vn -0.983800 -0.000000 -0.179000
vn -0.974900 0.000300 -0.222600
vn -0.996000 0.000000 -0.089400
vn -0.963200 -0.000000 -0.268600
vn -0.943900 0.000200 -0.330400
vn -0.933800 0.000000 -0.357800
vn -0.901000 0.000100 -0.433900
vn -0.895100 0.000000 -0.445800
vn -0.846700 0.000300 -0.532000
vn -0.789200 0.000000 -0.614200
vn -0.781800 -0.000200 -0.623500
vn -0.847000 0.000000 -0.531700
vn -0.722300 0.000000 -0.691600
vn -0.707200 0.000400 -0.707000
vn -0.647500 0.000000 -0.762100
vn -0.623500 0.000200 -0.781800
vn -0.567000 0.000000 -0.823800
vn -0.532100 0.000100 -0.846700
vn -0.483300 0.000000 -0.875500
vn -0.433900 0.000200 -0.901000
vn -0.399000 0.000000 -0.916900
vn -0.330200 0.000400 -0.943900
vn -0.315800 0.000000 -0.948800
vn -0.222500 0.000100 -0.974900
vn -0.155100 0.000000 -0.987900
vn -0.112000 -0.000100 -0.993700
vn -0.234600 0.000000 -0.972100
vn -0.077100 -0.000000 -0.997000
vn 0.111800 0.000300 -0.993700
vn 0.154800 -0.000000 -0.988000
vn 0.222700 0.000400 -0.974900
vn 0.076900 0.000000 -0.997000
vn 0.234100 0.000000 -0.972200
vn 0.330200 0.000400 -0.943900
vn 0.398700 0.000000 -0.917100
vn 0.433900 0.000100 -0.901000
vn 0.315500 0.000000 -0.948900
vn 0.483000 0.000000 -0.875600
vn 0.532000 0.000100 -0.846700
vn 0.566600 0.000000 -0.824000
vn 0.623500 -0.000100 -0.781800
vn 0.647100 0.000000 -0.762400
vn 0.707100 0.000400 -0.707100
vn 0.721900 -0.000000 -0.692000
vn 0.781800 0.000300 -0.623500
vn 0.788900 0.000000 -0.614500
vn 0.846700 0.000100 -0.532000
vn 0.846700 0.000000 -0.532000
vn 0.900900 0.000300 -0.434000
vn 0.933700 -0.000000 -0.358100
vn 0.943900 0.000200 -0.330300
vn 0.895000 0.000000 -0.446100
vn 0.963200 -0.000000 -0.268900
vn 0.974900 0.000300 -0.222500
vn 0.983800 0.000000 -0.179200
vn 0.993700 -0.000000 -0.112000
vn 0.000000 -0.995700 -0.092200
vn -0.000000 -0.997500 -0.070700
vn 0.000000 -0.990000 -0.141200
vn 0.996000 -0.000000 -0.089400
vn 0.000000 -0.983000 -0.183700
vn 0.000000 -0.981600 -0.190900
vn 0.996000 0.000000 0.089500
vn 0.000000 -0.995700 0.092300
vn -0.000000 -0.990000 0.141200
vn 0.000000 -0.997500 0.070800
vn 0.000000 -0.983000 0.183700
vn 0.000000 -0.981600 0.191000
vn 0.000000 0.995700 0.092200
vn -0.000000 0.997500 0.070700
vn 0.000000 0.990000 0.141200
vn 0.000000 0.983000 0.183700
vn 0.000000 0.981600 0.190900
vn 0.000000 0.995700 -0.092300
vn 0.000000 0.990000 -0.141200
vn 0.000000 0.997500 -0.070800
vn 0.000000 0.983000 -0.183700
vn 0.000000 0.981600 -0.191000
vn 0.077100 0.000000 -0.997000
vn 0.112000 -0.000000 -0.993700
vn 0.155100 0.000000 -0.987900
vn 0.222500 -0.000000 -0.974900
vn 0.315800 0.000000 -0.948800
vn 0.330300 -0.000000 -0.943900
vn 0.234500 0.000000 -0.972100
vn 0.399000 0.000000 -0.916900
vn 0.433900 -0.000000 -0.901000
vn 0.483300 0.000000 -0.875400
vn 0.532100 -0.000000 -0.846700
vn 0.567000 -0.000000 -0.823700
vn 0.623500 -0.000000 -0.781800
vn 0.647400 0.000000 -0.762100
vn 0.707100 -0.000100 -0.707100
vn 0.722200 0.000000 -0.691600
vn 0.781800 0.000000 -0.623500
vn 0.789200 0.000000 -0.614200
vn 0.895200 0.000000 -0.445800
vn 0.901000 -0.000000 -0.433900
vn 0.846900 0.000000 -0.531700
vn 0.933800 -0.000000 -0.357700
vn 0.943900 -0.000100 -0.330300
vn 0.963300 -0.000000 -0.268600
vn 0.974900 -0.000000 -0.222600
vn 0.983800 -0.000000 -0.179000
vn 0.000100 -0.970600 -0.240800
vn 0.000000 -0.961800 -0.273600
vn 0.000000 -0.956900 -0.290500
vn 0.000000 -0.940400 -0.340000
vn -0.000000 -0.932500 -0.361100
vn -0.000000 -0.921300 -0.388900
vn 0.000000 -0.899600 -0.436600
vn -0.000000 -0.895200 -0.445600
vn -0.000000 -0.875900 -0.482500
vn -0.000000 -0.850800 -0.525500
vn 0.000600 -0.850400 -0.526200
vn 0.000000 -0.825300 -0.564600
vn 0.000000 -0.800800 -0.598900
vn 0.000000 -0.798100 -0.602600
vn -0.000000 -0.778500 -0.627600
vn -0.000000 -0.759400 -0.650600
vn 0.000000 -0.743800 -0.668400
vn 0.000200 -0.739100 -0.673600
vn 0.000000 -0.732000 -0.681300
vn 0.000000 -0.723700 -0.690100
vn -0.000000 -0.718500 -0.695500
vn -0.000000 -0.717300 -0.696800
vn -0.000400 -0.673500 -0.739200
vn -0.000000 -0.673700 -0.739000
vn -0.112000 0.000000 -0.993700
vn 0.000000 -0.718900 -0.695100
vn -0.077000 -0.000000 -0.997000
vn 0.000000 0.997500 -0.070700
vn -0.000000 0.995700 -0.092200
vn -0.156000 0.987800 -0.000000
vn -0.000000 0.995700 0.092300
vn -0.156000 0.983800 0.088500
vn -0.155900 0.971900 -0.176300
vn -0.156000 0.983800 -0.088500
vn -0.000100 0.970600 -0.240800
vn -0.000000 0.961800 -0.273600
vn -0.156000 0.952200 -0.262700
vn -0.000000 0.981600 -0.190900
vn -0.000000 0.940400 -0.340000
vn 0.000000 0.932500 -0.361100
vn -0.156000 0.924800 -0.347100
vn -0.000000 0.956900 -0.290500
vn -0.000000 0.899600 -0.436600
vn 0.000000 0.895200 -0.445600
vn -0.156000 0.889900 -0.428600
vn 0.000000 0.921300 -0.388900
vn 0.000000 0.850800 -0.525500
vn -0.000600 0.850400 -0.526200
vn -0.156000 0.847900 -0.506600
vn 0.000000 0.850300 -0.526300
vn 0.000000 0.875900 -0.482500
vn -0.000000 0.800800 -0.598900
vn -0.000100 0.798100 -0.602600
vn -0.156000 0.799100 -0.580600
vn 0.000000 0.798100 -0.602600
vn -0.000000 0.825300 -0.564600
vn -0.000000 0.743800 -0.668400
vn -0.000200 0.739100 -0.673600
vn -0.156000 0.743800 -0.649900
vn -0.000000 0.739000 -0.673700
vn 0.000000 0.759400 -0.650600
vn 0.000000 0.778500 -0.627600
vn 0.000000 0.717300 -0.696800
vn 0.000000 0.673700 -0.739000
vn -0.156000 0.682600 -0.713900
vn -0.000000 0.718500 -0.695500
vn -0.000000 0.723700 -0.690100
vn -0.000000 0.732000 -0.681300
vn 0.000400 0.673500 -0.739200
vn -0.000000 0.602700 -0.798000
vn -0.156000 0.615900 -0.772300
vn 0.000000 0.602600 -0.798000
vn -0.000000 0.526500 -0.850200
vn -0.156000 0.544200 -0.824400
vn -0.000000 0.445800 -0.895100
vn -0.156000 0.468100 -0.869800
vn -0.000000 0.361300 -0.932400
vn -0.156000 0.388200 -0.908300
vn 0.000000 0.361200 -0.932500
vn -0.000000 0.273700 -0.961800
vn -0.156000 0.305200 -0.939400
vn 0.000000 0.273600 -0.961800
vn -0.000000 0.183800 -0.983000
vn -0.156000 0.219800 -0.963000
vn -0.000000 0.183700 -0.983000
vn -0.000000 0.092300 -0.995700
vn -0.156000 0.132600 -0.978800
vn 0.000000 0.092200 -0.995700
vn -0.156000 0.044300 -0.986800
vn -0.000000 -0.092200 -0.995700
vn -0.156000 -0.044300 -0.986800
vn 0.000000 -0.092300 -0.995700
vn -0.000000 -0.183700 -0.983000
vn -0.156000 -0.132600 -0.978800
vn -0.000000 -0.273600 -0.961800
vn -0.156000 -0.219800 -0.963000
vn 0.000000 -0.273700 -0.961800
vn -0.000000 -0.361200 -0.932500
vn -0.156000 -0.305200 -0.939400
vn 0.000000 -0.361300 -0.932400
vn -0.000000 -0.445800 -0.895100
vn -0.156000 -0.388200 -0.908300
vn -0.000000 -0.526500 -0.850200
vn -0.156000 -0.468100 -0.869800
vn -0.000000 -0.602600 -0.798000
vn -0.156000 -0.544100 -0.824400
vn 0.000000 -0.602700 -0.798000
vn -0.156000 -0.615900 -0.772300
vn -0.000000 -0.731900 -0.681400
vn -0.000000 -0.739000 -0.673700
vn -0.156000 -0.682600 -0.714000
vn -0.000000 -0.778400 -0.627700
vn 0.000000 -0.798000 -0.602700
vn -0.156000 -0.743900 -0.649900
vn 0.000000 -0.759300 -0.650700
vn -0.000000 -0.825200 -0.564800
vn 0.000000 -0.850200 -0.526400
vn -0.156000 -0.799100 -0.580600
vn 0.000000 -0.800700 -0.599000
vn -0.000000 -0.875800 -0.482700
vn -0.000000 -0.895200 -0.445700
vn -0.156000 -0.847900 -0.506600
vn 0.000000 -0.850700 -0.525700
vn -0.000000 -0.921200 -0.389100
vn -0.000000 -0.932500 -0.361200
vn -0.156000 -0.889900 -0.428600
vn -0.000000 -0.899600 -0.436800
vn -0.000000 -0.956800 -0.290600
vn 0.000000 -0.961800 -0.273700
vn -0.156000 -0.924800 -0.347100
vn 0.000000 -0.940400 -0.340100
vn -0.000000 -0.981600 -0.191000
vn -0.156000 -0.952200 -0.262800
vn 0.000000 -0.970600 -0.240800
vn -0.000000 -0.995700 -0.092300
vn -0.156000 -0.971900 -0.176400
vn -0.156000 -0.983800 -0.088500
vn -0.000000 -0.997500 -0.070800
vn 0.000000 -0.997500 0.070700
vn -0.156000 -0.987800 -0.000000
vn -0.000000 -0.995700 0.092200
vn -0.996000 0.000000 -0.089500
vn -0.983800 -0.000000 -0.179200
vn -0.974900 -0.000000 -0.222500
vn -0.963200 0.000000 -0.268900
vn -0.943900 -0.000000 -0.330300
vn -0.933700 0.000000 -0.358100
vn -0.901000 -0.000000 -0.433900
vn -0.895000 0.000000 -0.446100
vn -0.846800 0.000000 -0.532000
vn -0.846700 -0.000000 -0.532000
vn -0.788900 0.000000 -0.614500
vn -0.781800 -0.000000 -0.623500
vn -0.721900 0.000000 -0.692000
vn -0.707100 -0.000100 -0.707100
vn -0.647200 -0.000000 -0.762400
vn -0.623500 -0.000000 -0.781800
vn -0.566600 -0.000000 -0.824000
vn -0.532000 -0.000000 -0.846700
vn -0.482900 0.000000 -0.875700
vn -0.433900 -0.000000 -0.901000
vn -0.398700 0.000000 -0.917100
vn -0.330400 0.000000 -0.943900
vn -0.315500 0.000000 -0.948900
vn -0.234100 0.000000 -0.972200
vn -0.222600 -0.000000 -0.974900
vn -0.154700 0.000000 -0.988000
vn 0.156400 -0.987700 -0.000000
vn 0.156400 -0.983700 0.088500
vn 0.156400 -0.971800 -0.176400
vn 0.156400 -0.983700 -0.088500
vn 0.156400 -0.952100 -0.262800
vn 0.156400 -0.924700 -0.347100
vn 0.156400 -0.889900 -0.428500
vn 0.156400 -0.847900 -0.506600
vn -0.000000 -0.850300 -0.526300
vn 0.156400 -0.799100 -0.580600
vn 0.156400 -0.743800 -0.649800
vn 0.156400 -0.682600 -0.713900
vn 0.156400 -0.615800 -0.772200
vn 0.156400 -0.544100 -0.824300
vn 0.156400 -0.468000 -0.869800
vn 0.156400 -0.388200 -0.908200
vn 0.156400 -0.305200 -0.939300
vn 0.156400 -0.219800 -0.962900
vn 0.156400 -0.132600 -0.978700
vn 0.156400 -0.044300 -0.986700
vn 0.156400 0.044300 -0.986700
vn 0.156400 0.132600 -0.978800
vn 0.156500 0.219800 -0.962900
vn 0.156400 0.305200 -0.939300
vn 0.156400 0.388200 -0.908200
vn 0.156400 0.468000 -0.869800
vn 0.156400 0.544100 -0.824300
vn 0.156400 0.615800 -0.772200
vn 0.000000 0.731900 -0.681400
vn 0.156400 0.682600 -0.713900
vn -0.000000 0.718900 -0.695200
vn 0.000000 0.778400 -0.627700
vn 0.000000 0.798000 -0.602700
vn 0.156400 0.743800 -0.649800
vn 0.000000 0.759300 -0.650700
vn 0.000000 0.825200 -0.564800
vn -0.000000 0.850200 -0.526400
vn 0.156400 0.799100 -0.580500
vn -0.000000 0.800700 -0.599000
vn -0.000000 0.875800 -0.482600
vn -0.000000 0.895200 -0.445700
vn 0.156400 0.847900 -0.506600
vn -0.000000 0.850700 -0.525700
vn 0.000000 0.921200 -0.389100
vn 0.000000 0.932500 -0.361200
vn 0.156400 0.889900 -0.428500
vn -0.000000 0.899600 -0.436800
vn 0.000000 0.956800 -0.290600
vn 0.156400 0.924700 -0.347000
vn 0.000000 0.940400 -0.340200
vn 0.156400 0.952100 -0.262800
vn 0.000000 0.970600 -0.240800
vn 0.156400 0.971800 -0.176300
vn 0.156400 0.983700 -0.088500
vn 0.156400 0.987700 0.000000
vn -0.000000 0.997500 0.070800
vn -0.308700 0.951200 -0.000000
vn -0.308600 0.947400 0.085300
vn -0.308500 0.947400 -0.085300
vn -0.308500 0.935900 -0.169800
vn -0.308700 0.916900 -0.253000
vn -0.308500 0.890600 -0.334200
vn -0.308700 0.857000 -0.412700
vn -0.308600 0.816500 -0.487900
vn -0.308700 0.769500 -0.559100
vn -0.308600 0.716300 -0.625800
vn -0.308500 0.657300 -0.687500
vn -0.308600 0.593100 -0.743700
vn -0.308600 0.524000 -0.793800
vn -0.308500 0.450700 -0.837600
vn -0.308600 0.373800 -0.874600
vn -0.308600 0.293900 -0.904600
vn -0.308800 0.211600 -0.927300
vn -0.308600 0.127700 -0.942600
vn -0.308600 0.042700 -0.950200
vn -0.308700 -0.042700 -0.950200
vn -0.308500 -0.127700 -0.942600
vn -0.308800 -0.211600 -0.927300
vn -0.308700 -0.293900 -0.904600
vn -0.308600 -0.373800 -0.874600
vn -0.308700 -0.450700 -0.837600
vn -0.308600 -0.524000 -0.793800
vn -0.308700 -0.593000 -0.743600
vn -0.308500 -0.657300 -0.687500
vn -0.308500 -0.716300 -0.625800
vn -0.308500 -0.769500 -0.559100
vn -0.308700 -0.816500 -0.487800
vn -0.308500 -0.857000 -0.412700
vn -0.308500 -0.890600 -0.334200
vn -0.308700 -0.916900 -0.253000
vn -0.308500 -0.935900 -0.169800
vn -0.308600 -0.947400 -0.085300
vn -0.308700 -0.951200 -0.000000
vn -0.156000 -0.983800 0.088500
vn -0.587700 0.805800 -0.072500
vn -0.707100 0.706300 -0.033600
vn -0.707100 0.707100 -0.000000
vn -0.808700 0.588200 0.000000
vn -0.587800 0.809000 0.000000
vn -0.707100 0.706300 0.033600
vn -0.808800 0.585600 0.054300
vn -0.707100 0.703900 -0.067200
vn -0.808700 0.585700 -0.054300
vn -0.587800 0.796000 -0.144500
vn -0.707100 0.699900 -0.100600
vn -0.707100 0.694300 -0.133800
vn -0.808700 0.578200 -0.108100
vn -0.587700 0.779900 -0.215200
vn -0.707100 0.687200 -0.166700
vn -0.707100 0.678500 -0.199200
vn -0.808800 0.565700 -0.160900
vn -0.587800 0.757400 -0.284300
vn -0.707100 0.668200 -0.231300
vn -0.707100 0.656400 -0.262800
vn -0.808700 0.548500 -0.212500
vn -0.707100 0.656500 -0.262800
vn -0.587800 0.728900 -0.351000
vn -0.707100 0.643200 -0.293700
vn -0.707100 0.643200 -0.293800
vn -0.707100 0.628500 -0.324000
vn -0.808800 0.526500 -0.262100
vn -0.587800 0.694500 -0.414900
vn -0.707100 0.612400 -0.353600
vn -0.707100 0.612400 -0.353500
vn -0.707100 0.594900 -0.382300
vn -0.808700 0.500100 -0.309600
vn -0.707100 0.594800 -0.382300
vn -0.587800 0.654500 -0.475500
vn -0.707100 0.576000 -0.410200
vn -0.707100 0.555800 -0.437100
vn -0.808800 0.469300 -0.354400
vn -0.587800 0.609300 -0.532300
vn -0.707100 0.534400 -0.463000
vn -0.707100 0.534400 -0.463100
vn -0.707100 0.511800 -0.488000
vn -0.808800 0.434600 -0.396200
vn -0.587800 0.559100 -0.584700
vn -0.707100 0.487900 -0.511700
vn -0.707100 0.488000 -0.511700
vn -0.587800 0.504400 -0.632500
vn -0.707100 0.463100 -0.534400
vn -0.808800 0.396100 -0.434600
vn -0.707100 0.437100 -0.555800
vn -0.587800 0.445700 -0.675200
vn -0.707100 0.410200 -0.576000
vn -0.808900 0.354300 -0.469300
vn -0.707100 0.382300 -0.594800
vn -0.587800 0.383400 -0.712400
vn -0.707100 0.353600 -0.612400
vn -0.808700 0.309700 -0.500100
vn -0.707100 0.324000 -0.628500
vn -0.587800 0.318000 -0.743900
vn -0.707100 0.293700 -0.643200
vn -0.808800 0.262100 -0.526500
vn -0.707100 0.293800 -0.643200
vn -0.707100 0.262800 -0.656400
vn -0.707100 0.262800 -0.656500
vn -0.587800 0.250000 -0.769400
vn -0.707100 0.231300 -0.668200
vn -0.808700 0.212500 -0.548500
vn -0.707100 0.199200 -0.678500
vn -0.587800 0.180000 -0.788700
vn -0.707100 0.166700 -0.687200
vn -0.808700 0.161000 -0.565800
vn -0.707100 0.133800 -0.694300
vn -0.587800 0.108600 -0.801700
vn -0.707100 0.100600 -0.699900
vn -0.808800 0.108100 -0.578100
vn -0.707100 0.067200 -0.703900
vn -0.587800 0.036300 -0.808200
vn -0.707100 0.033600 -0.706300
vn -0.808800 0.054300 -0.585600
vn -0.707100 0.000000 -0.707100
vn -0.587800 -0.036300 -0.808200
vn -0.707100 -0.033600 -0.706300
vn -0.808700 0.000100 -0.588200
vn -0.587800 -0.108600 -0.801700
vn -0.707100 -0.067200 -0.703900
vn -0.808800 -0.054300 -0.585600
vn -0.707100 -0.100600 -0.699900
vn -0.587700 -0.180000 -0.788800
vn -0.707100 -0.133800 -0.694300
vn -0.808800 -0.108100 -0.578100
vn -0.707100 -0.166700 -0.687200
vn -0.587800 -0.250000 -0.769400
vn -0.707100 -0.199200 -0.678400
vn -0.808800 -0.160900 -0.565700
vn -0.707100 -0.199200 -0.678500
vn -0.707100 -0.231300 -0.668200
vn -0.587800 -0.318000 -0.743900
vn -0.707100 -0.262800 -0.656500
vn -0.808700 -0.212500 -0.548500
vn -0.707100 -0.293700 -0.643200
vn -0.707100 -0.293800 -0.643200
vn -0.587800 -0.383400 -0.712400
vn -0.707100 -0.324000 -0.628500
vn -0.808700 -0.262200 -0.526500
vn -0.707100 -0.353600 -0.612400
vn -0.587800 -0.445700 -0.675200
vn -0.707100 -0.382300 -0.594900
vn -0.808700 -0.309600 -0.500100
vn -0.707100 -0.410200 -0.576000
vn -0.587800 -0.504400 -0.632500
vn -0.707100 -0.437100 -0.555800
vn -0.808800 -0.354400 -0.469300
vn -0.707100 -0.463100 -0.534400
vn -0.707100 -0.463000 -0.534400
vn -0.587800 -0.559100 -0.584700
vn -0.707100 -0.488000 -0.511800
vn -0.808900 -0.396100 -0.434500
vn -0.707100 -0.511800 -0.488000
vn -0.587800 -0.609300 -0.532300
vn -0.707100 -0.534400 -0.463100
vn -0.808800 -0.434600 -0.396200
vn -0.587800 -0.654500 -0.475500
vn -0.707100 -0.555800 -0.437100
vn -0.707100 -0.576000 -0.410200
vn -0.808800 -0.469300 -0.354400
vn -0.587800 -0.694500 -0.414900
vn -0.707100 -0.594900 -0.382300
vn -0.707100 -0.594800 -0.382300
vn -0.707100 -0.612400 -0.353600
vn -0.808700 -0.500100 -0.309600
vn -0.587800 -0.728900 -0.351000
vn -0.707100 -0.628500 -0.324000
vn -0.707100 -0.643200 -0.293700
vn -0.808800 -0.526500 -0.262200
vn -0.707100 -0.643200 -0.293800
vn -0.587800 -0.757400 -0.284300
vn -0.707100 -0.656400 -0.262800
vn -0.707100 -0.656500 -0.262800
vn -0.707100 -0.668200 -0.231300
vn -0.808700 -0.548500 -0.212500
vn -0.587800 -0.779900 -0.215200
vn -0.707100 -0.678500 -0.199200
vn -0.707100 -0.687200 -0.166700
vn -0.808800 -0.565700 -0.161000
vn -0.587800 -0.796000 -0.144500
vn -0.707100 -0.694300 -0.133800
vn -0.707100 -0.699900 -0.100600
vn -0.808700 -0.578100 -0.108100
vn -0.587800 -0.805800 -0.072500
vn -0.707100 -0.703900 -0.067200
vn -0.707100 -0.706300 -0.033600
vn -0.808800 -0.585600 -0.054300
vn -0.587800 -0.809000 0.000000
vn -0.587700 -0.805800 0.072500
vn -0.707100 -0.706300 0.033600
vn -0.808700 -0.588200 -0.000000
vn -0.453900 -0.891100 0.000000
vn -0.453900 -0.887500 0.079900
vn -0.453900 -0.887500 -0.079900
vn -0.453800 -0.876800 -0.159100
vn -0.453800 -0.859000 -0.237100
vn -0.453700 -0.834300 -0.313100
vn -0.453800 -0.802800 -0.386600
vn -0.453800 -0.765000 -0.457000
vn -0.453800 -0.720900 -0.523800
vn -0.453800 -0.671100 -0.586300
vn -0.453800 -0.615800 -0.644100
vn -0.453900 -0.555600 -0.696700
vn -0.453900 -0.490900 -0.743700
vn -0.453900 -0.422200 -0.784700
vn -0.453800 -0.350200 -0.819400
vn -0.453800 -0.275400 -0.847500
vn -0.453700 -0.198300 -0.868800
vn -0.453700 -0.119600 -0.883100
vn -0.453800 -0.040000 -0.890200
vn -0.453800 0.040000 -0.890200
vn -0.453800 0.119600 -0.883000
vn -0.453700 0.198300 -0.868800
vn -0.453800 0.275400 -0.847500
vn -0.453800 0.350200 -0.819400
vn -0.453900 0.422200 -0.784700
vn -0.453900 0.490900 -0.743700
vn -0.453900 0.555600 -0.696600
vn -0.453800 0.615800 -0.644100
vn -0.453800 0.671100 -0.586300
vn -0.453800 0.720900 -0.523800
vn -0.453900 0.764900 -0.457000
vn -0.453800 0.802800 -0.386600
vn -0.453800 0.834300 -0.313100
vn -0.453700 0.859000 -0.237100
vn -0.453800 0.876800 -0.159100
vn -0.453900 0.887500 -0.079900
vn -0.453900 0.891100 0.000000
vn -0.587800 0.805800 0.072500
vn -0.453900 0.887500 0.079900
vn -0.308400 -0.947400 0.085300
vn -0.155900 -0.971900 0.176300
vn -0.156000 -0.952200 0.262700
vn -0.308500 -0.935900 0.169800
vn 0.000000 -0.961800 0.273600
vn -0.156000 -0.924800 0.347100
vn -0.308700 -0.916900 0.253000
vn -0.000000 -0.932500 0.361100
vn -0.156000 -0.889900 0.428600
vn -0.308500 -0.890600 0.334200
vn -0.000000 -0.895200 0.445600
vn -0.156000 -0.847900 0.506600
vn -0.308700 -0.857000 0.412700
vn 0.000000 -0.850300 0.526300
vn -0.156000 -0.799100 0.580600
vn -0.308600 -0.816500 0.487900
vn 0.000000 -0.798100 0.602600
vn -0.156000 -0.743800 0.649900
vn -0.308700 -0.769500 0.559100
vn -0.000000 -0.739000 0.673700
vn -0.156000 -0.682600 0.713900
vn -0.308600 -0.716300 0.625800
vn 0.000000 -0.673700 0.739000
vn -0.156000 -0.615900 0.772300
vn -0.308500 -0.657300 0.687500
vn 0.000000 -0.602700 0.798000
vn -0.156000 -0.544200 0.824400
vn -0.308600 -0.593100 0.743700
vn 0.000000 -0.526500 0.850200
vn -0.156000 -0.468100 0.869800
vn -0.308600 -0.524000 0.793800
vn -0.000000 -0.445800 0.895100
vn -0.156000 -0.388200 0.908300
vn -0.308500 -0.450700 0.837600
vn 0.000000 -0.361300 0.932400
vn -0.156000 -0.305200 0.939400
vn -0.308600 -0.373800 0.874600
vn -0.156000 -0.219800 0.963000
vn -0.308600 -0.293900 0.904600
vn 0.000000 -0.183700 0.983000
vn -0.156000 -0.132600 0.978800
vn -0.308800 -0.211600 0.927300
vn 0.000000 -0.092200 0.995700
vn -0.156000 -0.044300 0.986800
vn -0.308600 -0.127700 0.942600
vn -0.156000 0.044300 0.986800
vn -0.308600 -0.042700 0.950200
vn 0.000000 0.092200 0.995700
vn -0.156000 0.132600 0.978800
vn -0.308700 0.042700 0.950200
vn -0.000000 0.183700 0.983000
vn -0.156000 0.219800 0.963000
vn -0.308500 0.127700 0.942600
vn -0.000000 0.273600 0.961800
vn -0.156000 0.305200 0.939400
vn -0.308800 0.211600 0.927300
vn -0.000000 0.361200 0.932500
vn -0.156000 0.388200 0.908300
vn -0.308700 0.293900 0.904600
vn -0.000000 0.445800 0.895100
vn -0.156000 0.468100 0.869800
vn -0.308600 0.373800 0.874600
vn -0.000000 0.526500 0.850200
vn -0.156000 0.544100 0.824400
vn -0.308700 0.450700 0.837600
vn -0.000000 0.602600 0.798000
vn -0.156000 0.615900 0.772300
vn -0.308600 0.524000 0.793800
vn 0.000000 0.673700 0.739000
vn -0.156000 0.682600 0.714000
vn -0.308700 0.593000 0.743600
vn 0.000000 0.739000 0.673700
vn -0.156000 0.743900 0.649900
vn -0.308500 0.657300 0.687500
vn -0.000000 0.798000 0.602700
vn -0.156000 0.799100 0.580600
vn -0.308500 0.716300 0.625800
vn 0.000000 0.850200 0.526400
vn -0.156000 0.847900 0.506600
vn -0.308500 0.769500 0.559100
vn -0.000000 0.895200 0.445700
vn -0.156000 0.889900 0.428600
vn -0.308700 0.816500 0.487800
vn -0.000000 0.932500 0.361200
vn -0.156000 0.924800 0.347100
vn -0.308500 0.857000 0.412700
vn 0.000000 0.961800 0.273600
vn -0.156000 0.952200 0.262800
vn -0.308500 0.890600 0.334200
vn -0.156000 0.971900 0.176400
vn -0.308700 0.916900 0.253000
vn -0.308500 0.935900 0.169800
vn -0.000000 0.981600 0.191000
vn 0.000000 0.961800 0.273700
vn -0.000000 0.956800 0.290600
vn 0.000000 0.970600 0.240800
vn -0.000000 0.921200 0.389100
vn 0.000000 0.940400 0.340100
vn -0.000000 0.875800 0.482700
vn -0.000000 0.899600 0.436800
vn -0.000000 0.825200 0.564800
vn 0.000000 0.850700 0.525700
vn -0.000000 0.778400 0.627700
vn 0.000000 0.800700 0.599000
vn -0.000000 0.731900 0.681400
vn -0.000400 0.673500 0.739200
vn 0.000000 0.759300 0.650700
vn -0.000000 0.743800 0.668400
vn 0.000000 0.602700 0.798000
vn -0.000000 0.723700 0.690100
vn 0.000000 0.718900 0.695100
vn -0.000000 0.717300 0.696800
vn 0.000000 0.361300 0.932400
vn 0.000000 0.273700 0.961800
vn 0.000000 0.092300 0.995700
vn -0.000000 -0.092300 0.995700
vn -0.000000 -0.183800 0.983000
vn 0.000000 -0.273600 0.961800
vn 0.000000 -0.361200 0.932500
vn 0.000000 -0.602600 0.798000
vn 0.000400 -0.673500 0.739200
vn 0.000000 -0.717300 0.696800
vn -0.000200 -0.739100 0.673600
vn -0.000000 -0.743800 0.668400
vn -0.000100 -0.798100 0.602600
vn -0.000000 -0.718500 0.695500
vn -0.000000 -0.723700 0.690100
vn -0.000000 -0.732000 0.681300
vn -0.000000 -0.800800 0.598900
vn -0.000600 -0.850400 0.526200
vn 0.000000 -0.759400 0.650600
vn 0.000000 -0.778500 0.627600
vn 0.000000 -0.850800 0.525500
vn -0.000000 -0.825300 0.564600
vn -0.000000 -0.899600 0.436600
vn 0.000000 -0.875900 0.482500
vn -0.000000 -0.940400 0.340000
vn 0.000000 -0.921300 0.388900
vn -0.000100 -0.970600 0.240800
vn -0.000000 -0.956900 0.290500
vn -0.000000 -0.981600 0.190900
vn -0.707100 -0.703900 0.067200
vn -0.808700 -0.585700 0.054300
vn -0.587800 -0.796000 0.144500
vn -0.707100 -0.699900 0.100600
vn -0.707100 -0.694300 0.133800
vn -0.808700 -0.578200 0.108100
vn -0.587700 -0.779900 0.215200
vn -0.707100 -0.687200 0.166700
vn -0.707100 -0.678500 0.199200
vn -0.808800 -0.565700 0.160900
vn -0.587800 -0.757400 0.284300
vn -0.707100 -0.668200 0.231300
vn -0.707100 -0.656400 0.262800
vn -0.808700 -0.548500 0.212500
vn -0.707100 -0.656500 0.262800
vn -0.587800 -0.728900 0.351000
vn -0.707100 -0.643200 0.293700
vn -0.707100 -0.643200 0.293800
vn -0.707100 -0.628500 0.324000
vn -0.808800 -0.526500 0.262100
vn -0.587800 -0.694500 0.414900
vn -0.707100 -0.612400 0.353600
vn -0.707100 -0.612400 0.353500
vn -0.707100 -0.594900 0.382300
vn -0.808700 -0.500100 0.309600
vn -0.707100 -0.594800 0.382300
vn -0.587800 -0.654500 0.475500
vn -0.707100 -0.576000 0.410200
vn -0.707100 -0.555800 0.437100
vn -0.808800 -0.469300 0.354400
vn -0.587800 -0.609300 0.532300
vn -0.707100 -0.534400 0.463000
vn -0.707100 -0.534400 0.463100
vn -0.707100 -0.511800 0.488000
vn -0.808800 -0.434600 0.396200
vn -0.587800 -0.559100 0.584700
vn -0.707100 -0.487900 0.511700
vn -0.707100 -0.488000 0.511700
vn -0.587800 -0.504400 0.632500
vn -0.707100 -0.463100 0.534400
vn -0.808800 -0.396100 0.434600
vn -0.707100 -0.437100 0.555800
vn -0.587800 -0.445700 0.675200
vn -0.707100 -0.410200 0.576000
vn -0.808900 -0.354300 0.469300
vn -0.707100 -0.382300 0.594800
vn -0.587800 -0.383400 0.712400
vn -0.707100 -0.353600 0.612400
vn -0.808700 -0.309700 0.500100
vn -0.707100 -0.324000 0.628500
vn -0.587800 -0.318000 0.743900
vn -0.707100 -0.293700 0.643200
vn -0.808800 -0.262100 0.526500
vn -0.707100 -0.293800 0.643200
vn -0.707100 -0.262800 0.656400
vn -0.707100 -0.262800 0.656500
vn -0.587800 -0.250000 0.769400
vn -0.707100 -0.231300 0.668200
vn -0.808700 -0.212500 0.548500
vn -0.707100 -0.199200 0.678500
vn -0.587800 -0.180000 0.788700
vn -0.707100 -0.166700 0.687200
vn -0.808700 -0.161000 0.565800
vn -0.707100 -0.133800 0.694300
vn -0.587800 -0.108600 0.801700
vn -0.707100 -0.100600 0.699900
vn -0.808800 -0.108100 0.578100
vn -0.707100 -0.067200 0.703900
vn -0.587800 -0.036300 0.808200
vn -0.707100 -0.033600 0.706300
vn -0.808800 -0.054300 0.585600
vn -0.707100 -0.000000 0.707100
vn -0.587800 0.036300 0.808200
vn -0.707100 0.033600 0.706300
vn -0.808700 -0.000100 0.588200
vn -0.587800 0.108600 0.801700
vn -0.707100 0.067200 0.703900
vn -0.808800 0.054300 0.585600
vn -0.707100 0.100600 0.699900
vn -0.587700 0.180000 0.788800
vn -0.707100 0.133800 0.694300
vn -0.808800 0.108100 0.578100
vn -0.707100 0.166700 0.687200
vn -0.587800 0.250000 0.769400
vn -0.707100 0.199200 0.678400
vn -0.808800 0.160900 0.565700
vn -0.707100 0.199200 0.678500
vn -0.707100 0.231300 0.668200
vn -0.587800 0.318000 0.743900
vn -0.707100 0.262800 0.656500
vn -0.808700 0.212500 0.548500
vn -0.707100 0.293700 0.643200
vn -0.707100 0.293800 0.643200
vn -0.587800 0.383400 0.712400
vn -0.707100 0.324000 0.628500
vn -0.808700 0.262200 0.526500
vn -0.707100 0.353600 0.612400
vn -0.587800 0.445700 0.675200
vn -0.707100 0.382300 0.594900
vn -0.808700 0.309600 0.500100
vn -0.707100 0.410200 0.576000
vn -0.587800 0.504400 0.632500
vn -0.707100 0.437100 0.555800
vn -0.808800 0.354400 0.469300
vn -0.707100 0.463100 0.534400
vn -0.707100 0.463000 0.534400
vn -0.587800 0.559100 0.584700
vn -0.707100 0.488000 0.511800
vn -0.808900 0.396100 0.434500
vn -0.707100 0.511800 0.488000
vn -0.587800 0.609300 0.532300
vn -0.707100 0.534400 0.463100
vn -0.808800 0.434600 0.396200
vn -0.587800 0.654500 0.475500
vn -0.707100 0.555800 0.437100
vn -0.707100 0.576000 0.410200
vn -0.808800 0.469300 0.354400
vn -0.587800 0.694500 0.414900
vn -0.707100 0.594900 0.382300
vn -0.707100 0.594800 0.382300
vn -0.707100 0.612400 0.353600
vn -0.808700 0.500100 0.309600
vn -0.587800 0.728900 0.351000
vn -0.707100 0.628500 0.324000
vn -0.707100 0.643200 0.293700
vn -0.808800 0.526500 0.262200
vn -0.707100 0.643200 0.293800
vn -0.587800 0.757400 0.284300
vn -0.707100 0.656400 0.262800
vn -0.707100 0.656500 0.262800
vn -0.707100 0.668200 0.231300
vn -0.808700 0.548500 0.212500
vn -0.587800 0.779900 0.215200
vn -0.707100 0.678500 0.199200
vn -0.707100 0.687200 0.166700
vn -0.808800 0.565700 0.161000
vn -0.587800 0.796000 0.144500
vn -0.707100 0.694300 0.133800
vn -0.707100 0.699900 0.100600
vn -0.808700 0.578100 0.108100
vn -0.707100 0.703900 0.067200
vn -0.453800 0.876800 0.159100
vn -0.453800 0.859000 0.237100
vn -0.453700 0.834300 0.313100
vn -0.453800 0.802800 0.386600
vn -0.453800 0.765000 0.457000
vn -0.453800 0.720900 0.523800
vn -0.453800 0.671100 0.586300
vn -0.453800 0.615800 0.644100
vn -0.453900 0.555600 0.696700
vn -0.453900 0.490900 0.743700
vn -0.453900 0.422200 0.784700
vn -0.453800 0.350200 0.819400
vn -0.453800 0.275400 0.847500
vn -0.453700 0.198300 0.868800
vn -0.453700 0.119600 0.883100
vn -0.453800 0.040000 0.890200
vn -0.453800 -0.040000 0.890200
vn -0.453800 -0.119600 0.883000
vn -0.453700 -0.198300 0.868800
vn -0.453800 -0.275400 0.847500
vn -0.453800 -0.350200 0.819400
vn -0.453900 -0.422200 0.784700
vn -0.453900 -0.490900 0.743700
vn -0.453900 -0.555600 0.696600
vn -0.453800 -0.615800 0.644100
vn -0.453800 -0.671100 0.586300
vn -0.453800 -0.720900 0.523800
vn -0.453900 -0.764900 0.457000
vn -0.453800 -0.802800 0.386600
vn -0.453800 -0.834300 0.313100
vn -0.453700 -0.859000 0.237100
vn -0.453800 -0.876800 0.159100
vn 0.000200 0.739100 0.673600
vn -0.000000 0.718500 0.695500
vn 0.000000 0.732000 0.681300
vn 0.000000 0.798100 0.602600
vn -0.000000 0.759400 0.650600
vn -0.000000 0.778500 0.627600
vn 0.000000 0.800800 0.598900
vn 0.000600 0.850400 0.526200
vn 0.000000 0.825300 0.564600
vn -0.000000 0.850800 0.525500
vn -0.000000 0.895200 0.445600
vn -0.000000 0.875900 0.482500
vn 0.000000 0.899600 0.436600
vn -0.000000 0.932500 0.361100
vn -0.000000 0.921300 0.388900
vn 0.000000 0.940400 0.340000
vn 0.000000 0.956900 0.290500
vn 0.000100 0.970600 0.240800
vn 0.156400 0.971800 0.176400
vn 0.156400 0.983700 0.088500
vn 0.156400 0.952100 0.262800
vn 0.156400 0.924700 0.347100
vn 0.156400 0.889900 0.428500
vn 0.156400 0.847900 0.506600
vn -0.000000 0.850300 0.526300
vn 0.156400 0.799100 0.580600
vn 0.156400 0.743800 0.649800
vn 0.156400 0.682600 0.713900
vn 0.156400 0.615800 0.772200
vn 0.156400 0.544100 0.824300
vn 0.156400 0.468000 0.869800
vn 0.156400 0.388200 0.908200
vn 0.156400 0.305200 0.939300
vn 0.156400 0.219800 0.962900
vn 0.156400 0.132600 0.978700
vn 0.156400 0.044300 0.986700
vn 0.156400 -0.044300 0.986700
vn 0.156400 -0.132600 0.978800
vn 0.156500 -0.219800 0.962900
vn 0.156400 -0.305200 0.939300
vn 0.156400 -0.388200 0.908200
vn 0.156400 -0.468000 0.869800
vn 0.156400 -0.544100 0.824300
vn 0.156400 -0.615800 0.772200
vn 0.000000 -0.731900 0.681400
vn 0.156400 -0.682600 0.713900
vn -0.000000 -0.718900 0.695100
vn 0.000000 -0.778400 0.627700
vn -0.000000 -0.798000 0.602700
vn 0.156400 -0.743800 0.649800
vn -0.000000 -0.759300 0.650700
vn 0.000000 -0.825200 0.564800
vn -0.000000 -0.850200 0.526400
vn 0.156400 -0.799100 0.580500
vn -0.000000 -0.800700 0.599000
vn 0.000000 -0.875800 0.482700
vn 0.000000 -0.895200 0.445700
vn 0.156400 -0.847900 0.506600
vn -0.000000 -0.850700 0.525600
vn 0.000000 -0.921200 0.389100
vn 0.000000 -0.932500 0.361200
vn 0.156400 -0.889900 0.428500
vn 0.000000 -0.899600 0.436800
vn 0.000000 -0.956800 0.290600
vn 0.156400 -0.924700 0.347000
vn -0.000000 -0.940400 0.340100
vn 0.156400 -0.952100 0.262800
vn -0.000000 -0.970600 0.240800
vn 0.156400 -0.971800 0.176300
vn 0.983800 -0.000000 0.179200
vn 0.974900 -0.000000 0.222500
vn 0.963200 0.000000 0.268900
vn 0.943900 -0.000000 0.330300
vn 0.933700 0.000000 0.358100
vn 0.901000 -0.000000 0.433900
vn 0.895000 -0.000000 0.446100
vn 0.846800 0.000000 0.532000
vn 0.846800 -0.000200 0.531900
vn 0.788900 -0.000000 0.614500
vn 0.781800 0.000000 0.623500
vn 0.721900 0.000000 0.692000
vn 0.707100 -0.000100 0.707100
vn 0.647200 -0.000000 0.762400
vn 0.623500 -0.000000 0.781800
vn 0.566600 -0.000000 0.824000
vn 0.532000 -0.000000 0.846700
vn 0.482900 0.000000 0.875700
vn 0.433900 -0.000000 0.901000
vn 0.398700 -0.000000 0.917100
vn 0.330300 -0.000000 0.943900
vn 0.315500 -0.000000 0.948900
vn 0.234100 -0.000000 0.972200
vn 0.222600 -0.000000 0.974900
vn 0.154700 0.000000 0.988000
vn 0.112000 0.000000 0.993700
vn 0.077000 -0.000000 0.997000
vn -0.077100 0.000000 0.997000
vn -0.112000 -0.000000 0.993700
vn -0.155100 0.000000 0.987900
vn -0.222500 -0.000100 0.974900
vn -0.234600 -0.000000 0.972100
vn -0.315800 -0.000000 0.948800
vn -0.399000 -0.000000 0.916900
vn -0.433900 -0.000000 0.901000
vn -0.483300 -0.000000 0.875400
vn -0.532100 -0.000100 0.846700
vn -0.567000 -0.000000 0.823700
vn -0.623500 -0.000100 0.781800
vn -0.647500 0.000000 0.762100
vn -0.722300 -0.000000 0.691600
vn -0.781800 0.000000 0.623500
vn -0.789200 -0.000000 0.614200
vn -0.846900 -0.000000 0.531700
vn -0.895200 0.000000 0.445800
vn -0.901000 -0.000000 0.433900
vn -0.933800 0.000000 0.357800
vn -0.943900 -0.000100 0.330300
vn -0.963200 0.000000 0.268600
vn -0.974900 -0.000000 0.222600
vn -0.983800 -0.000000 0.179000
vn -0.993700 -0.000000 0.112000
vn -0.996000 -0.000000 0.089400
vn -0.001200 -1.000000 0.000500
vn 0.002500 -1.000000 0.000500
vn 0.000000 -0.142400 -0.989800
vn -0.107900 -0.142200 -0.983900
vn -0.110000 -0.000000 -0.993900
vn 0.000000 -0.142300 -0.989800
vn 0.110000 0.000000 -0.993900
vn 0.214700 -0.142200 -0.966300
vn 0.218600 -0.000000 -0.975800
vn 0.107900 -0.142200 -0.983900
vn 0.318800 -0.142300 -0.937100
vn 0.324600 -0.000000 -0.945800
vn 0.419100 -0.142200 -0.896700
vn 0.426700 0.000000 -0.904400
vn 0.514400 -0.142300 -0.845600
vn 0.523600 0.000000 -0.852000
vn 0.342200 -0.000000 0.939600
vn 0.442800 -0.000000 0.896600
vn 0.285300 0.000000 0.958400
vn 0.519800 -0.095600 -0.848900
vn 0.500000 -0.000000 0.866000
vn 0.455600 -0.000000 0.890200
vn 0.173500 -0.000100 0.984800
vn 0.119800 0.000000 0.992800
vn -0.000300 -0.000000 1.000000
vn -0.048900 -0.000100 0.998800
vn -0.173900 -0.000000 0.984800
vn -0.216300 0.000100 0.976300
vn -0.342200 0.000000 0.939600
vn -0.377500 0.000000 0.926000
vn -0.499800 -0.000000 0.866100
vn -0.527900 -0.000000 0.849300
vn -0.642500 0.000100 0.766300
vn -0.663300 0.000000 0.748300
vn -0.765800 -0.000000 0.643100
vn -0.779800 0.000100 0.626000
vn -0.865900 -0.000100 0.500200
vn -0.874100 0.000000 0.485800
vn -0.939600 -0.000100 0.342200
vn -0.943300 0.000000 0.331800
vn -0.984800 -0.000100 0.173900
vn -0.985700 0.000000 0.168700
vn -0.988300 0.000100 -0.152200
vn -0.984800 -0.000100 -0.173700
vn -0.953600 0.000000 -0.301000
vn -0.939700 -0.000100 -0.342000
vn -0.896900 0.000100 -0.442200
vn 0.849200 -0.093800 -0.519700
vn 0.852000 0.000000 -0.523500
vn 0.904400 -0.000000 -0.426700
vn -0.880300 0.000000 -0.474400
vn -0.890400 -0.000000 -0.455200
vn 0.896700 -0.142300 -0.419100
vn 0.945800 -0.000000 -0.324600
vn 0.845700 -0.142300 -0.514400
vn 0.937100 -0.142200 -0.318800
vn 0.975800 0.000000 -0.218600
vn 0.966300 -0.142200 -0.214600
vn 0.993900 -0.000000 -0.110000
vn 0.983900 -0.142300 -0.108000
vn 0.989800 -0.142400 -0.000000
vn 0.989800 -0.142300 0.000000
vn 0.993900 0.000000 0.110000
vn 0.966300 -0.142200 0.214700
vn 0.975800 0.000000 0.218600
vn 0.983900 -0.142200 0.107900
vn 0.937100 -0.142200 0.318800
vn 0.945800 -0.000000 0.324600
vn 0.896700 -0.142400 0.419100
vn 0.904400 0.000000 0.426700
vn 0.845600 -0.142300 0.514500
vn 0.852000 -0.000000 0.523500
vn -0.939600 -0.000000 0.342200
vn -0.896600 0.000000 0.442700
vn -0.953600 0.000100 0.301000
vn 0.849200 -0.092500 0.519900
vn -0.865900 -0.000000 0.500200
vn -0.890600 0.000000 0.454800
vn -0.984800 -0.000000 0.173900
vn -0.988300 -0.000000 0.152300
vn -0.985700 0.000100 -0.168400
vn -0.984800 0.000000 -0.173700
vn -0.943200 0.000100 -0.332100
vn -0.873900 0.000000 -0.486100
vn -0.866000 -0.000100 -0.500100
vn -0.779700 0.000000 -0.626200
vn -0.765900 0.000000 -0.643000
vn -0.663200 0.000100 -0.748400
vn -0.642800 0.000000 -0.766100
vn -0.527800 -0.000000 -0.849400
vn -0.500000 -0.000000 -0.866000
vn -0.377300 -0.000000 -0.926100
vn -0.342200 -0.000100 -0.939600
vn -0.216100 -0.000000 -0.976400
vn -0.173500 -0.000100 -0.984800
vn -0.048600 -0.000000 -0.998800
vn 0.000300 -0.000100 -1.000000
vn 0.120100 0.000100 -0.992800
vn 0.173900 -0.000000 -0.984800
vn 0.285400 0.000000 -0.958400
vn 0.342200 -0.000100 -0.939600
vn 0.442900 0.000100 -0.896600
vn 0.519500 -0.095800 0.849100
vn 0.523500 0.000000 0.852000
vn 0.426700 -0.000000 0.904400
vn 0.474100 -0.000000 -0.880500
vn 0.455500 -0.000000 -0.890200
vn 0.419100 -0.142300 0.896700
vn 0.324600 -0.000000 0.945800
vn 0.514400 -0.142300 0.845600
vn 0.318800 -0.142300 0.937100
vn 0.218600 0.000000 0.975800
vn 0.214600 -0.142100 0.966300
vn 0.110000 -0.000000 0.993900
vn 0.107900 -0.142200 0.983900
vn 0.000000 -0.142400 0.989800
vn -0.000000 -0.142300 0.989800
vn -0.110000 0.000000 0.993900
vn -0.214700 -0.142200 0.966300
vn -0.218600 -0.000000 0.975800
vn -0.107900 -0.142200 0.983900
vn -0.318800 -0.142300 0.937100
vn -0.324600 -0.000000 0.945800
vn -0.419100 -0.142200 0.896700
vn -0.426700 0.000000 0.904400
vn -0.514400 -0.142300 0.845600
vn -0.523600 0.000000 0.852000
vn -0.342200 -0.000000 -0.939600
vn -0.442700 0.000000 -0.896700
vn -0.285300 0.000000 -0.958400
vn -0.519600 -0.095600 0.849100
vn -0.455600 0.000000 -0.890200
vn -0.119800 0.000000 -0.992800
vn 0.000300 -0.000000 -1.000000
vn 0.048900 -0.000100 -0.998800
vn 0.216300 0.000100 -0.976300
vn 0.342200 0.000000 -0.939600
vn 0.377500 0.000000 -0.926000
vn 0.499800 -0.000000 -0.866100
vn 0.527900 -0.000000 -0.849300
vn 0.642500 0.000100 -0.766300
vn 0.663300 0.000000 -0.748300
vn 0.765800 -0.000000 -0.643100
vn 0.779800 0.000100 -0.626000
vn 0.865900 -0.000100 -0.500200
vn 0.874100 0.000000 -0.485800
vn 0.939600 -0.000100 -0.342200
vn 0.943300 0.000000 -0.331800
vn 0.984800 -0.000100 -0.173900
vn 0.985700 0.000000 -0.168700
vn 0.988300 0.000100 0.152200
vn 0.984800 -0.000100 0.173700
vn 0.953600 0.000000 0.301000
vn 0.939700 -0.000000 0.342000
vn 0.896400 -0.000000 0.443200
vn -0.849200 -0.093800 0.519700
vn -0.852000 0.000000 0.523500
vn -0.904400 -0.000000 0.426700
vn 0.880400 -0.000000 0.474300
vn 0.890300 0.000000 0.455300
vn -0.896700 -0.142300 0.419100
vn -0.945800 -0.000000 0.324600
vn -0.845700 -0.142300 0.514400
vn -0.937100 -0.142300 0.318800
vn -0.975800 0.000000 0.218600
vn -0.966300 -0.142300 0.214700
vn -0.993900 -0.000000 0.110000
vn -0.983900 -0.142400 0.108000
vn -0.989800 -0.142300 -0.000000
vn -0.989800 -0.142400 -0.000000
vn -0.993900 0.000000 -0.110000
vn -0.966300 -0.142200 -0.214700
vn -0.975800 0.000000 -0.218600
vn -0.983900 -0.142200 -0.107900
vn -0.937100 -0.142200 -0.318800
vn -0.945800 -0.000000 -0.324600
vn -0.896700 -0.142400 -0.419100
vn -0.904400 0.000000 -0.426700
vn -0.845600 -0.142300 -0.514500
vn -0.852000 -0.000000 -0.523500
vn 0.939600 -0.000000 -0.342200
vn 0.896600 0.000000 -0.442800
vn 0.953600 0.000100 -0.301000
vn -0.849200 -0.092500 -0.519900
vn 0.865900 -0.000000 -0.500200
vn 0.890600 0.000000 -0.454700
vn 0.984800 -0.000000 -0.173900
vn 0.988300 -0.000000 -0.152300
vn 0.985700 0.000100 0.168400
vn 0.984800 -0.000000 0.173700
vn 0.943300 0.000100 0.332100
vn 0.939700 -0.000100 0.342000
vn 0.873900 0.000000 0.486100
vn 0.866000 -0.000100 0.500100
vn 0.779700 -0.000000 0.626200
vn 0.765900 0.000000 0.643000
vn 0.663200 0.000100 0.748400
vn 0.642800 0.000000 0.766100
vn 0.527800 -0.000000 0.849400
vn 0.377300 -0.000000 0.926100
vn 0.342200 -0.000100 0.939600
vn 0.216100 -0.000000 0.976400
vn 0.048600 -0.000000 0.998800
vn -0.000300 -0.000100 1.000000
vn -0.120100 0.000100 0.992800
vn -0.285400 0.000000 0.958400
vn -0.342200 -0.000100 0.939600
vn -0.443000 0.000100 0.896500
vn -0.519500 -0.095800 -0.849100
vn -0.523600 0.000000 -0.852000
vn -0.426700 -0.000000 -0.904400
vn -0.474200 -0.000000 0.880400
vn -0.455700 0.000000 0.890100
vn -0.419100 -0.142300 -0.896700
vn -0.324600 -0.000000 -0.945800
vn -0.514400 -0.142300 -0.845600
vn -0.318800 -0.142300 -0.937100
vn -0.218600 0.000000 -0.975800
vn -0.214600 -0.142100 -0.966300
vn -0.959500 -0.281900 0.000000
vn -0.937500 -0.281700 -0.204100
vn -0.954000 -0.281800 -0.102600
vn -0.910300 -0.281800 -0.303300
vn -0.872600 -0.281800 -0.398900
vn -0.824900 -0.281900 -0.490000
vn 0.880500 0.000000 -0.474000
vn -0.840400 -0.187200 -0.508500
vn 0.871000 -0.000000 -0.491300
vn 0.835000 -0.000000 -0.550300
vn -0.909500 -0.415700 -0.000000
vn -0.889700 -0.415700 -0.188600
vn -0.904600 -0.415500 -0.094800
vn -0.865200 -0.415600 -0.280400
vn -0.831300 -0.415700 -0.369100
vn -0.799400 -0.381900 -0.463800
vn -0.788200 -0.415700 -0.453800
vn -0.824400 -0.284800 -0.489200
vn 0.765700 -0.000100 -0.643100
vn 0.833800 0.000000 -0.552100
vn 0.774500 0.000000 -0.632500
vn -0.841000 -0.541000 0.000000
vn -0.823500 -0.541000 -0.170600
vn -0.836600 -0.541000 -0.085800
vn -0.801900 -0.540900 -0.253700
vn -0.771800 -0.541000 -0.334200
vn -0.766300 -0.472800 -0.435000
vn -0.733700 -0.541000 -0.411100
vn 0.746000 -0.000000 -0.666000
vn 0.693000 -0.000000 -0.721000
vn 0.609400 -0.000000 -0.792900
vn -0.755400 -0.655300 0.000000
vn -0.739900 -0.655200 -0.152800
vn -0.751500 -0.655300 -0.076800
vn -0.720400 -0.655300 -0.227200
vn -0.693600 -0.655300 -0.299200
vn -0.727300 -0.552800 -0.406600
vn -0.685100 -0.620800 -0.381000
vn 0.593700 -0.000000 -0.804700
vn 0.482700 0.000000 -0.875800
vn -0.654300 -0.756200 0.000000
vn -0.650700 -0.756200 -0.069000
vn -0.639800 -0.756200 -0.137200
vn -0.621800 -0.756200 -0.203900
vn -0.659600 -0.655300 -0.368200
vn -0.596800 -0.756200 -0.268300
vn 0.413100 0.000000 -0.910700
vn -0.641700 -0.677700 -0.359100
vn 0.365000 0.000000 -0.931000
vn -0.598400 -0.725000 -0.341000
vn 0.244300 0.000000 -0.969700
vn -0.539900 -0.841700 0.000000
vn -0.536200 -0.841700 -0.064300
vn -0.524600 -0.841700 -0.127800
vn -0.505600 -0.841700 -0.189400
vn -0.565200 -0.756200 -0.329700
vn -0.479400 -0.841700 -0.248300
vn 0.173900 -0.000100 -0.984800
vn 0.148200 0.000000 -0.989000
vn -0.556400 -0.764000 -0.326600
vn 0.123100 -0.000000 -0.992400
vn -0.517400 -0.795300 -0.315900
vn 0.006600 0.000000 -1.000000
vn -0.414500 -0.910000 -0.000000
vn -0.404100 -0.910000 -0.092200
vn -0.411900 -0.910100 -0.046400
vn -0.391300 -0.910000 -0.136900
vn -0.373500 -0.910000 -0.179900
vn -0.452100 -0.838600 -0.304000
vn -0.446400 -0.841700 -0.303700
vn -0.351000 -0.910000 -0.220500
vn -0.482800 -0.819600 -0.308600
vn -0.342100 -0.000200 -0.939700
vn -0.220600 -0.000000 -0.975400
vn -0.201000 -0.000000 -0.979600
vn -0.424500 -0.853600 -0.301800
vn -0.295400 0.000000 -0.955400
vn -0.173600 -0.000200 -0.984800
vn -0.101000 0.000000 -0.994900
vn -0.399700 -0.865500 -0.301800
vn -0.385400 0.000000 -0.922700
vn -0.280600 -0.959800 -0.000000
vn -0.278900 -0.959800 -0.031400
vn -0.273600 -0.959800 -0.062400
vn -0.264900 -0.959800 -0.092700
vn -0.252900 -0.959800 -0.121800
vn -0.324100 -0.910000 -0.258500
vn -0.237700 -0.959800 -0.149300
vn -0.327600 -0.886400 -0.326900
vn -0.293100 -0.910100 -0.293100
vn -0.219400 -0.959800 -0.175000
vn -0.341400 -0.885100 -0.316400
vn -0.358100 -0.881100 -0.308800
vn -0.377600 -0.874600 -0.304000
vn -0.304200 -0.875100 -0.376400
vn -0.258400 -0.910100 -0.324100
vn -0.198500 -0.959800 -0.198500
vn -0.309200 -0.881400 -0.357000
vn -0.316900 -0.885200 -0.340500
vn -0.303600 -0.841700 -0.446500
vn -0.220600 -0.910000 -0.351100
vn -0.175000 -0.959800 -0.219400
vn -0.301800 -0.854400 -0.423000
vn -0.301800 -0.866100 -0.398400
vn -0.248200 -0.841700 -0.479500
vn -0.179800 -0.910100 -0.373400
vn -0.149300 -0.959800 -0.237600
vn -0.189300 -0.841700 -0.505600
vn -0.136900 -0.910000 -0.391300
vn -0.121800 -0.959800 -0.252900
vn -0.127800 -0.841600 -0.524700
vn -0.092200 -0.910000 -0.404200
vn -0.092700 -0.959800 -0.264900
vn -0.064300 -0.841700 -0.536100
vn -0.046400 -0.910000 -0.411900
vn -0.062500 -0.959800 -0.273700
vn -0.000000 -0.841700 -0.539900
vn 0.000000 -0.910000 -0.414500
vn -0.031400 -0.959800 -0.278900
vn 0.000000 -0.959800 -0.280600
vn -0.000000 -0.756200 -0.654300
vn -0.137200 -0.756200 -0.639800
vn -0.069000 -0.756200 -0.650700
vn -0.203900 -0.756200 -0.621800
vn -0.268300 -0.756200 -0.596800
vn -0.303800 -0.839500 -0.450500
vn -0.308300 -0.820800 -0.480900
vn -0.329800 -0.756200 -0.565100
vn -0.324500 -0.769900 -0.549500
vn -0.315400 -0.796900 -0.515300
vn -0.975400 0.000000 -0.220300
vn -0.953700 0.000000 -0.300700
vn -0.978400 0.000000 -0.206600
vn -0.939700 0.000000 -0.342000
vn -0.920600 0.000000 -0.390400
vn -0.879200 0.000000 -0.476500
vn -0.865900 -0.000400 -0.500200
vn -0.829300 0.000000 -0.558800
vn -0.771100 -0.000000 -0.636800
vn -0.705200 0.000100 -0.709000
vn -0.642800 -0.000100 -0.766100
vn -0.632400 0.000000 -0.774600
vn -0.554300 0.000000 -0.832300
vn -0.471700 0.000000 -0.881800
vn -0.994300 -0.000000 -0.107000
vn 0.000000 -0.655300 -0.755400
vn -0.152800 -0.655300 -0.739800
vn -0.076800 -0.655200 -0.751500
vn -0.227200 -0.655200 -0.720500
vn -0.299200 -0.655300 -0.693600
vn -0.336800 -0.736000 -0.587200
vn -0.368200 -0.655300 -0.659600
vn -0.353600 -0.692000 -0.629400
vn -0.984800 -0.000200 0.173800
vn -0.989000 -0.000000 0.148000
vn -0.994700 0.000000 0.102900
vn -0.977200 0.000000 0.212200
vn -0.140200 -0.990000 -0.015800
vn 0.000600 -1.000000 -0.000000
vn -0.141000 -0.990000 -0.000000
vn -0.141100 -0.990000 -0.000000
vn -0.141400 -0.990000 -0.000000
vn -0.000300 -1.000000 -0.000000
vn -0.137500 -0.990000 -0.031400
vn -0.133100 -0.990000 -0.046600
vn -0.127100 -0.990000 -0.061200
vn -0.119400 -0.990000 -0.075100
vn -0.110300 -0.990000 -0.087900
vn -0.099800 -0.990000 -0.099800
vn -0.088000 -0.990000 -0.110300
vn -0.075100 -0.990000 -0.119500
vn -0.061200 -0.990000 -0.127100
vn -0.046600 -0.990000 -0.133100
vn -0.031400 -0.990000 -0.137500
vn -0.015800 -0.990000 -0.140200
vn -0.000000 -0.990000 -0.141000
vn 0.000000 -0.990000 -0.141100
vn 0.000000 -0.990000 -0.141400
vn -0.507400 -0.194000 -0.839600
vn -0.494800 -0.000000 0.869000
vn -0.398900 -0.281800 -0.872600
vn -0.490000 -0.281900 -0.824900
vn -0.303200 -0.281800 -0.910300
vn -0.204100 -0.281800 -0.937500
vn -0.102600 -0.281700 -0.954000
vn 0.000000 -0.281900 -0.959500
vn -0.094800 -0.415600 -0.904600
vn -0.000000 -0.415700 -0.909500
vn -0.551400 -0.000000 0.834300
vn -0.487000 -0.295200 -0.822000
vn -0.559900 -0.000000 0.828600
vn -0.369000 -0.415600 -0.831300
vn -0.459800 -0.395400 -0.795100
vn -0.453700 -0.415700 -0.788300
vn -0.280400 -0.415600 -0.865300
vn -0.188600 -0.415600 -0.889800
vn -0.085800 -0.541000 -0.836600
vn -0.000000 -0.541000 -0.841000
vn -0.644900 -0.000000 0.764200
vn -0.665600 0.000000 0.746300
vn -0.429900 -0.487900 -0.759700
vn -0.736500 -0.000000 0.676400
vn -0.334300 -0.541000 -0.771700
vn -0.411300 -0.541000 -0.733600
vn -0.253800 -0.540900 -0.801900
vn -0.170700 -0.541000 -0.823500
vn -0.765800 -0.000100 0.643100
vn -0.793400 -0.000000 0.608700
vn -0.400900 -0.568300 -0.718500
vn -0.821100 -0.000000 0.570800
vn -0.375200 -0.636000 -0.674400
vn -0.865900 0.000100 0.500200
vn -0.891100 0.000000 0.453800
vn -0.910600 -0.000000 0.413200
vn -0.943600 -0.000000 0.331100
vn -0.954000 -0.281800 0.102600
vn -0.904500 -0.415800 0.094900
vn -0.836600 -0.541000 0.085700
vn -0.751400 -0.655300 0.076700
vn -0.650700 -0.756200 0.068900
vn -0.536100 -0.841700 0.064300
vn -0.411900 -0.910100 0.046400
vn -0.278900 -0.959800 0.031400
vn -0.140200 -0.990000 0.015800
vn -0.248200 -0.841700 0.479500
vn -0.324500 -0.769800 0.549700
vn -0.315400 -0.796900 0.515300
vn -0.994700 0.000000 -0.103200
vn -0.308100 -0.821300 0.480200
vn -0.994000 -0.000000 0.109500
vn -0.329800 -0.756200 0.565100
vn -0.989000 0.000000 -0.148000
vn -0.268400 -0.756200 0.596700
vn -0.337000 -0.735700 0.587500
vn -0.984800 -0.000400 -0.173800
vn -0.977000 -0.000000 -0.213100
vn -0.189400 -0.841600 0.505800
vn -0.203900 -0.756100 0.621800
vn -0.299200 -0.655300 0.693600
vn -0.353800 -0.691400 0.629900
vn -0.368200 -0.655300 0.659600
vn -0.127700 -0.841800 0.524500
vn -0.137200 -0.756200 0.639800
vn -0.227200 -0.655200 0.720500
vn -0.064300 -0.841700 0.536100
vn -0.069000 -0.756200 0.650700
vn -0.152800 -0.655200 0.739800
vn 0.000000 -0.841700 0.539900
vn 0.000000 -0.756200 0.654300
vn -0.076800 -0.655300 0.751500
vn 0.000000 -0.655300 0.755400
vn -0.000000 -0.910000 0.414500
vn -0.092200 -0.910000 0.404100
vn -0.046400 -0.910100 0.411900
vn -0.136900 -0.910000 0.391200
vn -0.179800 -0.910000 0.373500
vn -0.303600 -0.840000 0.449800
vn -0.303500 -0.841700 0.446500
vn -0.220500 -0.910000 0.351000
vn -0.975500 0.000000 0.220100
vn -0.977900 -0.000000 0.208900
vn -0.301600 -0.855300 0.421200
vn -0.951700 -0.000000 0.307100
vn -0.943100 0.000000 -0.332400
vn -0.939700 -0.000300 -0.341900
vn -0.910700 -0.000000 -0.413200
vn -0.375400 -0.635200 0.674900
vn -0.253800 -0.541000 0.801800
vn -0.334300 -0.541000 0.771700
vn -0.170700 -0.541000 0.823500
vn -0.085800 -0.541000 0.836600
vn 0.000000 -0.541000 0.841000
vn -0.401200 -0.567600 0.719000
vn -0.866000 -0.000000 -0.500100
vn -0.820300 0.000000 -0.571900
vn -0.411300 -0.541000 0.733600
vn -0.793400 -0.000000 -0.608700
vn -0.369100 -0.415700 0.831300
vn -0.430100 -0.487200 0.760000
vn -0.765900 -0.000100 -0.643000
vn -0.735700 0.000000 -0.677300
vn -0.280400 -0.415600 0.865200
vn -0.188600 -0.415600 0.889800
vn -0.094800 -0.415700 0.904600
vn -0.000000 -0.415700 0.909500
vn -0.453700 -0.415700 0.788300
vn -0.665600 0.000000 -0.746300
vn -0.398900 -0.281800 0.872600
vn -0.460000 -0.394800 0.795300
vn -0.644300 0.000000 -0.764700
vn -0.303200 -0.281800 0.910300
vn -0.204100 -0.281800 0.937500
vn -0.102600 -0.281800 0.954000
vn 0.000000 -0.281900 0.959500
vn -0.490000 -0.281900 0.824900
vn -0.486400 -0.294700 0.822600
vn -0.559500 0.000000 -0.828800
vn -0.551300 0.000000 -0.834300
vn -0.507400 -0.193800 0.839600
vn -0.494600 -0.000000 -0.869100
vn -0.474200 0.000000 -0.880400
vn -0.015800 -0.990000 0.140200
vn -0.000000 -0.990000 0.141000
vn -0.000000 -0.990000 0.141100
vn 0.000000 -0.990000 0.141400
vn -0.031400 -0.990000 0.137600
vn -0.046600 -0.990000 0.133100
vn -0.061200 -0.990000 0.127100
vn -0.075100 -0.990000 0.119400
vn -0.088000 -0.990000 0.110300
vn -0.099700 -0.990000 0.099700
vn -0.110300 -0.990000 0.087900
vn -0.119500 -0.990000 0.075100
vn -0.127100 -0.990000 0.061200
vn -0.133100 -0.990000 0.046600
vn -0.137500 -0.990000 0.031400
vn -0.273600 -0.959800 0.062500
vn -0.264900 -0.959800 0.092700
vn -0.252900 -0.959800 0.121800
vn -0.237700 -0.959800 0.149300
vn -0.219400 -0.959800 0.175000
vn -0.198500 -0.959800 0.198500
vn -0.175000 -0.959800 0.219500
vn -0.149300 -0.959800 0.237700
vn -0.121800 -0.959800 0.252900
vn -0.092700 -0.959800 0.264900
vn -0.062500 -0.959800 0.273600
vn -0.031400 -0.959800 0.278900
vn -0.000000 -0.959800 0.280600
vn -0.404200 -0.910000 0.092200
vn -0.391300 -0.910000 0.136900
vn -0.373500 -0.910000 0.179800
vn -0.351000 -0.910000 0.220600
vn -0.324100 -0.910000 0.258400
vn -0.293100 -0.910000 0.293100
vn -0.258400 -0.910100 0.324100
vn -0.524700 -0.841700 0.127700
vn -0.505700 -0.841700 0.189300
vn -0.479500 -0.841700 0.248200
vn -0.446500 -0.841700 0.303500
vn -0.378400 -0.874300 0.303900
vn -0.424300 -0.853800 0.301700
vn -0.400000 -0.865400 0.301700
vn -0.317900 -0.885500 0.338900
vn -0.359000 -0.880900 0.308500
vn -0.342400 -0.884900 0.315800
vn -0.328700 -0.886400 0.325900
vn -0.302000 -0.867300 0.395700
vn -0.310000 -0.882000 0.354900
vn -0.304700 -0.876000 0.373900
vn -0.639900 -0.756100 0.137200
vn -0.621800 -0.756200 0.203800
vn -0.596800 -0.756200 0.268200
vn -0.449400 -0.840100 0.303800
vn -0.565200 -0.756200 0.329600
vn -0.537600 -0.779600 0.321100
vn -0.506500 -0.803300 0.313400
vn -0.476100 -0.824000 0.307400
vn -0.173900 -0.000100 0.984800
vn -0.220000 -0.000000 0.975500
vn -0.296300 -0.000000 0.955100
vn -0.209500 -0.000000 0.977800
vn -0.384300 -0.000000 0.923200
vn -0.468300 -0.000000 0.883500
vn -0.499900 -0.000200 0.866100
vn -0.550300 -0.000000 0.834900
vn -0.627600 -0.000000 0.778600
vn -0.642500 0.000000 0.766300
vn -0.699100 -0.000000 0.715000
vn -0.764300 -0.000000 0.644900
vn -0.765700 -0.000200 0.643200
vn -0.822600 -0.000000 0.568600
vn -0.873700 -0.000000 0.486500
vn -0.916200 -0.000000 0.400700
vn -0.839700 -0.193500 0.507400
vn 0.869100 -0.000000 0.494600
vn -0.872600 -0.281800 0.398900
vn -0.824900 -0.281900 0.490000
vn -0.910300 -0.281800 0.303300
vn -0.937500 -0.281800 0.204100
vn 0.866000 -0.000300 0.500100
vn 0.834400 -0.000000 0.551200
vn -0.822600 -0.292300 0.487700
vn 0.830000 -0.000000 0.557700
vn -0.831300 -0.415700 0.369100
vn -0.797900 -0.386600 0.462500
vn -0.788200 -0.415700 0.453700
vn -0.865300 -0.415600 0.280400
vn -0.889700 -0.415700 0.188600
vn 0.771100 -0.000000 0.636800
vn 0.765900 -0.000100 0.642900
vn 0.746200 0.000000 0.665700
vn -0.767000 -0.471200 0.435600
vn 0.694700 0.000000 0.719300
vn -0.771800 -0.541000 0.334100
vn -0.733700 -0.541000 0.411100
vn -0.801800 -0.541000 0.253700
vn -0.823600 -0.541000 0.170600
vn 0.642800 0.000100 0.766100
vn 0.609900 -0.000000 0.792500
vn -0.731000 -0.546200 0.409100
vn 0.603100 -0.000000 0.797700
vn -0.693700 -0.655200 0.299000
vn -0.691200 -0.611900 0.384400
vn -0.659700 -0.655300 0.367900
vn -0.720500 -0.655200 0.227000
vn -0.739800 -0.655300 0.152700
vn 0.498800 -0.000000 0.866700
vn 0.413800 -0.000000 0.910400
vn -0.652800 -0.664100 0.364300
vn 0.395600 0.000000 0.918400
vn -0.611200 -0.711800 0.346000
vn 0.342100 -0.000200 0.939600
vn 0.280400 -0.000000 0.959900
vn -0.572600 -0.749700 0.331800
vn 0.173500 -0.000000 0.984800
vn 0.170400 -0.000000 0.985400
vn 0.148500 -0.000000 0.988900
vn 0.067600 -0.000000 0.997700
vn -0.026800 -0.000000 0.999600
vn -0.122700 -0.000000 0.992400
vn 0.102600 -0.281800 0.954000
vn 0.094800 -0.415700 0.904500
vn 0.085800 -0.541000 0.836600
vn 0.076800 -0.655200 0.751500
vn 0.069000 -0.756200 0.650700
vn 0.064300 -0.841700 0.536100
vn 0.046400 -0.910000 0.411900
vn 0.031400 -0.959800 0.278900
vn 0.015800 -0.990000 0.140200
vn 0.959500 -0.281900 -0.000000
vn 0.937500 -0.281700 0.204100
vn 0.954000 -0.281800 0.102600
vn 0.910300 -0.281800 0.303300
vn 0.872600 -0.281800 0.398900
vn 0.824900 -0.281900 0.490000
vn -0.880500 -0.000000 0.474000
vn 0.840500 -0.187200 0.508500
vn -0.871000 -0.000000 0.491300
vn -0.834900 -0.000000 0.550400
vn 0.909500 -0.415700 0.000000
vn 0.889700 -0.415700 0.188600
vn 0.904600 -0.415500 0.094800
vn 0.865200 -0.415600 0.280400
vn 0.831300 -0.415700 0.369100
vn 0.799400 -0.382000 0.463800
vn 0.788200 -0.415700 0.453800
vn 0.824700 -0.284700 0.488700
vn -0.765700 -0.000100 0.643100
vn -0.833800 0.000000 0.552100
vn -0.774500 -0.000000 0.632500
vn 0.841000 -0.541000 -0.000000
vn 0.823500 -0.541000 0.170600
vn 0.836600 -0.541000 0.085800
vn 0.801900 -0.540900 0.253700
vn 0.771800 -0.541000 0.334200
vn 0.766300 -0.472800 0.435000
vn 0.733700 -0.541000 0.411100
vn -0.745900 -0.000000 0.666000
vn -0.693000 -0.000000 0.721000
vn -0.609400 -0.000000 0.792900
vn 0.755400 -0.655300 -0.000000
vn 0.739900 -0.655200 0.152800
vn 0.751500 -0.655300 0.076800
vn 0.720400 -0.655300 0.227200
vn 0.693600 -0.655300 0.299200
vn 0.727300 -0.552800 0.406600
vn 0.685100 -0.620800 0.381000
vn -0.593700 -0.000000 0.804700
vn -0.482700 -0.000000 0.875800
vn 0.654300 -0.756200 -0.000000
vn 0.650700 -0.756200 0.069000
vn 0.639800 -0.756200 0.137200
vn 0.621800 -0.756200 0.203900
vn 0.659600 -0.655300 0.368200
vn 0.596800 -0.756200 0.268300
vn -0.413100 -0.000000 0.910700
vn 0.641700 -0.677700 0.359100
vn -0.365000 -0.000000 0.931000
vn 0.598400 -0.725000 0.341000
vn -0.244300 -0.000000 0.969700
vn 0.539900 -0.841700 0.000000
vn 0.536200 -0.841700 0.064300
vn 0.524600 -0.841700 0.127800
vn 0.505600 -0.841700 0.189400
vn 0.565200 -0.756200 0.329700
vn 0.479400 -0.841700 0.248300
vn -0.148200 0.000000 0.989000
vn 0.556400 -0.764000 0.326700
vn -0.123100 -0.000000 0.992400
vn 0.517400 -0.795300 0.315900
vn -0.006500 -0.000000 1.000000
vn 0.414500 -0.910000 0.000000
vn 0.404100 -0.910000 0.092200
vn 0.411900 -0.910100 0.046400
vn 0.391300 -0.910000 0.136900
vn 0.373500 -0.910000 0.179900
vn 0.452100 -0.838600 0.304000
vn 0.446400 -0.841700 0.303600
vn 0.351000 -0.910000 0.220500
vn 0.482800 -0.819600 0.308600
vn 0.342100 -0.000200 0.939700
vn 0.220600 -0.000000 0.975400
vn 0.201000 -0.000000 0.979600
vn 0.424500 -0.853600 0.301800
vn 0.295400 -0.000000 0.955400
vn 0.173600 -0.000200 0.984800
vn 0.101000 -0.000000 0.994900
vn 0.399700 -0.865500 0.301800
vn 0.385400 -0.000000 0.922700
vn 0.280600 -0.959800 0.000000
vn 0.278900 -0.959800 0.031400
vn 0.273600 -0.959800 0.062400
vn 0.264900 -0.959800 0.092700
vn 0.252900 -0.959800 0.121800
vn 0.324100 -0.910000 0.258400
vn 0.237700 -0.959800 0.149300
vn 0.327600 -0.886400 0.326900
vn 0.293100 -0.910100 0.293100
vn 0.219400 -0.959800 0.175000
vn 0.341400 -0.885100 0.316400
vn 0.358100 -0.881100 0.308800
vn 0.377600 -0.874600 0.304000
vn 0.304200 -0.875100 0.376400
vn 0.258400 -0.910100 0.324100
vn 0.198500 -0.959800 0.198500
vn 0.309200 -0.881400 0.357000
vn 0.316900 -0.885200 0.340500
vn 0.303600 -0.841700 0.446500
vn 0.220600 -0.910000 0.351100
vn 0.175000 -0.959800 0.219400
vn 0.301800 -0.854400 0.423000
vn 0.301800 -0.866100 0.398400
vn 0.248200 -0.841700 0.479500
vn 0.179800 -0.910100 0.373400
vn 0.149300 -0.959800 0.237600
vn 0.189300 -0.841700 0.505600
vn 0.136900 -0.910000 0.391300
vn 0.121800 -0.959800 0.252900
vn 0.127800 -0.841600 0.524700
vn 0.092200 -0.910000 0.404100
vn 0.092700 -0.959800 0.264900
vn 0.062500 -0.959800 0.273700
vn 0.137200 -0.756200 0.639800
vn 0.203900 -0.756200 0.621800
vn 0.268300 -0.756200 0.596800
vn 0.303800 -0.839500 0.450500
vn 0.308300 -0.820800 0.481000
vn 0.329800 -0.756200 0.565100
vn 0.324500 -0.769900 0.549500
vn 0.315400 -0.796900 0.515300
vn 0.975400 0.000000 0.220300
vn 0.953700 -0.000000 0.300700
vn 0.978400 0.000000 0.206600
vn 0.920600 -0.000000 0.390400
vn 0.879200 -0.000000 0.476500
vn 0.865900 -0.000400 0.500200
vn 0.829300 -0.000000 0.558800
vn 0.705200 0.000100 0.709000
vn 0.642700 -0.000100 0.766100
vn 0.632400 -0.000000 0.774600
vn 0.554300 -0.000000 0.832300
vn 0.471700 -0.000000 0.881800
vn 0.994300 -0.000000 0.107000
vn 0.152800 -0.655300 0.739800
vn 0.227200 -0.655200 0.720500
vn 0.299200 -0.655300 0.693600
vn 0.336800 -0.736000 0.587200
vn 0.368200 -0.655300 0.659600
vn 0.353600 -0.692000 0.629400
vn 0.984800 -0.000200 -0.173800
vn 0.989000 -0.000000 -0.148000
vn 0.994700 0.000000 -0.102900
vn 0.977200 0.000000 -0.212200
vn 0.140200 -0.990000 0.015800
vn -0.000500 -1.000000 -0.000000
vn 0.141000 -0.990000 0.000000
vn 0.141100 -0.990000 -0.000000
vn 0.141400 -0.990000 -0.000000
vn 0.000300 -1.000000 -0.000000
vn 0.137500 -0.990000 0.031400
vn 0.133100 -0.990000 0.046600
vn 0.127100 -0.990000 0.061200
vn 0.119500 -0.990000 0.075100
vn 0.110300 -0.990000 0.087900
vn 0.099800 -0.990000 0.099800
vn 0.088000 -0.990000 0.110300
vn 0.075100 -0.990000 0.119500
vn 0.061200 -0.990000 0.127100
vn 0.046600 -0.990000 0.133100
vn 0.031400 -0.990000 0.137500
vn 0.507400 -0.194000 0.839600
vn 0.494800 0.000000 -0.869000
vn 0.398900 -0.281800 0.872600
vn 0.490000 -0.281900 0.824900
vn 0.303200 -0.281800 0.910300
vn 0.204100 -0.281800 0.937500
vn 0.551300 -0.000000 -0.834300
vn 0.487000 -0.295200 0.822000
vn 0.559900 0.000000 -0.828600
vn 0.369000 -0.415600 0.831300
vn 0.459800 -0.395300 0.795100
vn 0.453700 -0.415700 0.788300
vn 0.280400 -0.415600 0.865300
vn 0.188600 -0.415600 0.889800
vn 0.644900 0.000000 -0.764200
vn 0.665600 0.000000 -0.746300
vn 0.429900 -0.487900 0.759700
vn 0.736500 0.000000 -0.676400
vn 0.334300 -0.541000 0.771700
vn 0.411300 -0.541000 0.733600
vn 0.253800 -0.540900 0.801900
vn 0.170700 -0.541000 0.823500
vn 0.765800 -0.000100 -0.643100
vn 0.793400 0.000000 -0.608700
vn 0.400900 -0.568300 0.718500
vn 0.821100 -0.000000 -0.570800
vn 0.375200 -0.636000 0.674400
vn 0.865900 0.000100 -0.500200
vn 0.891100 0.000000 -0.453800
vn 0.910700 0.000000 -0.413200
vn 0.943600 -0.000000 -0.331100
vn 0.953900 -0.281900 -0.102700
vn 0.904500 -0.415800 -0.094900
vn 0.836700 -0.540900 -0.085700
vn 0.751500 -0.655300 -0.076700
vn 0.650700 -0.756200 -0.068900
vn 0.536100 -0.841700 -0.064300
vn 0.411900 -0.910100 -0.046400
vn 0.278900 -0.959800 -0.031400
vn 0.140200 -0.990000 -0.015800
vn 0.248200 -0.841700 -0.479500
vn 0.324500 -0.769800 -0.549700
vn 0.315400 -0.796900 -0.515300
vn 0.994700 0.000000 0.103200
vn 0.308100 -0.821300 -0.480200
vn 0.984800 -0.000100 -0.173800
vn 0.994000 0.000000 -0.109500
vn 0.329800 -0.756200 -0.565100
vn 0.989000 -0.000000 0.148000
vn 0.268400 -0.756200 -0.596700
vn 0.337000 -0.735700 -0.587500
vn 0.984800 -0.000400 0.173800
vn 0.977000 -0.000000 0.213100
vn 0.189300 -0.841700 -0.505700
vn 0.204000 -0.756100 -0.621900
vn 0.299200 -0.655300 -0.693600
vn 0.353800 -0.691400 -0.629900
vn 0.368200 -0.655300 -0.659600
vn 0.127700 -0.841700 -0.524600
vn 0.137200 -0.756200 -0.639800
vn 0.227200 -0.655200 -0.720500
vn 0.064300 -0.841700 -0.536100
vn 0.069000 -0.756300 -0.650600
vn 0.152800 -0.655200 -0.739800
vn 0.076800 -0.655300 -0.751500
vn 0.092200 -0.910000 -0.404100
vn 0.046400 -0.910100 -0.411900
vn 0.136900 -0.910000 -0.391300
vn 0.179800 -0.910100 -0.373400
vn 0.303600 -0.840000 -0.449700
vn 0.303500 -0.841700 -0.446500
vn 0.220500 -0.910000 -0.351000
vn 0.939600 -0.000200 -0.342200
vn 0.975500 0.000000 -0.220100
vn 0.977900 -0.000000 -0.208900
vn 0.301600 -0.855300 -0.421200
vn 0.951700 0.000000 -0.307100
vn 0.943100 0.000000 0.332400
vn 0.939700 -0.000300 0.341900
vn 0.910700 -0.000000 0.413200
vn 0.375500 -0.635200 -0.674900
vn 0.890400 0.000000 0.455200
vn 0.253800 -0.541000 -0.801800
vn 0.334300 -0.541000 -0.771700
vn 0.170700 -0.541000 -0.823500
vn 0.085800 -0.541000 -0.836600
vn 0.401200 -0.567600 -0.719000
vn 0.866000 -0.000000 0.500100
vn 0.820300 -0.000000 0.571900
vn 0.411300 -0.541000 -0.733600
vn 0.793400 -0.000000 0.608700
vn 0.369100 -0.415700 -0.831300
vn 0.430100 -0.487200 -0.760000
vn 0.765900 -0.000100 0.643000
vn 0.735800 -0.000000 0.677200
vn 0.280400 -0.415600 -0.865200
vn 0.188600 -0.415600 -0.889800
vn 0.094800 -0.415700 -0.904600
vn 0.453700 -0.415700 -0.788300
vn 0.665600 -0.000000 0.746300
vn 0.398900 -0.281800 -0.872600
vn 0.460000 -0.394800 -0.795300
vn 0.644300 0.000000 0.764800
vn 0.303200 -0.281800 -0.910300
vn 0.204100 -0.281800 -0.937500
vn 0.102600 -0.281800 -0.954000
vn 0.490000 -0.281900 -0.824900
vn 0.487100 -0.294700 -0.822100
vn 0.559500 0.000000 0.828800
vn 0.551300 0.000000 0.834300
vn 0.507300 -0.193800 -0.839700
vn 0.494600 -0.000000 0.869100
vn 0.474200 -0.000000 0.880400
vn 0.015800 -0.990000 -0.140200
vn 0.031400 -0.990000 -0.137600
vn 0.046600 -0.990000 -0.133100
vn 0.061200 -0.990000 -0.127100
vn 0.075100 -0.990000 -0.119500
vn 0.088000 -0.990000 -0.110300
vn 0.099700 -0.990000 -0.099700
vn 0.110300 -0.990000 -0.087900
vn 0.119500 -0.990000 -0.075100
vn 0.127100 -0.990000 -0.061200
vn 0.133100 -0.990000 -0.046600
vn 0.137500 -0.990000 -0.031400
vn 0.273600 -0.959800 -0.062500
vn 0.264900 -0.959800 -0.092700
vn 0.252900 -0.959800 -0.121800
vn 0.237700 -0.959800 -0.149300
vn 0.219400 -0.959800 -0.175000
vn 0.198500 -0.959800 -0.198500
vn 0.175000 -0.959800 -0.219500
vn 0.149300 -0.959800 -0.237700
vn 0.121800 -0.959800 -0.252900
vn 0.092700 -0.959800 -0.264900
vn 0.062500 -0.959800 -0.273600
vn 0.031400 -0.959800 -0.278900
vn 0.404200 -0.910000 -0.092200
vn 0.391200 -0.910000 -0.136900
vn 0.373400 -0.910100 -0.179800
vn 0.351100 -0.910000 -0.220600
vn 0.324100 -0.910000 -0.258400
vn 0.293100 -0.910000 -0.293100
vn 0.258400 -0.910100 -0.324100
vn 0.524700 -0.841700 -0.127700
vn 0.505700 -0.841700 -0.189300
vn 0.479500 -0.841700 -0.248200
vn 0.446500 -0.841700 -0.303600
vn 0.378400 -0.874300 -0.303900
vn 0.424300 -0.853800 -0.301800
vn 0.400000 -0.865400 -0.301700
vn 0.317900 -0.885500 -0.338900
vn 0.359000 -0.880900 -0.308500
vn 0.342400 -0.884900 -0.315800
vn 0.328600 -0.886400 -0.325900
vn 0.302000 -0.867300 -0.395700
vn 0.310000 -0.882000 -0.354800
vn 0.304700 -0.876000 -0.373900
vn 0.639800 -0.756200 -0.137200
vn 0.621700 -0.756200 -0.203800
vn 0.596800 -0.756200 -0.268200
vn 0.449500 -0.840100 -0.303800
vn 0.565200 -0.756200 -0.329600
vn 0.537600 -0.779600 -0.321100
vn 0.506500 -0.803300 -0.313400
vn 0.476100 -0.824000 -0.307400
vn 0.220000 0.000000 -0.975500
vn 0.296300 0.000000 -0.955100
vn 0.209400 0.000000 -0.977800
vn 0.384300 0.000000 -0.923200
vn 0.468300 0.000000 -0.883500
vn 0.499900 -0.000200 -0.866100
vn 0.550300 -0.000000 -0.834900
vn 0.627600 -0.000000 -0.778600
vn 0.642500 0.000000 -0.766300
vn 0.699100 -0.000000 -0.715000
vn 0.764300 0.000000 -0.644900
vn 0.765700 -0.000200 -0.643200
vn 0.822600 0.000000 -0.568600
vn 0.873700 0.000000 -0.486500
vn 0.916200 0.000000 -0.400700
vn 0.839700 -0.193500 -0.507400
vn -0.869200 0.000000 -0.494500
vn 0.872600 -0.281900 -0.398900
vn 0.824900 -0.281900 -0.490000
vn 0.910300 -0.281800 -0.303300
vn 0.937500 -0.281800 -0.204100
vn -0.866000 -0.000300 -0.500100
vn -0.834400 -0.000000 -0.551200
vn 0.822700 -0.292300 -0.487600
vn -0.830000 0.000000 -0.557700
vn 0.831300 -0.415700 -0.369100
vn 0.797900 -0.386600 -0.462500
vn 0.788200 -0.415700 -0.453800
vn 0.865200 -0.415600 -0.280400
vn 0.889700 -0.415700 -0.188600
vn -0.765900 -0.000100 -0.642900
vn -0.746200 0.000000 -0.665700
vn 0.767000 -0.471200 -0.435600
vn -0.694700 0.000000 -0.719300
vn 0.771800 -0.541000 -0.334100
vn 0.733700 -0.541000 -0.411100
vn 0.801900 -0.541000 -0.253700
vn 0.823500 -0.541100 -0.170600
vn -0.642800 0.000100 -0.766100
vn -0.609800 0.000000 -0.792600
vn 0.731000 -0.546200 -0.409100
vn -0.603100 0.000000 -0.797700
vn 0.693700 -0.655300 -0.299000
vn 0.691200 -0.611900 -0.384400
vn 0.659700 -0.655300 -0.367900
vn 0.720500 -0.655200 -0.227000
vn 0.739800 -0.655300 -0.152700
vn -0.498800 0.000000 -0.866700
vn -0.413800 0.000000 -0.910400
vn 0.652900 -0.664100 -0.364300
vn -0.395600 0.000000 -0.918400
vn 0.611200 -0.711800 -0.346000
vn -0.342100 -0.000100 -0.939600
vn -0.280400 0.000000 -0.959900
vn 0.572600 -0.749700 -0.331800
vn -0.173500 -0.000000 -0.984800
vn -0.170400 0.000000 -0.985400
vn -0.148500 0.000000 -0.988900
vn -0.067600 0.000000 -0.997700
vn 0.026800 0.000000 -0.999600
vn 0.122700 0.000000 -0.992400
vn 0.309200 0.951000 0.000000
vn 0.309000 0.947200 -0.085300
vn 0.309000 0.947200 0.085300
vn 0.308800 0.935800 0.169800
vn 0.309100 0.916800 0.253000
vn 0.308800 0.890500 0.334200
vn 0.309100 0.856900 0.412600
vn 0.309100 0.816400 0.487800
vn 0.309100 0.769400 0.559000
vn 0.309000 0.716200 0.625700
vn 0.309000 0.657200 0.687400
vn 0.308500 0.593100 0.743700
vn 0.309200 0.523900 0.793700
vn 0.309200 0.450700 0.837500
vn 0.309100 0.373800 0.874500
vn 0.309200 0.293900 0.904500
vn 0.308800 0.211600 0.927300
vn 0.309000 0.127700 0.942500
vn 0.309200 0.042700 0.950000
vn 0.309200 -0.042700 0.950000
vn 0.309100 -0.127700 0.942400
vn 0.309000 -0.211600 0.927200
vn 0.309200 -0.293900 0.904500
vn 0.309200 -0.373800 0.874500
vn 0.309200 -0.450700 0.837500
vn 0.309200 -0.523900 0.793700
vn 0.309000 -0.593000 0.743600
vn 0.309000 -0.657200 0.687400
vn 0.309000 -0.716200 0.625700
vn 0.308800 -0.769500 0.559000
vn 0.309000 -0.816400 0.487800
vn 0.309200 -0.856800 0.412600
vn 0.309000 -0.890400 0.334200
vn 0.309100 -0.916800 0.253000
vn 0.309000 -0.935800 0.169800
vn 0.309000 -0.947200 0.085300
vn 0.309200 -0.951000 -0.000000
vn 0.454300 0.890900 -0.000000
vn 0.454100 0.887400 -0.079900
vn 0.454100 0.887400 0.079900
vn 0.454200 0.876600 0.159100
vn 0.454300 0.858800 0.237000
vn 0.454100 0.834100 0.313100
vn 0.454100 0.802700 0.386600
vn 0.454100 0.764800 0.457000
vn 0.454300 0.720700 0.523600
vn 0.454300 0.670900 0.586100
vn 0.454100 0.615700 0.644000
vn 0.454100 0.555500 0.696600
vn 0.454200 0.490800 0.743500
vn 0.454200 0.422200 0.784500
vn 0.454200 0.350100 0.819200
vn 0.454000 0.275300 0.847400
vn 0.454200 0.198200 0.868600
vn 0.454100 0.119600 0.882900
vn 0.454200 0.040000 0.890000
vn 0.454300 -0.040000 0.890000
vn 0.454200 -0.119600 0.882900
vn 0.454200 -0.198200 0.868600
vn 0.454100 -0.275300 0.847300
vn 0.454200 -0.350100 0.819200
vn 0.454300 -0.422100 0.784500
vn 0.454100 -0.490800 0.743600
vn 0.454100 -0.555500 0.696600
vn 0.454200 -0.615700 0.644000
vn 0.454300 -0.670900 0.586100
vn 0.454300 -0.720700 0.523600
vn 0.454200 -0.764800 0.457000
vn 0.454200 -0.802700 0.386600
vn 0.454300 -0.834100 0.313000
vn 0.454300 -0.858700 0.237000
vn 0.454300 -0.876600 0.159100
vn 0.454100 -0.887400 0.079900
vn 0.454300 -0.890900 0.000000
vn 0.309000 -0.947200 -0.085300
vn 0.588200 0.808700 0.000000
vn 0.588200 0.805500 -0.072500
vn 0.588200 0.805500 0.072500
vn 0.588100 0.795800 0.144400
vn 0.588200 0.779600 0.215200
vn 0.588200 0.757200 0.284200
vn 0.588200 0.728700 0.350900
vn 0.588100 0.694300 0.414800
vn 0.588100 0.654300 0.475400
vn 0.588100 0.609100 0.532100
vn 0.588200 0.558900 0.584500
vn 0.588100 0.504200 0.632300
vn 0.588200 0.445500 0.675000
vn 0.588200 0.383200 0.712200
vn 0.588200 0.317800 0.743600
vn 0.588100 0.249900 0.769200
vn 0.588100 0.180000 0.788500
vn 0.588100 0.108600 0.801400
vn 0.588200 0.036300 0.807900
vn 0.588200 -0.036300 0.807900
vn 0.588200 -0.108600 0.801400
vn 0.588200 -0.180000 0.788500
vn 0.588100 -0.249900 0.769200
vn 0.588200 -0.317900 0.743700
vn 0.588200 -0.383200 0.712200
vn 0.588200 -0.445500 0.675000
vn 0.588200 -0.504200 0.632300
vn 0.588200 -0.558900 0.584600
vn 0.588200 -0.609000 0.532100
vn 0.588200 -0.654300 0.475400
vn 0.588100 -0.694300 0.414800
vn 0.588100 -0.728700 0.350900
vn 0.588200 -0.757200 0.284200
vn 0.588100 -0.779600 0.215200
vn 0.588200 -0.795700 0.144400
vn 0.588200 -0.805500 0.072500
vn 0.588200 -0.808700 0.000000
vn 0.454100 -0.887400 -0.079900
vn 0.707100 0.707100 -0.000000
vn 0.707100 0.706300 -0.033600
vn 0.707100 0.703900 0.067200
vn 0.707100 0.706300 0.033700
vn 0.707100 0.694300 0.133800
vn 0.707100 0.699900 0.100600
vn 0.707100 0.678500 0.199200
vn 0.707100 0.687200 0.166700
vn 0.707100 0.656400 0.262800
vn 0.707100 0.668200 0.231300
vn 0.707100 0.628500 0.324000
vn 0.707100 0.643200 0.293700
vn 0.707100 0.594900 0.382300
vn 0.707100 0.612400 0.353600
vn 0.707100 0.555800 0.437100
vn 0.707100 0.576000 0.410200
vn 0.707100 0.511700 0.488000
vn 0.707100 0.534400 0.463000
vn 0.707100 0.488000 0.511800
vn 0.707100 0.437100 0.555800
vn 0.707100 0.463100 0.534400
vn 0.707100 0.382300 0.594900
vn 0.707100 0.410200 0.576000
vn 0.707100 0.324000 0.628500
vn 0.707100 0.353600 0.612400
vn 0.707100 0.262800 0.656400
vn 0.707100 0.293700 0.643200
vn 0.707100 0.199200 0.678500
vn 0.707100 0.231300 0.668200
vn 0.707100 0.133800 0.694300
vn 0.707100 0.166700 0.687200
vn 0.707100 0.067200 0.703900
vn 0.707100 0.100600 0.699900
vn 0.707100 0.000000 0.707100
vn 0.707100 0.033600 0.706300
vn 0.707100 -0.033600 0.706300
vn 0.707100 -0.100600 0.699900
vn 0.707100 -0.067200 0.703900
vn 0.707100 -0.166700 0.687200
vn 0.707100 -0.133800 0.694300
vn 0.707100 -0.231300 0.668200
vn 0.707100 -0.199200 0.678500
vn 0.707100 -0.293700 0.643200
vn 0.707100 -0.262800 0.656500
vn 0.707100 -0.353500 0.612400
vn 0.707100 -0.324000 0.628500
vn 0.707100 -0.410200 0.576000
vn 0.707100 -0.382300 0.594900
vn 0.707100 -0.463100 0.534400
vn 0.707100 -0.437100 0.555800
vn 0.707100 -0.511800 0.487900
vn 0.707100 -0.488000 0.511700
vn 0.707100 -0.534400 0.463000
vn 0.707100 -0.576000 0.410200
vn 0.707100 -0.555800 0.437100
vn 0.707100 -0.612400 0.353500
vn 0.707100 -0.594900 0.382300
vn 0.707100 -0.643200 0.293700
vn 0.707100 -0.628500 0.324000
vn 0.707100 -0.668200 0.231300
vn 0.707100 -0.656400 0.262800
vn 0.707100 -0.687200 0.166700
vn 0.707100 -0.678500 0.199200
vn 0.707100 -0.699900 0.100600
vn 0.707100 -0.694300 0.133800
vn 0.707100 -0.706300 0.033600
vn 0.707100 -0.703900 0.067200
vn 0.588200 -0.805500 -0.072500
vn 0.809000 0.587800 0.000000
vn 0.707100 0.706300 0.033600
vn 0.809100 0.585200 -0.054300
vn 0.809100 0.585200 0.054200
vn 0.809000 0.577800 0.108000
vn 0.809100 0.565300 0.160800
vn 0.809000 0.548100 0.212300
vn 0.707100 0.656500 0.262800
vn 0.809100 0.526100 0.262000
vn 0.809100 0.499700 0.309400
vn 0.809000 0.469000 0.354200
vn 0.809100 0.434300 0.395900
vn 0.707100 0.511800 0.488000
vn 0.809100 0.395900 0.434300
vn 0.809000 0.354200 0.469100
vn 0.809100 0.309300 0.499600
vn 0.809100 0.262000 0.526100
vn 0.707100 0.293800 0.643200
vn 0.707100 0.262800 0.656500
vn 0.809000 0.212300 0.548100
vn 0.809100 0.160900 0.565300
vn 0.809000 0.108000 0.577800
vn 0.809000 0.054200 0.585300
vn 0.809000 -0.000000 0.587800
vn 0.809000 -0.054200 0.585300
vn 0.809100 -0.108000 0.577700
vn 0.809000 -0.160800 0.565300
vn 0.809000 -0.212300 0.548100
vn 0.809100 -0.262000 0.526100
vn 0.707100 -0.353600 0.612400
vn 0.809000 -0.309400 0.499700
vn 0.809000 -0.354200 0.469100
vn 0.707100 -0.463000 0.534400
vn 0.809000 -0.396000 0.434400
vn 0.707100 -0.511800 0.488000
vn 0.809100 -0.434300 0.395900
vn 0.707100 -0.534400 0.463100
vn 0.809000 -0.469100 0.354300
vn 0.809100 -0.499700 0.309400
vn 0.809000 -0.526200 0.262000
vn 0.707100 -0.656500 0.262800
vn 0.809100 -0.548000 0.212300
vn 0.809100 -0.565300 0.160900
vn 0.809000 -0.577700 0.108000
vn 0.809000 -0.585200 0.054300
vn 0.707100 -0.706300 -0.033700
vn 0.809000 -0.587800 -0.000000
vn 0.707100 -0.706300 -0.033600
vn 0.308800 -0.935800 -0.169800
vn 0.309100 -0.916800 -0.253000
vn 0.308800 -0.890500 -0.334200
vn 0.309100 -0.856900 -0.412600
vn 0.309100 -0.816400 -0.487800
vn 0.309100 -0.769400 -0.559000
vn 0.309000 -0.716200 -0.625700
vn 0.309000 -0.657200 -0.687400
vn 0.308500 -0.593100 -0.743700
vn 0.309200 -0.523900 -0.793700
vn 0.309200 -0.450700 -0.837500
vn 0.309100 -0.373800 -0.874500
vn 0.309200 -0.293900 -0.904500
vn 0.308800 -0.211600 -0.927300
vn 0.309000 -0.127700 -0.942500
vn 0.309200 -0.042700 -0.950000
vn 0.309200 0.042700 -0.950000
vn 0.309100 0.127700 -0.942400
vn 0.309000 0.211600 -0.927200
vn 0.309200 0.293900 -0.904500
vn 0.309200 0.373800 -0.874500
vn 0.309200 0.450700 -0.837500
vn 0.309200 0.523900 -0.793700
vn 0.309000 0.593000 -0.743600
vn 0.309000 0.657200 -0.687400
vn 0.309000 0.716200 -0.625700
vn 0.308800 0.769500 -0.559000
vn 0.309000 0.816400 -0.487800
vn 0.309200 0.856800 -0.412600
vn 0.309000 0.890400 -0.334200
vn 0.309100 0.916800 -0.253000
vn 0.309000 0.935800 -0.169800
vn 0.454200 -0.876600 -0.159100
vn 0.454300 -0.858800 -0.237000
vn 0.454100 -0.834100 -0.313100
vn 0.454100 -0.802700 -0.386600
vn 0.454100 -0.764800 -0.457000
vn 0.454300 -0.720700 -0.523600
vn 0.454300 -0.670900 -0.586100
vn 0.454100 -0.615700 -0.644000
vn 0.454100 -0.555500 -0.696600
vn 0.454200 -0.490800 -0.743500
vn 0.454200 -0.422200 -0.784500
vn 0.454200 -0.350100 -0.819200
vn 0.454000 -0.275300 -0.847400
vn 0.454200 -0.198200 -0.868600
vn 0.454100 -0.119600 -0.882900
vn 0.454200 -0.040000 -0.890000
vn 0.454300 0.040000 -0.890000
vn 0.454200 0.119600 -0.882900
vn 0.454200 0.198200 -0.868600
vn 0.454100 0.275300 -0.847300
vn 0.454200 0.350100 -0.819200
vn 0.454300 0.422100 -0.784500
vn 0.454100 0.490800 -0.743600
vn 0.454100 0.555500 -0.696600
vn 0.454200 0.615700 -0.644000
vn 0.454300 0.670900 -0.586100
vn 0.454300 0.720700 -0.523600
vn 0.454200 0.764800 -0.457000
vn 0.454200 0.802700 -0.386600
vn 0.454300 0.834100 -0.313000
vn 0.454300 0.858700 -0.237000
vn 0.454300 0.876600 -0.159100
vn 0.588100 -0.795800 -0.144400
vn 0.588200 -0.779600 -0.215200
vn 0.588200 -0.757200 -0.284200
vn 0.588200 -0.728700 -0.350900
vn 0.588100 -0.694300 -0.414800
vn 0.588100 -0.654300 -0.475400
vn 0.588100 -0.609100 -0.532100
vn 0.588200 -0.558900 -0.584500
vn 0.588100 -0.504200 -0.632300
vn 0.588200 -0.445500 -0.675000
vn 0.588200 -0.383200 -0.712200
vn 0.588200 -0.317800 -0.743600
vn 0.588100 -0.249900 -0.769200
vn 0.588100 -0.180000 -0.788500
vn 0.588100 -0.108600 -0.801400
vn 0.588200 -0.036300 -0.807900
vn 0.588200 0.036300 -0.807900
vn 0.588200 0.108600 -0.801400
vn 0.588200 0.180000 -0.788500
vn 0.588100 0.249900 -0.769200
vn 0.588200 0.317900 -0.743700
vn 0.588200 0.383200 -0.712200
vn 0.588200 0.445500 -0.675000
vn 0.588200 0.504200 -0.632300
vn 0.588200 0.558900 -0.584600
vn 0.588200 0.609000 -0.532100
vn 0.588200 0.654300 -0.475400
vn 0.588100 0.694300 -0.414800
vn 0.588100 0.728700 -0.350900
vn 0.588200 0.757200 -0.284200
vn 0.588100 0.779600 -0.215200
vn 0.588200 0.795700 -0.144400
vn 0.707100 -0.703900 -0.067200
vn 0.707100 -0.694300 -0.133800
vn 0.707100 -0.699900 -0.100600
vn 0.707100 -0.678500 -0.199200
vn 0.707100 -0.687200 -0.166700
vn 0.707100 -0.656400 -0.262800
vn 0.707100 -0.668200 -0.231300
vn 0.707100 -0.628500 -0.324000
vn 0.707100 -0.643200 -0.293700
vn 0.707100 -0.594900 -0.382300
vn 0.707100 -0.612400 -0.353600
vn 0.707100 -0.555800 -0.437100
vn 0.707100 -0.576000 -0.410200
vn 0.707100 -0.511700 -0.488000
vn 0.707100 -0.534400 -0.463000
vn 0.707100 -0.488000 -0.511800
vn 0.707100 -0.437100 -0.555800
vn 0.707100 -0.463100 -0.534400
vn 0.707100 -0.382300 -0.594900
vn 0.707100 -0.410200 -0.576000
vn 0.707100 -0.324000 -0.628500
vn 0.707100 -0.353600 -0.612400
vn 0.707100 -0.262800 -0.656400
vn 0.707100 -0.293700 -0.643200
vn 0.707100 -0.199200 -0.678500
vn 0.707100 -0.231300 -0.668200
vn 0.707100 -0.133800 -0.694300
vn 0.707100 -0.166700 -0.687200
vn 0.707100 -0.067200 -0.703900
vn 0.707100 -0.100600 -0.699900
vn 0.707100 -0.000000 -0.707100
vn 0.707100 -0.033600 -0.706300
vn 0.707100 0.033600 -0.706300
vn 0.707100 0.100600 -0.699900
vn 0.707100 0.067200 -0.703900
vn 0.707100 0.166700 -0.687200
vn 0.707100 0.133800 -0.694300
vn 0.707100 0.231300 -0.668200
vn 0.707100 0.199200 -0.678500
vn 0.707100 0.293700 -0.643200
vn 0.707100 0.262800 -0.656500
vn 0.707100 0.353500 -0.612400
vn 0.707100 0.324000 -0.628500
vn 0.707100 0.410200 -0.576000
vn 0.707100 0.382300 -0.594900
vn 0.707100 0.463100 -0.534400
vn 0.707100 0.437100 -0.555800
vn 0.707100 0.511800 -0.487900
vn 0.707100 0.488000 -0.511700
vn 0.707100 0.534400 -0.463000
vn 0.707100 0.576000 -0.410200
vn 0.707100 0.555800 -0.437100
vn 0.707100 0.612400 -0.353500
vn 0.707100 0.594900 -0.382300
vn 0.707100 0.643200 -0.293700
vn 0.707100 0.628500 -0.324000
vn 0.707100 0.668200 -0.231300
vn 0.707100 0.656400 -0.262800
vn 0.707100 0.687200 -0.166700
vn 0.707100 0.678500 -0.199200
vn 0.707100 0.699900 -0.100600
vn 0.707100 0.694300 -0.133800
vn 0.707100 0.703900 -0.067200
vn 0.809100 -0.585200 -0.054200
vn 0.809000 -0.577800 -0.108000
vn 0.809100 -0.565300 -0.160800
vn 0.809000 -0.548100 -0.212300
vn 0.707100 -0.656500 -0.262800
vn 0.809100 -0.526100 -0.262000
vn 0.809100 -0.499700 -0.309400
vn 0.809000 -0.469000 -0.354200
vn 0.809100 -0.434300 -0.395900
vn 0.707100 -0.511800 -0.488000
vn 0.809100 -0.395900 -0.434300
vn 0.809000 -0.354200 -0.469100
vn 0.809100 -0.309300 -0.499600
vn 0.809100 -0.262000 -0.526100
vn 0.707100 -0.293800 -0.643200
vn 0.707100 -0.262800 -0.656500
vn 0.809000 -0.212300 -0.548100
vn 0.809100 -0.160900 -0.565300
vn 0.809000 -0.108000 -0.577800
vn 0.809000 -0.054200 -0.585300
vn 0.809000 0.000000 -0.587800
vn 0.809000 0.054200 -0.585300
vn 0.809100 0.108000 -0.577700
vn 0.809000 0.160800 -0.565300
vn 0.809000 0.212300 -0.548100
vn 0.809100 0.262000 -0.526100
vn 0.707100 0.353600 -0.612400
vn 0.809000 0.309400 -0.499700
vn 0.809000 0.354200 -0.469100
vn 0.707100 0.463000 -0.534400
vn 0.809000 0.396000 -0.434400
vn 0.707100 0.511800 -0.488000
vn 0.809100 0.434300 -0.395900
vn 0.707100 0.534400 -0.463100
vn 0.809000 0.469100 -0.354300
vn 0.809100 0.499700 -0.309400
vn 0.809000 0.526200 -0.262000
vn 0.707100 0.656500 -0.262800
vn 0.809100 0.548000 -0.212300
vn 0.809100 0.565300 -0.160900
vn 0.809000 0.577700 -0.108000
vn 0.987800 -0.155300 -0.014400
vn 0.987800 -0.156000 -0.000000
vn 0.987800 -0.153300 -0.028700
vn 0.987800 -0.150000 -0.042700
vn 0.987800 -0.145500 -0.056400
vn 0.987800 -0.139700 -0.069500
vn 0.987800 -0.132600 -0.082100
vn 0.987800 -0.124500 -0.094000
vn 0.987800 -0.115300 -0.105100
vn 0.987800 -0.105100 -0.115200
vn 0.987800 -0.094000 -0.124500
vn 0.987800 -0.082100 -0.132700
vn 0.987800 -0.069500 -0.139700
vn 0.987800 -0.056400 -0.145500
vn 0.987800 -0.042700 -0.150000
vn 0.987800 -0.028700 -0.153300
vn 0.987800 -0.014400 -0.155400
vn 0.987800 0.000000 -0.156000
vn 0.987800 0.014400 -0.155300
vn 0.987800 0.028700 -0.153400
vn 0.987800 0.042700 -0.150100
vn 0.987800 0.056400 -0.145500
vn 0.987800 0.069500 -0.139600
vn 0.987800 0.082100 -0.132700
vn 0.987800 0.094000 -0.124500
vn 0.987800 0.105100 -0.115300
vn 0.987800 0.115300 -0.105100
vn 0.987800 0.124400 -0.094000
vn 0.987800 0.132600 -0.082100
vn 0.987800 0.139700 -0.069500
vn 0.987800 0.145500 -0.056400
vn 0.987800 0.150000 -0.042700
vn 0.987700 0.153400 -0.028700
vn 0.987800 0.155300 -0.014400
vn 0.987800 0.156000 0.000000
vn 0.987800 0.155300 0.014400
vn 0.951200 0.308700 -0.000000
vn 0.951100 0.307400 0.028500
vn 0.951100 0.307400 -0.028500
vn 0.951100 0.303500 -0.056700
vn 0.951100 0.297000 -0.084500
vn 0.951100 0.287900 -0.111500
vn 0.951100 0.276400 -0.137600
vn 0.951100 0.262500 -0.162600
vn 0.951200 0.246400 -0.186000
vn 0.951200 0.228100 -0.208000
vn 0.951200 0.208000 -0.228100
vn 0.951200 0.186000 -0.246300
vn 0.951100 0.162500 -0.262500
vn 0.951100 0.137600 -0.276400
vn 0.951100 0.111500 -0.287900
vn 0.951100 0.084500 -0.297000
vn 0.951100 0.056700 -0.303500
vn 0.951100 0.028500 -0.307400
vn 0.951100 0.000000 -0.308700
vn 0.951100 -0.028500 -0.307400
vn 0.951100 -0.056700 -0.303500
vn 0.951100 -0.084500 -0.297000
vn 0.951100 -0.111500 -0.287900
vn 0.951100 -0.137600 -0.276400
vn 0.951100 -0.162600 -0.262500
vn 0.951200 -0.186000 -0.246300
vn 0.951100 -0.208000 -0.228200
vn 0.951100 -0.228200 -0.208000
vn 0.951100 -0.246400 -0.186100
vn 0.951100 -0.262500 -0.162500
vn 0.951100 -0.276400 -0.137600
vn 0.951100 -0.287900 -0.111500
vn 0.951100 -0.297000 -0.084500
vn 0.951100 -0.303500 -0.056700
vn 0.951100 -0.307400 -0.028500
vn 0.951200 -0.308700 -0.000000
vn 0.987800 -0.155300 0.014400
vn 0.891100 -0.453900 0.000000
vn 0.891000 -0.452000 0.041900
vn 0.891100 -0.453800 -0.000000
vn 0.891100 -0.451900 -0.041900
vn 0.891100 -0.446200 -0.083400
vn 0.891100 -0.436500 -0.124200
vn 0.891000 -0.423300 -0.164000
vn 0.891100 -0.406300 -0.202300
vn 0.891100 -0.385900 -0.238900
vn 0.891100 -0.362200 -0.273500
vn 0.891000 -0.335500 -0.305800
vn 0.891000 -0.305800 -0.335500
vn 0.891000 -0.273500 -0.362200
vn 0.891100 -0.238900 -0.385900
vn 0.891100 -0.202300 -0.406300
vn 0.891100 -0.164000 -0.423200
vn 0.891100 -0.124200 -0.436600
vn 0.891000 -0.083400 -0.446200
vn 0.891100 -0.041900 -0.451900
vn 0.891100 -0.000000 -0.453900
vn 0.891100 0.041900 -0.451900
vn 0.891100 0.083400 -0.446200
vn 0.891100 0.124200 -0.436500
vn 0.891000 0.164000 -0.423300
vn 0.891100 0.202300 -0.406300
vn 0.891100 0.238900 -0.385900
vn 0.891000 0.273500 -0.362200
vn 0.891100 0.305800 -0.335400
vn 0.891100 0.335400 -0.305800
vn 0.891000 0.362200 -0.273600
vn 0.891100 0.385900 -0.238900
vn 0.891100 0.406300 -0.202300
vn 0.891100 0.423200 -0.164000
vn 0.891100 0.436600 -0.124200
vn 0.891100 0.446200 -0.083400
vn 0.891100 0.451900 -0.041900
vn 0.891100 0.453800 0.000000
vn 0.891100 0.453900 -0.000000
vn 0.891100 0.451900 0.041900
vn 0.951100 -0.307400 0.028500
vn 0.987700 -0.153400 0.028700
vn 0.987800 -0.150000 0.042700
vn 0.987800 -0.145500 0.056400
vn 0.987800 -0.139700 0.069500
vn 0.987800 -0.132600 0.082100
vn 0.987800 -0.124400 0.094000
vn 0.987800 -0.115300 0.105100
vn 0.987800 -0.105100 0.115300
vn 0.987800 -0.094000 0.124500
vn 0.987800 -0.082100 0.132700
vn 0.987800 -0.069500 0.139700
vn 0.987800 -0.056400 0.145500
vn 0.987800 -0.042700 0.150000
vn 0.987800 -0.028700 0.153400
vn 0.987800 -0.014400 0.155300
vn 0.987800 -0.000000 0.156000
vn 0.987800 0.014400 0.155400
vn 0.987800 0.028700 0.153300
vn 0.987800 0.042700 0.150000
vn 0.987800 0.056400 0.145500
vn 0.987800 0.069500 0.139700
vn 0.987800 0.082100 0.132700
vn 0.987800 0.094000 0.124500
vn 0.987800 0.105100 0.115200
vn 0.987800 0.115300 0.105100
vn 0.987800 0.124500 0.094000
vn 0.987800 0.132600 0.082100
vn 0.987800 0.139700 0.069500
vn 0.987800 0.145500 0.056400
vn 0.987800 0.150100 0.042700
vn 0.987800 0.153300 0.028700
vn 0.951100 -0.303500 0.056700
vn 0.951100 -0.297000 0.084500
vn 0.951100 -0.287900 0.111500
vn 0.951100 -0.276400 0.137600
vn 0.951100 -0.262500 0.162600
vn 0.951200 -0.246400 0.186000
vn 0.951200 -0.228100 0.208000
vn 0.951200 -0.208000 0.228100
vn 0.951200 -0.186000 0.246300
vn 0.951100 -0.162500 0.262500
vn 0.951100 -0.137600 0.276400
vn 0.951100 -0.111500 0.287900
vn 0.951100 -0.084500 0.297000
vn 0.951100 -0.056700 0.303500
vn 0.951100 -0.028500 0.307400
vn 0.951100 -0.000000 0.308700
vn 0.951100 0.028500 0.307400
vn 0.951100 0.056700 0.303500
vn 0.951100 0.084500 0.297000
vn 0.951100 0.111500 0.287900
vn 0.951100 0.137600 0.276400
vn 0.951100 0.162600 0.262500
vn 0.951200 0.186000 0.246300
vn 0.951100 0.208000 0.228200
vn 0.951100 0.228200 0.208000
vn 0.951100 0.246400 0.186100
vn 0.951100 0.262500 0.162500
vn 0.951100 0.276400 0.137600
vn 0.951100 0.287900 0.111500
vn 0.951100 0.297000 0.084500
vn 0.951100 0.303500 0.056700
vn 0.891100 0.446200 0.083400
vn 0.891100 0.436500 0.124200
vn 0.891000 0.423300 0.164000
vn 0.891100 0.406300 0.202300
vn 0.891100 0.385900 0.238900
vn 0.891100 0.362200 0.273500
vn 0.891000 0.335500 0.305800
vn 0.891000 0.305800 0.335500
vn 0.891000 0.273500 0.362200
vn 0.891100 0.238900 0.385900
vn 0.891100 0.202300 0.406300
vn 0.891100 0.164000 0.423200
vn 0.891100 0.124200 0.436600
vn 0.891000 0.083400 0.446200
vn 0.891100 0.041900 0.451900
vn 0.891100 0.000000 0.453900
vn 0.891100 -0.041900 0.451900
vn 0.891100 -0.083400 0.446200
vn 0.891100 -0.124200 0.436500
vn 0.891000 -0.164000 0.423300
vn 0.891100 -0.202300 0.406300
vn 0.891100 -0.238900 0.385900
vn 0.891000 -0.273500 0.362200
vn 0.891100 -0.305800 0.335400
vn 0.891100 -0.335400 0.305800
vn 0.891000 -0.362200 0.273600
vn 0.891100 -0.385900 0.238900
vn 0.891100 -0.406300 0.202300
vn 0.891100 -0.423200 0.164000
vn 0.891100 -0.436600 0.124200
vn 0.891100 -0.446200 0.083400
vn -0.987700 -0.155700 0.014400
vn -0.987700 -0.156400 0.000000
vn -0.987700 -0.153800 0.028800
vn -0.987700 -0.150600 0.042800
vn -0.987700 -0.145900 0.056500
vn -0.987700 -0.140100 0.069700
vn -0.987700 -0.133000 0.082400
vn -0.987700 -0.124900 0.094300
vn -0.987700 -0.115700 0.105400
vn -0.987700 -0.105400 0.115600
vn -0.987700 -0.094300 0.124900
vn -0.987700 -0.082400 0.133000
vn -0.987700 -0.069800 0.140100
vn -0.987700 -0.056500 0.145900
vn -0.987700 -0.042800 0.150500
vn -0.987700 -0.028800 0.153800
vn -0.987700 -0.014400 0.155800
vn -0.987700 0.000000 0.156500
vn -0.987700 0.014400 0.155800
vn -0.987700 0.028800 0.153800
vn -0.987700 0.042800 0.150600
vn -0.987700 0.056500 0.145900
vn -0.987700 0.069800 0.140100
vn -0.987700 0.082400 0.133000
vn -0.987700 0.094300 0.124800
vn -0.987700 0.105400 0.115700
vn -0.987700 0.115600 0.105400
vn -0.987700 0.124900 0.094300
vn -0.987700 0.133000 0.082400
vn -0.987700 0.140100 0.069700
vn -0.987700 0.146000 0.056500
vn -0.987700 0.150500 0.042800
vn -0.987700 0.153800 0.028700
vn -0.987700 0.155800 0.014400
vn -0.987700 0.156400 -0.000000
vn -0.987700 0.155700 -0.014400
vn -0.951000 0.309200 0.000000
vn -0.951000 0.307900 -0.028500
vn -0.951000 0.307900 0.028500
vn -0.951000 0.304000 0.056800
vn -0.951000 0.297400 0.084600
vn -0.951000 0.288300 0.111700
vn -0.951000 0.276800 0.137800
vn -0.951000 0.262900 0.162800
vn -0.951000 0.246800 0.186400
vn -0.951000 0.228500 0.208300
vn -0.951000 0.208300 0.228500
vn -0.951000 0.186400 0.246800
vn -0.951000 0.162800 0.262900
vn -0.951000 0.137800 0.276800
vn -0.951000 0.111700 0.288400
vn -0.951000 0.084600 0.297400
vn -0.951000 0.056800 0.304000
vn -0.951000 0.028500 0.307900
vn -0.951000 -0.000000 0.309200
vn -0.951000 -0.028500 0.307900
vn -0.951000 -0.056800 0.304000
vn -0.951000 -0.084600 0.297400
vn -0.951000 -0.111700 0.288400
vn -0.951000 -0.137800 0.276800
vn -0.951000 -0.162800 0.262900
vn -0.951000 -0.186400 0.246800
vn -0.951000 -0.208300 0.228500
vn -0.951000 -0.228500 0.208300
vn -0.951000 -0.246800 0.186400
vn -0.951000 -0.262900 0.162800
vn -0.951000 -0.276800 0.137800
vn -0.951000 -0.288300 0.111700
vn -0.951000 -0.297400 0.084600
vn -0.951000 -0.304000 0.056800
vn -0.951000 -0.307900 0.028500
vn -0.951000 -0.309200 0.000000
vn -0.987700 -0.155800 -0.014400
vn -0.890900 0.454300 0.000000
vn -0.890800 0.452400 -0.041900
vn -0.890800 0.452400 0.041900
vn -0.890800 0.446600 0.083500
vn -0.890800 0.437000 0.124300
vn -0.890800 0.423700 0.164100
vn -0.890900 0.406600 0.202500
vn -0.890800 0.386300 0.239200
vn -0.890800 0.362500 0.273800
vn -0.890800 0.335700 0.306100
vn -0.890800 0.306100 0.335700
vn -0.890900 0.273800 0.362500
vn -0.890800 0.239200 0.386300
vn -0.890900 0.202500 0.406600
vn -0.890800 0.164100 0.423600
vn -0.890800 0.124300 0.437000
vn -0.890800 0.083500 0.446600
vn -0.890800 0.041900 0.452400
vn -0.890800 -0.000000 0.454300
vn -0.890800 -0.041900 0.452400
vn -0.890800 -0.083500 0.446600
vn -0.890800 -0.124300 0.437000
vn -0.890800 -0.164100 0.423600
vn -0.890900 -0.202500 0.406600
vn -0.890800 -0.239200 0.386300
vn -0.890800 -0.273800 0.362500
vn -0.890800 -0.306100 0.335700
vn -0.890800 -0.335700 0.306100
vn -0.890900 -0.362500 0.273800
vn -0.890800 -0.386300 0.239200
vn -0.890800 -0.406700 0.202500
vn -0.890800 -0.423700 0.164100
vn -0.890800 -0.437000 0.124300
vn -0.890800 -0.446600 0.083500
vn -0.890800 -0.452400 0.041900
vn -0.890900 -0.454300 0.000000
vn -0.951000 -0.307900 -0.028500
vn -0.890800 -0.452400 -0.041900
vn -0.987700 -0.153800 -0.028700
vn -0.987700 -0.150500 -0.042800
vn -0.987700 -0.146000 -0.056500
vn -0.987700 -0.140100 -0.069800
vn -0.987700 -0.133000 -0.082400
vn -0.987700 -0.124900 -0.094300
vn -0.987700 -0.115600 -0.105400
vn -0.987700 -0.105400 -0.115600
vn -0.987700 -0.094300 -0.124800
vn -0.987700 -0.082300 -0.133000
vn -0.987700 -0.069800 -0.140100
vn -0.987700 -0.056500 -0.145900
vn -0.987700 -0.042800 -0.150500
vn -0.987700 -0.028800 -0.153800
vn -0.987700 -0.014400 -0.155800
vn -0.987700 -0.000000 -0.156500
vn -0.987700 0.014400 -0.155800
vn -0.987700 0.028800 -0.153800
vn -0.987700 0.042800 -0.150500
vn -0.987700 0.056500 -0.145900
vn -0.987700 0.069800 -0.140100
vn -0.987700 0.082400 -0.133000
vn -0.987700 0.094300 -0.124900
vn -0.987700 0.105400 -0.115600
vn -0.987700 0.115700 -0.105400
vn -0.987700 0.124900 -0.094300
vn -0.987700 0.133000 -0.082400
vn -0.987700 0.140100 -0.069700
vn -0.987700 0.145900 -0.056500
vn -0.987700 0.150500 -0.042800
vn -0.987700 0.153800 -0.028800
vn -0.951000 -0.304000 -0.056800
vn -0.951000 -0.297400 -0.084600
vn -0.951000 -0.288300 -0.111700
vn -0.951000 -0.276800 -0.137800
vn -0.951000 -0.262900 -0.162800
vn -0.951000 -0.246800 -0.186400
vn -0.951000 -0.228500 -0.208300
vn -0.951000 -0.208300 -0.228500
vn -0.951000 -0.186400 -0.246800
vn -0.951000 -0.162800 -0.262900
vn -0.951000 -0.137800 -0.276800
vn -0.951000 -0.111700 -0.288400
vn -0.951000 -0.084600 -0.297400
vn -0.951000 -0.056800 -0.304000
vn -0.951000 -0.028500 -0.307900
vn -0.951000 0.000000 -0.309200
vn -0.951000 0.028500 -0.307900
vn -0.951000 0.056800 -0.304000
vn -0.951000 0.084600 -0.297400
vn -0.951000 0.111700 -0.288400
vn -0.951000 0.137800 -0.276800
vn -0.951000 0.162800 -0.262900
vn -0.951000 0.186400 -0.246800
vn -0.951000 0.208300 -0.228500
vn -0.951000 0.228500 -0.208300
vn -0.951000 0.246800 -0.186400
vn -0.951000 0.262900 -0.162800
vn -0.951000 0.276800 -0.137800
vn -0.951000 0.288300 -0.111700
vn -0.951000 0.297400 -0.084600
vn -0.951000 0.304000 -0.056800
vn -0.890800 -0.446600 -0.083500
vn -0.890800 -0.437000 -0.124300
vn -0.890800 -0.423700 -0.164100
vn -0.890900 -0.406600 -0.202500
vn -0.890800 -0.386300 -0.239200
vn -0.890800 -0.362500 -0.273800
vn -0.890800 -0.335700 -0.306100
vn -0.890800 -0.306100 -0.335700
vn -0.890900 -0.273800 -0.362500
vn -0.890800 -0.239200 -0.386300
vn -0.890900 -0.202500 -0.406600
vn -0.890800 -0.164100 -0.423600
vn -0.890800 -0.124300 -0.437000
vn -0.890800 -0.083500 -0.446600
vn -0.890800 -0.041900 -0.452400
vn -0.890800 0.000000 -0.454300
vn -0.890800 0.041900 -0.452400
vn -0.890800 0.083500 -0.446600
vn -0.890800 0.124300 -0.437000
vn -0.890800 0.164100 -0.423600
vn -0.890900 0.202500 -0.406600
vn -0.890800 0.239200 -0.386300
vn -0.890800 0.273800 -0.362500
vn -0.890800 0.306100 -0.335700
vn -0.890800 0.335700 -0.306100
vn -0.890900 0.362500 -0.273800
vn -0.890800 0.386300 -0.239200
vn -0.890800 0.406700 -0.202500
vn -0.890800 0.423700 -0.164100
vn -0.890800 0.437000 -0.124300
vn -0.890800 0.446600 -0.083500
vn -0.000000 0.239300 -0.970900
vn 0.000000 0.354600 -0.935000
vn -0.000000 0.464700 -0.885500
vn -0.000000 0.568000 -0.823000
vn 0.000000 0.568100 -0.823000
vn -0.000000 0.663000 -0.748600
vn 0.000000 0.663200 -0.748400
vn -0.000000 0.748500 -0.663200
vn 0.000000 0.748600 -0.663000
vn -0.000000 0.823000 -0.568100
vn 0.000000 0.823000 -0.568000
vn -0.000000 0.885500 -0.464700
vn -0.000000 0.935000 -0.354600
vn -0.000000 0.970900 -0.239300
vn -0.000000 0.992700 -0.120500
vn 0.000000 0.992700 0.120500
vn 0.000000 0.970900 0.239300
vn 0.000000 0.935000 0.354600
vn -0.000000 0.885500 0.464700
vn -0.000000 0.823000 0.568000
vn 0.000000 0.823000 0.568100
vn -0.000000 0.748600 0.663000
vn 0.000000 0.748400 0.663200
vn -0.000000 0.663200 0.748500
vn 0.000000 0.663000 0.748600
vn -0.000000 0.568100 0.823000
vn 0.000000 0.568000 0.823000
vn -0.000000 0.464700 0.885500
vn -0.000000 0.354600 0.935000
vn -0.000000 0.239300 0.970900
usemtl MTL0
s 1
f 1/1/1 2/2/2 3/3/3
f 4/4/4 5/3/5 6/2/6
f 7/5/7 1/1/1 3/3/3
f 8/6/8 9/5/9 10/3/5
f 8/6/8 10/3/5 11/4/10
f 12/7/11 13/8/12 2/2/2
f 14/9/13 2/2/2 13/8/12
f 15/10/14 12/7/11 2/2/2
f 1/1/1 15/10/14 2/2/2
f 14/9/13 16/11/15 2/2/2
f 4/4/4 6/2/6 17/11/16
f 18/12/17 19/13/18 13/8/12
f 20/14/19 13/8/12 19/13/18
f 21/15/20 18/12/17 13/8/12
f 22/16/21 21/15/20 13/8/12
f 23/17/22 22/16/21 13/8/12
f 24/18/23 23/17/22 13/8/12
f 25/19/24 24/18/23 13/8/12
f 12/7/11 25/19/24 13/8/12
f 20/14/19 14/9/13 13/8/12
f 26/20/25 27/13/26 28/12/27
f 29/21/28 20/14/19 19/13/18
f 30/22/29 31/21/30 27/13/26
f 26/20/25 30/22/29 27/13/26
f 32/23/31 28/12/27 33/15/32
f 32/23/31 26/20/25 28/12/27
f 34/24/33 33/15/32 35/16/34
f 36/25/35 32/23/31 33/15/32
f 34/24/33 36/25/35 33/15/32
f 37/26/36 35/16/34 38/17/37
f 37/26/36 34/24/33 35/16/34
f 39/27/38 38/17/37 40/18/39
f 39/27/38 37/26/36 38/17/37
f 41/28/40 40/18/39 42/19/41
f 41/28/40 39/27/38 40/18/39
f 43/29/42 42/19/41 44/7/43
f 43/29/42 41/28/40 42/19/41
f 43/29/42 44/7/43 45/10/44
f 46/30/45 47/10/44 48/1/46
f 49/30/47 43/29/42 45/10/44
f 50/31/48 51/32/49 1/1/1
f 52/33/50 48/1/46 53/32/51
f 54/34/52 50/31/48 1/1/1
f 55/35/53 54/34/52 1/1/1
f 56/36/54 55/35/53 1/1/1
f 57/37/55 56/36/54 1/1/1
f 58/38/56 57/37/55 1/1/1
f 59/39/57 58/38/56 1/1/1
f 60/40/58 59/39/57 1/1/1
f 61/41/59 60/40/58 1/1/1
f 62/42/60 61/41/59 1/1/1
f 63/43/61 62/42/60 1/1/1
f 64/44/62 63/43/61 1/1/1
f 7/5/7 64/44/62 1/1/1
f 52/33/50 46/30/45 48/1/46
f 65/45/63 66/46/64 51/32/49
f 67/47/65 53/32/51 68/46/66
f 69/48/67 65/45/63 51/32/49
f 70/49/68 69/48/67 51/32/49
f 71/50/69 70/49/68 51/32/49
f 72/51/70 71/50/69 51/32/49
f 73/52/71 72/51/70 51/32/49
f 74/53/72 73/52/71 51/32/49
f 75/54/73 74/53/72 51/32/49
f 76/55/74 75/54/73 51/32/49
f 77/56/75 76/55/74 51/32/49
f 78/57/76 77/56/75 51/32/49
f 79/58/77 78/57/76 51/32/49
f 80/59/78 79/58/77 51/32/49
f 81/60/79 80/59/78 51/32/49
f 50/31/48 81/60/79 51/32/49
f 52/33/50 53/32/51 67/47/65
f 65/45/63 82/61/80 66/46/64
f 83/62/81 68/46/66 84/61/82
f 67/47/65 68/46/66 83/62/81
f 85/63/83 86/64/84 82/61/80
f 87/65/85 84/61/82 88/64/86
f 65/45/63 85/63/83 82/61/80
f 83/62/81 84/61/82 87/65/85
f 89/66/87 90/67/88 86/64/84
f 91/68/89 88/64/86 92/67/90
f 85/63/83 89/66/87 86/64/84
f 87/65/85 88/64/86 91/68/89
f 89/66/87 93/69/91 90/67/88
f 94/70/92 92/67/90 95/69/93
f 91/68/89 92/67/90 94/70/92
f 96/71/94 97/72/95 93/69/91
f 98/73/96 95/69/93 99/72/97
f 89/66/87 96/71/94 93/69/91
f 94/70/92 95/69/93 98/73/96
f 100/74/98 101/75/99 97/72/95
f 102/76/100 99/72/97 103/75/101
f 96/71/94 100/74/98 97/72/95
f 98/73/96 99/72/97 102/76/100
f 100/74/98 104/77/102 101/75/99
f 105/78/103 103/75/101 106/77/104
f 102/76/100 103/75/101 105/78/103
f 107/79/105 108/80/106 104/77/102
f 109/81/107 106/77/104 110/80/108
f 100/74/98 107/79/105 104/77/102
f 105/78/103 106/77/104 109/81/107
f 111/82/109 112/83/110 108/80/106
f 113/84/111 110/80/108 114/83/112
f 107/79/105 111/82/109 108/80/106
f 109/81/107 110/80/108 113/84/111
f 111/82/109 115/85/113 112/83/110
f 116/86/114 114/83/112 117/85/115
f 113/84/111 114/83/112 116/86/114
f 118/87/116 119/88/117 115/85/113
f 117/85/115 120/88/118 121/89/118
f 111/82/109 118/87/116 115/85/113
f 116/86/114 117/85/115 122/90/119
f 118/87/116 123/88/120 119/88/117
f 124/91/121 125/88/122 126/88/123
f 121/89/118 122/90/119 117/85/115
f 127/92/124 128/89/124 125/88/122
f 124/91/121 127/92/124 125/88/122
f 129/91/125 130/88/126 131/87/127
f 132/93/128 118/87/116 111/82/109
f 133/94/129 131/87/127 134/93/130
f 129/91/125 131/87/127 135/92/131
f 133/94/129 135/92/131 131/87/127
f 136/95/132 111/82/109 107/79/105
f 137/96/133 132/93/128 111/82/109
f 138/97/134 137/96/133 111/82/109
f 139/98/135 138/97/134 111/82/109
f 136/95/132 139/98/135 111/82/109
f 140/99/136 107/79/105 100/74/98
f 140/99/136 136/95/132 107/79/105
f 141/100/137 100/74/98 96/71/94
f 141/100/137 140/99/136 100/74/98
f 142/101/138 96/71/94 89/66/87
f 142/101/138 141/100/137 96/71/94
f 143/102/139 89/66/87 85/63/83
f 143/102/139 142/101/138 89/66/87
f 144/103/140 85/63/83 65/45/63
f 144/103/140 143/102/139 85/63/83
f 69/48/67 145/104/141 65/45/63
f 146/105/142 65/45/63 145/104/141
f 146/105/142 144/103/140 65/45/63
f 147/106/143 148/104/144 149/48/145
f 146/105/142 145/104/141 150/107/146
f 147/106/143 151/107/147 148/104/144
f 152/108/148 153/48/149 154/49/150
f 155/108/149 147/106/143 149/48/145
f 156/109/151 154/49/150 157/50/152
f 156/109/151 152/108/148 154/49/150
f 156/109/151 157/50/152 158/51/153
f 159/110/154 158/51/153 160/52/155
f 156/109/151 158/51/153 159/110/154
f 159/110/154 160/52/155 161/53/156
f 162/111/157 161/53/156 163/54/158
f 159/110/154 161/53/156 162/111/157
f 162/111/157 163/54/158 164/55/159
f 165/112/160 164/55/159 166/56/161
f 162/111/157 164/55/159 165/112/160
f 165/112/160 166/56/161 167/57/162
f 168/113/163 167/57/162 169/58/164
f 165/112/160 167/57/162 168/113/163
f 168/113/163 169/58/164 170/59/165
f 171/114/166 170/59/165 172/60/167
f 168/113/163 170/59/165 171/114/166
f 171/114/166 172/60/167 173/31/168
f 174/115/169 173/31/168 175/34/170
f 171/114/166 173/31/168 174/115/169
f 176/116/171 175/34/170 177/35/172
f 174/115/169 175/34/170 176/116/171
f 178/117/173 177/35/172 179/36/174
f 176/116/171 177/35/172 178/117/173
f 180/118/175 179/36/174 181/37/176
f 178/117/173 179/36/174 180/118/175
f 182/119/177 181/37/176 183/38/178
f 180/118/175 181/37/176 182/119/177
f 184/120/179 183/38/178 185/39/180
f 182/119/177 183/38/178 184/120/179
f 186/121/181 185/39/180 187/40/182
f 184/120/179 185/39/180 186/121/181
f 188/122/183 187/40/182 189/41/184
f 186/121/181 187/40/182 188/122/183
f 188/122/183 189/41/184 190/42/185
f 191/123/186 190/42/185 192/43/187
f 188/122/183 190/42/185 191/123/186
f 193/124/188 192/43/187 194/44/189
f 191/123/186 192/43/187 193/124/188
f 8/6/8 194/44/189 9/5/9
f 193/124/188 194/44/189 8/6/8
f 14/9/13 195/125/190 16/11/15
f 196/126/191 17/11/16 197/125/192
f 196/126/191 4/4/4 17/11/16
f 14/9/13 198/127/193 195/125/190
f 199/128/194 197/125/192 200/127/195
f 201/129/192 196/126/191 197/125/192
f 199/128/194 201/129/192 197/125/192
f 14/9/13 202/130/196 198/127/193
f 203/131/197 200/127/195 204/130/198
f 203/131/197 199/128/194 200/127/195
f 14/9/13 205/132/199 202/130/196
f 206/133/200 204/130/198 207/132/201
f 206/133/200 203/131/197 204/130/198
f 14/9/13 208/134/202 205/132/199
f 206/133/200 207/132/201 209/134/203
f 146/105/142 210/135/204 208/134/202
f 211/136/203 209/134/203 212/135/205
f 14/9/13 146/105/142 208/134/202
f 211/136/203 206/133/200 209/134/203
f 146/105/142 213/137/206 210/135/204
f 214/138/207 212/135/205 215/137/208
f 214/138/207 211/136/203 212/135/205
f 146/105/142 216/139/209 213/137/206
f 217/140/210 215/137/208 218/139/211
f 217/140/210 214/138/207 215/137/208
f 146/105/142 219/141/212 216/139/209
f 220/142/213 218/139/211 221/141/214
f 220/142/213 217/140/210 218/139/211
f 146/105/142 222/143/215 219/141/212
f 223/144/216 221/141/214 224/143/217
f 223/144/216 220/142/213 221/141/214
f 146/105/142 225/145/218 222/143/215
f 226/146/219 224/143/217 227/145/220
f 226/146/219 223/144/216 224/143/217
f 146/105/142 228/147/221 225/145/218
f 229/148/222 227/145/220 230/147/223
f 229/148/222 226/146/219 227/145/220
f 146/105/142 231/149/224 228/147/221
f 232/150/225 230/147/223 233/149/226
f 232/150/225 229/148/222 230/147/223
f 146/105/142 234/151/227 231/149/224
f 235/152/228 233/149/226 236/151/229
f 235/152/228 232/150/225 233/149/226
f 146/105/142 237/153/230 234/151/227
f 238/154/231 236/151/229 239/153/232
f 238/154/231 235/152/228 236/151/229
f 146/105/142 240/155/233 237/153/230
f 238/154/231 239/153/232 241/155/234
f 146/105/142 242/156/235 240/155/233
f 243/157/236 241/155/234 244/156/237
f 243/157/236 238/154/231 241/155/234
f 146/105/142 150/107/146 242/156/235
f 243/157/236 244/156/237 151/107/147
f 147/106/143 243/157/236 151/107/147
f 245/158/238 134/93/130 246/96/239
f 245/158/238 133/94/129 134/93/130
f 245/158/238 246/96/239 247/97/240
f 248/159/241 138/97/134 139/98/135
f 249/160/242 247/97/240 250/159/243
f 249/160/242 245/158/238 247/97/240
f 251/161/244 139/98/135 136/95/132
f 252/162/245 139/98/135 251/161/244
f 248/159/241 139/98/135 252/162/245
f 253/163/246 136/95/132 140/99/136
f 251/161/244 136/95/132 253/163/246
f 254/164/247 140/99/136 141/100/137
f 253/163/246 140/99/136 254/164/247
f 255/165/248 141/100/137 142/101/138
f 254/164/247 141/100/137 255/165/248
f 256/166/249 142/101/138 143/102/139
f 255/165/248 142/101/138 256/166/249
f 257/167/250 143/102/139 144/103/140
f 256/166/249 143/102/139 257/167/250
f 258/168/251 144/103/140 146/105/142
f 257/167/250 144/103/140 258/168/251
f 259/169/252 146/105/142 14/9/13
f 258/168/251 146/105/142 259/169/252
f 260/170/253 14/9/13 20/14/19
f 259/169/252 14/9/13 260/170/253
f 261/171/254 262/172/255 20/14/19
f 263/173/256 20/14/19 262/172/255
f 264/174/257 261/171/254 20/14/19
f 29/21/28 264/174/257 20/14/19
f 260/170/253 20/14/19 263/173/256
f 265/175/258 266/172/259 267/171/260
f 268/176/261 263/173/256 262/172/255
f 265/175/258 269/176/262 266/172/259
f 270/177/263 267/171/260 271/174/264
f 270/177/263 265/175/258 267/171/260
f 272/178/265 271/174/264 31/21/30
f 273/179/266 270/177/263 271/174/264
f 272/178/265 273/179/266 271/174/264
f 274/180/267 272/178/265 31/21/30
f 30/22/29 274/180/267 31/21/30
f 275/181/268 276/182/269 277/183/270
f 278/184/271 279/183/149 280/182/272
f 281/185/273 275/181/268 277/183/270
f 282/186/274 283/185/275 284/183/149
f 282/186/274 284/183/149 285/184/149
f 275/181/268 286/187/276 276/182/269
f 287/188/277 280/182/272 288/187/278
f 287/188/277 278/184/271 280/182/272
f 275/181/268 289/189/279 286/187/276
f 290/190/280 288/187/278 291/189/281
f 290/190/280 287/188/277 288/187/278
f 275/181/268 292/191/282 289/189/279
f 293/192/157 291/189/281 294/191/283
f 293/192/157 290/190/280 291/189/281
f 275/181/268 295/193/284 292/191/282
f 296/194/160 294/191/283 297/193/285
f 296/194/160 293/192/157 294/191/283
f 275/181/268 298/195/286 295/193/284
f 299/196/287 297/193/285 300/195/288
f 299/196/287 296/194/160 297/193/285
f 275/181/268 301/197/289 298/195/286
f 302/198/290 300/195/288 303/197/291
f 302/198/290 299/196/287 300/195/288
f 304/199/292 305/200/293 301/197/289
f 306/201/294 303/197/291 307/200/295
f 275/181/268 304/199/292 301/197/289
f 306/201/294 302/198/290 303/197/291
f 263/173/256 305/200/293 304/199/292
f 308/202/296 309/203/297 305/200/293
f 306/201/294 307/200/295 310/203/298
f 263/173/256 308/202/296 305/200/293
f 311/204/299 312/205/300 304/199/292
f 260/170/253 304/199/292 312/205/300
f 275/181/268 311/204/299 304/199/292
f 260/170/253 263/173/256 304/199/292
f 313/206/301 314/207/302 312/205/300
f 259/169/252 312/205/300 314/207/302
f 311/204/299 313/206/301 312/205/300
f 259/169/252 260/170/253 312/205/300
f 315/208/303 316/209/304 314/207/302
f 258/168/251 314/207/302 316/209/304
f 313/206/301 315/208/303 314/207/302
f 258/168/251 259/169/252 314/207/302
f 317/210/305 318/211/306 316/209/304
f 257/167/250 316/209/304 318/211/306
f 315/208/303 317/210/305 316/209/304
f 257/167/250 258/168/251 316/209/304
f 319/212/307 320/213/308 318/211/306
f 256/166/249 318/211/306 320/213/308
f 317/210/305 319/212/307 318/211/306
f 256/166/249 257/167/250 318/211/306
f 321/214/309 322/215/310 320/213/308
f 255/165/248 320/213/308 322/215/310
f 319/212/307 321/214/309 320/213/308
f 255/165/248 256/166/249 320/213/308
f 323/216/311 324/217/312 322/215/310
f 254/164/247 322/215/310 324/217/312
f 321/214/309 323/216/311 322/215/310
f 254/164/247 255/165/248 322/215/310
f 325/218/313 326/219/314 324/217/312
f 253/163/246 324/217/312 326/219/314
f 323/216/311 325/218/313 324/217/312
f 253/163/246 254/164/247 324/217/312
f 327/220/315 328/221/316 326/219/314
f 251/161/244 326/219/314 328/221/316
f 325/218/313 327/220/315 326/219/314
f 251/161/244 253/163/246 326/219/314
f 329/222/317 330/223/318 328/221/316
f 251/161/244 328/221/316 330/223/318
f 331/224/319 329/222/317 328/221/316
f 327/220/315 331/224/319 328/221/316
f 332/225/320 333/223/321 334/222/322
f 335/226/323 251/161/244 330/223/318
f 336/227/324 337/226/325 333/223/321
f 332/225/320 336/227/324 333/223/321
f 338/228/326 334/222/322 339/224/327
f 338/228/326 332/225/320 334/222/322
f 340/229/328 331/224/319 327/220/315
f 341/230/329 339/224/327 342/229/330
f 341/230/329 338/228/326 339/224/327
f 343/231/331 327/220/315 325/218/313
f 344/232/332 327/220/315 343/231/331
f 340/229/328 327/220/315 344/232/332
f 345/233/333 325/218/313 323/216/311
f 343/231/331 325/218/313 345/233/333
f 346/234/334 323/216/311 321/214/309
f 345/233/333 323/216/311 346/234/334
f 347/235/335 321/214/309 319/212/307
f 346/234/334 321/214/309 347/235/335
f 348/236/336 319/212/307 317/210/305
f 347/235/335 319/212/307 348/236/336
f 349/237/337 317/210/305 315/208/303
f 348/236/336 317/210/305 349/237/337
f 350/238/338 315/208/303 313/206/301
f 349/237/337 315/208/303 350/238/338
f 351/239/339 313/206/301 311/204/299
f 350/238/338 313/206/301 351/239/339
f 352/240/340 311/204/299 275/181/268
f 351/239/339 311/204/299 352/240/340
f 353/241/341 354/242/342 275/181/268
f 355/243/343 275/181/268 354/242/342
f 356/244/344 353/241/341 275/181/268
f 357/245/345 356/244/344 275/181/268
f 358/246/346 357/245/345 275/181/268
f 359/247/347 358/246/346 275/181/268
f 360/248/348 359/247/347 275/181/268
f 281/185/273 360/248/348 275/181/268
f 352/240/340 275/181/268 355/243/343
f 361/249/349 362/242/350 363/241/351
f 364/250/352 355/243/343 354/242/342
f 365/251/353 366/250/354 362/242/350
f 365/251/353 362/242/350 361/249/349
f 367/252/355 363/241/351 368/244/356
f 361/249/349 363/241/351 367/252/355
f 369/253/357 368/244/356 370/245/358
f 367/252/355 368/244/356 369/253/357
f 371/254/359 370/245/358 372/246/360
f 369/253/357 370/245/358 371/254/359
f 373/255/361 372/246/360 374/247/362
f 371/254/359 372/246/360 373/255/361
f 375/256/236 374/247/362 376/248/363
f 373/255/361 374/247/362 375/256/236
f 282/186/274 376/248/363 283/185/275
f 375/256/236 376/248/363 282/186/274
f 308/202/296 377/257/364 309/203/297
f 378/258/365 310/203/298 379/257/366
f 378/258/365 306/201/294 310/203/298
f 380/259/367 381/260/368 377/257/364
f 382/261/173 379/257/366 383/260/369
f 308/202/296 380/259/367 377/257/364
f 382/261/173 378/258/365 379/257/366
f 384/262/370 385/263/371 381/260/368
f 386/264/372 383/260/369 387/263/373
f 380/259/367 384/262/370 381/260/368
f 386/264/372 382/261/173 383/260/369
f 388/265/374 389/266/375 385/263/371
f 386/264/372 387/263/373 390/266/376
f 384/262/370 388/265/374 385/263/371
f 388/265/374 391/267/377 389/266/375
f 392/268/378 389/266/375 391/267/377
f 393/269/379 390/266/376 394/268/380
f 393/269/379 386/264/372 390/266/376
f 395/270/381 396/267/382 397/265/383
f 398/271/384 399/268/385 396/267/382
f 395/270/381 398/271/384 396/267/382
f 400/272/386 397/265/383 401/262/387
f 402/273/388 395/270/381 397/265/383
f 400/272/386 402/273/388 397/265/383
f 403/274/389 401/262/387 404/259/390
f 403/274/389 400/272/386 401/262/387
f 403/274/389 404/259/390 405/202/391
f 406/275/392 308/202/296 263/173/256
f 407/276/393 405/202/391 408/275/394
f 407/276/393 403/274/389 405/202/391
f 406/275/392 263/173/256 268/176/261
f 335/226/323 252/162/245 251/161/244
f 409/277/395 410/162/396 337/226/325
f 411/278/397 250/159/243 410/162/396
f 409/277/395 411/278/397 410/162/396
f 336/227/324 409/277/395 337/226/325
f 412/279/398 393/269/379 394/268/380
f 413/280/399 412/279/398 394/268/380
f 398/271/384 414/280/400 399/268/385
f 415/281/401 408/275/394 269/176/262
f 416/282/402 415/281/401 269/176/262
f 265/175/258 416/282/402 269/176/262
f 411/278/397 249/160/242 250/159/243
f 417/283/403 407/276/393 408/275/394
f 415/281/401 417/283/403 408/275/394
f 418/284/404 419/285/405 420/285/406
f 421/286/407 422/285/408 423/285/409
f 424/287/410 418/284/404 420/285/406
f 425/288/411 426/287/412 427/285/413
f 425/288/411 427/285/413 428/286/414
f 418/284/404 429/289/415 419/285/405
f 430/290/416 431/285/417 432/289/418
f 421/286/407 423/285/409 433/290/407
f 418/284/404 434/291/419 429/289/415
f 435/292/420 432/289/418 436/291/421
f 435/292/420 437/293/417 432/289/418
f 430/290/416 432/289/418 437/293/417
f 438/294/422 439/295/423 434/291/419
f 440/296/424 436/291/421 441/295/425
f 418/284/404 438/294/422 434/291/419
f 440/296/424 435/292/420 436/291/421
f 438/294/422 442/297/426 439/295/423
f 443/298/427 441/295/425 444/297/428
f 443/298/427 440/296/424 441/295/425
f 445/299/429 446/300/430 442/297/426
f 447/301/431 444/297/428 448/300/432
f 438/294/422 445/299/429 442/297/426
f 447/301/431 443/298/427 444/297/428
f 449/302/433 450/303/434 446/300/430
f 451/304/435 448/300/432 452/303/436
f 445/299/429 449/302/433 446/300/430
f 451/304/435 447/301/431 448/300/432
f 449/302/433 453/305/437 450/303/434
f 454/306/438 452/303/436 455/305/439
f 454/306/438 451/304/435 452/303/436
f 456/307/440 457/308/441 453/305/437
f 458/309/442 455/305/439 459/308/443
f 449/302/433 456/307/440 453/305/437
f 458/309/442 454/306/438 455/305/439
f 460/310/444 461/311/445 457/308/441
f 462/312/446 459/308/443 463/311/447
f 456/307/440 460/310/444 457/308/441
f 462/312/446 458/309/442 459/308/443
f 460/310/444 464/313/448 461/311/445
f 465/314/449 463/311/447 466/313/450
f 465/314/449 462/312/446 463/311/447
f 467/315/451 468/316/452 464/313/448
f 469/317/453 466/313/450 470/316/454
f 460/310/444 467/315/451 464/313/448
f 469/317/453 465/314/449 466/313/450
f 471/318/455 472/319/456 468/316/452
f 473/320/457 470/316/454 474/319/458
f 467/315/451 471/318/455 468/316/452
f 475/321/459 469/317/453 470/316/454
f 473/320/457 475/321/459 470/316/454
f 476/322/460 477/323/461 472/319/456
f 478/324/462 474/319/458 479/323/463
f 480/325/464 476/322/460 472/319/456
f 481/326/465 480/325/464 472/319/456
f 482/327/466 481/326/465 472/319/456
f 483/328/467 482/327/466 472/319/456
f 484/329/468 483/328/467 472/319/456
f 485/330/469 484/329/468 472/319/456
f 486/331/470 485/330/469 472/319/456
f 487/332/471 486/331/470 472/319/456
f 488/333/472 487/332/471 472/319/456
f 489/334/473 488/333/472 472/319/456
f 490/335/474 489/334/473 472/319/456
f 491/336/475 490/335/474 472/319/456
f 492/337/476 491/336/475 472/319/456
f 493/338/477 492/337/476 472/319/456
f 494/339/478 493/338/477 472/319/456
f 495/340/479 494/339/478 472/319/456
f 496/341/480 495/340/479 472/319/456
f 497/342/481 496/341/480 472/319/456
f 498/343/482 497/342/481 472/319/456
f 471/318/455 498/343/482 472/319/456
f 478/324/462 473/320/457 474/319/458
f 499/344/483 500/345/484 477/323/461
f 478/324/462 479/323/463 501/345/485
f 502/346/486 499/344/483 477/323/461
f 503/347/487 502/346/486 477/323/461
f 504/348/488 503/347/487 477/323/461
f 505/349/489 504/348/488 477/323/461
f 506/350/490 505/349/489 477/323/461
f 507/351/491 506/350/490 477/323/461
f 508/352/492 507/351/491 477/323/461
f 476/322/460 508/352/492 477/323/461
f 499/344/483 509/353/493 500/345/484
f 510/354/494 511/345/495 512/353/496
f 478/324/462 501/345/485 513/354/497
f 499/344/483 514/355/498 509/353/493
f 515/356/499 512/353/496 516/355/500
f 515/356/499 510/354/494 512/353/496
f 517/357/501 518/358/502 514/355/498
f 519/359/503 516/355/500 520/358/504
f 499/344/483 517/357/501 514/355/498
f 521/360/505 515/356/499 516/355/500
f 519/359/503 521/360/505 516/355/500
f 517/357/501 522/361/506 518/358/502
f 523/362/507 520/358/504 524/361/508
f 523/362/507 519/359/503 520/358/504
f 517/357/501 525/363/509 522/361/506
f 526/364/510 524/361/508 527/363/511
f 526/364/510 523/362/507 524/361/508
f 517/357/501 528/365/512 525/363/509
f 529/366/513 527/363/511 530/365/514
f 529/366/513 526/364/510 527/363/511
f 517/357/501 531/367/515 528/365/512
f 532/368/516 530/365/514 533/367/517
f 532/368/516 529/366/513 530/365/514
f 532/368/516 533/367/517 534/357/518
f 535/369/519 517/357/501 499/344/483
f 536/370/520 537/371/521 517/357/501
f 538/372/522 534/357/518 539/371/523
f 535/369/519 536/370/520 517/357/501
f 538/372/522 532/368/516 534/357/518
f 502/346/486 540/373/524 499/344/483
f 541/374/525 499/344/483 540/373/524
f 541/374/525 535/369/519 499/344/483
f 542/375/526 543/373/527 544/346/4
f 541/374/525 540/373/524 545/376/528
f 542/375/526 546/376/529 543/373/527
f 547/377/4 548/346/4 549/347/530
f 550/377/10 542/375/526 544/346/4
f 551/378/531 549/347/530 552/348/532
f 551/378/531 547/377/4 549/347/530
f 553/379/192 552/348/532 554/349/533
f 551/378/531 552/348/532 553/379/192
f 555/380/194 554/349/533 556/350/534
f 553/379/192 554/349/533 555/380/194
f 555/380/194 556/350/534 557/351/535
f 558/381/197 557/351/535 559/352/536
f 555/380/194 557/351/535 558/381/197
f 560/382/537 559/352/536 561/322/538
f 558/381/197 559/352/536 560/382/537
f 562/383/539 561/322/538 563/325/540
f 560/382/537 561/322/538 562/383/539
f 564/384/541 563/325/540 565/326/542
f 562/383/539 563/325/540 564/384/541
f 566/385/543 565/326/542 567/327/544
f 564/384/541 565/326/542 566/385/543
f 568/386/545 567/327/544 569/328/546
f 566/385/543 567/327/544 568/386/545
f 570/387/547 569/328/546 571/329/548
f 568/386/545 569/328/546 570/387/547
f 572/388/549 571/329/548 573/330/550
f 570/387/547 571/329/548 572/388/549
f 572/388/549 573/330/550 574/331/551
f 575/389/552 574/331/551 576/332/553
f 572/388/549 574/331/551 575/389/552
f 575/389/552 576/332/553 577/333/554
f 578/390/555 577/333/554 579/334/556
f 575/389/552 577/333/554 578/390/555
f 578/390/555 579/334/556 580/335/557
f 581/391/228 580/335/557 582/336/558
f 578/390/555 580/335/557 581/391/228
f 581/391/228 582/336/558 583/337/559
f 584/392/560 583/337/559 585/338/561
f 581/391/228 583/337/559 584/392/560
f 584/392/560 585/338/561 586/339/562
f 587/393/563 586/339/562 588/340/564
f 584/392/560 586/339/562 587/393/563
f 587/393/563 588/340/564 589/341/565
f 590/394/274 589/341/565 591/342/566
f 587/393/563 589/341/565 590/394/274
f 590/394/274 591/342/566 592/343/271
f 593/395/271 594/343/148 595/318/567
f 590/394/274 592/343/271 596/395/148
f 597/396/568 471/318/455 467/315/451
f 597/396/568 598/397/569 471/318/455
f 599/398/151 595/318/567 600/397/570
f 599/398/151 593/395/271 595/318/567
f 601/399/571 467/315/451 460/310/444
f 601/399/571 597/396/568 467/315/451
f 602/400/572 460/310/444 456/307/440
f 602/400/572 601/399/571 460/310/444
f 603/401/573 456/307/440 449/302/433
f 603/401/573 602/400/572 456/307/440
f 604/402/574 449/302/433 445/299/429
f 604/402/574 603/401/573 449/302/433
f 605/403/575 445/299/429 438/294/422
f 605/403/575 604/402/574 445/299/429
f 606/404/576 438/294/422 418/284/404
f 606/404/576 605/403/575 438/294/422
f 607/405/577 418/284/404 424/287/410
f 607/405/577 606/404/576 418/284/404
f 607/405/577 424/287/410 608/406/578
f 609/407/579 610/406/580 426/287/412
f 609/407/579 426/287/412 425/288/411
f 611/408/581 607/405/577 608/406/578
f 612/409/582 613/408/583 610/406/580
f 609/407/579 612/409/582 610/406/580
f 597/396/568 614/410/584 598/397/569
f 599/398/151 600/397/570 615/410/585
f 597/396/568 616/411/586 614/410/584
f 617/412/154 615/410/585 618/411/587
f 617/412/154 599/398/151 615/410/585
f 597/396/568 619/413/588 616/411/586
f 617/412/154 618/411/587 620/413/589
f 597/396/568 621/414/590 619/413/588
f 622/415/591 620/413/589 623/414/592
f 622/415/591 617/412/154 620/413/589
f 597/396/568 624/416/593 621/414/590
f 625/417/594 623/414/592 626/416/595
f 625/417/594 622/415/591 623/414/592
f 597/396/568 627/418/596 624/416/593
f 628/419/597 626/416/595 629/418/598
f 628/419/597 625/417/594 626/416/595
f 597/396/568 630/420/599 627/418/596
f 631/421/600 629/418/598 632/420/601
f 631/421/600 628/419/597 629/418/598
f 597/396/568 633/422/602 630/420/599
f 634/423/603 632/420/601 635/422/604
f 634/423/603 631/421/600 632/420/601
f 541/374/525 636/424/605 633/422/602
f 637/425/606 635/422/604 638/424/607
f 597/396/568 541/374/525 633/422/602
f 637/425/606 634/423/603 635/422/604
f 541/374/525 639/426/608 636/424/605
f 640/427/609 638/424/607 641/426/610
f 640/427/609 637/425/606 638/424/607
f 541/374/525 642/428/611 639/426/608
f 643/429/372 641/426/610 644/428/612
f 643/429/372 640/427/609 641/426/610
f 541/374/525 645/430/613 642/428/611
f 646/431/614 644/428/612 647/430/615
f 646/431/614 643/429/372 644/428/612
f 541/374/525 648/432/616 645/430/613
f 649/433/617 647/430/615 650/432/618
f 649/433/617 646/431/614 647/430/615
f 541/374/525 651/434/619 648/432/616
f 652/435/620 650/432/618 653/434/620
f 652/435/620 649/433/617 650/432/618
f 541/374/525 654/436/621 651/434/619
f 655/437/622 653/434/620 656/436/622
f 655/437/622 652/435/620 653/434/620
f 541/374/525 657/438/623 654/436/621
f 655/437/622 656/436/622 658/438/186
f 541/374/525 659/439/624 657/438/623
f 660/440/625 658/438/186 661/439/626
f 660/440/625 655/437/622 658/438/186
f 541/374/525 545/376/528 659/439/624
f 542/375/526 661/439/626 546/376/529
f 662/441/627 660/440/625 661/439/626
f 542/375/526 662/441/627 661/439/626
f 536/370/520 663/442/628 537/371/521
f 664/443/629 539/371/523 665/442/630
f 666/444/631 538/372/522 539/371/523
f 664/443/629 666/444/631 539/371/523
f 536/370/520 667/445/632 663/442/628
f 668/446/633 665/442/630 669/445/634
f 670/447/635 664/443/629 665/442/630
f 668/446/633 670/447/635 665/442/630
f 671/448/636 669/445/634 672/370/637
f 671/448/636 668/446/633 669/445/634
f 355/243/343 536/370/520 535/369/519
f 673/449/638 674/450/639 536/370/520
f 675/451/640 672/370/637 676/450/641
f 355/243/343 673/449/638 536/370/520
f 675/451/640 671/448/636 672/370/637
f 352/240/340 535/369/519 541/374/525
f 352/240/340 355/243/343 535/369/519
f 351/239/339 541/374/525 597/396/568
f 351/239/339 352/240/340 541/374/525
f 350/238/338 597/396/568 601/399/571
f 350/238/338 351/239/339 597/396/568
f 349/237/337 601/399/571 602/400/572
f 349/237/337 350/238/338 601/399/571
f 348/236/336 602/400/572 603/401/573
f 348/236/336 349/237/337 602/400/572
f 347/235/335 603/401/573 604/402/574
f 347/235/335 348/236/336 603/401/573
f 346/234/334 604/402/574 605/403/575
f 346/234/334 347/235/335 604/402/574
f 345/233/333 605/403/575 606/404/576
f 345/233/333 346/234/334 605/403/575
f 343/231/331 606/404/576 607/405/577
f 343/231/331 345/233/333 606/404/576
f 611/408/581 677/452/642 607/405/577
f 343/231/331 607/405/577 677/452/642
f 678/453/643 679/452/644 613/408/583
f 343/231/331 677/452/642 680/454/645
f 681/455/646 682/454/647 679/452/644
f 678/453/643 681/455/646 679/452/644
f 612/409/582 678/453/643 613/408/583
f 344/232/332 343/231/331 680/454/645
f 683/456/648 684/232/649 682/454/647
f 681/455/646 683/456/648 682/454/647
f 673/449/638 685/457/650 674/450/639
f 686/458/651 676/450/641 687/457/652
f 688/459/653 675/451/640 676/450/641
f 686/458/651 688/459/653 676/450/641
f 689/460/654 687/457/652 690/449/655
f 691/461/656 686/458/651 687/457/652
f 689/460/654 691/461/656 687/457/652
f 692/462/657 673/449/638 355/243/343
f 693/463/658 694/464/659 673/449/638
f 695/465/660 690/449/655 696/464/661
f 692/462/657 693/463/658 673/449/638
f 695/465/660 689/460/654 690/449/655
f 364/250/352 692/462/657 355/243/343
f 697/466/662 342/229/330 684/232/649
f 683/456/648 697/466/662 684/232/649
f 697/466/662 341/230/329 342/229/330
f 698/467/663 699/468/664 694/464/659
f 700/469/665 696/464/661 701/468/666
f 702/470/667 698/467/663 694/464/659
f 693/463/658 702/470/667 694/464/659
f 700/469/665 695/465/660 696/464/661
f 698/467/663 703/471/668 699/468/664
f 704/472/669 701/468/666 705/471/670
f 706/473/671 700/469/665 701/468/666
f 704/472/669 706/473/671 701/468/666
f 707/474/672 703/471/668 698/467/663
f 704/472/669 705/471/670 708/474/673
f 709/475/674 710/467/675 711/470/676
f 709/475/674 712/474/677 710/467/675
f 713/476/678 711/470/676 714/463/679
f 709/475/674 711/470/676 713/476/678
f 715/477/680 714/463/679 716/462/681
f 713/476/678 714/463/679 715/477/680
f 365/251/353 716/462/681 366/250/354
f 715/477/680 716/462/681 365/251/353
f 717/478/682 712/474/677 709/475/674
f 718/479/683 712/474/677 717/478/682
f 719/480/684 708/474/673 720/479/685
f 719/480/684 704/472/669 708/474/673
f 721/108/686 722/4/686 723/126/686
f 724/109/686 722/4/686 721/108/686
f 724/109/686 725/6/686 722/4/686
f 726/106/686 723/126/686 727/129/686
f 721/108/686 723/126/686 726/106/686
f 728/157/686 727/129/686 729/128/686
f 726/106/686 727/129/686 728/157/686
f 730/154/686 729/128/686 731/131/686
f 728/157/686 729/128/686 730/154/686
f 732/152/686 731/131/686 733/133/686
f 730/154/686 731/131/686 732/152/686
f 734/150/686 733/133/686 735/136/686
f 732/152/686 733/133/686 734/150/686
f 736/148/686 735/136/686 737/138/686
f 734/150/686 735/136/686 736/148/686
f 738/144/686 737/138/686 739/140/686
f 740/146/686 737/138/686 738/144/686
f 736/148/686 737/138/686 740/146/686
f 738/144/686 739/140/686 741/142/686
f 742/110/686 743/124/686 725/6/686
f 724/109/686 742/110/686 725/6/686
f 744/111/686 745/123/686 743/124/686
f 742/110/686 744/111/686 743/124/686
f 746/112/686 747/122/686 745/123/686
f 744/111/686 746/112/686 745/123/686
f 748/113/686 749/121/686 747/122/686
f 746/112/686 748/113/686 747/122/686
f 750/114/686 751/120/686 749/121/686
f 748/113/686 750/114/686 749/121/686
f 752/115/686 753/119/686 751/120/686
f 750/114/686 752/115/686 751/120/686
f 752/115/686 754/118/686 753/119/686
f 755/116/686 756/117/686 754/118/686
f 752/115/686 755/116/686 754/118/686
f 757/481/686 758/184/686 759/188/686
f 760/482/686 758/184/686 757/481/686
f 760/482/686 761/186/686 758/184/686
f 762/483/686 759/188/686 763/190/686
f 757/481/686 759/188/686 762/483/686
f 764/484/686 763/190/686 765/192/686
f 762/483/686 763/190/686 764/484/686
f 766/485/686 765/192/686 767/194/686
f 764/484/686 765/192/686 766/485/686
f 768/486/686 767/194/686 769/196/686
f 766/485/686 767/194/686 768/486/686
f 770/487/686 769/196/686 771/198/686
f 768/486/686 769/196/686 770/487/686
f 772/279/686 771/198/686 773/201/686
f 770/487/686 771/198/686 772/279/686
f 774/264/686 773/201/686 775/258/686
f 776/269/686 773/201/686 774/264/686
f 772/279/686 773/201/686 776/269/686
f 774/264/686 775/258/686 777/261/686
f 413/280/399 778/487/620 412/279/398
f 779/488/687 780/486/688 778/487/620
f 413/280/399 779/488/687 778/487/620
f 781/489/689 782/485/186 780/486/688
f 783/490/690 781/489/689 780/486/688
f 779/488/687 783/490/690 780/486/688
f 784/491/691 785/484/692 782/485/186
f 786/492/693 784/491/691 782/485/186
f 781/489/689 786/492/693 782/485/186
f 787/493/694 788/483/695 785/484/692
f 789/494/696 787/493/694 785/484/692
f 784/491/691 789/494/696 785/484/692
f 790/495/4 791/481/4 788/483/695
f 792/496/697 790/495/4 788/483/695
f 787/493/694 792/496/697 788/483/695
f 793/497/698 794/481/4 795/495/10
f 793/497/698 796/482/699 794/481/4
f 797/498/700 798/495/701 799/496/702
f 797/498/700 800/497/703 798/495/701
f 797/498/700 799/496/702 801/493/704
f 797/498/700 801/493/704 802/494/705
f 797/498/700 802/494/705 803/491/706
f 797/498/700 803/491/706 804/492/707
f 805/499/708 804/492/707 806/489/709
f 805/499/708 797/498/700 804/492/707
f 805/499/708 806/489/709 807/490/710
f 805/499/708 807/490/710 808/488/711
f 805/499/708 808/488/711 414/280/400
f 398/271/384 805/499/708 414/280/400
f 809/500/686 810/256/686 761/186/686
f 760/482/686 809/500/686 761/186/686
f 811/501/686 812/255/686 810/256/686
f 809/500/686 811/501/686 810/256/686
f 813/502/686 814/254/686 812/255/686
f 811/501/686 813/502/686 812/255/686
f 815/503/686 816/253/686 814/254/686
f 813/502/686 815/503/686 814/254/686
f 817/478/686 818/252/686 816/253/686
f 815/503/686 817/478/686 816/253/686
f 819/475/686 820/249/686 818/252/686
f 817/478/686 819/475/686 818/252/686
f 819/475/686 821/251/686 820/249/686
f 822/476/686 823/477/686 821/251/686
f 819/475/686 822/476/686 821/251/686
f 718/479/683 717/478/682 824/503/200
f 825/504/712 824/503/200 826/502/713
f 825/504/712 718/479/683 824/503/200
f 827/505/714 826/502/713 828/501/194
f 827/505/714 825/504/712 826/502/713
f 829/506/715 828/501/194 830/500/192
f 831/507/716 827/505/714 828/501/194
f 829/506/715 831/507/716 828/501/194
f 832/508/717 830/500/192 796/482/699
f 833/509/718 829/506/715 830/500/192
f 832/508/717 833/509/718 830/500/192
f 834/510/719 832/508/717 796/482/699
f 793/497/698 834/510/719 796/482/699
f 719/480/684 720/479/685 835/504/720
f 719/480/684 835/504/720 836/505/721
f 719/480/684 836/505/721 837/507/722
f 838/511/723 837/507/722 839/506/724
f 838/511/723 719/480/684 837/507/722
f 838/511/723 839/506/724 840/509/725
f 838/511/723 840/509/725 841/508/726
f 838/511/723 841/508/726 842/510/727
f 838/511/723 842/510/727 800/497/703
f 797/498/700 838/511/723 800/497/703
f 843/512/728 844/354/728 845/356/729
f 846/513/728 847/324/728 848/354/728
f 849/512/728 846/513/728 848/354/728
f 850/514/730 845/356/729 851/360/731
f 850/514/730 843/512/728 845/356/729
f 852/515/732 851/360/731 853/359/733
f 852/515/732 850/514/730 851/360/731
f 854/516/734 853/359/733 855/362/735
f 854/516/734 852/515/732 853/359/733
f 856/517/736 855/362/735 857/364/737
f 856/517/736 854/516/734 855/362/735
f 858/518/738 857/364/737 859/366/739
f 858/518/738 856/517/736 857/364/737
f 860/519/740 859/366/739 861/368/741
f 860/519/740 858/518/738 859/366/739
f 862/520/742 861/368/741 863/372/743
f 862/520/742 860/519/740 861/368/741
f 862/520/742 863/372/743 864/444/744
f 865/521/745 864/444/744 866/443/746
f 865/521/745 862/520/742 864/444/744
f 865/521/745 866/443/746 867/447/747
f 868/522/748 867/447/747 869/446/749
f 868/522/748 865/521/745 867/447/747
f 868/522/748 869/446/749 870/448/750
f 871/523/751 870/448/750 872/451/752
f 871/523/751 868/522/748 870/448/750
f 871/523/751 872/451/752 873/459/753
f 874/524/754 873/459/753 875/458/755
f 874/524/754 871/523/751 873/459/753
f 874/524/754 875/458/755 876/461/756
f 877/525/757 876/461/756 878/460/758
f 877/525/757 874/524/754 876/461/756
f 877/525/757 878/460/758 879/465/759
f 880/526/760 879/465/759 881/469/761
f 880/526/760 877/525/757 879/465/759
f 880/526/760 881/469/761 882/473/762
f 883/527/763 882/473/762 884/472/764
f 883/527/763 880/526/760 882/473/762
f 883/527/763 884/472/764 885/480/765
f 886/528/766 885/480/765 887/511/767
f 886/528/766 883/527/763 885/480/765
f 886/528/766 887/511/767 888/498/271
f 889/529/149 888/498/271 890/499/768
f 889/529/149 886/528/766 888/498/271
f 891/530/769 890/499/768 892/271/770
f 891/530/769 889/529/149 890/499/768
f 891/530/769 892/271/770 893/270/771
f 894/531/772 893/270/771 895/273/773
f 894/531/772 891/530/769 893/270/771
f 894/531/772 895/273/773 896/272/774
f 897/532/775 896/272/774 898/274/776
f 897/532/775 894/531/772 896/272/774
f 897/532/775 898/274/776 899/276/777
f 900/533/778 899/276/777 901/283/779
f 900/533/778 897/532/775 899/276/777
f 900/533/778 901/283/779 902/281/780
f 903/534/781 902/281/780 904/282/782
f 903/534/781 900/533/778 902/281/780
f 903/534/781 904/282/782 905/175/783
f 906/535/784 905/175/783 907/177/785
f 906/535/784 903/534/781 905/175/783
f 906/535/784 907/177/785 908/179/786
f 909/536/787 908/179/786 910/178/788
f 909/536/787 906/535/784 908/179/786
f 909/536/787 910/178/788 911/180/789
f 912/537/790 911/180/789 913/22/791
f 912/537/790 909/536/787 911/180/789
f 912/537/790 913/22/791 914/20/792
f 915/538/793 914/20/792 916/23/794
f 915/538/793 912/537/790 914/20/792
f 915/538/793 916/23/794 917/25/795
f 918/539/796 917/25/795 919/24/797
f 918/539/796 915/538/793 917/25/795
f 920/540/798 919/24/797 921/26/799
f 920/540/798 918/539/796 919/24/797
f 922/541/800 921/26/799 923/27/801
f 922/541/800 920/540/798 921/26/799
f 924/542/802 923/27/801 925/28/803
f 924/542/802 922/541/800 923/27/801
f 926/543/804 925/28/803 927/29/805
f 926/543/804 924/542/802 925/28/803
f 928/544/806 927/29/805 929/30/807
f 928/544/806 926/543/804 927/29/805
f 930/545/807 928/544/806 929/30/807
f 931/33/807 932/545/807 933/30/807
f 934/546/728 935/293/728 936/292/728
f 937/547/808 433/290/407 938/293/407
f 939/548/728 940/549/809 935/293/728
f 941/550/810 938/293/407 942/549/811
f 934/546/728 939/548/728 935/293/728
f 937/547/808 938/293/407 941/550/810
f 943/551/728 936/292/728 944/296/728
f 945/552/728 934/546/728 936/292/728
f 943/551/728 945/552/728 936/292/728
f 946/553/728 944/296/728 947/298/728
f 946/553/728 943/551/728 944/296/728
f 948/554/728 947/298/728 949/301/728
f 948/554/728 946/553/728 947/298/728
f 950/555/728 949/301/728 951/304/728
f 950/555/728 948/554/728 949/301/728
f 952/556/728 951/304/728 953/306/728
f 952/556/728 950/555/728 951/304/728
f 846/513/728 953/306/728 954/309/728
f 952/556/728 953/306/728 846/513/728
f 846/513/728 954/309/728 955/312/728
f 846/513/728 955/312/728 956/314/728
f 846/513/728 956/314/728 957/317/728
f 846/513/728 957/317/728 958/321/728
f 846/513/728 958/321/728 959/320/728
f 846/513/728 959/320/728 847/324/728
f 960/288/808 433/290/407 937/547/808
f 960/288/808 421/286/407 433/290/407
f 961/557/728 962/558/728 963/559/728
f 964/560/812 965/559/728 966/558/728
f 967/561/813 968/557/814 969/559/815
f 970/562/816 967/561/813 969/559/815
f 971/563/817 972/562/816 973/559/818
f 964/560/812 974/563/819 965/559/728
f 975/564/728 976/565/728 962/558/728
f 977/566/686 978/558/686 979/565/686
f 980/567/728 975/564/728 962/558/728
f 981/568/728 980/567/728 962/558/728
f 982/569/728 981/568/728 962/558/728
f 983/570/728 982/569/728 962/558/728
f 984/571/728 983/570/728 962/558/728
f 961/557/728 984/571/728 962/558/728
f 985/572/686 978/558/686 986/573/686
f 987/574/686 986/573/686 978/558/686
f 988/560/686 978/558/686 985/572/686
f 989/575/686 978/558/686 977/566/686
f 990/576/686 978/558/686 989/575/686
f 991/577/686 978/558/686 990/576/686
f 992/578/686 978/558/686 991/577/686
f 993/579/686 978/558/686 992/578/686
f 987/574/686 978/558/686 993/579/686
f 952/556/728 846/513/728 976/565/728
f 994/580/820 995/565/728 996/513/728
f 975/564/728 952/556/728 976/565/728
f 997/566/820 995/565/728 994/580/820
f 998/580/821 999/513/821 1000/512/821
f 1001/545/821 1000/512/821 1002/514/821
f 1003/581/821 1000/512/821 1001/545/821
f 1004/582/821 998/580/821 1000/512/821
f 1005/583/821 1004/582/821 1000/512/821
f 1006/584/821 1005/583/821 1000/512/821
f 1007/585/821 1006/584/821 1000/512/821
f 1008/586/821 1007/585/821 1000/512/821
f 1009/587/821 1008/586/821 1000/512/821
f 1010/588/821 1009/587/821 1000/512/821
f 1011/589/821 1010/588/821 1000/512/821
f 1012/590/821 1011/589/821 1000/512/821
f 1013/591/821 1012/590/821 1000/512/821
f 1014/592/821 1013/591/821 1000/512/821
f 1015/593/821 1014/592/821 1000/512/821
f 1016/594/821 1015/593/821 1000/512/821
f 1017/595/821 1016/594/821 1000/512/821
f 1018/596/821 1017/595/821 1000/512/821
f 1019/597/821 1018/596/821 1000/512/821
f 1020/598/821 1019/597/821 1000/512/821
f 1021/599/821 1020/598/821 1000/512/821
f 1003/581/821 1021/599/821 1000/512/821
f 1022/550/822 1023/549/822 1024/548/822
f 1025/600/823 1026/548/824 1027/546/825
f 1028/547/822 1024/548/822 1029/600/822
f 1028/547/822 1022/550/822 1024/548/822
f 1030/601/826 1031/546/827 1032/552/826
f 1030/601/826 1033/602/828 1034/603/827
f 1034/603/827 1031/546/827 1030/601/826
f 1025/600/823 1027/546/825 1035/603/823
f 1030/601/826 1032/552/826 1036/551/829
f 1037/604/830 1036/551/829 1038/553/831
f 1037/604/830 1030/601/826 1036/551/829
f 1039/605/832 1038/553/831 1040/554/833
f 1039/605/832 1037/604/830 1038/553/831
f 1041/606/834 1040/554/833 1042/555/835
f 1041/606/834 1039/605/832 1040/554/833
f 1043/607/836 1042/555/835 1044/556/837
f 1043/607/836 1041/606/834 1042/555/835
f 1045/608/838 1044/556/837 1046/564/839
f 1045/608/838 1043/607/836 1044/556/837
f 1047/609/840 1046/564/839 1048/567/841
f 1047/609/840 1045/608/838 1046/564/839
f 1049/610/842 1048/567/841 1050/568/843
f 1049/610/842 1047/609/840 1048/567/841
f 1051/611/844 1050/568/843 1052/569/845
f 1051/611/844 1049/610/842 1050/568/843
f 1053/612/846 1052/569/845 1054/570/847
f 1053/612/846 1051/611/844 1052/569/845
f 1055/613/848 1054/570/847 1056/571/849
f 1055/613/848 1053/612/846 1054/570/847
f 1057/614/850 1056/571/849 968/557/814
f 1057/614/850 1055/613/848 1056/571/849
f 967/561/813 1057/614/850 968/557/814
f 1058/615/851 1059/602/852 1060/601/853
f 1061/616/823 1035/603/823 1062/602/854
f 1058/615/851 1063/602/855 1059/602/852
f 1064/617/856 1062/602/854 1065/602/857
f 1061/616/823 1062/602/854 1064/617/856
f 1066/618/858 1060/601/853 1067/604/859
f 1066/618/858 1058/615/851 1060/601/853
f 1066/618/858 1067/604/859 1068/605/860
f 1069/619/861 1068/605/860 1070/606/862
f 1069/619/861 1066/618/858 1068/605/860
f 1071/620/863 1070/606/862 1072/607/864
f 1071/620/863 1069/619/861 1070/606/862
f 1071/620/863 1072/607/864 1073/608/865
f 1074/621/866 1073/608/865 1075/609/867
f 1074/621/866 1071/620/863 1073/608/865
f 1076/622/868 1075/609/867 1077/610/869
f 1076/622/868 1074/621/866 1075/609/867
f 1076/622/868 1077/610/869 1078/611/870
f 1079/623/871 1078/611/870 1080/612/872
f 1079/623/871 1076/622/868 1078/611/870
f 1081/624/873 1080/612/872 1082/613/874
f 1081/624/873 1079/623/871 1080/612/872
f 1081/624/873 1082/613/874 1083/614/875
f 1084/625/876 1083/614/875 1085/561/877
f 1086/626/878 1087/627/879 1083/614/875
f 1081/624/873 1083/614/875 1087/627/879
f 1088/628/880 1086/626/878 1083/614/875
f 1089/629/881 1088/628/880 1083/614/875
f 1090/630/882 1089/629/881 1083/614/875
f 1091/631/883 1090/630/882 1083/614/875
f 1092/632/884 1091/631/883 1083/614/875
f 1093/633/885 1092/632/884 1083/614/875
f 1094/634/886 1093/633/885 1083/614/875
f 1095/635/887 1094/634/886 1083/614/875
f 1096/636/888 1095/635/887 1083/614/875
f 1097/637/889 1096/636/888 1083/614/875
f 1098/638/890 1097/637/889 1083/614/875
f 1084/625/876 1098/638/890 1083/614/875
f 1099/639/891 1085/561/877 1100/562/892
f 1101/640/893 1084/625/876 1085/561/877
f 1102/641/894 1101/640/893 1085/561/877
f 1103/642/895 1102/641/894 1085/561/877
f 1104/643/896 1103/642/895 1085/561/877
f 1105/644/897 1104/643/896 1085/561/877
f 1106/645/898 1105/644/897 1085/561/877
f 1107/646/899 1106/645/898 1085/561/877
f 1108/647/900 1107/646/899 1085/561/877
f 1109/648/901 1108/647/900 1085/561/877
f 1110/649/902 1109/648/901 1085/561/877
f 1111/650/903 1110/649/902 1085/561/877
f 1112/651/904 1111/650/903 1085/561/877
f 1113/652/905 1112/651/904 1085/561/877
f 1114/653/906 1113/652/905 1085/561/877
f 1115/654/907 1114/653/906 1085/561/877
f 1116/655/908 1115/654/907 1085/561/877
f 1117/656/909 1116/655/908 1085/561/877
f 1118/657/910 1117/656/909 1085/561/877
f 1099/639/891 1118/657/910 1085/561/877
f 1119/658/911 1099/639/891 1100/562/892
f 971/563/817 1120/658/912 972/562/816
f 1121/659/823 1035/603/823 1061/616/823
f 1121/659/823 1025/600/823 1035/603/823
f 1122/660/149 1123/627/149 1124/626/913
f 1125/661/914 1081/624/873 1087/627/879
f 1126/662/915 1127/661/916 1128/627/149
f 1126/662/915 1128/627/149 1129/660/271
f 1130/663/917 1124/626/913 1131/628/918
f 1130/663/917 1122/660/149 1124/626/913
f 1130/663/917 1131/628/918 1132/629/919
f 1133/664/920 1132/629/919 1134/630/921
f 1133/664/920 1130/663/917 1132/629/919
f 1133/664/920 1134/630/921 1135/631/922
f 1136/665/923 1135/631/922 1137/632/924
f 1136/665/923 1133/664/920 1135/631/922
f 1136/665/923 1137/632/924 1138/633/925
f 1139/666/926 1138/633/925 1140/634/927
f 1139/666/926 1136/665/923 1138/633/925
f 1139/666/926 1140/634/927 1141/635/928
f 1142/667/929 1141/635/928 1143/636/930
f 1142/667/929 1139/666/926 1141/635/928
f 1142/667/929 1143/636/930 1144/637/931
f 1145/668/932 1144/637/931 1146/638/933
f 1145/668/932 1142/667/929 1144/637/931
f 1145/668/932 1146/638/933 1147/625/934
f 1148/669/935 1147/625/934 1149/640/936
f 1148/669/935 1145/668/932 1147/625/934
f 1148/669/935 1149/640/936 1150/641/937
f 1151/670/938 1150/641/937 1152/642/939
f 1151/670/938 1148/669/935 1150/641/937
f 1151/670/938 1152/642/939 1153/643/940
f 1154/671/941 1153/643/940 1155/644/942
f 1154/671/941 1151/670/938 1153/643/940
f 1154/671/941 1155/644/942 1156/645/943
f 1157/672/944 1156/645/943 1158/646/945
f 1157/672/944 1154/671/941 1156/645/943
f 1157/672/944 1158/646/945 1159/647/946
f 1160/673/674 1159/647/946 1161/648/947
f 1160/673/674 1157/672/944 1159/647/946
f 1160/673/674 1161/648/947 1162/649/948
f 1163/674/949 1162/649/948 1164/650/950
f 1163/674/949 1160/673/674 1162/649/948
f 1163/674/949 1164/650/950 1165/651/951
f 1166/675/952 1165/651/951 1167/652/953
f 1166/675/952 1163/674/949 1165/651/951
f 1168/676/198 1167/652/953 1169/653/954
f 1168/676/198 1166/675/952 1167/652/953
f 1170/677/955 1169/653/954 1171/654/956
f 1170/677/955 1168/676/198 1169/653/954
f 1172/678/957 1171/654/956 1173/655/958
f 1172/678/957 1170/677/955 1171/654/956
f 1174/679/959 1173/655/958 1175/656/960
f 1174/679/959 1172/678/957 1173/655/958
f 1174/679/959 1175/656/960 1176/657/4
f 1177/680/4 1178/657/4 1179/639/961
f 1180/680/5 1174/679/959 1176/657/4
f 1119/658/911 1181/681/962 1099/639/891
f 1182/682/963 1099/639/891 1181/681/962
f 1182/682/963 1183/683/964 1099/639/891
f 1184/684/965 1179/639/961 1185/683/966
f 1184/684/965 1177/680/4 1179/639/961
f 1186/685/967 1187/686/968 1181/681/962
f 1188/687/969 1181/681/962 1187/686/968
f 1189/688/970 1186/685/967 1181/681/962
f 1190/689/971 1189/688/970 1181/681/962
f 1191/690/972 1190/689/971 1181/681/962
f 1192/691/973 1191/690/972 1181/681/962
f 1193/692/974 1192/691/973 1181/681/962
f 1119/658/911 1193/692/974 1181/681/962
f 1188/687/969 1182/682/963 1181/681/962
f 1194/693/975 1195/686/976 1196/685/977
f 1197/694/978 1188/687/969 1187/686/968
f 1194/693/975 1198/694/979 1195/686/976
f 1199/695/980 1196/685/977 1200/688/981
f 1199/695/980 1194/693/975 1196/685/977
f 1201/696/982 1200/688/981 1202/689/983
f 1201/696/982 1199/695/980 1200/688/981
f 1203/697/984 1202/689/983 1204/690/985
f 1203/697/984 1201/696/982 1202/689/983
f 1205/698/986 1204/690/985 1206/691/987
f 1205/698/986 1203/697/984 1204/690/985
f 1207/699/988 1206/691/987 1208/692/989
f 1207/699/988 1205/698/986 1206/691/987
f 1209/700/990 1208/692/989 1120/658/912
f 1209/700/990 1207/699/988 1208/692/989
f 971/563/817 1209/700/990 1120/658/912
f 1210/617/991 1211/602/992 1212/615/993
f 1213/701/994 1058/615/851 1066/618/858
f 1214/702/995 1212/615/993 1215/701/996
f 1216/616/997 1210/617/991 1212/615/993
f 1214/702/995 1216/616/997 1212/615/993
f 1217/703/998 1066/618/858 1069/619/861
f 1218/704/999 1213/701/994 1066/618/858
f 1219/705/1000 1218/704/999 1066/618/858
f 1220/706/1001 1219/705/1000 1066/618/858
f 1217/703/998 1220/706/1001 1066/618/858
f 1221/707/1002 1069/619/861 1071/620/863
f 1221/707/1002 1217/703/998 1069/619/861
f 1222/708/1003 1071/620/863 1074/621/866
f 1222/708/1003 1221/707/1002 1071/620/863
f 1223/709/1004 1074/621/866 1076/622/868
f 1223/709/1004 1222/708/1003 1074/621/866
f 1224/710/1005 1076/622/868 1079/623/871
f 1224/710/1005 1223/709/1004 1076/622/868
f 1225/711/1006 1079/623/871 1081/624/873
f 1225/711/1006 1224/710/1005 1079/623/871
f 1226/712/1007 1081/624/873 1125/661/914
f 1226/712/1007 1225/711/1006 1081/624/873
f 1226/712/1007 1125/661/914 1227/713/1008
f 1126/662/915 1228/713/1009 1127/661/916
f 1182/682/963 1229/714/1010 1183/683/964
f 1184/684/965 1185/683/966 1230/714/1011
f 1182/682/963 1231/715/1012 1229/714/1010
f 1232/716/1013 1230/714/1011 1233/715/1014
f 1184/684/965 1230/714/1011 1232/716/1013
f 1182/682/963 1234/717/1015 1231/715/1012
f 1232/716/1013 1233/715/1014 1235/717/1016
f 1182/682/963 1236/718/1017 1234/717/1015
f 1237/719/1018 1235/717/1016 1238/718/1019
f 1232/716/1013 1235/717/1016 1237/719/1018
f 1182/682/963 1239/720/1020 1236/718/1017
f 1237/719/1018 1238/718/1019 1240/720/1021
f 1182/682/963 1241/721/1022 1239/720/1020
f 1242/722/1023 1240/720/1021 1243/721/1024
f 1237/719/1018 1240/720/1021 1242/722/1023
f 1182/682/963 1244/723/1025 1241/721/1022
f 1242/722/1023 1243/721/1024 1245/723/1026
f 1182/682/963 1246/724/1027 1244/723/1025
f 1247/725/1028 1245/723/1026 1248/724/1029
f 1242/722/1023 1245/723/1026 1247/725/1028
f 1182/682/963 1249/726/1030 1246/724/1027
f 1247/725/1028 1248/724/1029 1250/726/1031
f 1226/712/1007 1251/727/1032 1249/726/1030
f 1252/728/1033 1250/726/1031 1253/727/1034
f 1182/682/963 1226/712/1007 1249/726/1030
f 1247/725/1028 1250/726/1031 1252/728/1033
f 1226/712/1007 1254/729/1035 1251/727/1032
f 1255/730/1036 1253/727/1034 1256/729/1037
f 1252/728/1033 1253/727/1034 1255/730/1036
f 1226/712/1007 1257/731/1038 1254/729/1035
f 1258/732/1039 1256/729/1037 1259/731/1040
f 1255/730/1036 1256/729/1037 1258/732/1039
f 1226/712/1007 1260/733/1041 1257/731/1038
f 1261/734/1042 1259/731/1040 1262/733/1043
f 1258/732/1039 1259/731/1040 1261/734/1042
f 1226/712/1007 1263/735/1044 1260/733/1041
f 1264/736/1045 1262/733/1043 1265/735/1046
f 1261/734/1042 1262/733/1043 1264/736/1045
f 1226/712/1007 1266/737/1047 1263/735/1044
f 1267/738/1048 1265/735/1046 1268/737/1049
f 1264/736/1045 1265/735/1046 1267/738/1048
f 1226/712/1007 1269/739/1050 1266/737/1047
f 1270/740/1051 1268/737/1049 1271/739/1052
f 1267/738/1048 1268/737/1049 1270/740/1051
f 1226/712/1007 1272/741/1053 1269/739/1050
f 1273/742/1054 1271/739/1052 1274/741/1055
f 1270/740/1051 1271/739/1052 1273/742/1054
f 1226/712/1007 1275/743/1056 1272/741/1053
f 1276/744/1057 1274/741/1055 1277/743/1058
f 1273/742/1054 1274/741/1055 1276/744/1057
f 1226/712/1007 1278/745/1059 1275/743/1056
f 1279/746/1060 1277/743/1058 1280/745/1061
f 1276/744/1057 1277/743/1058 1279/746/1060
f 1226/712/1007 1281/747/1062 1278/745/1059
f 1282/748/1063 1280/745/1061 1283/747/154
f 1279/746/1060 1280/745/1061 1282/748/1063
f 1226/712/1007 1227/713/1008 1281/747/1062
f 1282/748/1063 1283/747/154 1228/713/1009
f 1282/748/1063 1228/713/1009 1126/662/915
f 1284/749/1064 1215/701/996 1285/704/1065
f 1284/749/1064 1214/702/995 1215/701/996
f 1284/749/1064 1285/704/1065 1286/705/1066
f 1287/750/1067 1219/705/1000 1220/706/1001
f 1288/751/1068 1286/705/1066 1289/750/1069
f 1288/751/1068 1284/749/1064 1286/705/1066
f 1290/752/1070 1220/706/1001 1217/703/998
f 1291/753/1071 1287/750/1067 1220/706/1001
f 1290/752/1070 1291/753/1071 1220/706/1001
f 1292/754/1072 1217/703/998 1221/707/1002
f 1292/754/1072 1290/752/1070 1217/703/998
f 1293/755/1073 1221/707/1002 1222/708/1003
f 1293/755/1073 1292/754/1072 1221/707/1002
f 1294/756/1074 1222/708/1003 1223/709/1004
f 1294/756/1074 1293/755/1073 1222/708/1003
f 1295/757/1075 1223/709/1004 1224/710/1005
f 1295/757/1075 1294/756/1074 1223/709/1004
f 1296/758/1076 1224/710/1005 1225/711/1006
f 1296/758/1076 1295/757/1075 1224/710/1005
f 1297/759/1077 1225/711/1006 1226/712/1007
f 1297/759/1077 1296/758/1076 1225/711/1006
f 1298/760/1078 1226/712/1007 1182/682/963
f 1298/760/1078 1297/759/1077 1226/712/1007
f 1299/761/1079 1182/682/963 1188/687/969
f 1299/761/1079 1298/760/1078 1182/682/963
f 1300/762/1080 1301/763/1081 1188/687/969
f 1302/764/1082 1188/687/969 1301/763/1081
f 1303/765/1083 1300/762/1080 1188/687/969
f 1197/694/978 1303/765/1083 1188/687/969
f 1302/764/1082 1299/761/1079 1188/687/969
f 1304/766/1084 1305/763/1085 1306/762/1086
f 1302/764/1082 1301/763/1081 1307/767/1087
f 1304/766/1084 1308/767/1088 1305/763/1085
f 1309/768/1089 1306/762/1086 1310/765/1090
f 1309/768/1089 1304/766/1084 1306/762/1086
f 1311/769/1091 1310/765/1090 1198/694/979
f 1311/769/1091 1309/768/1089 1310/765/1090
f 1194/693/975 1311/769/1091 1198/694/979
f 1312/770/1092 1313/771/1093 1314/772/1094
f 1315/773/149 1316/772/1095 1317/771/1096
f 1318/774/1097 1312/770/1092 1314/772/1094
f 1319/775/1098 1320/774/1099 1321/772/149
f 1319/775/1098 1321/772/149 1322/773/271
f 1323/776/1100 1324/777/1101 1313/771/1093
f 1325/778/1102 1313/771/1093 1324/777/1101
f 1312/770/1092 1323/776/1100 1313/771/1093
f 1325/778/1102 1326/779/1103 1313/771/1093
f 1315/773/149 1317/771/1096 1327/779/1104
f 1328/780/1105 1329/781/1106 1324/777/1101
f 1330/782/1107 1324/777/1101 1329/781/1106
f 1323/776/1100 1328/780/1105 1324/777/1101
f 1330/782/1107 1325/778/1102 1324/777/1101
f 1331/783/1108 1332/784/1109 1329/781/1106
f 1333/785/1110 1329/781/1106 1332/784/1109
f 1334/786/1111 1331/783/1108 1329/781/1106
f 1328/780/1105 1334/786/1111 1329/781/1106
f 1333/785/1110 1330/782/1107 1329/781/1106
f 1335/787/1112 1336/788/1113 1332/784/1109
f 1337/789/1114 1332/784/1109 1336/788/1113
f 1331/783/1108 1335/787/1112 1332/784/1109
f 1337/789/1114 1333/785/1110 1332/784/1109
f 1338/790/1115 1339/791/1116 1336/788/1113
f 1340/792/1117 1336/788/1113 1339/791/1116
f 1341/793/1118 1338/790/1115 1336/788/1113
f 1335/787/1112 1341/793/1118 1336/788/1113
f 1340/792/1117 1337/789/1114 1336/788/1113
f 1342/794/1119 1343/795/1120 1339/791/1116
f 1344/796/1121 1339/791/1116 1343/795/1120
f 1338/790/1115 1342/794/1119 1339/791/1116
f 1344/796/1121 1340/792/1117 1339/791/1116
f 1345/797/1122 1346/798/1123 1343/795/1120
f 1347/799/1124 1343/795/1120 1346/798/1123
f 1348/800/1125 1345/797/1122 1343/795/1120
f 1342/794/1119 1348/800/1125 1343/795/1120
f 1347/799/1124 1344/796/1121 1343/795/1120
f 1349/801/1126 1350/802/1127 1346/798/1123
f 1351/803/1128 1346/798/1123 1350/802/1127
f 1352/801/1129 1349/801/1126 1346/798/1123
f 1353/804/1130 1352/801/1129 1346/798/1123
f 1345/797/1122 1353/804/1130 1346/798/1123
f 1351/803/1128 1347/799/1124 1346/798/1123
f 1354/805/1131 1355/802/1132 1356/801/1133
f 1357/806/1134 1351/803/1128 1350/802/1127
f 1358/807/1135 1359/806/1136 1355/802/1132
f 1358/807/1135 1355/802/1132 1354/805/1131
f 1360/808/1137 1361/801/1138 1362/801/1139
f 1354/805/1131 1356/801/1133 1363/808/1140
f 1364/809/1141 1365/801/1141 1366/804/1142
f 1360/808/1137 1362/801/1139 1367/809/1137
f 1368/810/1143 1366/804/1142 1369/797/1144
f 1370/811/1141 1366/804/1142 1368/810/1143
f 1364/809/1141 1366/804/1142 1370/811/1141
f 1371/812/1145 1369/797/1144 1372/800/1146
f 1368/810/1143 1369/797/1144 1371/812/1145
f 1373/813/1147 1372/800/1146 1374/794/1148
f 1371/812/1145 1372/800/1146 1373/813/1147
f 1375/814/1149 1374/794/1148 1376/790/1150
f 1373/813/1147 1374/794/1148 1375/814/1149
f 1377/815/1151 1376/790/1150 1378/793/1152
f 1375/814/1149 1376/790/1150 1377/815/1151
f 1379/816/1153 1378/793/1152 1380/787/1154
f 1377/815/1151 1378/793/1152 1379/816/1153
f 1381/817/1155 1380/787/1154 1382/783/1156
f 1379/816/1153 1380/787/1154 1381/817/1155
f 1383/818/1157 1382/783/1156 1384/786/1158
f 1381/817/1155 1382/783/1156 1383/818/1157
f 1385/819/1159 1384/786/1158 1386/780/1160
f 1383/818/1157 1384/786/1158 1385/819/1159
f 1387/820/1161 1386/780/1160 1388/776/1162
f 1385/819/1159 1386/780/1160 1387/820/1161
f 1389/821/1163 1388/776/1162 1390/770/1164
f 1391/822/1165 1388/776/1162 1389/821/1163
f 1387/820/1161 1388/776/1162 1391/822/1165
f 1392/823/1166 1393/824/1167 1312/770/1092
f 1394/825/1168 1390/770/1164 1395/824/1169
f 1396/826/1170 1392/823/1166 1312/770/1092
f 1397/827/1171 1396/826/1170 1312/770/1092
f 1398/828/1172 1397/827/1171 1312/770/1092
f 1399/829/1173 1398/828/1172 1312/770/1092
f 1400/830/1174 1399/829/1173 1312/770/1092
f 1401/831/1175 1400/830/1174 1312/770/1092
f 1402/832/1176 1401/831/1175 1312/770/1092
f 1403/833/1177 1402/832/1176 1312/770/1092
f 1404/834/1178 1403/833/1177 1312/770/1092
f 1405/835/1179 1404/834/1178 1312/770/1092
f 1318/774/1097 1405/835/1179 1312/770/1092
f 1389/821/1163 1390/770/1164 1394/825/1168
f 1406/836/1180 1407/837/1181 1393/824/1167
f 1394/825/1168 1395/824/1169 1408/837/1182
f 1409/838/1183 1406/836/1180 1393/824/1167
f 1410/839/1184 1409/838/1183 1393/824/1167
f 1411/840/1185 1410/839/1184 1393/824/1167
f 1412/841/1186 1411/840/1185 1393/824/1167
f 1413/842/1187 1412/841/1186 1393/824/1167
f 1414/843/1188 1413/842/1187 1393/824/1167
f 1415/844/1189 1414/843/1188 1393/824/1167
f 1392/823/1166 1415/844/1189 1393/824/1167
f 1406/836/1180 1416/845/1190 1407/837/1181
f 1417/846/1191 1418/837/1192 1419/845/1193
f 1394/825/1168 1408/837/1182 1420/846/1194
f 1406/836/1180 1421/847/1195 1416/845/1190
f 1422/848/1196 1419/845/1193 1423/847/1197
f 1422/848/1196 1417/846/1191 1419/845/1193
f 1424/849/1198 1425/850/1199 1421/847/1195
f 1426/851/1200 1423/847/1197 1427/850/1201
f 1406/836/1180 1424/849/1198 1421/847/1195
f 1426/851/1200 1422/848/1196 1423/847/1197
f 1424/849/1198 1428/852/1202 1425/850/1199
f 1429/853/1203 1427/850/1201 1430/852/1204
f 1429/853/1203 1426/851/1200 1427/850/1201
f 1424/849/1198 1431/854/1205 1428/852/1202
f 1432/855/1206 1430/852/1204 1433/854/1207
f 1432/855/1206 1429/853/1203 1430/852/1204
f 1424/849/1198 1434/856/1208 1431/854/1205
f 1435/857/1209 1433/854/1207 1436/856/1210
f 1435/857/1209 1432/855/1206 1433/854/1207
f 1424/849/1198 1437/858/1211 1434/856/1208
f 1438/859/1212 1436/856/1210 1439/858/1213
f 1438/859/1212 1435/857/1209 1436/856/1210
f 1440/860/1214 1439/858/1213 1441/849/1215
f 1440/860/1214 1438/859/1212 1439/858/1213
f 1442/861/1216 1424/849/1198 1406/836/1180
f 1443/862/1217 1444/863/1218 1424/849/1198
f 1440/860/1214 1441/849/1215 1445/863/1219
f 1442/861/1216 1443/862/1217 1424/849/1198
f 1409/838/1183 1446/864/1220 1406/836/1180
f 1447/865/1221 1406/836/1180 1446/864/1220
f 1447/865/1221 1442/861/1216 1406/836/1180
f 1448/866/1222 1449/864/1223 1450/838/10
f 1447/865/1221 1446/864/1220 1451/867/1224
f 1448/866/1222 1452/867/1225 1449/864/1223
f 1453/868/4 1454/838/4 1455/839/1226
f 1456/868/5 1448/866/1222 1450/838/10
f 1457/869/1227 1455/839/1226 1458/840/1228
f 1457/869/1227 1453/868/4 1455/839/1226
f 1459/870/1013 1458/840/1228 1460/841/1229
f 1457/869/1227 1458/840/1228 1459/870/1013
f 1461/871/1230 1460/841/1229 1462/842/1231
f 1459/870/1013 1460/841/1229 1461/871/1230
f 1463/872/1023 1462/842/1231 1464/843/1232
f 1461/871/1230 1462/842/1231 1463/872/1023
f 1465/873/1233 1464/843/1232 1466/844/1234
f 1463/872/1023 1464/843/1232 1465/873/1233
f 1467/874/1235 1466/844/1234 1468/823/1236
f 1465/873/1233 1466/844/1234 1467/874/1235
f 1469/875/1237 1468/823/1236 1470/826/1238
f 1467/874/1235 1468/823/1236 1469/875/1237
f 1471/876/1239 1470/826/1238 1472/827/1240
f 1469/875/1237 1470/826/1238 1471/876/1239
f 1473/877/1241 1472/827/1240 1474/828/1242
f 1471/876/1239 1472/827/1240 1473/877/1241
f 1475/878/1045 1474/828/1242 1476/829/1243
f 1473/877/1241 1474/828/1242 1475/878/1045
f 1477/879/1244 1476/829/1243 1478/830/1245
f 1475/878/1045 1476/829/1243 1477/879/1244
f 1479/880/1246 1478/830/1245 1480/831/1247
f 1477/879/1244 1478/830/1245 1479/880/1246
f 1481/881/1248 1480/831/1247 1482/832/1249
f 1479/880/1246 1480/831/1247 1481/881/1248
f 1483/882/1250 1482/832/1249 1484/833/1251
f 1481/881/1248 1482/832/1249 1483/882/1250
f 1485/883/1252 1484/833/1251 1486/834/1253
f 1483/882/1250 1484/833/1251 1485/883/1252
f 1487/884/1254 1486/834/1253 1488/835/1255
f 1485/883/1252 1486/834/1253 1487/884/1254
f 1319/775/1098 1488/835/1255 1320/774/1099
f 1487/884/1254 1488/835/1255 1319/775/1098
f 1325/778/1102 1489/885/1256 1326/779/1103
f 1490/886/1257 1327/779/1104 1491/885/1258
f 1490/886/1257 1315/773/149 1327/779/1104
f 1325/778/1102 1492/887/1259 1489/885/1256
f 1493/888/1260 1491/885/1258 1494/887/1261
f 1493/888/1260 1490/886/1257 1491/885/1258
f 1325/778/1102 1495/889/1262 1492/887/1259
f 1496/890/1263 1494/887/1261 1497/889/1264
f 1496/890/1263 1493/888/1260 1494/887/1261
f 1325/778/1102 1498/891/1265 1495/889/1262
f 1499/892/926 1497/889/1264 1500/891/1266
f 1499/892/926 1496/890/1263 1497/889/1264
f 1325/778/1102 1501/893/1267 1498/891/1265
f 1502/894/1268 1500/891/1266 1503/893/1269
f 1502/894/1268 1499/892/926 1500/891/1266
f 1325/778/1102 1504/895/1270 1501/893/1267
f 1505/896/1271 1503/893/1269 1506/895/1272
f 1505/896/1271 1502/894/1268 1503/893/1269
f 1447/865/1221 1507/897/1273 1504/895/1270
f 1508/898/349 1506/895/1272 1509/897/1274
f 1325/778/1102 1447/865/1221 1504/895/1270
f 1508/898/349 1505/896/1271 1506/895/1272
f 1447/865/1221 1510/899/1275 1507/897/1273
f 1511/900/1276 1509/897/1274 1512/899/1277
f 1511/900/1276 1508/898/349 1509/897/1274
f 1447/865/1221 1513/901/1278 1510/899/1275
f 1514/902/1279 1512/899/1277 1515/901/1280
f 1514/902/1279 1511/900/1276 1512/899/1277
f 1447/865/1221 1516/903/1281 1513/901/1278
f 1517/904/944 1515/901/1280 1518/903/1282
f 1517/904/944 1514/902/1279 1515/901/1280
f 1447/865/1221 1519/905/1283 1516/903/1281
f 1520/906/674 1518/903/1282 1521/905/1284
f 1520/906/674 1517/904/944 1518/903/1282
f 1447/865/1221 1522/907/1285 1519/905/1283
f 1523/908/1286 1521/905/1284 1524/907/1287
f 1523/908/1286 1520/906/674 1521/905/1284
f 1447/865/1221 1525/909/1288 1522/907/1285
f 1526/910/201 1524/907/1287 1527/909/1289
f 1526/910/201 1523/908/1286 1524/907/1287
f 1447/865/1221 1528/911/1290 1525/909/1288
f 1529/912/1291 1527/909/1289 1530/911/1292
f 1529/912/1291 1526/910/201 1527/909/1289
f 1447/865/1221 1531/913/1293 1528/911/1290
f 1532/914/1294 1530/911/1292 1533/913/1295
f 1532/914/1294 1529/912/1291 1530/911/1292
f 1447/865/1221 1534/915/1296 1531/913/1293
f 1535/916/1297 1533/913/1295 1536/915/1298
f 1535/916/1297 1532/914/1294 1533/913/1295
f 1447/865/1221 1451/867/1224 1534/915/1296
f 1448/866/1222 1536/915/1298 1452/867/1225
f 1448/866/1222 1535/916/1297 1536/915/1298
f 1443/862/1217 1537/917/1299 1444/863/1218
f 1538/918/1300 1445/863/1219 1539/917/1301
f 1538/918/1300 1440/860/1214 1445/863/1219
f 1443/862/1217 1540/919/1302 1537/917/1299
f 1541/920/1303 1539/917/1301 1542/919/1304
f 1541/920/1303 1538/918/1300 1539/917/1301
f 1543/921/1305 1542/919/1304 1544/862/1306
f 1543/921/1305 1541/920/1303 1542/919/1304
f 1545/922/1307 1443/862/1217 1442/861/1216
f 1546/923/1308 1547/924/1309 1443/862/1217
f 1543/921/1305 1544/862/1306 1548/924/1310
f 1545/922/1307 1546/923/1308 1443/862/1217
f 1549/925/1311 1442/861/1216 1447/865/1221
f 1549/925/1311 1545/922/1307 1442/861/1216
f 1550/926/1312 1447/865/1221 1325/778/1102
f 1550/926/1312 1549/925/1311 1447/865/1221
f 1551/927/1313 1325/778/1102 1330/782/1107
f 1551/927/1313 1550/926/1312 1325/778/1102
f 1552/928/1314 1330/782/1107 1333/785/1110
f 1552/928/1314 1551/927/1313 1330/782/1107
f 1553/929/1315 1333/785/1110 1337/789/1114
f 1553/929/1315 1552/928/1314 1333/785/1110
f 1554/930/1316 1337/789/1114 1340/792/1117
f 1554/930/1316 1553/929/1315 1337/789/1114
f 1555/931/1317 1340/792/1117 1344/796/1121
f 1555/931/1317 1554/930/1316 1340/792/1117
f 1556/932/1318 1344/796/1121 1347/799/1124
f 1556/932/1318 1555/931/1317 1344/796/1121
f 1557/933/1319 1347/799/1124 1351/803/1128
f 1557/933/1319 1556/932/1318 1347/799/1124
f 1558/934/1320 1559/935/1321 1351/803/1128
f 1557/933/1319 1351/803/1128 1559/935/1321
f 1357/806/1134 1558/934/1320 1351/803/1128
f 1560/936/1322 1561/935/1323 1562/934/1324
f 1557/933/1319 1559/935/1321 1563/937/1325
f 1564/938/1326 1565/937/1327 1561/935/1323
f 1560/936/1322 1564/938/1326 1561/935/1323
f 1566/939/1328 1562/934/1324 1359/806/1136
f 1566/939/1328 1560/936/1322 1562/934/1324
f 1358/807/1135 1566/939/1328 1359/806/1136
f 1567/940/1329 1302/764/1082 1307/767/1087
f 1568/941/1330 1569/940/1331 1308/767/1088
f 1304/766/1084 1568/941/1330 1308/767/1088
f 1570/942/1332 1289/750/1069 1571/753/1333
f 1570/942/1332 1288/751/1068 1289/750/1069
f 1572/943/1334 1291/753/1071 1290/752/1070
f 1573/944/1335 1571/753/1333 1574/943/1336
f 1573/944/1335 1570/942/1332 1571/753/1333
f 1575/945/1337 1290/752/1070 1292/754/1072
f 1576/946/1338 1572/943/1334 1290/752/1070
f 1577/947/1339 1576/946/1338 1290/752/1070
f 1575/945/1337 1577/947/1339 1290/752/1070
f 1578/948/1340 1292/754/1072 1293/755/1073
f 1578/948/1340 1575/945/1337 1292/754/1072
f 1579/949/1341 1293/755/1073 1294/756/1074
f 1579/949/1341 1578/948/1340 1293/755/1073
f 1580/950/1342 1294/756/1074 1295/757/1075
f 1580/950/1342 1579/949/1341 1294/756/1074
f 1581/951/1343 1295/757/1075 1296/758/1076
f 1581/951/1343 1580/950/1342 1295/757/1075
f 1582/952/1344 1296/758/1076 1297/759/1077
f 1582/952/1344 1581/951/1343 1296/758/1076
f 1583/953/1345 1297/759/1077 1298/760/1078
f 1583/953/1345 1582/952/1344 1297/759/1077
f 1584/954/1346 1298/760/1078 1299/761/1079
f 1584/954/1346 1583/953/1345 1298/760/1078
f 1585/955/1347 1299/761/1079 1302/764/1082
f 1585/955/1347 1584/954/1346 1299/761/1079
f 1567/940/1329 1586/956/1348 1302/764/1082
f 1587/957/1349 1302/764/1082 1586/956/1348
f 1587/957/1349 1585/955/1347 1302/764/1082
f 1588/958/1350 1589/956/1351 1569/940/1331
f 1590/959/1352 1586/956/1348 1591/960/1353
f 1588/958/1350 1592/960/1354 1589/956/1351
f 1593/961/1355 1587/957/1349 1586/956/1348
f 1594/962/1356 1593/961/1355 1586/956/1348
f 1590/959/1352 1594/962/1356 1586/956/1348
f 1568/941/1330 1588/958/1350 1569/940/1331
f 1595/963/1357 1590/959/1352 1591/960/1353
f 1596/964/1358 1595/963/1357 1591/960/1353
f 1597/965/1359 1598/964/1360 1592/960/1354
f 1588/958/1350 1597/965/1359 1592/960/1354
f 1599/966/1361 1574/943/1336 1600/946/1362
f 1599/966/1361 1573/944/1335 1574/943/1336
f 1601/967/1363 1576/946/1338 1577/947/1339
f 1602/968/1362 1600/946/1362 1603/967/1364
f 1602/968/1362 1599/966/1361 1600/946/1362
f 1604/969/1365 1577/947/1339 1575/945/1337
f 1605/970/1366 1601/967/1363 1577/947/1339
f 1604/969/1365 1605/970/1366 1577/947/1339
f 1606/971/1367 1575/945/1337 1578/948/1340
f 1606/971/1367 1604/969/1365 1575/945/1337
f 1607/972/1368 1578/948/1340 1579/949/1341
f 1607/972/1368 1606/971/1367 1578/948/1340
f 1608/973/1369 1579/949/1341 1580/950/1342
f 1608/973/1369 1607/972/1368 1579/949/1341
f 1609/974/1370 1580/950/1342 1581/951/1343
f 1609/974/1370 1608/973/1369 1580/950/1342
f 1610/975/1371 1581/951/1343 1582/952/1344
f 1610/975/1371 1609/974/1370 1581/951/1343
f 1611/976/1372 1582/952/1344 1583/953/1345
f 1611/976/1372 1610/975/1371 1582/952/1344
f 1612/977/1373 1583/953/1345 1584/954/1346
f 1612/977/1373 1611/976/1372 1583/953/1345
f 1613/978/1374 1584/954/1346 1585/955/1347
f 1613/978/1374 1612/977/1373 1584/954/1346
f 1614/979/1375 1585/955/1347 1587/957/1349
f 1615/980/1376 1613/978/1374 1585/955/1347
f 1614/979/1375 1615/980/1376 1585/955/1347
f 1616/981/349 1617/957/1377 1618/961/354
f 1616/981/349 1619/979/1378 1617/957/1377
f 1620/982/938 1618/961/354 1621/962/681
f 1620/982/938 1616/981/349 1618/961/354
f 1622/983/941 1621/962/681 1623/959/1379
f 1622/983/941 1620/982/938 1621/962/681
f 1624/984/1380 1623/959/1379 1625/963/1381
f 1624/984/1380 1622/983/941 1623/959/1379
f 1596/964/1358 1626/985/1382 1595/963/1357
f 1624/984/1380 1625/963/1381 1627/985/1383
f 1596/964/1358 1628/986/1384 1626/985/1382
f 1629/987/1385 1626/985/1382 1628/986/1384
f 1630/988/1386 1627/985/1383 1631/987/1387
f 1630/988/1386 1624/984/1380 1627/985/1383
f 1632/989/1388 1633/986/1389 1598/964/1360
f 1632/989/1388 1634/987/1390 1633/986/1389
f 1597/965/1359 1632/989/1388 1598/964/1360
f 1635/990/1391 1634/987/1390 1632/989/1388
f 1636/991/1392 1631/987/1387 1637/990/1393
f 1636/991/1392 1630/988/1386 1631/987/1387
f 1638/992/1394 1603/967/1364 1639/970/1395
f 1638/992/1394 1602/968/1362 1603/967/1364
f 1640/993/1396 1605/970/1366 1604/969/1365
f 1641/994/1397 1639/970/1395 1642/993/1398
f 1641/994/1397 1638/992/1394 1639/970/1395
f 1557/933/1319 1604/969/1365 1606/971/1367
f 1643/995/1399 1604/969/1365 1557/933/1319
f 1640/993/1396 1604/969/1365 1643/995/1399
f 1556/932/1318 1606/971/1367 1607/972/1368
f 1557/933/1319 1606/971/1367 1556/932/1318
f 1555/931/1317 1607/972/1368 1608/973/1369
f 1556/932/1318 1607/972/1368 1555/931/1317
f 1554/930/1316 1608/973/1369 1609/974/1370
f 1555/931/1317 1608/973/1369 1554/930/1316
f 1553/929/1315 1609/974/1370 1610/975/1371
f 1554/930/1316 1609/974/1370 1553/929/1315
f 1552/928/1314 1610/975/1371 1611/976/1372
f 1553/929/1315 1610/975/1371 1552/928/1314
f 1551/927/1313 1611/976/1372 1612/977/1373
f 1552/928/1314 1611/976/1372 1551/927/1313
f 1550/926/1312 1612/977/1373 1613/978/1374
f 1551/927/1313 1612/977/1373 1550/926/1312
f 1549/925/1311 1613/978/1374 1615/980/1376
f 1550/926/1312 1613/978/1374 1549/925/1311
f 1644/996/1400 1645/997/1401 1615/980/1376
f 1545/922/1307 1615/980/1376 1645/997/1401
f 1646/998/1402 1644/996/1400 1615/980/1376
f 1647/999/1403 1646/998/1402 1615/980/1376
f 1648/1000/1404 1647/999/1403 1615/980/1376
f 1649/1001/1405 1648/1000/1404 1615/980/1376
f 1650/1002/1406 1649/1001/1405 1615/980/1376
f 1651/1003/1407 1650/1002/1406 1615/980/1376
f 1652/1004/1408 1651/1003/1407 1615/980/1376
f 1653/1005/1409 1652/1004/1408 1615/980/1376
f 1654/1006/1410 1653/1005/1409 1615/980/1376
f 1655/1007/1411 1654/1006/1410 1615/980/1376
f 1656/1008/1412 1655/1007/1411 1615/980/1376
f 1657/1009/1413 1656/1008/1412 1615/980/1376
f 1658/1010/1414 1657/1009/1413 1615/980/1376
f 1614/979/1375 1658/1010/1414 1615/980/1376
f 1549/925/1311 1615/980/1376 1545/922/1307
f 1659/1011/1244 1660/997/1415 1661/996/1416
f 1662/1012/1417 1545/922/1307 1645/997/1401
f 1663/1013/1418 1664/1012/298 1660/997/1415
f 1663/1013/1418 1660/997/1415 1659/1011/1244
f 1665/1014/1246 1661/996/1416 1666/998/1419
f 1659/1011/1244 1661/996/1416 1665/1014/1246
f 1667/1015/1420 1666/998/1419 1668/999/285
f 1665/1014/1246 1666/998/1419 1667/1015/1420
f 1669/1016/1421 1668/999/285 1670/1000/1422
f 1667/1015/1420 1668/999/285 1669/1016/1421
f 1671/1017/1423 1670/1000/1422 1672/1001/1424
f 1669/1016/1421 1670/1000/1422 1671/1017/1423
f 1673/1018/1425 1672/1001/1424 1674/1002/278
f 1671/1017/1423 1672/1001/1424 1673/1018/1425
f 1675/1019/1098 1674/1002/278 1676/1003/272
f 1673/1018/1425 1674/1002/278 1675/1019/1098
f 1675/1019/1098 1676/1003/272 1677/1004/149
f 1678/1020/149 1679/1004/149 1680/1005/275
f 1675/1019/1098 1677/1004/149 1681/1020/149
f 1682/1021/1426 1680/1005/275 1683/1006/363
f 1682/1021/1426 1678/1020/149 1680/1005/275
f 1684/1022/1427 1683/1006/363 1685/1007/1428
f 1684/1022/1427 1682/1021/1426 1683/1006/363
f 1686/1023/1263 1685/1007/1428 1687/1008/360
f 1686/1023/1263 1684/1022/1427 1685/1007/1428
f 1688/1024/1429 1687/1008/360 1689/1009/358
f 1688/1024/1429 1686/1023/1263 1687/1008/360
f 1690/1025/1430 1689/1009/358 1691/1010/1431
f 1690/1025/1430 1688/1024/1429 1689/1009/358
f 1692/1026/1271 1691/1010/1431 1619/979/1378
f 1692/1026/1271 1690/1025/1430 1691/1010/1431
f 1616/981/349 1692/1026/1271 1619/979/1378
f 1643/995/1399 1557/933/1319 1563/937/1325
f 1693/1027/1432 1694/995/1433 1565/937/1327
f 1564/938/1326 1693/1027/1432 1565/937/1327
f 1546/923/1308 1695/1028/1434 1547/924/1309
f 1696/1029/1435 1548/924/1310 1697/1028/1436
f 1696/1029/1435 1543/921/1305 1548/924/1310
f 1698/1030/1437 1697/1028/1436 1699/923/1438
f 1698/1030/1437 1696/1029/1435 1697/1028/1436
f 1700/1031/1439 1546/923/1308 1545/922/1307
f 1701/1032/1440 1702/1033/1441 1546/923/1308
f 1698/1030/1437 1699/923/1438 1703/1033/1442
f 1700/1031/1439 1701/1032/1440 1546/923/1308
f 1662/1012/1417 1700/1031/1439 1545/922/1307
f 1704/1034/1443 1642/993/1398 1694/995/1433
f 1693/1027/1432 1704/1034/1443 1694/995/1433
f 1704/1034/1443 1641/994/1397 1642/993/1398
f 1701/1032/1440 1705/1035/1444 1702/1033/1441
f 1706/1036/1445 1703/1033/1442 1707/1035/1446
f 1706/1036/1445 1698/1030/1437 1703/1033/1442
f 1708/1037/1447 1709/1038/1448 1705/1035/1444
f 1706/1036/1445 1707/1035/1446 1710/1038/1449
f 1701/1032/1440 1708/1037/1447 1705/1035/1444
f 1708/1037/1447 1711/1039/1450 1709/1038/1448
f 1712/1040/1451 1710/1038/1449 1713/1039/1452
f 1712/1040/1451 1706/1036/1445 1710/1038/1449
f 1714/1041/1453 1711/1039/1450 1708/1037/1447
f 1712/1040/1451 1713/1039/1452 1715/1041/1454
f 1716/1042/1455 1717/1037/1456 1718/1032/1457
f 1719/1043/1458 1720/1041/1459 1717/1037/1456
f 1719/1043/1458 1717/1037/1456 1716/1042/1455
f 1721/1044/1241 1718/1032/1457 1722/1031/366
f 1716/1042/1455 1718/1032/1457 1721/1044/1241
f 1663/1013/1418 1722/1031/366 1664/1012/298
f 1721/1044/1241 1722/1031/366 1663/1013/1418
f 1723/1045/1460 1715/1041/1454 1724/1046/1461
f 1725/1047/1033 1726/1046/1462 1720/1041/1459
f 1723/1045/1460 1712/1040/1451 1715/1041/1454
f 1725/1047/1033 1720/1041/1459 1719/1043/1458
f 1727/680/821 1728/660/821 1729/663/821
f 1730/684/821 1728/660/821 1727/680/821
f 1730/684/821 1731/662/821 1728/660/821
f 1732/679/821 1729/663/821 1733/664/821
f 1727/680/821 1729/663/821 1732/679/821
f 1734/678/821 1733/664/821 1735/665/821
f 1732/679/821 1733/664/821 1734/678/821
f 1736/677/821 1735/665/821 1737/666/821
f 1734/678/821 1735/665/821 1736/677/821
f 1738/676/821 1737/666/821 1739/667/821
f 1736/677/821 1737/666/821 1738/676/821
f 1740/675/821 1739/667/821 1741/668/821
f 1738/676/821 1739/667/821 1740/675/821
f 1742/674/821 1741/668/821 1743/669/821
f 1740/675/821 1741/668/821 1742/674/821
f 1744/672/821 1743/669/821 1745/670/821
f 1746/673/821 1743/669/821 1744/672/821
f 1742/674/821 1743/669/821 1746/673/821
f 1744/672/821 1745/670/821 1747/671/821
f 1748/716/821 1749/748/821 1731/662/821
f 1730/684/821 1748/716/821 1731/662/821
f 1750/719/821 1751/746/821 1749/748/821
f 1748/716/821 1750/719/821 1749/748/821
f 1752/722/821 1753/744/821 1751/746/821
f 1750/719/821 1752/722/821 1751/746/821
f 1754/725/821 1755/742/821 1753/744/821
f 1752/722/821 1754/725/821 1753/744/821
f 1756/728/821 1757/740/821 1755/742/821
f 1754/725/821 1756/728/821 1755/742/821
f 1758/730/821 1759/738/821 1757/740/821
f 1756/728/821 1758/730/821 1757/740/821
f 1758/730/821 1760/736/821 1759/738/821
f 1761/732/821 1762/734/821 1760/736/821
f 1758/730/821 1761/732/821 1760/736/821
f 1763/868/821 1764/773/821 1765/886/821
f 1766/869/821 1764/773/821 1763/868/821
f 1766/869/821 1767/775/821 1764/773/821
f 1768/866/821 1765/886/821 1769/888/821
f 1763/868/821 1765/886/821 1768/866/821
f 1770/916/821 1769/888/821 1771/890/821
f 1768/866/821 1769/888/821 1770/916/821
f 1772/914/821 1771/890/821 1773/892/821
f 1770/916/821 1771/890/821 1772/914/821
f 1774/912/821 1773/892/821 1775/894/821
f 1772/914/821 1773/892/821 1774/912/821
f 1776/910/821 1775/894/821 1777/896/821
f 1774/912/821 1775/894/821 1776/910/821
f 1778/908/821 1777/896/821 1779/898/821
f 1776/910/821 1777/896/821 1778/908/821
f 1780/904/821 1779/898/821 1781/900/821
f 1782/906/821 1779/898/821 1780/904/821
f 1778/908/821 1779/898/821 1782/906/821
f 1780/904/821 1781/900/821 1783/902/821
f 1784/870/821 1785/884/821 1767/775/821
f 1766/869/821 1784/870/821 1767/775/821
f 1786/871/821 1787/883/821 1785/884/821
f 1784/870/821 1786/871/821 1785/884/821
f 1788/872/821 1789/882/821 1787/883/821
f 1786/871/821 1788/872/821 1787/883/821
f 1790/873/821 1791/881/821 1789/882/821
f 1788/872/821 1790/873/821 1789/882/821
f 1792/874/821 1793/880/821 1791/881/821
f 1790/873/821 1792/874/821 1791/881/821
f 1794/875/821 1795/879/821 1793/880/821
f 1792/874/821 1794/875/821 1793/880/821
f 1794/875/821 1796/878/821 1795/879/821
f 1797/876/821 1798/877/821 1796/878/821
f 1794/875/821 1797/876/821 1796/878/821
f 1635/990/1391 1632/989/1388 1799/1048/1463
f 1800/1049/1464 1801/1048/1095 1802/989/1465
f 1803/1050/1466 1635/990/1391 1799/1048/1463
f 1804/1051/1467 1803/1050/1466 1799/1048/1463
f 1805/1052/1468 1804/1051/1467 1799/1048/1463
f 1806/1053/1469 1805/1052/1468 1799/1048/1463
f 1807/1054/1470 1806/1053/1469 1799/1048/1463
f 1808/1055/1471 1807/1054/1470 1799/1048/1463
f 1809/1056/1472 1808/1055/1471 1799/1048/1463
f 1810/1057/1473 1809/1056/1472 1799/1048/1463
f 1811/1058/1474 1810/1057/1473 1799/1048/1463
f 1723/1045/1460 1811/1058/1474 1799/1048/1463
f 1812/1059/769 1813/1045/1475 1801/1048/1095
f 1800/1049/1464 1812/1059/769 1801/1048/1095
f 1814/1060/1476 1802/989/1465 1815/965/1477
f 1816/1061/1478 1800/1049/1464 1802/989/1465
f 1814/1060/1476 1816/1061/1478 1802/989/1465
f 1817/1062/760 1815/965/1477 1818/958/1479
f 1817/1062/760 1814/1060/1476 1815/965/1477
f 1819/1063/1480 1818/958/1479 1820/941/1481
f 1819/1063/1480 1817/1062/760 1818/958/1479
f 1821/1064/1482 1820/941/1481 1822/766/1483
f 1821/1064/1482 1819/1063/1480 1820/941/1481
f 1823/1065/1484 1822/766/1483 1824/768/1485
f 1823/1065/1484 1821/1064/1482 1822/766/1483
f 1825/1066/1486 1824/768/1485 1826/769/1487
f 1825/1066/1486 1823/1065/1484 1824/768/1485
f 1827/1067/1488 1826/769/1487 1828/693/1489
f 1827/1067/1488 1825/1066/1486 1826/769/1487
f 1829/1068/1490 1828/693/1489 1830/695/1491
f 1829/1068/1490 1827/1067/1488 1828/693/1489
f 1831/1069/1492 1830/695/1491 1832/696/1493
f 1831/1069/1492 1829/1068/1490 1830/695/1491
f 1833/1070/1494 1832/696/1493 1834/697/1495
f 1833/1070/1494 1831/1069/1492 1832/696/1493
f 1835/1071/1496 1834/697/1495 1836/698/1497
f 1835/1071/1496 1833/1070/1494 1834/697/1495
f 1837/1072/734 1836/698/1497 1838/699/1498
f 1837/1072/734 1835/1071/1496 1836/698/1497
f 1839/1073/1499 1838/699/1498 1840/700/1500
f 1839/1073/1499 1837/1072/734 1838/699/1498
f 964/560/812 1840/700/1500 974/563/819
f 964/560/812 1839/1073/1499 1840/700/1500
f 1841/1074/201 1637/990/1393 1842/1050/1501
f 1841/1074/201 1636/991/1392 1637/990/1393
f 1843/1075/1291 1842/1050/1501 1844/1051/1502
f 1843/1075/1291 1841/1074/201 1842/1050/1501
f 1843/1075/1291 1844/1051/1502 1845/1052/1503
f 1846/1076/195 1845/1052/1503 1847/1053/1504
f 1846/1076/195 1843/1075/1291 1845/1052/1503
f 1846/1076/195 1847/1053/1504 1848/1054/1505
f 1849/1077/1506 1848/1054/1505 1850/1055/1507
f 1849/1077/1506 1846/1076/195 1848/1054/1505
f 1849/1077/1506 1850/1055/1507 1851/1056/1508
f 1852/1078/1509 1851/1056/1508 1853/1057/1510
f 1852/1078/1509 1849/1077/1506 1851/1056/1508
f 1852/1078/1509 1853/1057/1510 1854/1058/4
f 1723/1045/1460 1855/1079/1511 1811/1058/1474
f 1856/1080/5 1857/1058/10 1858/1079/697
f 1859/1080/4 1852/1078/1509 1854/1058/4
f 1723/1045/1460 1860/1081/1512 1855/1079/1511
f 1861/1082/1513 1858/1079/697 1862/1081/694
f 1861/1082/1513 1856/1080/5 1858/1079/697
f 1723/1045/1460 1863/1083/1514 1860/1081/1512
f 1861/1082/1513 1862/1081/694 1864/1083/1515
f 1723/1045/1460 1865/1084/1516 1863/1083/1514
f 1866/1085/1013 1864/1083/1515 1867/1084/1517
f 1861/1082/1513 1864/1083/1515 1866/1085/1013
f 1723/1045/1460 1868/1086/1518 1865/1084/1516
f 1866/1085/1013 1867/1084/1517 1869/1086/1519
f 1723/1045/1460 1870/1087/1520 1868/1086/1518
f 1871/1088/1018 1869/1086/1519 1872/1087/1521
f 1866/1085/1013 1869/1086/1519 1871/1088/1018
f 1723/1045/1460 1873/1089/1522 1870/1087/1520
f 1871/1088/1018 1872/1087/1521 1874/1089/1523
f 1723/1045/1460 1875/1090/1524 1873/1089/1522
f 1876/1091/1023 1874/1089/1523 1877/1090/1525
f 1871/1088/1018 1874/1089/1523 1876/1091/1023
f 1723/1045/1460 1724/1046/1461 1875/1090/1524
f 1878/1092/1233 1877/1090/1525 1726/1046/1462
f 1876/1091/1023 1877/1090/1525 1878/1092/1233
f 1878/1092/1233 1726/1046/1462 1725/1047/1033
f 1879/573/807 1880/846/807 1881/848/1526
f 1882/1093/807 1883/846/807 1884/573/807
f 1885/825/807 1883/846/807 1882/1093/807
f 1886/572/1527 1881/848/1526 1887/851/1528
f 1886/572/1527 1879/573/807 1881/848/1526
f 1888/1094/1529 1887/851/1528 1889/853/1530
f 1888/1094/1529 1886/572/1527 1887/851/1528
f 1890/1095/1531 1889/853/1530 1891/855/1532
f 1890/1095/1531 1888/1094/1529 1889/853/1530
f 1892/1096/1533 1891/855/1532 1893/857/1534
f 1892/1096/1533 1890/1095/1531 1891/855/1532
f 1894/1097/1535 1893/857/1534 1895/859/1536
f 1894/1097/1535 1892/1096/1533 1893/857/1534
f 1896/1098/1537 1895/859/1536 1897/860/1538
f 1896/1098/1537 1894/1097/1535 1895/859/1536
f 1898/1099/1539 1897/860/1538 1899/918/1540
f 1898/1099/1539 1896/1098/1537 1897/860/1538
f 1900/1100/1541 1899/918/1540 1901/920/1542
f 1900/1100/1541 1898/1099/1539 1899/918/1540
f 1902/1101/1543 1901/920/1542 1903/921/1544
f 1902/1101/1543 1900/1100/1541 1901/920/1542
f 1904/1102/1545 1903/921/1544 1905/1029/1546
f 1904/1102/1545 1902/1101/1543 1903/921/1544
f 1906/1103/1547 1905/1029/1546 1907/1030/1548
f 1906/1103/1547 1904/1102/1545 1905/1029/1546
f 1908/1104/1549 1907/1030/1548 1909/1036/1550
f 1908/1104/1549 1906/1103/1547 1907/1030/1548
f 1910/1105/1551 1909/1036/1550 1911/1040/1552
f 1910/1105/1551 1908/1104/1549 1909/1036/1550
f 1812/1059/769 1911/1040/1552 1813/1045/1475
f 1912/1106/1553 1910/1105/1551 1911/1040/1552
f 1812/1059/769 1912/1106/1553 1911/1040/1552
f 1913/1107/686 1914/1093/686 986/573/686
f 1915/1108/686 986/573/686 987/574/686
f 1916/1109/686 986/573/686 1915/1108/686
f 1917/1110/686 986/573/686 1916/1109/686
f 1918/1111/686 986/573/686 1917/1110/686
f 1919/1112/686 986/573/686 1918/1111/686
f 1920/1113/686 986/573/686 1919/1112/686
f 1921/1114/686 986/573/686 1920/1113/686
f 1922/1115/686 1913/1107/686 986/573/686
f 1923/1116/686 1922/1115/686 986/573/686
f 1924/1117/686 1923/1116/686 986/573/686
f 1925/1118/686 1924/1117/686 986/573/686
f 1926/1119/686 1925/1118/686 986/573/686
f 1927/1120/686 1926/1119/686 986/573/686
f 1928/1121/686 1927/1120/686 986/573/686
f 1929/1122/686 1928/1121/686 986/573/686
f 1930/1123/686 1929/1122/686 986/573/686
f 1931/1124/686 1930/1123/686 986/573/686
f 1932/1125/686 1931/1124/686 986/573/686
f 1921/1114/686 1932/1125/686 986/573/686
f 988/560/686 985/572/686 1933/1094/686
f 1934/1073/686 1933/1094/686 1935/1095/686
f 988/560/686 1933/1094/686 1934/1073/686
f 1936/1072/686 1935/1095/686 1937/1096/686
f 1934/1073/686 1935/1095/686 1936/1072/686
f 1938/1071/686 1937/1096/686 1939/1097/686
f 1936/1072/686 1937/1096/686 1938/1071/686
f 1940/1070/686 1939/1097/686 1941/1098/686
f 1938/1071/686 1939/1097/686 1940/1070/686
f 1942/1069/686 1941/1098/686 1943/1099/686
f 1940/1070/686 1941/1098/686 1942/1069/686
f 1944/1068/686 1943/1099/686 1945/1100/686
f 1942/1069/686 1943/1099/686 1944/1068/686
f 1946/1067/686 1945/1100/686 1947/1101/686
f 1944/1068/686 1945/1100/686 1946/1067/686
f 1948/1066/686 1947/1101/686 1949/1102/686
f 1946/1067/686 1947/1101/686 1948/1066/686
f 1950/1065/686 1949/1102/686 1951/1103/686
f 1948/1066/686 1949/1102/686 1950/1065/686
f 1952/1064/686 1951/1103/686 1953/1104/686
f 1950/1065/686 1951/1103/686 1952/1064/686
f 1954/1063/686 1953/1104/686 1955/1105/686
f 1952/1064/686 1953/1104/686 1954/1063/686
f 1956/1062/686 1955/1105/686 1957/1106/686
f 1954/1063/686 1955/1105/686 1956/1062/686
f 1958/1060/686 1957/1106/686 1959/1059/686
f 1956/1062/686 1957/1106/686 1958/1060/686
f 1960/1061/686 1959/1059/686 1961/1049/686
f 1958/1060/686 1959/1059/686 1960/1061/686
f 1962/544/821 1002/514/821 1963/515/821
f 1001/545/821 1002/514/821 1962/544/821
f 1964/543/821 1963/515/821 1965/516/821
f 1962/544/821 1963/515/821 1964/543/821
f 1966/542/821 1965/516/821 1967/517/821
f 1964/543/821 1965/516/821 1966/542/821
f 1968/541/821 1967/517/821 1969/518/821
f 1966/542/821 1967/517/821 1968/541/821
f 1970/540/821 1969/518/821 1971/519/821
f 1968/541/821 1969/518/821 1970/540/821
f 1972/539/821 1971/519/821 1973/520/821
f 1970/540/821 1971/519/821 1972/539/821
f 1974/538/821 1973/520/821 1975/521/821
f 1972/539/821 1973/520/821 1974/538/821
f 1976/537/821 1975/521/821 1977/522/821
f 1974/538/821 1975/521/821 1976/537/821
f 1978/536/821 1977/522/821 1979/523/821
f 1976/537/821 1977/522/821 1978/536/821
f 1980/535/821 1979/523/821 1981/524/821
f 1978/536/821 1979/523/821 1980/535/821
f 1982/534/821 1981/524/821 1983/525/821
f 1980/535/821 1981/524/821 1982/534/821
f 1984/533/821 1983/525/821 1985/526/821
f 1982/534/821 1983/525/821 1984/533/821
f 1986/532/821 1985/526/821 1987/527/821
f 1984/533/821 1985/526/821 1986/532/821
f 1988/531/821 1987/527/821 1989/528/821
f 1986/532/821 1987/527/821 1988/531/821
f 1990/530/821 1989/528/821 1991/529/821
f 1988/531/821 1989/528/821 1990/530/821
f 1992/70/807 1993/1126/807 932/545/807
f 1994/1127/821 1001/545/821 1995/1126/821
f 1996/68/807 1992/70/807 932/545/807
f 1997/65/807 1996/68/807 932/545/807
f 1998/62/807 1997/65/807 932/545/807
f 1999/47/807 1998/62/807 932/545/807
f 931/33/807 1999/47/807 932/545/807
f 2000/1128/821 1003/581/821 1001/545/821
f 2001/1129/821 2000/1128/821 1001/545/821
f 2002/1130/821 2001/1129/821 1001/545/821
f 2003/1131/821 2002/1130/821 1001/545/821
f 2004/1132/821 2003/1131/821 1001/545/821
f 1994/1127/821 2004/1132/821 1001/545/821
f 2005/73/807 1882/1093/807 1993/1126/807
f 2006/1107/1554 2007/1126/807 2008/1093/807
f 1992/70/807 2005/73/807 1993/1126/807
f 2006/1107/1554 2009/1127/1554 2007/1126/807
f 2010/821/807 1885/825/807 1882/1093/807
f 2011/822/807 2010/821/807 1882/1093/807
f 2012/820/807 2011/822/807 1882/1093/807
f 2013/819/807 2012/820/807 1882/1093/807
f 2014/818/807 2013/819/807 1882/1093/807
f 2015/817/807 2014/818/807 1882/1093/807
f 2016/816/807 2015/817/807 1882/1093/807
f 2005/73/807 2016/816/807 1882/1093/807
f 2017/76/807 2018/815/807 2016/816/807
f 2005/73/807 2017/76/807 2016/816/807
f 2019/78/807 2020/814/807 2018/815/807
f 2017/76/807 2019/78/807 2018/815/807
f 2021/81/807 2022/813/807 2020/814/807
f 2019/78/807 2021/81/807 2020/814/807
f 2023/84/807 2024/812/807 2022/813/807
f 2021/81/807 2023/84/807 2022/813/807
f 2025/86/807 2026/810/807 2024/812/807
f 2023/84/807 2025/86/807 2024/812/807
f 2027/90/807 2028/811/807 2026/810/807
f 2025/86/807 2027/90/807 2026/810/807
f 2029/1133/807 2030/1134/1555 2028/811/807
f 2031/1135/1556 2032/811/1557 2033/1134/1558
f 2027/90/807 2029/1133/807 2028/811/807
f 2034/1136/1137 2032/811/1557 2031/1135/1556
f 1367/809/1137 2032/811/1557 2034/1136/1137
f 2035/1135/1559 2036/1134/1559 2037/1133/1559
f 2038/1137/124 2039/1133/1560 2040/90/1561
f 2041/1136/1559 2037/1133/1559 2042/1137/1559
f 2041/1136/1559 2035/1135/1559 2037/1133/1559
f 2038/1137/124 2040/90/1561 128/89/124
f 2043/1138/124 2038/1137/124 128/89/124
f 127/92/124 2043/1138/124 128/89/124
f 2041/1136/1559 2042/1137/1559 2044/1138/1559
f 2045/547/4 2046/1138/4 2047/92/4
f 2048/1139/4 2049/1136/4 2046/1138/4
f 2050/1140/4 2046/1138/4 2045/547/4
f 2051/1141/4 2048/1139/4 2046/1138/4
f 2052/1142/4 2051/1141/4 2046/1138/4
f 2053/1143/4 2052/1142/4 2046/1138/4
f 2054/1144/4 2053/1143/4 2046/1138/4
f 2055/1145/4 2054/1144/4 2046/1138/4
f 2056/1146/4 2055/1145/4 2046/1138/4
f 2057/1147/4 2056/1146/4 2046/1138/4
f 2058/1148/4 2057/1147/4 2046/1138/4
f 2059/1149/4 2058/1148/4 2046/1138/4
f 2060/1150/4 2059/1149/4 2046/1138/4
f 2061/1151/4 2060/1150/4 2046/1138/4
f 2062/1152/4 2061/1151/4 2046/1138/4
f 2063/1153/4 2062/1152/4 2046/1138/4
f 2064/1154/4 2063/1153/4 2046/1138/4
f 2065/1155/4 2064/1154/4 2046/1138/4
f 2066/1156/4 2065/1155/4 2046/1138/4
f 2067/1157/1562 2066/1156/4 2046/1138/4
f 2050/1140/4 2067/1157/1562 2046/1138/4
f 2068/288/4 2045/547/4 2047/92/4
f 2069/94/4 2068/288/4 2047/92/4
f 2070/805/1137 1367/809/1137 2034/1136/1137
f 2071/616/4 2072/805/4 2049/1136/4
f 2073/659/4 2071/616/4 2049/1136/4
f 2074/1158/4 2073/659/4 2049/1136/4
f 2075/1159/4 2074/1158/4 2049/1136/4
f 2076/1160/4 2075/1159/4 2049/1136/4
f 2077/1161/4 2076/1160/4 2049/1136/4
f 2078/1162/4 2077/1161/4 2049/1136/4
f 2079/1163/4 2078/1162/4 2049/1136/4
f 2080/1164/4 2079/1163/4 2049/1136/4
f 2081/1165/4 2080/1164/4 2049/1136/4
f 2082/1166/4 2081/1165/4 2049/1136/4
f 2083/1167/4 2082/1166/4 2049/1136/4
f 2084/1168/4 2083/1167/4 2049/1136/4
f 2085/1169/5 2084/1168/4 2049/1136/4
f 2048/1139/4 2085/1169/5 2049/1136/4
f 2070/805/1137 1360/808/1137 1367/809/1137
f 2086/702/4 2072/805/4 2071/616/4
f 2087/807/4 2072/805/4 2086/702/4
f 2087/807/4 2086/702/4 2088/749/4
f 2089/939/4 2088/749/4 2090/751/4
f 2087/807/4 2088/749/4 2089/939/4
f 2091/936/4 2090/751/4 2092/942/4
f 2089/939/4 2090/751/4 2091/936/4
f 2093/938/4 2092/942/4 2094/944/4
f 2091/936/4 2092/942/4 2093/938/4
f 2095/1027/4 2094/944/4 2096/966/4
f 2093/938/4 2094/944/4 2095/1027/4
f 2097/1034/4 2096/966/4 2098/968/4
f 2095/1027/4 2096/966/4 2097/1034/4
f 2099/994/1563 2098/968/4 2100/992/4
f 2097/1034/4 2098/968/4 2099/994/1563
f 1028/547/822 1029/600/822 2101/659/822
f 2102/1170/4 2045/547/4 2073/659/4
f 2103/1171/4 2104/1172/4 2073/659/4
f 2105/1173/4 2073/659/4 2104/1172/4
f 2106/1174/1564 2103/1171/4 2073/659/4
f 2074/1158/4 2106/1174/1564 2073/659/4
f 2107/1175/4 2102/1170/4 2073/659/4
f 2108/1176/10 2107/1175/4 2073/659/4
f 2109/1177/4 2108/1176/10 2073/659/4
f 2110/1178/4 2109/1177/4 2073/659/4
f 2111/1179/4 2110/1178/4 2073/659/4
f 2112/1180/4 2111/1179/4 2073/659/4
f 2113/1181/4 2112/1180/4 2073/659/4
f 2114/1182/4 2113/1181/4 2073/659/4
f 2115/1183/4 2114/1182/4 2073/659/4
f 2116/1184/4 2115/1183/4 2073/659/4
f 2117/1185/4 2116/1184/4 2073/659/4
f 2118/1186/4 2117/1185/4 2073/659/4
f 2119/1187/4 2118/1186/4 2073/659/4
f 2105/1173/4 2119/1187/4 2073/659/4
f 2120/1188/4 2050/1140/4 2045/547/4
f 2121/1189/4 2120/1188/4 2045/547/4
f 2122/1190/4 2121/1189/4 2045/547/4
f 2123/1191/4 2122/1190/4 2045/547/4
f 2124/1192/4 2123/1191/4 2045/547/4
f 2125/1193/4 2124/1192/4 2045/547/4
f 2126/1194/4 2125/1193/4 2045/547/4
f 2127/1195/4 2126/1194/4 2045/547/4
f 2128/1196/4 2127/1195/4 2045/547/4
f 2129/1197/4 2128/1196/4 2045/547/4
f 2130/1198/10 2129/1197/4 2045/547/4
f 2102/1170/4 2130/1198/10 2045/547/4
f 2131/407/4 2068/288/4 2069/94/4
f 2131/407/4 2069/94/4 2132/158/4
f 2133/409/4 2132/158/4 2134/160/4
f 2131/407/4 2132/158/4 2133/409/4
f 2135/453/4 2134/160/4 2136/278/4
f 2133/409/4 2134/160/4 2135/453/4
f 2137/455/4 2136/278/4 2138/277/4
f 2135/453/4 2136/278/4 2137/455/4
f 2139/456/4 2138/277/4 2140/227/4
f 2137/455/4 2138/277/4 2139/456/4
f 2141/466/4 2140/227/4 2142/225/4
f 2139/456/4 2140/227/4 2141/466/4
f 2143/230/1563 2142/225/4 2144/228/4
f 2141/466/4 2142/225/4 2143/230/1563
f 2145/1199/821 2146/1172/821 2147/1171/821
f 2148/1200/1565 2149/1173/1566 2150/1172/821
f 2151/1201/821 2146/1172/821 2145/1199/821
f 2152/1202/821 2153/1203/821 2146/1172/821
f 2148/1200/1565 2150/1172/821 2154/1203/821
f 2155/1204/821 2152/1202/821 2146/1172/821
f 2151/1201/821 2155/1204/821 2146/1172/821
f 2156/1199/821 2157/1171/821 2158/1174/1567
f 2159/1205/1568 2158/1174/1567 2160/1158/1569
f 2161/1206/1570 2156/1199/821 2158/1174/1567
f 2161/1206/1570 2158/1174/1567 2159/1205/1568
f 2162/1207/1571 2160/1158/1569 2163/1159/1572
f 2159/1205/1568 2160/1158/1569 2162/1207/1571
f 2164/1208/1573 2163/1159/1572 2165/1160/1574
f 2162/1207/1571 2163/1159/1572 2164/1208/1573
f 2166/1209/1575 2165/1160/1574 2167/1161/1576
f 2164/1208/1573 2165/1160/1574 2166/1209/1575
f 2168/1210/1577 2167/1161/1576 2169/1162/1578
f 2170/1211/1579 2167/1161/1576 2168/1210/1577
f 2166/1209/1575 2167/1161/1576 2170/1211/1579
f 2171/1212/1580 2169/1162/1578 2172/1163/1581
f 2168/1210/1577 2169/1162/1578 2171/1212/1580
f 2173/1213/1582 2172/1163/1581 2174/1164/1583
f 2171/1212/1580 2172/1163/1581 2173/1213/1582
f 2175/1214/1584 2174/1164/1583 2176/1165/1585
f 2173/1213/1582 2174/1164/1583 2175/1214/1584
f 2177/1215/1586 2176/1165/1585 2178/1166/1587
f 2175/1214/1584 2176/1165/1585 2177/1215/1586
f 2179/1216/1588 2178/1166/1587 2180/1167/1589
f 2177/1215/1586 2178/1166/1587 2179/1216/1588
f 2181/1217/1590 2180/1167/1589 2182/1168/1591
f 2179/1216/1588 2180/1167/1589 2181/1217/1590
f 2183/1218/1592 2182/1168/1591 2184/1169/1593
f 2185/1219/1594 2182/1168/1591 2183/1218/1592
f 2181/1217/1590 2182/1168/1591 2185/1219/1594
f 2186/1220/1595 2184/1169/1593 2187/1139/807
f 2183/1218/1592 2184/1169/1593 2186/1220/1595
f 2188/1221/807 2189/1139/807 2190/1141/807
f 2191/1222/807 2189/1139/807 2188/1221/807
f 2186/1220/1595 2187/1139/807 2192/1222/807
f 2193/1221/807 2194/1141/807 2195/1142/1596
f 2196/1223/1597 2195/1142/1596 2197/1143/1598
f 2198/1224/1599 2195/1142/1596 2196/1223/1597
f 2193/1221/807 2195/1142/1596 2198/1224/1599
f 2199/1225/1600 2197/1143/1598 2200/1144/1601
f 2196/1223/1597 2197/1143/1598 2199/1225/1600
f 2201/1226/1602 2200/1144/1601 2202/1145/1603
f 2203/1227/1604 2200/1144/1601 2201/1226/1602
f 2199/1225/1600 2200/1144/1601 2203/1227/1604
f 2204/1228/1605 2202/1145/1603 2205/1146/1606
f 2201/1226/1602 2202/1145/1603 2204/1228/1605
f 2206/1229/1607 2205/1146/1606 2207/1147/1608
f 2204/1228/1605 2205/1146/1606 2206/1229/1607
f 2208/1230/1609 2207/1147/1608 2209/1148/1610
f 2206/1229/1607 2207/1147/1608 2208/1230/1609
f 2210/1231/1611 2209/1148/1610 2211/1149/1612
f 2208/1230/1609 2209/1148/1610 2210/1231/1611
f 2212/1232/1613 2211/1149/1612 2213/1150/1614
f 2210/1231/1611 2211/1149/1612 2212/1232/1613
f 2214/1233/1615 2213/1150/1614 2215/1151/1616
f 2212/1232/1613 2213/1150/1614 2214/1233/1615
f 2216/1234/1617 2215/1151/1616 2217/1152/1618
f 2218/1235/1619 2215/1151/1616 2216/1234/1617
f 2214/1233/1615 2215/1151/1616 2218/1235/1619
f 2219/1236/1620 2217/1152/1618 2220/1153/1621
f 2216/1234/1617 2217/1152/1618 2219/1236/1620
f 2221/1237/1622 2220/1153/1621 2222/1154/1623
f 2219/1236/1620 2220/1153/1621 2221/1237/1622
f 2223/1238/1624 2222/1154/1623 2224/1155/686
f 2221/1237/1622 2222/1154/1623 2223/1238/1624
f 2225/1239/686 2226/1155/686 2227/1156/686
f 2228/1240/686 2226/1155/686 2225/1239/686
f 2229/1241/686 2226/1155/686 2228/1240/686
f 2230/1242/686 2226/1155/686 2229/1241/686
f 2231/1243/686 2226/1155/686 2230/1242/686
f 2223/1238/1624 2224/1155/686 2232/1243/686
f 2233/1239/686 2234/1156/686 2235/1157/1625
f 2236/1244/1626 2235/1157/1625 2237/1140/1627
f 2238/1245/1628 2235/1157/1625 2236/1244/1626
f 2233/1239/686 2235/1157/1625 2238/1245/1628
f 2239/1246/1629 2237/1140/1627 2240/1188/1630
f 2236/1244/1626 2237/1140/1627 2239/1246/1629
f 2241/1247/1631 2240/1188/1630 2242/1189/1632
f 2239/1246/1629 2240/1188/1630 2241/1247/1631
f 2243/1248/1633 2242/1189/1632 2244/1190/1634
f 2241/1247/1631 2242/1189/1632 2243/1248/1633
f 2245/1249/1635 2244/1190/1634 2246/1191/1636
f 2247/1250/1637 2244/1190/1634 2245/1249/1635
f 2243/1248/1633 2244/1190/1634 2247/1250/1637
f 2248/1251/1638 2246/1191/1636 2249/1192/1639
f 2245/1249/1635 2246/1191/1636 2248/1251/1638
f 2250/1252/1640 2249/1192/1639 2251/1193/1641
f 2248/1251/1638 2249/1192/1639 2250/1252/1640
f 2252/1253/1642 2251/1193/1641 2253/1194/1643
f 2250/1252/1640 2251/1193/1641 2252/1253/1642
f 2254/1254/1644 2253/1194/1643 2255/1195/1645
f 2252/1253/1642 2253/1194/1643 2254/1254/1644
f 2256/1255/1646 2255/1195/1645 2257/1196/1647
f 2254/1254/1644 2255/1195/1645 2256/1255/1646
f 2258/1256/1648 2257/1196/1647 2259/1197/1649
f 2256/1255/1646 2257/1196/1647 2258/1256/1648
f 2260/1257/1650 2259/1197/1649 2261/1198/1651
f 2262/1258/1652 2259/1197/1649 2260/1257/1650
f 2258/1256/1648 2259/1197/1649 2262/1258/1652
f 2263/1259/1653 2261/1198/1651 2264/1170/728
f 2260/1257/1650 2261/1198/1651 2263/1259/1653
f 2265/1260/728 2266/1170/728 2267/1175/728
f 2268/1261/728 2266/1170/728 2265/1260/728
f 2263/1259/1653 2264/1170/728 2269/1261/728
f 2270/1260/728 2271/1175/728 2272/1176/1654
f 2273/1262/1655 2272/1176/1654 2274/1177/1656
f 2275/1263/1657 2272/1176/1654 2273/1262/1655
f 2270/1260/728 2272/1176/1654 2275/1263/1657
f 2276/1264/1658 2274/1177/1656 2277/1178/1659
f 2273/1262/1655 2274/1177/1656 2276/1264/1658
f 2278/1265/1660 2277/1178/1659 2279/1179/1661
f 2280/1266/1662 2277/1178/1659 2278/1265/1660
f 2276/1264/1658 2277/1178/1659 2280/1266/1662
f 2281/1267/1663 2279/1179/1661 2282/1180/1664
f 2278/1265/1660 2279/1179/1661 2281/1267/1663
f 2283/1268/1665 2282/1180/1664 2284/1181/1666
f 2281/1267/1663 2282/1180/1664 2283/1268/1665
f 2285/1269/1667 2284/1181/1666 2286/1182/1668
f 2283/1268/1665 2284/1181/1666 2285/1269/1667
f 2287/1270/1669 2286/1182/1668 2288/1183/1670
f 2285/1269/1667 2286/1182/1668 2287/1270/1669
f 2289/1271/1671 2288/1183/1670 2290/1184/1672
f 2287/1270/1669 2288/1183/1670 2289/1271/1671
f 2291/1272/1673 2290/1184/1672 2292/1185/1674
f 2289/1271/1671 2290/1184/1672 2291/1272/1673
f 2293/1273/1675 2292/1185/1674 2294/1186/1676
f 2295/1274/1677 2292/1185/1674 2293/1273/1675
f 2291/1272/1673 2292/1185/1674 2295/1274/1677
f 2296/1275/1678 2294/1186/1676 2297/1187/1679
f 2293/1273/1675 2294/1186/1676 2296/1275/1678
f 2298/1276/1680 2297/1187/1679 2149/1173/1566
f 2296/1275/1678 2297/1187/1679 2298/1276/1680
f 2298/1276/1680 2149/1173/1566 2148/1200/1565
f 2299/1277/821 2300/1278/821 2301/1279/821
f 2302/1280/1681 2303/1279/821 2304/1278/821
f 2305/1281/821 2299/1277/821 2301/1279/821
f 2306/1282/1682 2307/1281/1683 2308/1279/1684
f 2309/1283/1685 2303/1279/821 2302/1280/1681
f 2310/1284/1686 2308/1279/1684 2311/1283/1687
f 2310/1284/1686 2306/1282/1682 2308/1279/1684
f 2312/1285/4 2313/1278/4 2314/1277/4
f 2312/1285/4 2315/1280/4 2313/1278/4
f 2316/1286/821 2317/1287/821 2299/1277/821
f 2318/1288/1688 2319/1277/821 2320/1287/821
f 2321/1289/821 2316/1286/821 2299/1277/821
f 2305/1281/821 2321/1289/821 2299/1277/821
f 2322/1285/1567 2319/1277/821 2318/1288/1688
f 2323/1290/1689 2324/1287/1690 2325/1286/1691
f 2323/1290/1689 2326/1291/1692 2324/1287/1690
f 2327/1288/1693 2324/1287/1690 2326/1291/1692
f 2323/1290/1689 2325/1286/1691 2328/1289/4
f 2329/1292/4 2330/1289/4 2307/1281/1683
f 2323/1290/1689 2328/1289/4 2331/1292/4
f 2306/1282/1682 2329/1292/4 2307/1281/1683
f 2332/1293/1694 2333/1201/1695 2334/1199/1696
f 2335/1294/1697 2334/1199/1696 2336/1206/1698
f 2335/1294/1697 2332/1293/1694 2334/1199/1696
f 2337/1295/1699 2338/1203/1700 2339/1202/1701
f 2337/1295/1699 2340/1296/1702 2338/1203/1700
f 2341/1200/1703 2338/1203/1700 2340/1296/1702
f 2337/1295/1699 2339/1202/1701 2342/1204/149
f 2343/1297/149 2344/1204/149 2333/1201/1695
f 2345/1297/149 2337/1295/1699 2342/1204/149
f 2332/1293/1694 2343/1297/149 2333/1201/1695
f 2346/1298/1704 2347/1299/1705 2348/1300/728
f 2349/1301/4 2350/1300/4 2351/1299/4
f 2352/1302/728 2346/1298/1704 2348/1300/728
f 2353/1303/728 2354/1302/728 2355/1300/728
f 2356/1304/4 2357/1303/4 2350/1300/4
f 2358/1305/4 2356/1304/4 2350/1300/4
f 2349/1301/4 2358/1305/4 2350/1300/4
f 2359/1306/1706 2360/1307/1707 2347/1299/1705
f 2361/1308/4 2351/1299/4 2362/1307/4
f 2346/1298/1704 2359/1306/1706 2347/1299/1705
f 2361/1308/4 2349/1301/4 2351/1299/4
f 2363/1309/1708 2364/1310/1709 2360/1307/1707
f 2365/1311/4 2362/1307/4 2366/1310/4
f 2367/1312/1710 2363/1309/1708 2360/1307/1707
f 2359/1306/1706 2367/1312/1710 2360/1307/1707
f 2368/1313/4 2361/1308/4 2362/1307/4
f 2365/1311/4 2368/1313/4 2362/1307/4
f 2369/1314/1711 2370/1315/1712 2364/1310/1709
f 2371/1316/4 2366/1310/4 2372/1315/4
f 2363/1309/1708 2369/1314/1711 2364/1310/1709
f 2373/1317/4 2365/1311/4 2366/1310/4
f 2371/1316/4 2373/1317/4 2366/1310/4
f 2374/1318/1713 2375/1319/1714 2370/1315/1712
f 2376/1320/4 2372/1315/4 2377/1319/4
f 2369/1314/1711 2374/1318/1713 2370/1315/1712
f 2378/1321/4 2371/1316/4 2372/1315/4
f 2379/1322/4 2378/1321/4 2372/1315/4
f 2380/1323/4 2379/1322/4 2372/1315/4
f 2381/1324/4 2380/1323/4 2372/1315/4
f 2376/1320/4 2381/1324/4 2372/1315/4
f 2382/1325/1715 2383/1326/1716 2375/1319/1714
f 2384/1327/4 2377/1319/4 2385/1326/4
f 2374/1318/1713 2382/1325/1715 2375/1319/1714
f 2386/1328/4 2376/1320/4 2377/1319/4
f 2387/1329/4 2386/1328/4 2377/1319/4
f 2388/1330/4 2387/1329/4 2377/1319/4
f 2389/1331/4 2388/1330/4 2377/1319/4
f 2390/1332/4 2389/1331/4 2377/1319/4
f 2391/1333/4 2390/1332/4 2377/1319/4
f 2384/1327/4 2391/1333/4 2377/1319/4
f 2392/1334/1717 2393/1335/1718 2383/1326/1716
f 2394/1336/4 2385/1326/4 2395/1335/4
f 2382/1325/1715 2392/1334/1717 2383/1326/1716
f 2396/1337/4 2385/1326/4 2394/1336/4
f 2397/1338/4 2385/1326/4 2396/1337/4
f 2398/1339/4 2384/1327/4 2385/1326/4
f 2399/1340/4 2398/1339/4 2385/1326/4
f 2400/1341/4 2399/1340/4 2385/1326/4
f 2401/1342/4 2400/1341/4 2385/1326/4
f 2397/1338/4 2401/1342/4 2385/1326/4
f 2402/1343/1719 2403/1344/1720 2393/1335/1718
f 2404/1345/4 2395/1335/4 2405/1344/4
f 2392/1334/1717 2402/1343/1719 2393/1335/1718
f 2394/1336/4 2395/1335/4 2404/1345/4
f 2406/1346/1721 2407/1347/1673 2403/1344/1720
f 2408/1348/4 2405/1344/4 2409/1347/4
f 2402/1343/1719 2406/1346/1721 2403/1344/1720
f 2404/1345/4 2405/1344/4 2408/1348/4
f 2410/1349/1722 2411/1350/1723 2407/1347/1673
f 2408/1348/4 2409/1347/4 2412/1350/4
f 2413/1351/1724 2410/1349/1722 2407/1347/1673
f 2406/1346/1721 2413/1351/1724 2407/1347/1673
f 2414/1352/1725 2415/1353/1726 2411/1350/1723
f 2416/1354/4 2412/1350/4 2417/1353/4
f 2410/1349/1722 2414/1352/1725 2411/1350/1723
f 2408/1348/4 2412/1350/4 2416/1354/4
f 2418/1355/1727 2419/1356/1728 2415/1353/1726
f 2420/1357/4 2417/1353/4 2421/1356/4
f 2414/1352/1725 2418/1355/1727 2415/1353/1726
f 2416/1354/4 2417/1353/4 2420/1357/4
f 2422/1358/1729 2302/1280/1681 2419/1356/1728
f 2423/1359/4 2421/1356/4 2315/1280/4
f 2418/1355/1727 2422/1358/1729 2419/1356/1728
f 2420/1357/4 2421/1356/4 2423/1359/4
f 2422/1358/1729 2309/1283/1685 2302/1280/1681
f 2423/1359/4 2315/1280/4 2312/1285/4
f 2310/1284/1686 2311/1283/1687 2424/1358/1730
f 2425/1360/1731 2424/1358/1730 2426/1355/1732
f 2425/1360/1731 2310/1284/1686 2424/1358/1730
f 2425/1360/1731 2426/1355/1732 2427/1352/1733
f 2428/1361/1734 2427/1352/1733 2429/1349/1735
f 2428/1361/1734 2425/1360/1731 2427/1352/1733
f 2428/1361/1734 2429/1349/1735 2430/1351/1736
f 2431/1362/1737 2430/1351/1736 2432/1346/1738
f 2431/1362/1737 2428/1361/1734 2430/1351/1736
f 2431/1362/1737 2432/1346/1738 2433/1343/1739
f 2434/1363/1740 2433/1343/1739 2435/1334/1741
f 2434/1363/1740 2431/1362/1737 2433/1343/1739
f 2434/1363/1740 2435/1334/1741 2436/1325/1742
f 2437/1364/1743 2436/1325/1742 2438/1318/1744
f 2437/1364/1743 2434/1363/1740 2436/1325/1742
f 2437/1364/1743 2438/1318/1744 2439/1314/1745
f 2437/1364/1743 2439/1314/1745 2440/1309/1746
f 2441/1365/1747 2440/1309/1746 2442/1312/1748
f 2441/1365/1747 2437/1364/1743 2440/1309/1746
f 2441/1365/1747 2442/1312/1748 2443/1306/1749
f 2441/1365/1747 2443/1306/1749 2444/1298/1750
f 2441/1365/1747 2444/1298/1750 2445/1302/1751
f 2353/1303/728 2446/1366/728 2354/1302/728
f 2447/1367/1752 2445/1302/1751 2448/1366/1751
f 2449/1368/1753 2445/1302/1751 2447/1367/1752
f 2449/1368/1753 2441/1365/1747 2445/1302/1751
f 2450/1369/1754 2451/1366/728 2452/1303/728
f 2453/1370/1755 2447/1367/1752 2448/1366/1751
f 2450/1369/1754 2454/1370/1756 2451/1366/728
f 2455/1371/4 2456/1369/4 2357/1303/4
f 2455/1371/4 2357/1303/4 2356/1304/4
f 2457/1240/1757 2458/1372/1758 2459/1373/149
f 2460/1374/1759 2461/1373/149 2462/1372/1758
f 2463/1241/149 2457/1240/1757 2459/1373/149
f 2464/1375/1760 2465/1241/149 2466/1373/149
f 2467/1376/1761 2468/1373/149 2469/1374/1759
f 2470/1375/1760 2468/1373/149 2467/1376/1761
f 2471/1239/1700 2472/1377/1702 2458/1372/1758
f 2473/1378/1762 2462/1372/1758 2474/1377/1702
f 2457/1240/1757 2471/1239/1700 2458/1372/1758
f 2475/1379/1763 2460/1374/1759 2462/1372/1758
f 2473/1378/1762 2475/1379/1763 2462/1372/1758
f 2476/1244/1764 2477/1380/1765 2472/1377/1702
f 2478/1381/1766 2474/1377/1702 2479/1380/1765
f 2480/1245/1767 2476/1244/1764 2472/1377/1702
f 2471/1239/1700 2480/1245/1767 2472/1377/1702
f 2478/1381/1766 2473/1378/1762 2474/1377/1702
f 2481/1247/1768 2482/1382/1769 2477/1380/1765
f 2483/1383/1770 2479/1380/1765 2484/1382/1769
f 2485/1246/1771 2481/1247/1768 2477/1380/1765
f 2476/1244/1764 2485/1246/1771 2477/1380/1765
f 2483/1383/1770 2478/1381/1766 2479/1380/1765
f 2486/1250/1772 2487/1384/1773 2482/1382/1769
f 2488/1385/1774 2484/1382/1769 2489/1384/1773
f 2490/1248/1775 2486/1250/1772 2482/1382/1769
f 2481/1247/1768 2490/1248/1775 2482/1382/1769
f 2488/1385/1774 2483/1383/1770 2484/1382/1769
f 2491/1251/1776 2492/1386/1777 2487/1384/1773
f 2493/1387/1778 2489/1384/1773 2494/1386/1779
f 2495/1249/1780 2491/1251/1776 2487/1384/1773
f 2486/1250/1772 2495/1249/1780 2487/1384/1773
f 2493/1387/1778 2488/1385/1774 2489/1384/1773
f 2496/1253/1781 2497/1388/1782 2492/1386/1777
f 2498/1389/1783 2494/1386/1779 2499/1388/1784
f 2500/1252/1785 2496/1253/1781 2492/1386/1777
f 2491/1251/1776 2500/1252/1785 2492/1386/1777
f 2498/1389/1783 2493/1387/1778 2494/1386/1779
f 2501/1256/1786 2502/1390/1787 2497/1388/1782
f 2503/1391/1788 2499/1388/1784 2504/1390/1789
f 2505/1255/1790 2501/1256/1786 2497/1388/1782
f 2506/1254/1791 2505/1255/1790 2497/1388/1782
f 2496/1253/1781 2506/1254/1791 2497/1388/1782
f 2503/1391/1788 2498/1389/1783 2499/1388/1784
f 2507/1261/1792 2508/1392/1793 2502/1390/1787
f 2509/1393/1794 2504/1390/1789 2510/1392/1793
f 2511/1259/1795 2507/1261/1792 2502/1390/1787
f 2512/1257/1796 2511/1259/1795 2502/1390/1787
f 2513/1258/1797 2512/1257/1796 2502/1390/1787
f 2501/1256/1786 2513/1258/1797 2502/1390/1787
f 2509/1393/1794 2503/1391/1788 2504/1390/1789
f 2514/1394/1798 2515/1395/1799 2508/1392/1793
f 2516/1396/1800 2510/1392/1793 2517/1395/1799
f 2507/1261/1792 2514/1394/1798 2508/1392/1793
f 2516/1396/1800 2509/1393/1794 2510/1392/1793
f 2518/1397/1801 2519/1398/1802 2515/1395/1799
f 2520/1399/1803 2517/1395/1799 2521/1398/1802
f 2514/1394/1798 2518/1397/1801 2515/1395/1799
f 2520/1399/1803 2516/1396/1800 2517/1395/1799
f 2522/1400/1802 2523/1401/1804 2519/1398/1802
f 2524/1402/1805 2521/1398/1802 2525/1401/1804
f 2518/1397/1801 2522/1400/1802 2519/1398/1802
f 2524/1402/1805 2520/1399/1803 2521/1398/1802
f 2526/1403/1804 2527/1404/1806 2523/1401/1804
f 2528/1405/1807 2525/1401/1804 2529/1404/1806
f 2522/1400/1802 2526/1403/1804 2523/1401/1804
f 2528/1405/1807 2524/1402/1805 2525/1401/1804
f 2530/1406/1808 2531/1407/1809 2527/1404/1806
f 2532/1408/1810 2529/1404/1806 2533/1407/1809
f 2526/1403/1804 2530/1406/1808 2527/1404/1806
f 2532/1408/1810 2528/1405/1807 2529/1404/1806
f 2534/1409/1811 2535/1410/1812 2531/1407/1809
f 2536/1411/1813 2533/1407/1809 2537/1410/1814
f 2530/1406/1808 2534/1409/1811 2531/1407/1809
f 2536/1411/1813 2532/1408/1810 2533/1407/1809
f 2538/1412/1814 2539/1413/1815 2535/1410/1812
f 2540/1414/1816 2537/1410/1814 2541/1413/1817
f 2534/1409/1811 2538/1412/1814 2535/1410/1812
f 2540/1414/1816 2536/1411/1813 2537/1410/1814
f 2542/1415/1817 2543/1416/728 2539/1413/1815
f 2544/1417/1818 2541/1413/1817 2545/1416/728
f 2538/1412/1814 2542/1415/1817 2539/1413/1815
f 2544/1417/1818 2540/1414/1816 2541/1413/1817
f 2546/1418/728 2547/1419/1819 2543/1416/728
f 2548/1420/1820 2545/1416/728 2549/1419/1819
f 2542/1415/1817 2546/1418/728 2543/1416/728
f 2548/1420/1820 2544/1417/1818 2545/1416/728
f 2550/1421/1821 2551/1422/1822 2547/1419/1819
f 2552/1423/1823 2549/1419/1819 2553/1422/1822
f 2546/1418/728 2550/1421/1821 2547/1419/1819
f 2552/1423/1823 2548/1420/1820 2549/1419/1819
f 2554/1424/1822 2555/1425/1824 2551/1422/1822
f 2556/1426/1825 2553/1422/1822 2557/1425/1824
f 2550/1421/1821 2554/1424/1822 2551/1422/1822
f 2556/1426/1825 2552/1423/1823 2553/1422/1822
f 2558/1427/1826 2559/1428/1827 2555/1425/1824
f 2560/1429/1828 2557/1425/1824 2561/1428/1827
f 2554/1424/1822 2558/1427/1826 2555/1425/1824
f 2560/1429/1828 2556/1426/1825 2557/1425/1824
f 2562/1430/1829 2563/1431/1830 2559/1428/1827
f 2564/1432/1831 2561/1428/1827 2565/1431/1830
f 2558/1427/1826 2562/1430/1829 2559/1428/1827
f 2564/1432/1831 2560/1429/1828 2561/1428/1827
f 2566/1433/1830 2567/1434/1832 2563/1431/1830
f 2568/1435/1833 2565/1431/1830 2569/1434/1832
f 2562/1430/1829 2566/1433/1830 2563/1431/1830
f 2568/1435/1833 2564/1432/1831 2565/1431/1830
f 2570/1436/1832 2571/1437/1834 2567/1434/1832
f 2572/1438/1835 2569/1434/1832 2573/1437/1834
f 2566/1433/1830 2570/1436/1832 2567/1434/1832
f 2572/1438/1835 2568/1435/1833 2569/1434/1832
f 2574/1439/1836 2447/1367/1752 2571/1437/1834
f 2575/1440/1837 2573/1437/1834 2576/1367/1753
f 2570/1436/1832 2574/1439/1836 2571/1437/1834
f 2575/1440/1837 2572/1438/1835 2573/1437/1834
f 2577/1441/1838 2578/1442/1839 2447/1367/1752
f 2579/1443/1840 2576/1367/1753 2580/1442/1839
f 2581/1444/1749 2577/1441/1838 2447/1367/1752
f 2453/1370/1755 2581/1444/1749 2447/1367/1752
f 2574/1439/1836 2449/1368/1753 2447/1367/1752
f 2579/1443/1840 2575/1440/1837 2576/1367/1753
f 2582/1445/1841 2583/1446/1842 2578/1442/1839
f 2584/1447/1843 2580/1442/1839 2585/1446/1842
f 2586/1448/1844 2582/1445/1841 2578/1442/1839
f 2587/1449/1746 2586/1448/1844 2578/1442/1839
f 2577/1441/1838 2587/1449/1746 2578/1442/1839
f 2584/1447/1843 2579/1443/1840 2580/1442/1839
f 2588/1450/1845 2589/1451/1846 2583/1446/1842
f 2590/1452/1847 2585/1446/1842 2591/1451/1846
f 2592/1453/1848 2588/1450/1845 2583/1446/1842
f 2582/1445/1841 2592/1453/1848 2583/1446/1842
f 2590/1452/1847 2584/1447/1843 2585/1446/1842
f 2593/1454/1849 2594/1455/1850 2589/1451/1846
f 2595/1456/1851 2591/1451/1846 2596/1455/1850
f 2597/1457/1852 2593/1454/1849 2589/1451/1846
f 2588/1450/1845 2597/1457/1852 2589/1451/1846
f 2595/1456/1851 2590/1452/1847 2591/1451/1846
f 2598/1458/1853 2599/1459/1854 2594/1455/1850
f 2600/1460/1855 2596/1455/1850 2601/1459/1854
f 2602/1461/1856 2598/1458/1853 2594/1455/1850
f 2593/1454/1849 2602/1461/1856 2594/1455/1850
f 2600/1460/1855 2595/1456/1851 2596/1455/1850
f 2603/1462/1857 2604/1463/1858 2599/1459/1854
f 2605/1464/1859 2601/1459/1854 2606/1463/1858
f 2607/1465/1860 2603/1462/1857 2599/1459/1854
f 2598/1458/1853 2607/1465/1860 2599/1459/1854
f 2605/1464/1859 2600/1460/1855 2601/1459/1854
f 2608/1466/1861 2609/1467/1686 2604/1463/1858
f 2610/1468/1862 2606/1463/1858 2611/1467/1686
f 2612/1469/1863 2608/1466/1861 2604/1463/1858
f 2603/1462/1857 2612/1469/1863 2604/1463/1858
f 2610/1468/1862 2605/1464/1859 2606/1463/1858
f 2613/1470/1684 2614/1471/1864 2609/1467/1686
f 2615/1472/1865 2611/1467/1686 2616/1471/1864
f 2608/1466/1861 2613/1470/1684 2609/1467/1686
f 2615/1472/1865 2610/1468/1862 2611/1467/1686
f 2617/1473/4 2618/1474/4 2614/1471/1864
f 2619/1475/1866 2616/1471/1864 2620/1474/4
f 2621/1476/1867 2617/1473/4 2614/1471/1864
f 2613/1470/1684 2621/1476/1867 2614/1471/1864
f 2619/1475/1866 2615/1472/1865 2616/1471/1864
f 2622/1477/1868 2623/1474/4 2624/1473/4
f 2625/1478/1869 2619/1475/1866 2620/1474/4
f 2626/1479/1870 2627/1478/1869 2628/1474/4
f 2622/1477/1868 2629/1479/1870 2623/1474/4
f 2630/1480/686 2631/1473/686 2632/1476/686
f 2630/1480/686 2633/1477/686 2631/1473/686
f 2630/1480/686 2632/1476/686 2634/1470/686
f 2635/1480/686 2636/1470/686 2637/1466/1871
f 2638/1481/1625 2637/1466/1871 2639/1469/1872
f 2638/1481/1625 2635/1480/686 2637/1466/1871
f 2640/1482/1873 2639/1469/1872 2641/1462/1874
f 2638/1481/1625 2639/1469/1872 2640/1482/1873
f 2642/1483/1875 2641/1462/1874 2643/1465/1876
f 2640/1482/1873 2641/1462/1874 2642/1483/1875
f 2644/1484/1877 2643/1465/1876 2645/1458/1878
f 2642/1483/1875 2643/1465/1876 2644/1484/1877
f 2644/1484/1877 2645/1458/1878 2646/1461/1879
f 2647/1485/1880 2646/1461/1879 2648/1454/1881
f 2644/1484/1877 2646/1461/1879 2647/1485/1880
f 2649/1486/1882 2648/1454/1881 2650/1457/1883
f 2647/1485/1880 2648/1454/1881 2649/1486/1882
f 2651/1487/1884 2650/1457/1883 2652/1450/1885
f 2649/1486/1882 2650/1457/1883 2651/1487/1884
f 2653/1488/1886 2652/1450/1885 2654/1453/1887
f 2651/1487/1884 2652/1450/1885 2653/1488/1886
f 2655/1489/1888 2654/1453/1887 2656/1445/1889
f 2653/1488/1886 2654/1453/1887 2655/1489/1888
f 2657/1490/1890 2656/1445/1889 2658/1448/1891
f 2655/1489/1888 2656/1445/1889 2657/1490/1890
f 2659/1491/1892 2658/1448/1891 2660/1449/1893
f 2657/1490/1890 2658/1448/1891 2659/1491/1892
f 2659/1491/1892 2660/1449/1893 2661/1441/1894
f 2662/1492/1895 2661/1441/1894 2663/1444/1896
f 2659/1491/1892 2661/1441/1894 2662/1492/1895
f 2450/1369/1754 2663/1444/1896 2454/1370/1756
f 2662/1492/1895 2663/1444/1896 2450/1369/1754
f 2664/1493/1897 2665/1292/4 2666/1282/1864
f 2667/1494/1898 2668/1290/1689 2669/1292/4
f 2670/1493/1897 2667/1494/1898 2669/1292/4
f 2671/1495/1899 2666/1282/1864 2672/1284/1686
f 2673/1496/1900 2664/1493/1897 2666/1282/1864
f 2671/1495/1899 2673/1496/1900 2666/1282/1864
f 2674/1497/1901 2672/1284/1686 2675/1360/1731
f 2674/1497/1901 2671/1495/1899 2672/1284/1686
f 2676/1498/1902 2675/1360/1731 2677/1361/1734
f 2676/1498/1902 2674/1497/1901 2675/1360/1731
f 2678/1499/1903 2677/1361/1734 2679/1362/1737
f 2678/1499/1903 2676/1498/1902 2677/1361/1734
f 2680/1500/1904 2679/1362/1737 2681/1363/1905
f 2680/1500/1904 2678/1499/1903 2679/1362/1737
f 2682/1501/1906 2681/1363/1905 2683/1364/1743
f 2682/1501/1906 2680/1500/1904 2681/1363/1905
f 2684/1502/1907 2683/1364/1743 2685/1365/1839
f 2684/1502/1907 2682/1501/1906 2683/1364/1743
f 2686/1503/1908 2685/1365/1839 2687/1368/1753
f 2686/1503/1908 2684/1502/1907 2685/1365/1839
f 2688/1504/1909 2687/1368/1753 2689/1439/1836
f 2688/1504/1909 2686/1503/1908 2687/1368/1753
f 2690/1505/1910 2689/1439/1836 2691/1436/1832
f 2690/1505/1910 2688/1504/1909 2689/1439/1836
f 2692/1506/1911 2691/1436/1832 2693/1433/1830
f 2692/1506/1911 2690/1505/1910 2691/1436/1832
f 2694/1507/1912 2693/1433/1830 2695/1430/1829
f 2694/1507/1912 2692/1506/1911 2693/1433/1830
f 2696/1508/1913 2695/1430/1829 2697/1427/1826
f 2696/1508/1913 2694/1507/1912 2695/1430/1829
f 2698/1509/1914 2697/1427/1826 2699/1424/1822
f 2698/1509/1914 2696/1508/1913 2697/1427/1826
f 2700/1510/1915 2699/1424/1822 2701/1421/1819
f 2700/1510/1915 2698/1509/1914 2699/1424/1822
f 2702/1511/1916 2701/1421/1819 2703/1418/728
f 2702/1511/1916 2700/1510/1915 2701/1421/1819
f 2704/1512/1917 2703/1418/728 2705/1415/1817
f 2704/1512/1917 2702/1511/1916 2703/1418/728
f 2706/1513/1918 2705/1415/1817 2707/1412/1814
f 2706/1513/1918 2704/1512/1917 2705/1415/1817
f 2708/1514/1919 2707/1412/1814 2709/1409/1811
f 2708/1514/1919 2706/1513/1918 2707/1412/1814
f 2710/1515/1920 2709/1409/1811 2711/1406/1808
f 2710/1515/1920 2708/1514/1919 2709/1409/1811
f 2712/1516/1921 2711/1406/1808 2713/1403/1804
f 2712/1516/1921 2710/1515/1920 2711/1406/1808
f 2714/1517/1922 2713/1403/1804 2715/1400/1802
f 2714/1517/1922 2712/1516/1921 2713/1403/1804
f 2716/1518/1923 2715/1400/1802 2717/1397/1801
f 2716/1518/1923 2714/1517/1922 2715/1400/1802
f 2718/1519/1924 2717/1397/1801 2719/1394/1793
f 2718/1519/1924 2716/1518/1923 2717/1397/1801
f 2720/1264/1925 2721/1520/1789 2514/1394/1798
f 2722/1521/1926 2719/1394/1793 2723/1520/1789
f 2724/1262/1796 2720/1264/1925 2514/1394/1798
f 2725/1263/1927 2724/1262/1796 2514/1394/1798
f 2726/1260/1792 2725/1263/1927 2514/1394/1798
f 2507/1261/1792 2726/1260/1792 2514/1394/1798
f 2722/1521/1926 2718/1519/1924 2719/1394/1793
f 2727/1267/1928 2728/1522/1929 2721/1520/1789
f 2729/1523/1930 2723/1520/1789 2730/1522/1929
f 2731/1265/1931 2727/1267/1928 2721/1520/1789
f 2732/1266/1786 2731/1265/1931 2721/1520/1789
f 2720/1264/1925 2732/1266/1786 2721/1520/1789
f 2729/1523/1930 2722/1521/1926 2723/1520/1789
f 2733/1269/1932 2734/1524/1933 2728/1522/1929
f 2735/1525/1934 2730/1522/1929 2736/1524/1933
f 2737/1268/1935 2733/1269/1932 2728/1522/1929
f 2727/1267/1928 2737/1268/1935 2728/1522/1929
f 2735/1525/1934 2729/1523/1930 2730/1522/1929
f 2738/1271/1936 2739/1526/1937 2734/1524/1933
f 2740/1527/1938 2736/1524/1933 2741/1526/1937
f 2742/1270/1939 2738/1271/1936 2734/1524/1933
f 2733/1269/1932 2742/1270/1939 2734/1524/1933
f 2740/1527/1938 2735/1525/1934 2736/1524/1933
f 2743/1274/1940 2744/1528/1941 2739/1526/1937
f 2745/1529/1942 2741/1526/1937 2746/1528/1941
f 2747/1272/1943 2743/1274/1940 2739/1526/1937
f 2738/1271/1936 2747/1272/1943 2739/1526/1937
f 2745/1529/1942 2740/1527/1938 2741/1526/1937
f 2748/1275/1944 2749/1530/1765 2744/1528/1941
f 2750/1531/1945 2746/1528/1941 2751/1530/1765
f 2752/1273/1946 2748/1275/1944 2744/1528/1941
f 2743/1274/1940 2752/1273/1946 2744/1528/1941
f 2750/1531/1945 2745/1529/1942 2746/1528/1941
f 2341/1200/1703 2340/1296/1702 2749/1530/1765
f 2753/1532/1947 2751/1530/1765 2754/1296/1702
f 2755/1276/1948 2341/1200/1703 2749/1530/1765
f 2748/1275/1944 2755/1276/1948 2749/1530/1765
f 2753/1532/1947 2750/1531/1945 2751/1530/1765
f 2756/1533/1949 2754/1296/1702 2757/1295/1699
f 2756/1533/1949 2753/1532/1947 2754/1296/1702
f 2758/1534/1950 2757/1295/1699 2759/1297/149
f 2758/1534/1950 2756/1533/1949 2757/1295/1699
f 2760/1535/1951 2761/1297/149 2762/1293/1760
f 2758/1534/1950 2759/1297/149 2763/1535/1951
f 2764/1242/1952 2465/1241/149 2464/1375/1760
f 2765/1536/1953 2460/1374/1759 2475/1379/1763
f 2766/1537/1954 2469/1374/1759 2767/1536/1953
f 2766/1537/1954 2467/1376/1761 2469/1374/1759
f 2768/1538/1955 2475/1379/1763 2473/1378/1762
f 2768/1538/1955 2765/1536/1953 2475/1379/1763
f 2769/1539/1956 2473/1378/1762 2478/1381/1766
f 2768/1538/1955 2473/1378/1762 2769/1539/1956
f 2770/1540/1957 2478/1381/1766 2483/1383/1770
f 2769/1539/1956 2478/1381/1766 2770/1540/1957
f 2771/1541/1958 2483/1383/1770 2488/1385/1774
f 2770/1540/1957 2483/1383/1770 2771/1541/1958
f 2772/1542/1959 2488/1385/1774 2493/1387/1778
f 2771/1541/1958 2488/1385/1774 2772/1542/1959
f 2773/1543/1960 2493/1387/1778 2498/1389/1783
f 2772/1542/1959 2493/1387/1778 2773/1543/1960
f 2774/1544/1961 2498/1389/1783 2503/1391/1788
f 2773/1543/1960 2498/1389/1783 2774/1544/1961
f 2775/1545/1962 2503/1391/1788 2509/1393/1794
f 2774/1544/1961 2503/1391/1788 2775/1545/1962
f 2776/1546/1963 2509/1393/1794 2516/1396/1800
f 2775/1545/1962 2509/1393/1794 2776/1546/1963
f 2777/1547/1964 2516/1396/1800 2520/1399/1803
f 2776/1546/1963 2516/1396/1800 2777/1547/1964
f 2778/1548/1965 2520/1399/1803 2524/1402/1805
f 2777/1547/1964 2520/1399/1803 2778/1548/1965
f 2779/1549/1966 2524/1402/1805 2528/1405/1807
f 2778/1548/1965 2524/1402/1805 2779/1549/1966
f 2780/1550/1967 2528/1405/1807 2532/1408/1810
f 2779/1549/1966 2528/1405/1807 2780/1550/1967
f 2781/1551/1968 2532/1408/1810 2536/1411/1813
f 2780/1550/1967 2532/1408/1810 2781/1551/1968
f 2782/1552/1969 2536/1411/1813 2540/1414/1816
f 2781/1551/1968 2536/1411/1813 2782/1552/1969
f 2783/1553/1970 2540/1414/1816 2544/1417/1818
f 2782/1552/1969 2540/1414/1816 2783/1553/1970
f 2784/1554/1971 2544/1417/1818 2548/1420/1820
f 2783/1553/1970 2544/1417/1818 2784/1554/1971
f 2785/1555/1972 2548/1420/1820 2552/1423/1823
f 2784/1554/1971 2548/1420/1820 2785/1555/1972
f 2786/1556/1973 2552/1423/1823 2556/1426/1825
f 2785/1555/1972 2552/1423/1823 2786/1556/1973
f 2787/1557/1974 2556/1426/1825 2560/1429/1828
f 2786/1556/1973 2556/1426/1825 2787/1557/1974
f 2788/1558/1975 2560/1429/1828 2564/1432/1831
f 2787/1557/1974 2560/1429/1828 2788/1558/1975
f 2789/1559/1976 2564/1432/1831 2568/1435/1833
f 2788/1558/1975 2564/1432/1831 2789/1559/1976
f 2790/1560/1977 2568/1435/1833 2572/1438/1835
f 2789/1559/1976 2568/1435/1833 2790/1560/1977
f 2791/1561/1978 2572/1438/1835 2575/1440/1837
f 2790/1560/1977 2572/1438/1835 2791/1561/1978
f 2792/1562/1979 2575/1440/1837 2579/1443/1840
f 2791/1561/1978 2575/1440/1837 2792/1562/1979
f 2793/1563/1980 2579/1443/1840 2584/1447/1843
f 2792/1562/1979 2579/1443/1840 2793/1563/1980
f 2794/1564/1981 2584/1447/1843 2590/1452/1847
f 2793/1563/1980 2584/1447/1843 2794/1564/1981
f 2795/1565/1982 2590/1452/1847 2595/1456/1851
f 2794/1564/1981 2590/1452/1847 2795/1565/1982
f 2796/1566/1983 2595/1456/1851 2600/1460/1855
f 2795/1565/1982 2595/1456/1851 2796/1566/1983
f 2797/1567/1984 2600/1460/1855 2605/1464/1859
f 2796/1566/1983 2600/1460/1855 2797/1567/1984
f 2798/1568/1985 2605/1464/1859 2610/1468/1862
f 2797/1567/1984 2605/1464/1859 2798/1568/1985
f 2799/1569/1986 2610/1468/1862 2615/1472/1865
f 2798/1568/1985 2610/1468/1862 2799/1569/1986
f 2800/1570/1987 2615/1472/1865 2619/1475/1866
f 2799/1569/1986 2615/1472/1865 2800/1570/1987
f 2801/1571/1988 2619/1475/1866 2625/1478/1869
f 2800/1570/1987 2619/1475/1866 2801/1571/1988
f 2801/1571/1988 2625/1478/1869 2802/1572/1989
f 2803/1573/1990 2804/1572/1989 2627/1478/1869
f 2626/1479/1870 2803/1573/1990 2627/1478/1869
f 2805/1574/1991 2806/1575/1992 2807/1576/1993
f 2808/1577/1994 2809/1576/1993 2810/1575/1992
f 2811/1578/1995 2805/1574/1991 2807/1576/1993
f 2812/1579/1996 2813/1578/1995 2814/1576/1993
f 2815/1580/1997 2816/1579/1996 2817/1576/1993
f 2815/1580/1997 2817/1576/1993 2818/1577/1994
f 2805/1574/1991 2819/1581/1998 2806/1575/1992
f 2820/1582/1999 2810/1575/1992 2821/1581/1998
f 2820/1582/1999 2808/1577/1994 2810/1575/1992
f 2822/1583/2000 2823/1584/2001 2819/1581/1998
f 2820/1582/1999 2821/1581/1998 2824/1584/2001
f 2805/1574/1991 2822/1583/2000 2819/1581/1998
f 2822/1583/2000 2825/1585/2002 2823/1584/2001
f 2826/1586/2003 2824/1584/2001 2827/1585/2002
f 2820/1582/1999 2824/1584/2001 2826/1586/2003
f 2828/1587/2004 2829/1588/2005 2825/1585/2002
f 2826/1586/2003 2827/1585/2002 2830/1588/2005
f 2822/1583/2000 2828/1587/2004 2825/1585/2002
f 2828/1587/2004 2831/1589/2006 2829/1588/2005
f 2832/1590/2007 2830/1588/2005 2833/1589/2006
f 2826/1586/2003 2830/1588/2005 2832/1590/2007
f 2834/1591/2008 2835/1592/2009 2831/1589/2006
f 2832/1590/2007 2833/1589/2006 2836/1592/2009
f 2828/1587/2004 2834/1591/2008 2831/1589/2006
f 2834/1591/2008 2837/1593/2010 2835/1592/2009
f 2838/1594/2011 2836/1592/2009 2839/1593/2012
f 2832/1590/2007 2836/1592/2009 2838/1594/2011
f 2840/1595/2013 2841/1596/2014 2837/1593/2010
f 2838/1594/2011 2839/1593/2012 2842/1596/2015
f 2834/1591/2008 2840/1595/2013 2837/1593/2010
f 2840/1595/2013 2843/1597/2016 2841/1596/2014
f 2844/1598/2017 2842/1596/2015 2845/1597/2016
f 2838/1594/2011 2842/1596/2015 2844/1598/2017
f 2846/1599/2018 2847/1600/2019 2843/1597/2016
f 2844/1598/2017 2845/1597/2016 2848/1600/2020
f 2840/1595/2013 2846/1599/2018 2843/1597/2016
f 2846/1599/2018 2849/1601/2021 2847/1600/2019
f 2850/1602/2022 2848/1600/2020 2851/1601/2023
f 2844/1598/2017 2848/1600/2020 2850/1602/2022
f 2852/1603/2024 2853/1604/2025 2849/1601/2021
f 2850/1602/2022 2851/1601/2023 2854/1604/2025
f 2846/1599/2018 2852/1603/2024 2849/1601/2021
f 2852/1603/2024 2855/1605/2026 2853/1604/2025
f 2856/1606/2027 2854/1604/2025 2857/1605/2026
f 2850/1602/2022 2854/1604/2025 2856/1606/2027
f 2858/1607/2028 2859/1608/2029 2855/1605/2026
f 2856/1606/2027 2857/1605/2026 2860/1608/2030
f 2852/1603/2024 2858/1607/2028 2855/1605/2026
f 2858/1607/2028 2861/1609/2031 2859/1608/2029
f 2862/1610/2032 2860/1608/2030 2863/1609/2031
f 2856/1606/2027 2860/1608/2030 2862/1610/2032
f 2864/1611/2033 2865/1612/2034 2861/1609/2031
f 2862/1610/2032 2863/1609/2031 2866/1612/2035
f 2858/1607/2028 2864/1611/2033 2861/1609/2031
f 2867/1613/2036 2868/1614/2037 2865/1612/2034
f 2869/1615/2038 2866/1612/2035 2870/1614/2037
f 2864/1611/2033 2867/1613/2036 2865/1612/2034
f 2862/1610/2032 2866/1612/2035 2869/1615/2038
f 2867/1613/2036 2871/1616/2039 2868/1614/2037
f 2869/1615/2038 2870/1614/2037 2872/1616/2039
f 2873/1617/2040 2874/1618/2041 2871/1616/2039
f 2875/1619/2042 2872/1616/2039 2876/1618/2041
f 2867/1613/2036 2873/1617/2040 2871/1616/2039
f 2869/1615/2038 2872/1616/2039 2875/1619/2042
f 2873/1617/2040 2877/1620/2043 2874/1618/2041
f 2875/1619/2042 2876/1618/2041 2878/1620/2043
f 2879/1621/2044 2880/1622/2045 2877/1620/2043
f 2881/1623/2046 2878/1620/2043 2882/1622/2045
f 2873/1617/2040 2879/1621/2044 2877/1620/2043
f 2875/1619/2042 2878/1620/2043 2881/1623/2046
f 2879/1621/2044 2883/1624/2047 2880/1622/2045
f 2881/1623/2046 2882/1622/2045 2884/1624/2047
f 2885/1625/2048 2886/1626/2049 2883/1624/2047
f 2887/1627/2050 2884/1624/2047 2888/1626/2051
f 2879/1621/2044 2885/1625/2048 2883/1624/2047
f 2881/1623/2046 2884/1624/2047 2887/1627/2050
f 2885/1625/2048 2889/1628/2052 2886/1626/2049
f 2887/1627/2050 2888/1626/2051 2890/1628/2053
f 2891/1629/2054 2892/1630/2055 2889/1628/2052
f 2893/1631/2056 2890/1628/2053 2894/1630/2055
f 2885/1625/2048 2891/1629/2054 2889/1628/2052
f 2887/1627/2050 2890/1628/2053 2893/1631/2056
f 2891/1629/2054 2895/1632/2057 2892/1630/2055
f 2893/1631/2056 2894/1630/2055 2896/1632/2057
f 2897/1633/2058 2898/1634/2059 2895/1632/2057
f 2899/1635/2060 2896/1632/2057 2900/1634/2059
f 2891/1629/2054 2897/1633/2058 2895/1632/2057
f 2893/1631/2056 2896/1632/2057 2899/1635/2060
f 2897/1633/2058 2901/1636/2061 2898/1634/2059
f 2899/1635/2060 2900/1634/2059 2902/1636/2061
f 2903/1637/2062 2904/1638/2063 2901/1636/2061
f 2905/1639/2064 2902/1636/2061 2906/1638/2063
f 2897/1633/2058 2903/1637/2062 2901/1636/2061
f 2899/1635/2060 2902/1636/2061 2905/1639/2064
f 2903/1637/2062 2907/1640/2065 2904/1638/2063
f 2905/1639/2064 2906/1638/2063 2908/1640/2065
f 2909/1641/2066 2910/1642/2067 2907/1640/2065
f 2911/1643/2068 2908/1640/2065 2912/1642/2067
f 2903/1637/2062 2909/1641/2066 2907/1640/2065
f 2905/1639/2064 2908/1640/2065 2911/1643/2068
f 2909/1641/2066 2913/1644/2069 2910/1642/2067
f 2911/1643/2068 2912/1642/2067 2914/1644/2069
f 2915/1645/2070 2916/1646/2071 2913/1644/2069
f 2917/1647/2072 2914/1644/2069 2918/1646/2071
f 2909/1641/2066 2915/1645/2070 2913/1644/2069
f 2911/1643/2068 2914/1644/2069 2917/1647/2072
f 2919/1648/2073 2920/1649/2074 2916/1646/2071
f 2921/1650/2075 2918/1646/2071 2922/1649/2074
f 2915/1645/2070 2919/1648/2073 2916/1646/2071
f 2917/1647/2072 2918/1646/2071 2921/1650/2075
f 2919/1648/2073 2923/1651/2076 2920/1649/2074
f 2921/1650/2075 2922/1649/2074 2924/1651/2076
f 2925/1652/2077 2926/1653/2078 2923/1651/2076
f 2927/1654/2079 2924/1651/2076 2928/1653/2078
f 2919/1648/2073 2925/1652/2077 2923/1651/2076
f 2921/1650/2075 2924/1651/2076 2927/1654/2079
f 2925/1652/2077 2929/1655/2080 2926/1653/2078
f 2927/1654/2079 2928/1653/2078 2930/1655/2080
f 2931/1656/2081 2932/1657/2082 2929/1655/2080
f 2933/1658/2083 2930/1655/2080 2934/1657/2084
f 2925/1652/2077 2931/1656/2081 2929/1655/2080
f 2927/1654/2079 2930/1655/2080 2933/1658/2083
f 2931/1656/2081 2935/1659/2085 2932/1657/2082
f 2933/1658/2083 2934/1657/2084 2936/1659/2085
f 2937/1660/2086 2938/1661/2087 2935/1659/2085
f 2939/1662/2088 2936/1659/2085 2940/1661/2087
f 2931/1656/2081 2937/1660/2086 2935/1659/2085
f 2933/1658/2083 2936/1659/2085 2939/1662/2088
f 2937/1660/2086 2941/1663/2089 2938/1661/2087
f 2939/1662/2088 2940/1661/2087 2942/1663/2090
f 2943/1664/2091 2944/1665/2092 2941/1663/2089
f 2945/1666/2093 2942/1663/2090 2946/1665/2092
f 2937/1660/2086 2943/1664/2091 2941/1663/2089
f 2939/1662/2088 2942/1663/2090 2945/1666/2093
f 2943/1664/2091 2947/1667/2094 2944/1665/2092
f 2945/1666/2093 2946/1665/2092 2948/1667/2094
f 2949/1668/2095 2950/1669/2096 2947/1667/2094
f 2951/1670/2097 2948/1667/2094 2952/1669/2096
f 2943/1664/2091 2949/1668/2095 2947/1667/2094
f 2945/1666/2093 2948/1667/2094 2951/1670/2097
f 2949/1668/2095 2953/1671/2098 2950/1669/2096
f 2951/1670/2097 2952/1669/2096 2954/1671/2098
f 2955/1672/2099 2956/1673/2100 2953/1671/2098
f 2957/1674/2101 2954/1671/2098 2958/1673/2100
f 2949/1668/2095 2955/1672/2099 2953/1671/2098
f 2951/1670/2097 2954/1671/2098 2957/1674/2101
f 2955/1672/2099 2959/1675/2102 2956/1673/2100
f 2957/1674/2101 2958/1673/2100 2960/1675/2103
f 2961/1676/2104 2962/1677/2105 2959/1675/2102
f 2963/1678/2106 2960/1675/2103 2964/1677/2105
f 2955/1672/2099 2961/1676/2104 2959/1675/2102
f 2957/1674/2101 2960/1675/2103 2963/1678/2106
f 2961/1676/2104 2965/1679/2107 2962/1677/2105
f 2963/1678/2106 2964/1677/2105 2966/1679/2107
f 2967/1680/2108 2968/1681/2109 2965/1679/2107
f 2969/1682/2110 2966/1679/2107 2970/1681/2109
f 2961/1676/2104 2967/1680/2108 2965/1679/2107
f 2963/1678/2106 2966/1679/2107 2969/1682/2110
f 2971/1683/2111 2972/1684/2112 2968/1681/2109
f 2969/1682/2110 2970/1681/2109 2973/1684/2112
f 2967/1680/2108 2971/1683/2111 2968/1681/2109
f 2971/1683/2111 2974/1685/2113 2972/1684/2112
f 2975/1686/2114 2973/1684/2112 2976/1685/2113
f 2969/1682/2110 2973/1684/2112 2975/1686/2114
f 2977/1687/2115 2978/1688/2116 2974/1685/2113
f 2975/1686/2114 2976/1685/2113 2979/1688/2117
f 2971/1683/2111 2977/1687/2115 2974/1685/2113
f 2977/1687/2115 2980/1689/2118 2978/1688/2116
f 2981/1690/2119 2979/1688/2117 2982/1689/2118
f 2975/1686/2114 2979/1688/2117 2981/1690/2119
f 2983/1691/2120 2984/1692/2121 2980/1689/2118
f 2981/1690/2119 2982/1689/2118 2985/1692/2121
f 2977/1687/2115 2983/1691/2120 2980/1689/2118
f 2983/1691/2120 2986/1693/2122 2984/1692/2121
f 2987/1694/2123 2985/1692/2121 2988/1693/2124
f 2981/1690/2119 2985/1692/2121 2987/1694/2123
f 2989/1695/2125 2990/1696/2126 2986/1693/2122
f 2987/1694/2123 2988/1693/2124 2991/1696/2127
f 2983/1691/2120 2989/1695/2125 2986/1693/2122
f 2989/1695/2125 2992/1697/2128 2990/1696/2126
f 2993/1698/2129 2991/1696/2127 2994/1697/2128
f 2987/1694/2123 2991/1696/2127 2993/1698/2129
f 2995/1699/2130 2996/1700/2131 2992/1697/2128
f 2993/1698/2129 2994/1697/2128 2997/1700/2131
f 2989/1695/2125 2995/1699/2130 2992/1697/2128
f 2995/1699/2130 2998/1701/2132 2996/1700/2131
f 2999/1702/2133 2997/1700/2131 3000/1701/2132
f 2993/1698/2129 2997/1700/2131 2999/1702/2133
f 3001/1703/2134 3002/1704/2135 2998/1701/2132
f 2999/1702/2133 3000/1701/2132 3003/1704/2135
f 2995/1699/2130 3001/1703/2134 2998/1701/2132
f 3001/1703/2134 3004/1705/2136 3002/1704/2135
f 3005/1706/2137 3003/1704/2135 3006/1705/2136
f 2999/1702/2133 3003/1704/2135 3005/1706/2137
f 3007/1707/2138 3008/1708/2139 3004/1705/2136
f 3005/1706/2137 3006/1705/2136 3009/1708/2139
f 3001/1703/2134 3007/1707/2138 3004/1705/2136
f 3007/1707/2138 3010/1709/2140 3008/1708/2139
f 3011/1710/2141 3009/1708/2139 3012/1709/2140
f 3005/1706/2137 3009/1708/2139 3011/1710/2141
f 3013/1711/2142 3014/1712/326 3010/1709/2140
f 3011/1710/2141 3012/1709/2140 3015/1712/326
f 3007/1707/2138 3013/1711/2142 3010/1709/2140
f 3016/1713/2143 3017/1712/326 3018/1711/2142
f 3016/1713/2143 3019/1714/2144 3017/1712/326
f 3020/1715/2145 3021/1712/326 3022/1714/2144
f 3011/1710/2141 3015/1712/326 3023/1715/2145
f 3024/1716/2146 3013/1711/2142 3007/1707/2138
f 3025/1717/2147 3018/1711/2142 3026/1716/2146
f 3025/1717/2147 3016/1713/2143 3018/1711/2142
f 3027/1718/2148 3007/1707/2138 3001/1703/2134
f 3027/1718/2148 3024/1716/2146 3007/1707/2138
f 3028/1719/2149 3001/1703/2134 2995/1699/2130
f 3028/1719/2149 3027/1718/2148 3001/1703/2134
f 3029/1720/2150 2995/1699/2130 2989/1695/2125
f 3029/1720/2150 3028/1719/2149 2995/1699/2130
f 3030/1721/2151 2989/1695/2125 2983/1691/2120
f 3030/1721/2151 3029/1720/2150 2989/1695/2125
f 3031/1722/2152 2983/1691/2120 2977/1687/2115
f 3031/1722/2152 3030/1721/2151 2983/1691/2120
f 3032/1723/2153 2977/1687/2115 2971/1683/2111
f 3032/1723/2153 3031/1722/2152 2977/1687/2115
f 3033/1724/2154 2971/1683/2111 2967/1680/2108
f 3033/1724/2154 3032/1723/2153 2971/1683/2111
f 3034/1725/2155 2967/1680/2108 2961/1676/2104
f 3034/1725/2155 3033/1724/2154 2967/1680/2108
f 3035/1726/2156 2961/1676/2104 2955/1672/2099
f 3035/1726/2156 3034/1725/2155 2961/1676/2104
f 3036/1727/2157 2955/1672/2099 2949/1668/2095
f 3036/1727/2157 3035/1726/2156 2955/1672/2099
f 3037/1728/2158 2949/1668/2095 2943/1664/2091
f 3037/1728/2158 3036/1727/2157 2949/1668/2095
f 3038/1729/2159 2943/1664/2091 2937/1660/2086
f 3038/1729/2159 3037/1728/2158 2943/1664/2091
f 3039/1730/2160 2937/1660/2086 2931/1656/2081
f 3039/1730/2160 3038/1729/2159 2937/1660/2086
f 3040/1731/2161 2931/1656/2081 2925/1652/2077
f 3040/1731/2161 3039/1730/2160 2931/1656/2081
f 3041/1732/2162 2925/1652/2077 2919/1648/2073
f 3041/1732/2162 3040/1731/2161 2925/1652/2077
f 3042/1733/2163 2919/1648/2073 2915/1645/2070
f 3042/1733/2163 3041/1732/2162 2919/1648/2073
f 3043/1734/2164 2915/1645/2070 2909/1641/2066
f 3043/1734/2164 3042/1733/2163 2915/1645/2070
f 3044/1735/2165 2909/1641/2066 2903/1637/2062
f 3044/1735/2165 3043/1734/2164 2909/1641/2066
f 3045/1736/2166 2903/1637/2062 2897/1633/2058
f 3045/1736/2166 3044/1735/2165 2903/1637/2062
f 3046/1737/2167 2897/1633/2058 2891/1629/2054
f 3046/1737/2167 3045/1736/2166 2897/1633/2058
f 3047/1738/2168 2891/1629/2054 2885/1625/2048
f 3047/1738/2168 3046/1737/2167 2891/1629/2054
f 3048/1739/2169 2885/1625/2048 2879/1621/2044
f 3048/1739/2169 3047/1738/2168 2885/1625/2048
f 3049/1740/2170 2879/1621/2044 2873/1617/2040
f 3049/1740/2170 3048/1739/2169 2879/1621/2044
f 3050/1741/2171 2873/1617/2040 2867/1613/2036
f 3050/1741/2171 3049/1740/2170 2873/1617/2040
f 3051/1742/2172 2867/1613/2036 2864/1611/2033
f 3051/1742/2172 3050/1741/2171 2867/1613/2036
f 3052/1743/2173 2864/1611/2033 2858/1607/2028
f 3052/1743/2173 3051/1742/2172 2864/1611/2033
f 3053/1744/2174 2858/1607/2028 2852/1603/2024
f 3053/1744/2174 3052/1743/2173 2858/1607/2028
f 3054/1745/2175 2852/1603/2024 2846/1599/2018
f 3054/1745/2175 3053/1744/2174 2852/1603/2024
f 3055/1746/2176 2846/1599/2018 2840/1595/2013
f 3055/1746/2176 3054/1745/2175 2846/1599/2018
f 3056/1747/2177 2840/1595/2013 2834/1591/2008
f 3056/1747/2177 3055/1746/2176 2840/1595/2013
f 3057/1748/2178 2834/1591/2008 2828/1587/2004
f 3057/1748/2178 3056/1747/2177 2834/1591/2008
f 3058/1749/2179 2828/1587/2004 2822/1583/2000
f 3058/1749/2179 3057/1748/2178 2828/1587/2004
f 3059/1750/2180 2822/1583/2000 2805/1574/1991
f 3059/1750/2180 3058/1749/2179 2822/1583/2000
f 3060/1751/2181 2805/1574/1991 2811/1578/1995
f 3060/1751/2181 3059/1750/2180 2805/1574/1991
f 3060/1751/2181 2811/1578/1995 3061/1752/2182
f 3062/1753/2183 3063/1752/2182 2813/1578/1995
f 3062/1753/2183 2813/1578/1995 2812/1579/1996
f 2768/1538/1955 3060/1751/2181 3061/1752/2182
f 2768/1538/1955 3061/1752/2182 2765/1536/1953
f 3064/1754/2184 2767/1536/1953 3063/1752/2182
f 3064/1754/2184 3063/1752/2182 3062/1753/2183
f 2802/1572/1989 3024/1716/2146 3027/1718/2148
f 3065/1755/2185 3026/1716/2146 2804/1572/1989
f 3065/1755/2185 3025/1717/2147 3026/1716/2146
f 2801/1571/1988 3027/1718/2148 3028/1719/2149
f 2801/1571/1988 2802/1572/1989 3027/1718/2148
f 2800/1570/1987 3028/1719/2149 3029/1720/2150
f 2800/1570/1987 2801/1571/1988 3028/1719/2149
f 2799/1569/1986 3029/1720/2150 3030/1721/2151
f 2799/1569/1986 2800/1570/1987 3029/1720/2150
f 2798/1568/1985 3030/1721/2151 3031/1722/2152
f 2798/1568/1985 2799/1569/1986 3030/1721/2151
f 2797/1567/1984 3031/1722/2152 3032/1723/2153
f 2797/1567/1984 2798/1568/1985 3031/1722/2152
f 2796/1566/1983 3032/1723/2153 3033/1724/2154
f 2796/1566/1983 2797/1567/1984 3032/1723/2153
f 2795/1565/1982 3033/1724/2154 3034/1725/2155
f 2795/1565/1982 2796/1566/1983 3033/1724/2154
f 2794/1564/1981 3034/1725/2155 3035/1726/2156
f 2794/1564/1981 2795/1565/1982 3034/1725/2155
f 2793/1563/1980 3035/1726/2156 3036/1727/2157
f 2793/1563/1980 2794/1564/1981 3035/1726/2156
f 2792/1562/1979 3036/1727/2157 3037/1728/2158
f 2792/1562/1979 2793/1563/1980 3036/1727/2157
f 2791/1561/1978 3037/1728/2158 3038/1729/2159
f 2791/1561/1978 2792/1562/1979 3037/1728/2158
f 2790/1560/1977 3038/1729/2159 3039/1730/2160
f 2790/1560/1977 2791/1561/1978 3038/1729/2159
f 2789/1559/1976 3039/1730/2160 3040/1731/2161
f 2789/1559/1976 2790/1560/1977 3039/1730/2160
f 2788/1558/1975 3040/1731/2161 3041/1732/2162
f 2788/1558/1975 2789/1559/1976 3040/1731/2161
f 2787/1557/1974 3041/1732/2162 3042/1733/2163
f 2787/1557/1974 2788/1558/1975 3041/1732/2162
f 2786/1556/1973 3042/1733/2163 3043/1734/2164
f 2786/1556/1973 2787/1557/1974 3042/1733/2163
f 2785/1555/1972 3043/1734/2164 3044/1735/2165
f 2785/1555/1972 2786/1556/1973 3043/1734/2164
f 2784/1554/1971 3044/1735/2165 3045/1736/2166
f 2784/1554/1971 2785/1555/1972 3044/1735/2165
f 2783/1553/1970 3045/1736/2166 3046/1737/2167
f 2783/1553/1970 2784/1554/1971 3045/1736/2166
f 2782/1552/1969 3046/1737/2167 3047/1738/2168
f 2782/1552/1969 2783/1553/1970 3046/1737/2167
f 2781/1551/1968 3047/1738/2168 3048/1739/2169
f 2781/1551/1968 2782/1552/1969 3047/1738/2168
f 2780/1550/1967 3048/1739/2169 3049/1740/2170
f 2780/1550/1967 2781/1551/1968 3048/1739/2169
f 2779/1549/1966 3049/1740/2170 3050/1741/2171
f 2779/1549/1966 2780/1550/1967 3049/1740/2170
f 2778/1548/1965 3050/1741/2171 3051/1742/2172
f 2778/1548/1965 2779/1549/1966 3050/1741/2171
f 2777/1547/1964 3051/1742/2172 3052/1743/2173
f 2777/1547/1964 2778/1548/1965 3051/1742/2172
f 2776/1546/1963 3052/1743/2173 3053/1744/2174
f 2776/1546/1963 2777/1547/1964 3052/1743/2173
f 2775/1545/1962 3053/1744/2174 3054/1745/2175
f 2775/1545/1962 2776/1546/1963 3053/1744/2174
f 2774/1544/1961 3054/1745/2175 3055/1746/2176
f 2774/1544/1961 2775/1545/1962 3054/1745/2175
f 2773/1543/1960 3055/1746/2176 3056/1747/2177
f 2773/1543/1960 2774/1544/1961 3055/1746/2176
f 2772/1542/1959 3056/1747/2177 3057/1748/2178
f 2772/1542/1959 2773/1543/1960 3056/1747/2177
f 2771/1541/1958 3057/1748/2178 3058/1749/2179
f 2771/1541/1958 2772/1542/1959 3057/1748/2178
f 2770/1540/1957 3058/1749/2179 3059/1750/2180
f 2770/1540/1957 2771/1541/1958 3058/1749/2179
f 2769/1539/1956 3059/1750/2180 3060/1751/2181
f 2769/1539/1956 2770/1540/1957 3059/1750/2180
f 2768/1538/1955 2769/1539/1956 3060/1751/2181
f 2766/1537/1954 2767/1536/1953 3064/1754/2184
f 3065/1755/2185 2804/1572/1989 2803/1573/1990
f 2626/1479/1870 3066/1756/2186 2803/1573/1990
f 3065/1755/2185 2803/1573/1990 3066/1756/2186
f 3067/1757/1692 3068/1758/2187 3066/1756/2186
f 3069/1759/2188 3066/1756/2186 3068/1758/2187
f 2626/1479/1870 3067/1757/1692 3066/1756/2186
f 3065/1755/2185 3066/1756/2186 3069/1759/2188
f 3070/1760/2189 3071/1761/2190 3068/1758/2187
f 3072/1762/2191 3068/1758/2187 3071/1761/2190
f 3067/1757/1692 3070/1760/2189 3068/1758/2187
f 3069/1759/2188 3068/1758/2187 3072/1762/2191
f 3073/1763/2192 3074/1764/2193 3071/1761/2190
f 3075/1765/2194 3071/1761/2190 3074/1764/2193
f 3070/1760/2189 3073/1763/2192 3071/1761/2190
f 3072/1762/2191 3071/1761/2190 3075/1765/2194
f 3076/1766/2195 3077/1767/2196 3074/1764/2193
f 3078/1768/2197 3074/1764/2193 3077/1767/2196
f 3073/1763/2192 3076/1766/2195 3074/1764/2193
f 3075/1765/2194 3074/1764/2193 3078/1768/2197
f 3079/1769/2198 3080/1770/2199 3077/1767/2196
f 3081/1771/2200 3077/1767/2196 3080/1770/2199
f 3076/1766/2195 3079/1769/2198 3077/1767/2196
f 3078/1768/2197 3077/1767/2196 3081/1771/2200
f 3082/1772/2201 3083/1773/2202 3080/1770/2199
f 3084/1774/2203 3080/1770/2199 3083/1773/2202
f 3079/1769/2198 3082/1772/2201 3080/1770/2199
f 3081/1771/2200 3080/1770/2199 3084/1774/2203
f 3085/1775/2204 3086/1776/2205 3083/1773/2202
f 3087/1777/2206 3083/1773/2202 3086/1776/2205
f 3082/1772/2201 3085/1775/2204 3083/1773/2202
f 3084/1774/2203 3083/1773/2202 3087/1777/2206
f 3088/1778/2207 3089/1779/2208 3086/1776/2205
f 3090/1780/2209 3086/1776/2205 3089/1779/2208
f 3085/1775/2204 3088/1778/2207 3086/1776/2205
f 3087/1777/2206 3086/1776/2205 3090/1780/2209
f 3091/1781/2210 3092/1782/2211 3089/1779/2208
f 3093/1783/2212 3089/1779/2208 3092/1782/2211
f 3088/1778/2207 3091/1781/2210 3089/1779/2208
f 3090/1780/2209 3089/1779/2208 3093/1783/2212
f 3094/1784/2213 3095/1785/2214 3092/1782/2211
f 3096/1786/2215 3092/1782/2211 3095/1785/2214
f 3091/1781/2210 3094/1784/2213 3092/1782/2211
f 3093/1783/2212 3092/1782/2211 3096/1786/2215
f 3097/1787/2216 3098/1788/2217 3095/1785/2214
f 3099/1789/2218 3095/1785/2214 3098/1788/2217
f 3094/1784/2213 3097/1787/2216 3095/1785/2214
f 3096/1786/2215 3095/1785/2214 3099/1789/2218
f 3100/1790/2219 3101/1791/2220 3098/1788/2217
f 3102/1792/2221 3098/1788/2217 3101/1791/2220
f 3097/1787/2216 3100/1790/2219 3098/1788/2217
f 3099/1789/2218 3098/1788/2217 3102/1792/2221
f 3103/1793/1282 3104/1794/2222 3101/1791/2220
f 3105/1795/2223 3101/1791/2220 3104/1794/2222
f 3100/1790/2219 3103/1793/1282 3101/1791/2220
f 3102/1792/2221 3101/1791/2220 3105/1795/2223
f 3106/1796/2224 3107/1797/2225 3104/1794/2222
f 3108/1798/2226 3104/1794/2222 3107/1797/2225
f 3103/1793/1282 3106/1796/2224 3104/1794/2222
f 3105/1795/2223 3104/1794/2222 3108/1798/2226
f 3109/1799/2227 3110/1800/2228 3107/1797/2225
f 3111/1801/2229 3107/1797/2225 3110/1800/2228
f 3106/1796/2224 3109/1799/2227 3107/1797/2225
f 3108/1798/2226 3107/1797/2225 3111/1801/2229
f 3112/1802/807 3113/1803/2230 3110/1800/2228
f 3114/1804/2231 3110/1800/2228 3113/1803/2230
f 3109/1799/2227 3112/1802/807 3110/1800/2228
f 3111/1801/2229 3110/1800/2228 3114/1804/2231
f 3115/1805/2232 3116/1806/2233 3113/1803/2230
f 3117/1807/2234 3113/1803/2230 3116/1806/2233
f 3112/1802/807 3115/1805/2232 3113/1803/2230
f 3114/1804/2231 3113/1803/2230 3117/1807/2234
f 3118/1808/2235 3119/1809/2236 3116/1806/2233
f 3120/1810/2237 3116/1806/2233 3119/1809/2236
f 3115/1805/2232 3118/1808/2235 3116/1806/2233
f 3117/1807/2234 3116/1806/2233 3120/1810/2237
f 3121/1811/2238 3122/1812/2239 3119/1809/2236
f 3123/1813/2240 3119/1809/2236 3122/1812/2239
f 3118/1808/2235 3121/1811/2238 3119/1809/2236
f 3120/1810/2237 3119/1809/2236 3123/1813/2240
f 3124/1814/2241 3125/1815/2242 3122/1812/2239
f 3126/1816/2243 3122/1812/2239 3125/1815/2242
f 3121/1811/2238 3124/1814/2241 3122/1812/2239
f 3123/1813/2240 3122/1812/2239 3126/1816/2243
f 3127/1817/2244 3128/1818/2245 3125/1815/2242
f 3129/1819/2246 3125/1815/2242 3128/1818/2245
f 3124/1814/2241 3127/1817/2244 3125/1815/2242
f 3126/1816/2243 3125/1815/2242 3129/1819/2246
f 3130/1820/2247 3131/1821/2248 3128/1818/2245
f 3132/1822/2249 3128/1818/2245 3131/1821/2248
f 3127/1817/2244 3130/1820/2247 3128/1818/2245
f 3129/1819/2246 3128/1818/2245 3132/1822/2249
f 3133/1823/2250 3134/1824/2251 3131/1821/2248
f 3135/1825/2252 3131/1821/2248 3134/1824/2251
f 3130/1820/2247 3133/1823/2250 3131/1821/2248
f 3132/1822/2249 3131/1821/2248 3135/1825/2252
f 3136/1826/2253 3137/1827/2254 3134/1824/2251
f 3138/1828/2255 3134/1824/2251 3137/1827/2254
f 3133/1823/2250 3136/1826/2253 3134/1824/2251
f 3135/1825/2252 3134/1824/2251 3138/1828/2255
f 3139/1829/2256 3140/1830/2257 3137/1827/2254
f 3141/1831/2258 3137/1827/2254 3140/1830/2257
f 3136/1826/2253 3139/1829/2256 3137/1827/2254
f 3138/1828/2255 3137/1827/2254 3141/1831/2258
f 3142/1832/2259 3143/1833/2260 3140/1830/2257
f 3144/1834/2261 3140/1830/2257 3143/1833/2260
f 3139/1829/2256 3142/1832/2259 3140/1830/2257
f 3141/1831/2258 3140/1830/2257 3144/1834/2261
f 3145/1835/2262 3146/1836/2263 3143/1833/2260
f 3147/1837/2264 3143/1833/2260 3146/1836/2263
f 3142/1832/2259 3145/1835/2262 3143/1833/2260
f 3144/1834/2261 3143/1833/2260 3147/1837/2264
f 3148/1838/2265 3149/1839/2266 3146/1836/2263
f 3150/1840/2267 3146/1836/2263 3149/1839/2266
f 3145/1835/2262 3148/1838/2265 3146/1836/2263
f 3147/1837/2264 3146/1836/2263 3150/1840/2267
f 3151/1841/2268 3152/1842/2269 3149/1839/2266
f 3153/1843/2270 3149/1839/2266 3152/1842/2269
f 3148/1838/2265 3151/1841/2268 3149/1839/2266
f 3150/1840/2267 3149/1839/2266 3153/1843/2270
f 3154/1844/2271 3155/1845/2272 3152/1842/2269
f 3156/1846/2273 3152/1842/2269 3155/1845/2272
f 3151/1841/2268 3154/1844/2271 3152/1842/2269
f 3153/1843/2270 3152/1842/2269 3156/1846/2273
f 3157/1847/1697 3158/1848/2274 3155/1845/2272
f 3159/1849/2275 3155/1845/2272 3158/1848/2274
f 3154/1844/2271 3157/1847/1697 3155/1845/2272
f 3156/1846/2273 3155/1845/2272 3159/1849/2275
f 2470/1375/1760 2467/1376/1761 3158/1848/2274
f 3160/1850/2276 3158/1848/2274 2467/1376/1761
f 3157/1847/1697 2470/1375/1760 3158/1848/2274
f 3159/1849/2275 3158/1848/2274 3160/1850/2276
f 3160/1850/2276 2467/1376/1761 2766/1537/1954
f 3161/1243/1696 2464/1375/1760 3162/1847/1697
f 3161/1243/1696 2764/1242/1952 2464/1375/1760
f 3163/1238/2277 3162/1847/1697 3164/1844/2278
f 3163/1238/2277 3161/1243/1696 3162/1847/1697
f 3165/1236/2279 3164/1844/2278 3166/1841/2268
f 3167/1237/2280 3163/1238/2277 3164/1844/2278
f 3165/1236/2279 3167/1237/2280 3164/1844/2278
f 3168/1235/2281 3166/1841/2268 3169/1838/2265
f 3170/1234/2282 3165/1236/2279 3166/1841/2268
f 3168/1235/2281 3170/1234/2282 3166/1841/2268
f 3171/1232/2283 3169/1838/2265 3172/1835/2262
f 3173/1233/2284 3168/1235/2281 3169/1838/2265
f 3171/1232/2283 3173/1233/2284 3169/1838/2265
f 3174/1230/2285 3172/1835/2262 3175/1832/2259
f 3176/1231/2286 3171/1232/2283 3172/1835/2262
f 3174/1230/2285 3176/1231/2286 3172/1835/2262
f 3177/1228/2287 3175/1832/2259 3178/1829/2256
f 3179/1229/2288 3174/1230/2285 3175/1832/2259
f 3177/1228/2287 3179/1229/2288 3175/1832/2259
f 3180/1225/2289 3178/1829/2256 3181/1826/2290
f 3182/1226/2291 3177/1228/2287 3178/1829/2256
f 3183/1227/2292 3182/1226/2291 3178/1829/2256
f 3180/1225/2289 3183/1227/2292 3178/1829/2256
f 3184/1851/2293 3181/1826/2290 3185/1823/2250
f 3186/1223/2294 3180/1225/2289 3181/1826/2290
f 3187/1224/2295 3186/1223/2294 3181/1826/2290
f 3188/1221/2296 3187/1224/2295 3181/1826/2290
f 3189/1222/2296 3188/1221/2296 3181/1826/2290
f 3190/1852/2253 3189/1222/2296 3181/1826/2290
f 3184/1851/2293 3190/1852/2253 3181/1826/2290
f 3191/1853/2247 3185/1823/2250 3192/1820/2247
f 3191/1853/2247 3184/1851/2293 3185/1823/2250
f 3193/1854/2244 3192/1820/2247 3194/1817/2244
f 3193/1854/2244 3191/1853/2247 3192/1820/2247
f 3195/1855/2297 3194/1817/2244 3196/1814/2241
f 3195/1855/2297 3193/1854/2244 3194/1817/2244
f 3197/1856/2298 3196/1814/2241 3198/1811/2238
f 3197/1856/2298 3195/1855/2297 3196/1814/2241
f 3199/1857/2235 3198/1811/2238 3200/1808/2235
f 3199/1857/2235 3197/1856/2298 3198/1811/2238
f 3201/1858/2299 3200/1808/2235 3202/1805/2232
f 3201/1858/2299 3199/1857/2235 3200/1808/2235
f 3203/1859/807 3202/1805/2232 3204/1802/807
f 3203/1859/807 3201/1858/2299 3202/1805/2232
f 3205/1860/2227 3204/1802/807 3206/1799/2300
f 3205/1860/2227 3203/1859/807 3204/1802/807
f 3207/1861/2224 3206/1799/2300 3208/1796/2301
f 3207/1861/2224 3205/1860/2227 3206/1799/2300
f 3209/1862/2302 3208/1796/2301 3210/1793/1282
f 3209/1862/2302 3207/1861/2224 3208/1796/2301
f 3211/1863/2303 3210/1793/1282 3212/1790/2219
f 3211/1863/2303 3209/1862/2302 3210/1793/1282
f 3213/1864/2216 3212/1790/2219 3214/1787/2216
f 3213/1864/2216 3211/1863/2303 3212/1790/2219
f 3215/1865/2213 3214/1787/2216 3216/1784/2213
f 3215/1865/2213 3213/1864/2216 3214/1787/2216
f 3217/1866/2304 3216/1784/2213 3218/1781/2210
f 3217/1866/2304 3215/1865/2213 3216/1784/2213
f 3219/1867/2305 3218/1781/2210 3220/1778/2207
f 3219/1867/2305 3217/1866/2304 3218/1781/2210
f 3221/1868/2306 3220/1778/2207 3222/1775/2307
f 3221/1868/2306 3219/1867/2305 3220/1778/2207
f 3223/1869/2308 3222/1775/2307 3224/1772/2309
f 3225/1870/2310 3221/1868/2306 3222/1775/2307
f 3226/1871/2311 3225/1870/2310 3222/1775/2307
f 3227/1872/2312 3226/1871/2311 3222/1775/2307
f 3223/1869/2308 3227/1872/2312 3222/1775/2307
f 3228/1873/2313 3224/1772/2309 3229/1769/2314
f 3230/1874/2315 3223/1869/2308 3224/1772/2309
f 3231/1875/2316 3230/1874/2315 3224/1772/2309
f 3228/1873/2313 3231/1875/2316 3224/1772/2309
f 3232/1876/2317 3229/1769/2314 3233/1766/2195
f 3234/1877/2318 3228/1873/2313 3229/1769/2314
f 3232/1876/2317 3234/1877/2318 3229/1769/2314
f 3235/1878/2319 3233/1766/2195 3236/1763/2192
f 3237/1879/2320 3232/1876/2317 3233/1766/2195
f 3235/1878/2319 3237/1879/2320 3233/1766/2195
f 3238/1880/2321 3236/1763/2192 3239/1760/2189
f 3240/1881/2322 3235/1878/2319 3236/1763/2192
f 3238/1880/2321 3240/1881/2322 3236/1763/2192
f 3241/1882/2323 3239/1760/2189 3242/1757/1692
f 3243/1883/2324 3238/1880/2321 3239/1760/2189
f 3241/1882/2323 3243/1883/2324 3239/1760/2189
f 3244/1884/1690 3242/1757/1692 2629/1479/1870
f 3245/1885/2325 3241/1882/2323 3242/1757/1692
f 3244/1884/1690 3245/1885/2325 3242/1757/1692
f 2622/1477/1868 3244/1884/1690 2629/1479/1870
f 3016/1713/2143 3246/1886/2326 3019/1714/2144
f 3247/1887/2327 3022/1714/2144 3248/1886/2326
f 3020/1715/2145 3022/1714/2144 3247/1887/2327
f 3249/1888/2328 3250/1889/2329 3246/1886/2326
f 3247/1887/2327 3248/1886/2326 3251/1889/2329
f 3016/1713/2143 3249/1888/2328 3246/1886/2326
f 3249/1888/2328 3252/1890/2330 3250/1889/2329
f 3253/1891/2331 3251/1889/2329 3254/1890/2330
f 3247/1887/2327 3251/1889/2329 3253/1891/2331
f 3255/1892/2332 3256/1893/2333 3252/1890/2330
f 3253/1891/2331 3254/1890/2330 3257/1893/2333
f 3249/1888/2328 3255/1892/2332 3252/1890/2330
f 3255/1892/2332 3258/1894/2334 3256/1893/2333
f 3259/1895/2335 3257/1893/2333 3260/1894/2334
f 3253/1891/2331 3257/1893/2333 3259/1895/2335
f 3261/1896/2336 3262/1897/2337 3258/1894/2334
f 3259/1895/2335 3260/1894/2334 3263/1897/2337
f 3255/1892/2332 3261/1896/2336 3258/1894/2334
f 3261/1896/2336 3264/1898/2338 3262/1897/2337
f 3265/1899/2339 3263/1897/2337 3266/1898/2340
f 3259/1895/2335 3263/1897/2337 3265/1899/2339
f 3267/1900/2341 3268/1901/2342 3264/1898/2338
f 3265/1899/2339 3266/1898/2340 3269/1901/2343
f 3261/1896/2336 3267/1900/2341 3264/1898/2338
f 3267/1900/2341 3270/1902/2344 3268/1901/2342
f 3271/1903/2345 3269/1901/2343 3272/1902/2344
f 3265/1899/2339 3269/1901/2343 3271/1903/2345
f 3273/1904/2346 3274/1905/2347 3270/1902/2344
f 3271/1903/2345 3272/1902/2344 3275/1905/2348
f 3267/1900/2341 3273/1904/2346 3270/1902/2344
f 3273/1904/2346 3276/1906/2349 3274/1905/2347
f 3277/1907/2350 3275/1905/2348 3278/1906/2351
f 3271/1903/2345 3275/1905/2348 3277/1907/2350
f 3279/1908/2352 3280/1909/2353 3276/1906/2349
f 3277/1907/2350 3278/1906/2351 3281/1909/2353
f 3273/1904/2346 3279/1908/2352 3276/1906/2349
f 3279/1908/2352 3282/1910/2354 3280/1909/2353
f 3283/1911/2355 3281/1909/2353 3284/1910/2354
f 3277/1907/2350 3281/1909/2353 3283/1911/2355
f 3285/1912/2356 3286/1913/2357 3282/1910/2354
f 3283/1911/2355 3284/1910/2354 3287/1913/2358
f 3279/1908/2352 3285/1912/2356 3282/1910/2354
f 3285/1912/2356 3288/1914/2359 3286/1913/2357
f 3289/1915/2360 3287/1913/2358 3290/1914/2359
f 3283/1911/2355 3287/1913/2358 3289/1915/2360
f 3291/1916/2361 3292/1917/2362 3288/1914/2359
f 3289/1915/2360 3290/1914/2359 3293/1917/2363
f 3285/1912/2356 3291/1916/2361 3288/1914/2359
f 3294/1918/2364 3295/1919/2365 3292/1917/2362
f 3296/1920/2366 3293/1917/2363 3297/1919/2365
f 3291/1916/2361 3294/1918/2364 3292/1917/2362
f 3289/1915/2360 3293/1917/2363 3296/1920/2366
f 3294/1918/2364 3298/1921/2367 3295/1919/2365
f 3296/1920/2366 3297/1919/2365 3299/1921/2367
f 3300/1922/2368 3301/1923/2369 3298/1921/2367
f 3302/1924/2370 3299/1921/2367 3303/1923/2369
f 3294/1918/2364 3300/1922/2368 3298/1921/2367
f 3296/1920/2366 3299/1921/2367 3302/1924/2370
f 3300/1922/2368 3304/1925/2371 3301/1923/2369
f 3302/1924/2370 3303/1923/2369 3305/1925/2371
f 3306/1926/2372 3307/1927/2373 3304/1925/2371
f 3308/1928/2374 3305/1925/2371 3309/1927/2373
f 3300/1922/2368 3306/1926/2372 3304/1925/2371
f 3302/1924/2370 3305/1925/2371 3308/1928/2374
f 3306/1926/2372 3310/1929/2375 3307/1927/2373
f 3308/1928/2374 3309/1927/2373 3311/1929/2375
f 3312/1930/2376 3313/1931/2377 3310/1929/2375
f 3314/1932/2378 3311/1929/2375 3315/1931/2379
f 3306/1926/2372 3312/1930/2376 3310/1929/2375
f 3308/1928/2374 3311/1929/2375 3314/1932/2378
f 3312/1930/2376 3316/1933/2380 3313/1931/2377
f 3314/1932/2378 3315/1931/2379 3317/1933/2381
f 3318/1934/2382 3319/1935/2383 3316/1933/2380
f 3320/1936/2384 3317/1933/2381 3321/1935/2383
f 3312/1930/2376 3318/1934/2382 3316/1933/2380
f 3314/1932/2378 3317/1933/2381 3320/1936/2384
f 3318/1934/2382 3322/1937/2385 3319/1935/2383
f 3320/1936/2384 3321/1935/2383 3323/1937/2385
f 3324/1938/2386 3325/1939/2387 3322/1937/2385
f 3326/1940/2388 3323/1937/2385 3327/1939/2387
f 3318/1934/2382 3324/1938/2386 3322/1937/2385
f 3320/1936/2384 3323/1937/2385 3326/1940/2388
f 3324/1938/2386 3328/1941/2389 3325/1939/2387
f 3326/1940/2388 3327/1939/2387 3329/1941/2389
f 3330/1942/2390 3331/1943/2391 3328/1941/2389
f 3332/1944/2392 3329/1941/2389 3333/1943/2391
f 3324/1938/2386 3330/1942/2390 3328/1941/2389
f 3326/1940/2388 3329/1941/2389 3332/1944/2392
f 3330/1942/2390 3334/1945/2393 3331/1943/2391
f 3332/1944/2392 3333/1943/2391 3335/1945/2393
f 3336/1946/2394 3337/1947/2395 3334/1945/2393
f 3338/1948/2396 3335/1945/2393 3339/1947/2395
f 3330/1942/2390 3336/1946/2394 3334/1945/2393
f 3332/1944/2392 3335/1945/2393 3338/1948/2396
f 3336/1946/2394 3340/1949/2397 3337/1947/2395
f 3338/1948/2396 3339/1947/2395 3341/1949/2397
f 3342/1950/2398 3343/1951/2399 3340/1949/2397
f 3344/1952/2400 3341/1949/2397 3345/1951/2399
f 3336/1946/2394 3342/1950/2398 3340/1949/2397
f 3338/1948/2396 3341/1949/2397 3344/1952/2400
f 3346/1953/2401 3347/1954/2402 3343/1951/2399
f 3348/1955/2403 3345/1951/2399 3349/1954/2402
f 3342/1950/2398 3346/1953/2401 3343/1951/2399
f 3344/1952/2400 3345/1951/2399 3348/1955/2403
f 3346/1953/2401 3350/1956/2404 3347/1954/2402
f 3348/1955/2403 3349/1954/2402 3351/1956/2404
f 3352/1957/2405 3353/1958/2406 3350/1956/2404
f 3354/1959/2407 3351/1956/2404 3355/1958/2406
f 3346/1953/2401 3352/1957/2405 3350/1956/2404
f 3348/1955/2403 3351/1956/2404 3354/1959/2407
f 3352/1957/2405 3356/1960/2408 3353/1958/2406
f 3354/1959/2407 3355/1958/2406 3357/1960/2408
f 3358/1961/2409 3359/1962/2410 3356/1960/2408
f 3360/1963/2411 3357/1960/2408 3361/1962/2412
f 3352/1957/2405 3358/1961/2409 3356/1960/2408
f 3354/1959/2407 3357/1960/2408 3360/1963/2411
f 3358/1961/2409 3362/1964/2413 3359/1962/2410
f 3360/1963/2411 3361/1962/2412 3363/1964/2413
f 3364/1965/2414 3365/1966/2415 3362/1964/2413
f 3366/1967/2416 3363/1964/2413 3367/1966/2415
f 3358/1961/2409 3364/1965/2414 3362/1964/2413
f 3360/1963/2411 3363/1964/2413 3366/1967/2416
f 3364/1965/2414 3368/1968/2417 3365/1966/2415
f 3366/1967/2416 3367/1966/2415 3369/1968/2418
f 3370/1969/2419 3371/1970/2420 3368/1968/2417
f 3372/1971/2421 3369/1968/2418 3373/1970/2420
f 3364/1965/2414 3370/1969/2419 3368/1968/2417
f 3366/1967/2416 3369/1968/2418 3372/1971/2421
f 3370/1969/2419 3374/1972/2422 3371/1970/2420
f 3372/1971/2421 3373/1970/2420 3375/1972/2422
f 3376/1973/2423 3377/1974/2424 3374/1972/2422
f 3378/1975/2425 3375/1972/2422 3379/1974/2424
f 3370/1969/2419 3376/1973/2423 3374/1972/2422
f 3372/1971/2421 3375/1972/2422 3378/1975/2425
f 3376/1973/2423 3380/1976/2426 3377/1974/2424
f 3378/1975/2425 3379/1974/2424 3381/1976/2426
f 3382/1977/2427 3383/1978/2428 3380/1976/2426
f 3384/1979/2429 3381/1976/2426 3385/1978/2428
f 3376/1973/2423 3382/1977/2427 3380/1976/2426
f 3378/1975/2425 3381/1976/2426 3384/1979/2429
f 3382/1977/2427 3386/1980/2430 3383/1978/2428
f 3384/1979/2429 3385/1978/2428 3387/1980/2431
f 3388/1981/2432 3389/1982/2433 3386/1980/2430
f 3390/1983/2434 3387/1980/2431 3391/1982/2433
f 3382/1977/2427 3388/1981/2432 3386/1980/2430
f 3384/1979/2429 3387/1980/2431 3390/1983/2434
f 3388/1981/2432 3392/1984/2435 3389/1982/2433
f 3390/1983/2434 3391/1982/2433 3393/1984/2435
f 3394/1985/2436 3395/1986/2437 3392/1984/2435
f 3396/1987/2438 3393/1984/2435 3397/1986/2437
f 3388/1981/2432 3394/1985/2436 3392/1984/2435
f 3390/1983/2434 3393/1984/2435 3396/1987/2438
f 3398/1988/2439 3399/1989/2440 3395/1986/2437
f 3396/1987/2438 3397/1986/2437 3400/1989/2440
f 3394/1985/2436 3398/1988/2439 3395/1986/2437
f 3398/1988/2439 3401/1990/2441 3399/1989/2440
f 3402/1991/2442 3400/1989/2440 3403/1990/2441
f 3396/1987/2438 3400/1989/2440 3402/1991/2442
f 3404/1992/2443 3405/1993/2444 3401/1990/2441
f 3402/1991/2442 3403/1990/2441 3406/1993/2445
f 3398/1988/2439 3404/1992/2443 3401/1990/2441
f 3404/1992/2443 3407/1994/2446 3405/1993/2444
f 3408/1995/2447 3406/1993/2445 3409/1994/2446
f 3402/1991/2442 3406/1993/2445 3408/1995/2447
f 3410/1996/2448 3411/1997/2449 3407/1994/2446
f 3408/1995/2447 3409/1994/2446 3412/1997/2449
f 3404/1992/2443 3410/1996/2448 3407/1994/2446
f 3410/1996/2448 3413/1998/2450 3411/1997/2449
f 3414/1999/2451 3412/1997/2449 3415/1998/2452
f 3408/1995/2447 3412/1997/2449 3414/1999/2451
f 3416/2000/2453 3417/2001/2454 3413/1998/2450
f 3414/1999/2451 3415/1998/2452 3418/2001/2455
f 3410/1996/2448 3416/2000/2453 3413/1998/2450
f 3416/2000/2453 3419/2002/2456 3417/2001/2454
f 3420/2003/2457 3418/2001/2455 3421/2002/2456
f 3414/1999/2451 3418/2001/2455 3420/2003/2457
f 3422/2004/2458 3423/2005/2459 3419/2002/2456
f 3420/2003/2457 3421/2002/2456 3424/2005/2459
f 3416/2000/2453 3422/2004/2458 3419/2002/2456
f 3422/2004/2458 3425/2006/2460 3423/2005/2459
f 3426/2007/2461 3424/2005/2459 3427/2006/2460
f 3420/2003/2457 3424/2005/2459 3426/2007/2461
f 3428/2008/2462 3429/2009/2463 3425/2006/2460
f 3426/2007/2461 3427/2006/2460 3430/2009/2463
f 3422/2004/2458 3428/2008/2462 3425/2006/2460
f 3428/2008/2462 3431/2010/2464 3429/2009/2463
f 3432/2011/2465 3430/2009/2463 3433/2010/2464
f 3426/2007/2461 3430/2009/2463 3432/2011/2465
f 3062/1753/2183 3434/2012/2466 3431/2010/2464
f 3432/2011/2465 3433/2010/2464 3435/2012/2466
f 3428/2008/2462 3062/1753/2183 3431/2010/2464
f 3062/1753/2183 2812/1579/1996 3434/2012/2466
f 2815/1580/1997 3435/2012/2466 2816/1579/1996
f 3432/2011/2465 3435/2012/2466 2815/1580/1997
f 3064/1754/2184 3062/1753/2183 3428/2008/2462
f 3436/2013/2467 3428/2008/2462 3422/2004/2458
f 3436/2013/2467 3064/1754/2184 3428/2008/2462
f 3437/2014/2468 3422/2004/2458 3416/2000/2453
f 3437/2014/2468 3436/2013/2467 3422/2004/2458
f 3438/2015/2469 3416/2000/2453 3410/1996/2448
f 3438/2015/2469 3437/2014/2468 3416/2000/2453
f 3439/2016/2470 3410/1996/2448 3404/1992/2443
f 3439/2016/2470 3438/2015/2469 3410/1996/2448
f 3440/2017/2471 3404/1992/2443 3398/1988/2439
f 3440/2017/2471 3439/2016/2470 3404/1992/2443
f 3441/2018/2472 3398/1988/2439 3394/1985/2436
f 3441/2018/2472 3440/2017/2471 3398/1988/2439
f 3442/2019/2473 3394/1985/2436 3388/1981/2432
f 3442/2019/2473 3441/2018/2472 3394/1985/2436
f 3443/2020/2474 3388/1981/2432 3382/1977/2427
f 3443/2020/2474 3442/2019/2473 3388/1981/2432
f 3444/2021/2475 3382/1977/2427 3376/1973/2423
f 3444/2021/2475 3443/2020/2474 3382/1977/2427
f 3445/2022/2476 3376/1973/2423 3370/1969/2419
f 3445/2022/2476 3444/2021/2475 3376/1973/2423
f 3446/2023/2477 3370/1969/2419 3364/1965/2414
f 3446/2023/2477 3445/2022/2476 3370/1969/2419
f 3447/2024/2478 3364/1965/2414 3358/1961/2409
f 3447/2024/2478 3446/2023/2477 3364/1965/2414
f 3448/2025/2479 3358/1961/2409 3352/1957/2405
f 3448/2025/2479 3447/2024/2478 3358/1961/2409
f 3449/2026/2480 3352/1957/2405 3346/1953/2401
f 3449/2026/2480 3448/2025/2479 3352/1957/2405
f 3450/2027/2481 3346/1953/2401 3342/1950/2398
f 3450/2027/2481 3449/2026/2480 3346/1953/2401
f 3451/2028/2482 3342/1950/2398 3336/1946/2394
f 3451/2028/2482 3450/2027/2481 3342/1950/2398
f 3452/2029/2483 3336/1946/2394 3330/1942/2390
f 3452/2029/2483 3451/2028/2482 3336/1946/2394
f 3453/2030/2484 3330/1942/2390 3324/1938/2386
f 3453/2030/2484 3452/2029/2483 3330/1942/2390
f 3454/2031/2485 3324/1938/2386 3318/1934/2382
f 3454/2031/2485 3453/2030/2484 3324/1938/2386
f 3455/2032/2486 3318/1934/2382 3312/1930/2376
f 3455/2032/2486 3454/2031/2485 3318/1934/2382
f 3456/2033/2487 3312/1930/2376 3306/1926/2372
f 3456/2033/2487 3455/2032/2486 3312/1930/2376
f 3457/2034/2488 3306/1926/2372 3300/1922/2368
f 3457/2034/2488 3456/2033/2487 3306/1926/2372
f 3458/2035/2489 3300/1922/2368 3294/1918/2364
f 3458/2035/2489 3457/2034/2488 3300/1922/2368
f 3459/2036/2490 3294/1918/2364 3291/1916/2361
f 3459/2036/2490 3458/2035/2489 3294/1918/2364
f 3460/2037/2491 3291/1916/2361 3285/1912/2356
f 3460/2037/2491 3459/2036/2490 3291/1916/2361
f 3461/2038/2492 3285/1912/2356 3279/1908/2352
f 3461/2038/2492 3460/2037/2491 3285/1912/2356
f 3462/2039/2493 3279/1908/2352 3273/1904/2346
f 3462/2039/2493 3461/2038/2492 3279/1908/2352
f 3463/2040/2494 3273/1904/2346 3267/1900/2341
f 3463/2040/2494 3462/2039/2493 3273/1904/2346
f 3464/2041/2495 3267/1900/2341 3261/1896/2336
f 3464/2041/2495 3463/2040/2494 3267/1900/2341
f 3465/2042/2496 3261/1896/2336 3255/1892/2332
f 3465/2042/2496 3464/2041/2495 3261/1896/2336
f 3466/2043/2497 3255/1892/2332 3249/1888/2328
f 3466/2043/2497 3465/2042/2496 3255/1892/2332
f 3467/2044/2498 3249/1888/2328 3016/1713/2143
f 3467/2044/2498 3466/2043/2497 3249/1888/2328
f 3025/1717/2147 3467/2044/2498 3016/1713/2143
f 2766/1537/1954 3064/1754/2184 3436/2013/2467
f 3160/1850/2276 3436/2013/2467 3437/2014/2468
f 3160/1850/2276 2766/1537/1954 3436/2013/2467
f 3159/1849/2275 3437/2014/2468 3438/2015/2469
f 3159/1849/2275 3160/1850/2276 3437/2014/2468
f 3156/1846/2273 3438/2015/2469 3439/2016/2470
f 3156/1846/2273 3159/1849/2275 3438/2015/2469
f 3153/1843/2270 3439/2016/2470 3440/2017/2471
f 3153/1843/2270 3156/1846/2273 3439/2016/2470
f 3150/1840/2267 3440/2017/2471 3441/2018/2472
f 3150/1840/2267 3153/1843/2270 3440/2017/2471
f 3147/1837/2264 3441/2018/2472 3442/2019/2473
f 3147/1837/2264 3150/1840/2267 3441/2018/2472
f 3144/1834/2261 3442/2019/2473 3443/2020/2474
f 3144/1834/2261 3147/1837/2264 3442/2019/2473
f 3141/1831/2258 3443/2020/2474 3444/2021/2475
f 3141/1831/2258 3144/1834/2261 3443/2020/2474
f 3138/1828/2255 3444/2021/2475 3445/2022/2476
f 3138/1828/2255 3141/1831/2258 3444/2021/2475
f 3135/1825/2252 3445/2022/2476 3446/2023/2477
f 3135/1825/2252 3138/1828/2255 3445/2022/2476
f 3132/1822/2249 3446/2023/2477 3447/2024/2478
f 3132/1822/2249 3135/1825/2252 3446/2023/2477
f 3129/1819/2246 3447/2024/2478 3448/2025/2479
f 3129/1819/2246 3132/1822/2249 3447/2024/2478
f 3126/1816/2243 3448/2025/2479 3449/2026/2480
f 3126/1816/2243 3129/1819/2246 3448/2025/2479
f 3123/1813/2240 3449/2026/2480 3450/2027/2481
f 3123/1813/2240 3126/1816/2243 3449/2026/2480
f 3120/1810/2237 3450/2027/2481 3451/2028/2482
f 3120/1810/2237 3123/1813/2240 3450/2027/2481
f 3117/1807/2234 3451/2028/2482 3452/2029/2483
f 3117/1807/2234 3120/1810/2237 3451/2028/2482
f 3114/1804/2231 3452/2029/2483 3453/2030/2484
f 3114/1804/2231 3117/1807/2234 3452/2029/2483
f 3111/1801/2229 3453/2030/2484 3454/2031/2485
f 3111/1801/2229 3114/1804/2231 3453/2030/2484
f 3108/1798/2226 3454/2031/2485 3455/2032/2486
f 3108/1798/2226 3111/1801/2229 3454/2031/2485
f 3105/1795/2223 3455/2032/2486 3456/2033/2487
f 3105/1795/2223 3108/1798/2226 3455/2032/2486
f 3102/1792/2221 3456/2033/2487 3457/2034/2488
f 3102/1792/2221 3105/1795/2223 3456/2033/2487
f 3099/1789/2218 3457/2034/2488 3458/2035/2489
f 3099/1789/2218 3102/1792/2221 3457/2034/2488
f 3096/1786/2215 3458/2035/2489 3459/2036/2490
f 3096/1786/2215 3099/1789/2218 3458/2035/2489
f 3093/1783/2212 3459/2036/2490 3460/2037/2491
f 3093/1783/2212 3096/1786/2215 3459/2036/2490
f 3090/1780/2209 3460/2037/2491 3461/2038/2492
f 3090/1780/2209 3093/1783/2212 3460/2037/2491
f 3087/1777/2206 3461/2038/2492 3462/2039/2493
f 3087/1777/2206 3090/1780/2209 3461/2038/2492
f 3084/1774/2203 3462/2039/2493 3463/2040/2494
f 3084/1774/2203 3087/1777/2206 3462/2039/2493
f 3081/1771/2200 3463/2040/2494 3464/2041/2495
f 3081/1771/2200 3084/1774/2203 3463/2040/2494
f 3078/1768/2197 3464/2041/2495 3465/2042/2496
f 3078/1768/2197 3081/1771/2200 3464/2041/2495
f 3075/1765/2194 3465/2042/2496 3466/2043/2497
f 3075/1765/2194 3078/1768/2197 3465/2042/2496
f 3072/1762/2191 3466/2043/2497 3467/2044/2498
f 3072/1762/2191 3075/1765/2194 3466/2043/2497
f 3069/1759/2188 3467/2044/2498 3025/1717/2147
f 3069/1759/2188 3072/1762/2191 3467/2044/2498
f 3065/1755/2185 3069/1759/2188 3025/1717/2147
f 3468/2045/2499 3469/1220/2500 3189/1222/2296
f 3190/1852/2253 3468/2045/2499 3189/1222/2296
f 3468/2045/2499 3470/1218/2294 3469/1220/2500
f 3468/2045/2499 3471/1219/2501 3470/1218/2294
f 3468/2045/2499 3472/1217/2292 3471/1219/2501
f 3473/2046/2502 3474/1216/2503 3472/1217/2292
f 3468/2045/2499 3473/2046/2502 3472/1217/2292
f 3473/2046/2502 3475/1215/2504 3474/1216/2503
f 3473/2046/2502 3476/1214/2505 3475/1215/2504
f 3477/2047/2506 3478/1213/2507 3476/1214/2505
f 3473/2046/2502 3477/2047/2506 3476/1214/2505
f 3477/2047/2506 3479/1212/2508 3478/1213/2507
f 3480/2048/2509 3481/1210/2510 3479/1212/2508
f 3477/2047/2506 3480/2048/2509 3479/1212/2508
f 3480/2048/2509 3482/1211/2511 3481/1210/2510
f 3483/2049/2512 3484/1209/2513 3482/1211/2511
f 3480/2048/2509 3483/2049/2512 3482/1211/2511
f 3483/2049/2512 3485/1208/2514 3484/1209/2513
f 3486/2050/2271 3487/1207/2515 3485/1208/2514
f 3483/2049/2512 3486/2050/2271 3485/1208/2514
f 3486/2050/2271 3488/1205/2516 3487/1207/2515
f 2335/1294/1697 2336/1206/1698 3488/1205/2516
f 3486/2050/2271 2335/1294/1697 3488/1205/2516
f 3489/2051/2517 2762/1293/1760 3490/1294/1697
f 3491/2052/2518 2760/1535/1951 2762/1293/1760
f 3489/2051/2517 3491/2052/2518 2762/1293/1760
f 3492/2053/2519 3490/1294/1697 3493/2050/2271
f 3492/2053/2519 3489/2051/2517 3490/1294/1697
f 3494/2054/2520 3493/2050/2271 3495/2049/2512
f 3494/2054/2520 3492/2053/2519 3493/2050/2271
f 3496/2055/2521 3495/2049/2512 3497/2048/2509
f 3496/2055/2521 3494/2054/2520 3495/2049/2512
f 3498/2056/2522 3497/2048/2509 3499/2047/2523
f 3498/2056/2522 3496/2055/2521 3497/2048/2509
f 3500/2057/2524 3499/2047/2523 3501/2046/2502
f 3500/2057/2524 3498/2056/2522 3499/2047/2523
f 3502/2058/2525 3501/2046/2502 3503/2045/2256
f 3502/2058/2525 3500/2057/2524 3501/2046/2502
f 3504/2059/2526 3503/2045/2256 3505/1852/2253
f 3504/2059/2526 3502/2058/2525 3503/2045/2256
f 3506/2060/2527 3505/1852/2253 3507/1851/2293
f 3506/2060/2527 3504/2059/2526 3505/1852/2253
f 3508/2061/2528 3507/1851/2293 3509/1853/2247
f 3508/2061/2528 3506/2060/2527 3507/1851/2293
f 3510/2062/2529 3509/1853/2247 3511/1854/2244
f 3510/2062/2529 3508/2061/2528 3509/1853/2247
f 3512/2063/2530 3511/1854/2244 3513/1855/2297
f 3512/2063/2530 3510/2062/2529 3511/1854/2244
f 3514/2064/2531 3513/1855/2297 3515/1856/2298
f 3514/2064/2531 3512/2063/2530 3513/1855/2297
f 3516/2065/2532 3515/1856/2298 3517/1857/2235
f 3516/2065/2532 3514/2064/2531 3515/1856/2298
f 3518/2066/2533 3517/1857/2235 3519/1858/2232
f 3518/2066/2533 3516/2065/2532 3517/1857/2235
f 3520/2067/2534 3519/1858/2232 3521/1859/807
f 3520/2067/2534 3518/2066/2533 3519/1858/2232
f 3522/2068/2535 3521/1859/807 3523/1860/2227
f 3522/2068/2535 3520/2067/2534 3521/1859/807
f 3524/2069/2536 3523/1860/2227 3525/1861/2224
f 3524/2069/2536 3522/2068/2535 3523/1860/2227
f 3526/2070/2537 3525/1861/2224 3527/1862/2302
f 3526/2070/2537 3524/2069/2536 3525/1861/2224
f 3528/2071/2538 3527/1862/2302 3529/1863/2303
f 3528/2071/2538 3526/2070/2537 3527/1862/2302
f 3530/2072/2539 3529/1863/2303 3531/1864/2216
f 3530/2072/2539 3528/2071/2538 3529/1863/2303
f 3532/2073/2540 3531/1864/2216 3533/1865/2213
f 3532/2073/2540 3530/2072/2539 3531/1864/2216
f 3534/2074/2541 3533/1865/2213 3535/1866/2304
f 3534/2074/2541 3532/2073/2540 3533/1865/2213
f 3536/2075/2542 3535/1866/2304 3537/1867/2207
f 3536/2075/2542 3534/2074/2541 3535/1866/2304
f 3538/2076/2543 3539/2077/2204 3219/1867/2305
f 3540/2078/2544 3537/1867/2207 3541/2077/2204
f 3542/2079/2311 3538/2076/2543 3219/1867/2305
f 3543/2080/2545 3542/2079/2311 3219/1867/2305
f 3544/2081/2306 3543/2080/2545 3219/1867/2305
f 3221/1868/2306 3544/2081/2306 3219/1867/2305
f 3540/2078/2544 3536/2075/2542 3537/1867/2207
f 3545/2082/2546 3546/2083/2547 3539/2077/2204
f 3547/2084/2548 3541/2077/2204 3548/2083/2547
f 3549/2085/2549 3545/2082/2546 3539/2077/2204
f 3550/2086/2308 3549/2085/2549 3539/2077/2204
f 3538/2076/2543 3550/2086/2308 3539/2077/2204
f 3547/2084/2548 3540/2078/2544 3541/2077/2204
f 3551/2087/2550 3552/2088/2551 3546/2083/2547
f 3553/2089/2552 3548/2083/2547 3554/2088/2551
f 3555/2090/2553 3551/2087/2550 3546/2083/2547
f 3545/2082/2546 3555/2090/2553 3546/2083/2547
f 3553/2089/2552 3547/2084/2548 3548/2083/2547
f 3556/2091/2554 3557/2092/2555 3552/2088/2551
f 3558/2093/2556 3554/2088/2551 3559/2092/2555
f 3560/2094/2557 3556/2091/2554 3552/2088/2551
f 3551/2087/2550 3560/2094/2557 3552/2088/2551
f 3558/2093/2556 3553/2089/2552 3554/2088/2551
f 3561/2095/2558 3562/2096/2559 3557/2092/2555
f 3563/2097/2560 3559/2092/2555 3564/2096/2559
f 3565/2098/2561 3561/2095/2558 3557/2092/2555
f 3556/2091/2554 3565/2098/2561 3557/2092/2555
f 3563/2097/2560 3558/2093/2556 3559/2092/2555
f 3566/2099/2562 3567/2100/2189 3562/2096/2559
f 3568/2101/2563 3564/2096/2559 3569/2100/2189
f 3570/2102/2564 3566/2099/2562 3562/2096/2559
f 3561/2095/2558 3570/2102/2564 3562/2096/2559
f 3568/2101/2563 3563/2097/2560 3564/2096/2559
f 2327/1288/1693 2326/1291/1692 3567/2100/2189
f 3571/2103/2565 3569/2100/2189 3572/1291/1692
f 3573/2104/2566 2327/1288/1693 3567/2100/2189
f 3566/2099/2562 3573/2104/2566 3567/2100/2189
f 3571/2103/2565 3568/2101/2563 3569/2100/2189
f 3574/2105/2567 3572/1291/1692 2668/1290/1689
f 3574/2105/2567 3571/2103/2565 3572/1291/1692
f 2667/1494/1898 3574/2105/2567 2668/1290/1689
f 2322/1285/1567 2318/1288/1688 3575/2104/2568
f 3576/1359/2569 3575/2104/2568 3577/2099/2570
f 3576/1359/2569 2322/1285/1567 3575/2104/2568
f 3578/1357/2571 3577/2099/2570 3579/2102/2572
f 3578/1357/2571 3576/1359/2569 3577/2099/2570
f 3580/1354/2573 3579/2102/2572 3581/2095/2574
f 3580/1354/2573 3578/1357/2571 3579/2102/2572
f 3580/1354/2573 3581/2095/2574 3582/2098/2575
f 3583/1348/2576 3582/2098/2575 3584/2091/2577
f 3583/1348/2576 3580/1354/2573 3582/2098/2575
f 3585/1345/2578 3584/2091/2577 3586/2094/2579
f 3585/1345/2578 3583/1348/2576 3584/2091/2577
f 3587/1336/2580 3586/2094/2579 3588/2087/2581
f 3587/1336/2580 3585/1345/2578 3586/2094/2579
f 3589/1337/2582 3588/2087/2581 3590/2090/2583
f 3589/1337/2582 3587/1336/2580 3588/2087/2581
f 3591/2106/2584 3590/2090/2583 3592/2082/2585
f 3591/2106/2584 3589/1337/2582 3590/2090/2583
f 3593/2107/2586 3592/2082/2585 3594/2085/2587
f 3593/2107/2586 3591/2106/2584 3592/2082/2585
f 3595/2108/2588 3594/2085/2587 3596/2086/2589
f 3595/2108/2588 3593/2107/2586 3594/2085/2587
f 3595/2108/2588 3596/2086/2589 3597/2076/2590
f 3598/2109/2591 3597/2076/2590 3599/2079/2592
f 3598/2109/2591 3595/2108/2588 3597/2076/2590
f 3600/2110/2593 3599/2079/2592 3601/2080/2594
f 3600/2110/2593 3598/2109/2591 3599/2079/2592
f 3600/2110/2593 3601/2080/2594 3602/2081/807
f 3603/2111/807 3604/2081/807 3605/1868/807
f 3600/2110/2593 3602/2081/807 3606/2111/807
f 3607/2112/807 3608/1868/807 3609/1870/2595
f 3603/2111/807 3605/1868/807 3610/2112/807
f 3611/2113/2596 3609/1870/2595 3612/1871/2597
f 3611/2113/2596 3607/2112/807 3609/1870/2595
f 3613/2114/2598 3612/1871/2597 3614/1872/2599
f 3613/2114/2598 3611/2113/2596 3612/1871/2597
f 3613/2114/2598 3614/1872/2599 3615/1869/2600
f 3616/2115/1601 3615/1869/2600 3617/1874/2601
f 3616/2115/1601 3613/2114/2598 3615/1869/2600
f 3618/2116/2602 3617/1874/2601 3619/1875/2603
f 3618/2116/2602 3616/2115/1601 3617/1874/2601
f 3620/2117/2604 3619/1875/2603 3621/1873/2605
f 3620/2117/2604 3618/2116/2602 3619/1875/2603
f 3622/2118/2606 3621/1873/2605 3623/1877/2607
f 3622/2118/2606 3620/2117/2604 3621/1873/2605
f 3624/2119/2397 3623/1877/2607 3625/1876/2608
f 3624/2119/2397 3622/2118/2606 3623/1877/2607
f 3626/2120/2609 3625/1876/2608 3627/1879/2610
f 3626/2120/2609 3624/2119/2397 3625/1876/2608
f 3628/2121/1615 3627/1879/2610 3629/1878/2611
f 3628/2121/1615 3626/2120/2609 3627/1879/2610
f 3628/2121/1615 3629/1878/2611 3630/1881/2612
f 3631/2122/2613 3630/1881/2612 3632/1880/2614
f 3631/2122/2613 3628/2121/1615 3630/1881/2612
f 3633/2123/2615 3632/1880/2614 3634/1883/2616
f 3633/2123/2615 3631/2122/2613 3632/1880/2614
f 3635/2124/2617 3634/1883/2616 3636/1882/2618
f 3635/2124/2617 3633/2123/2615 3634/1883/2616
f 3637/2125/2619 3636/1882/2618 3638/1885/2620
f 3637/2125/2619 3635/2124/2617 3636/1882/2618
f 3637/2125/2619 3638/1885/2620 3639/1884/686
f 2630/1480/686 3640/1884/686 2633/1477/686
f 2630/1480/686 3641/2126/686 3640/1884/686
f 3637/2125/2619 3639/1884/686 3642/2126/686
f 3643/1481/4 3644/2126/4 3645/1480/4
f 3643/1481/4 3646/2125/4 3644/2126/4
f 3647/2127/4 3648/2112/4 3649/2113/4
f 3650/2128/4 3651/2111/4 3648/2112/4
f 3652/2129/4 3650/2128/4 3648/2112/4
f 3647/2127/4 3652/2129/4 3648/2112/4
f 3653/2130/4 3649/2113/4 3654/2114/4
f 3653/2130/4 3647/2127/4 3649/2113/4
f 3655/2131/4 3654/2114/4 3656/2115/4
f 3657/2132/4 3653/2130/4 3654/2114/4
f 3655/2131/4 3657/2132/4 3654/2114/4
f 3658/2133/4 3656/2115/4 3659/2116/4
f 3660/2134/4 3655/2131/4 3656/2115/4
f 3658/2133/4 3660/2134/4 3656/2115/4
f 3661/2135/4 3659/2116/4 3662/2117/4
f 3663/2136/4 3658/2133/4 3659/2116/4
f 3664/2137/4 3663/2136/4 3659/2116/4
f 3665/2138/4 3664/2137/4 3659/2116/4
f 3666/2139/4 3665/2138/4 3659/2116/4
f 3661/2135/4 3666/2139/4 3659/2116/4
f 3667/2140/4 3662/2117/4 3668/2118/4
f 3669/2141/4 3661/2135/4 3662/2117/4
f 3670/2142/4 3669/2141/4 3662/2117/4
f 3671/2143/4 3670/2142/4 3662/2117/4
f 3672/2144/4 3671/2143/4 3662/2117/4
f 3673/2145/4 3672/2144/4 3662/2117/4
f 3674/2146/4 3673/2145/4 3662/2117/4
f 3667/2140/4 3674/2146/4 3662/2117/4
f 3675/1487/4 3668/2118/4 3676/2119/4
f 3675/1487/4 3677/1488/4 3668/2118/4
f 3678/2147/4 3668/2118/4 3677/1488/4
f 3679/2148/4 3667/2140/4 3668/2118/4
f 3680/2149/4 3679/2148/4 3668/2118/4
f 3681/2150/4 3680/2149/4 3668/2118/4
f 3682/2151/4 3681/2150/4 3668/2118/4
f 3678/2147/4 3682/2151/4 3668/2118/4
f 3683/1486/4 3676/2119/4 3684/2120/4
f 3683/1486/4 3675/1487/4 3676/2119/4
f 3685/1485/4 3684/2120/4 3686/2121/4
f 3685/1485/4 3683/1486/4 3684/2120/4
f 3685/1485/4 3686/2121/4 3687/2122/4
f 3688/1484/4 3687/2122/4 3689/2123/4
f 3688/1484/4 3685/1485/4 3687/2122/4
f 3690/1483/4 3689/2123/4 3691/2124/4
f 3690/1483/4 3688/1484/4 3689/2123/4
f 3692/1482/4 3691/2124/4 3646/2125/4
f 3692/1482/4 3690/1483/4 3691/2124/4
f 3643/1481/4 3692/1482/4 3646/2125/4
f 3693/2152/4 3694/2110/4 3651/2111/4
f 3650/2128/4 3693/2152/4 3651/2111/4
f 3695/2153/4 2396/1337/4 3696/2106/4
f 3695/2153/4 2397/1338/4 2396/1337/4
f 3697/2154/4 3696/2106/4 3698/2107/4
f 3699/2155/4 3695/2153/4 3696/2106/4
f 3700/2156/4 3699/2155/4 3696/2106/4
f 3701/2157/4 3700/2156/4 3696/2106/4
f 3702/2158/4 3701/2157/4 3696/2106/4
f 3697/2154/4 3702/2158/4 3696/2106/4
f 3703/2159/4 3698/2107/4 3704/2108/4
f 3705/2160/2621 3697/2154/4 3698/2107/4
f 3706/2161/4 3705/2160/2621 3698/2107/4
f 3707/2162/4 3706/2161/4 3698/2107/4
f 3708/2163/4 3707/2162/4 3698/2107/4
f 3709/2164/4 3708/2163/4 3698/2107/4
f 3703/2159/4 3709/2164/4 3698/2107/4
f 3710/2165/4 3704/2108/4 3711/2109/4
f 3712/2166/4 3703/2159/4 3704/2108/4
f 3713/2167/4 3712/2166/4 3704/2108/4
f 3714/2168/4 3713/2167/4 3704/2108/4
f 3715/2169/4 3714/2168/4 3704/2108/4
f 3710/2165/4 3715/2169/4 3704/2108/4
f 3716/2170/4 3711/2109/4 3694/2110/4
f 3717/2171/4 3710/2165/4 3711/2109/4
f 3716/2170/4 3717/2171/4 3711/2109/4
f 3718/2172/4 3716/2170/4 3694/2110/4
f 3693/2152/4 3718/2172/4 3694/2110/4
f 3719/2173/4 3720/1492/4 2456/1369/4
f 3721/2174/4 3719/2173/4 2456/1369/4
f 2455/1371/4 3721/2174/4 2456/1369/4
f 3722/2175/4 3723/1491/4 3720/1492/4
f 3724/2176/4 3722/2175/4 3720/1492/4
f 3719/2173/4 3724/2176/4 3720/1492/4
f 3725/2177/4 3726/1490/4 3723/1491/4
f 3727/2178/4 3725/2177/4 3723/1491/4
f 3728/2179/4 3727/2178/4 3723/1491/4
f 3729/2180/4 3728/2179/4 3723/1491/4
f 3730/2181/4 3729/2180/4 3723/1491/4
f 3722/2175/4 3730/2181/4 3723/1491/4
f 3731/2182/4 3732/1489/4 3726/1490/4
f 3733/2183/2622 3731/2182/4 3726/1490/4
f 3734/2184/4 3733/2183/2622 3726/1490/4
f 3735/2185/4 3734/2184/4 3726/1490/4
f 3736/2186/4 3735/2185/4 3726/1490/4
f 3737/2187/4 3736/2186/4 3726/1490/4
f 3725/2177/4 3737/2187/4 3726/1490/4
f 3738/2188/4 3677/1488/4 3732/1489/4
f 3739/2189/4 3738/2188/4 3732/1489/4
f 3740/2190/4 3739/2189/4 3732/1489/4
f 3741/2191/4 3740/2190/4 3732/1489/4
f 3742/2192/4 3741/2191/4 3732/1489/4
f 3731/2182/4 3742/2192/4 3732/1489/4
f 3738/2188/4 3678/2147/4 3677/1488/4
f 3743/2193/2623 3744/1304/728 3745/1305/728
f 3746/2194/2624 3747/1371/2625 3748/1304/728
f 3749/2195/2626 3746/2194/2624 3748/1304/728
f 3743/2193/2623 3750/2195/2623 3744/1304/728
f 3751/2193/2626 3752/1305/728 3753/1301/2627
f 3754/2196/2628 3753/1301/2627 3755/1308/2629
f 3756/2197/2630 3753/1301/2627 3754/2196/2628
f 3751/2193/2626 3753/1301/2627 3756/2197/2630
f 3757/2198/2631 3755/1308/2629 3758/1313/2632
f 3754/2196/2628 3755/1308/2629 3757/2198/2631
f 3759/2199/2633 3758/1313/2632 3760/1311/2634
f 3757/2198/2631 3758/1313/2632 3759/2199/2633
f 3761/2200/2635 3760/1311/2634 3762/1317/2636
f 3759/2199/2633 3760/1311/2634 3761/2200/2635
f 3763/2201/2637 3764/1317/2638 3765/1316/2639
f 3766/2202/2640 3761/2200/2635 3762/1317/2636
f 3767/2203/2641 3768/2202/2642 3764/1317/2638
f 3763/2201/2637 3767/2203/2641 3764/1317/2638
f 3769/2204/2643 3765/1316/2639 3770/1321/2644
f 3769/2204/2643 3763/2201/2637 3765/1316/2639
f 3771/2205/2645 3770/1321/2644 3772/1322/2646
f 3771/2205/2645 3769/2204/2643 3770/1321/2644
f 3773/2206/2647 3772/1322/2646 3774/1323/2648
f 3773/2206/2647 3771/2205/2645 3772/1322/2646
f 3775/2207/2649 3774/1323/2648 3776/1324/2650
f 3775/2207/2649 3773/2206/2647 3774/1323/2648
f 3777/2208/2651 3776/1324/2650 3778/1320/2652
f 3777/2208/2651 3775/2207/2649 3776/1324/2650
f 3779/2209/2653 3778/1320/2652 3780/1328/2654
f 3779/2209/2653 3777/2208/2651 3778/1320/2652
f 3781/2210/2655 3780/1328/2654 3782/1329/2656
f 3781/2210/2655 3779/2209/2653 3780/1328/2654
f 3783/2211/2657 3782/1329/2656 3784/1330/2658
f 3783/2211/2657 3781/2210/2655 3782/1329/2656
f 3785/2212/2659 3784/1330/2658 3786/1331/2660
f 3785/2212/2659 3783/2211/2657 3784/1330/2658
f 3787/2213/2661 3786/1331/2660 3788/1332/2662
f 3787/2213/2661 3785/2212/2659 3786/1331/2660
f 3787/2213/2661 3788/1332/2662 3789/1333/686
f 2384/1327/4 3790/2214/4 2391/1333/4
f 3791/2215/686 3792/1333/686 3793/2214/2663
f 3794/2215/686 3787/2213/2661 3789/1333/686
f 2384/1327/4 3795/2216/4 3790/2214/4
f 3796/2217/2664 3793/2214/2663 3797/2216/2665
f 3796/2217/2664 3791/2215/686 3793/2214/2663
f 2384/1327/4 3798/2218/4 3795/2216/4
f 3799/2219/2666 3797/2216/2665 3800/2218/2667
f 3796/2217/2664 3797/2216/2665 3799/2219/2666
f 3801/2220/2668 3802/2218/2669 3803/1327/2670
f 3804/2221/2671 3800/2218/2667 3805/2220/2672
f 3799/2219/2666 3800/2218/2667 3804/2221/2671
f 3806/2222/2673 3803/1327/2670 3807/1339/2674
f 3808/2221/2675 3801/2220/2668 3803/1327/2670
f 3806/2222/2673 3808/2221/2675 3803/1327/2670
f 3809/2223/2676 3807/1339/2674 3810/1340/2677
f 3809/2223/2676 3806/2222/2673 3807/1339/2674
f 3811/2224/2678 3810/1340/2677 3812/1341/2679
f 3811/2224/2678 3809/2223/2676 3810/1340/2677
f 3813/2225/2680 3812/1341/2679 3814/1342/821
f 3813/2225/2680 3811/2224/2678 3812/1341/2679
f 3815/2226/2681 3816/1342/821 3817/1338/821
f 3818/2227/2681 3816/1342/821 3815/2226/2681
f 3813/2225/2680 3814/1342/821 3819/2227/2682
f 3820/2226/2682 3821/1338/821 3822/2153/2683
f 3823/2228/2684 3822/2153/2683 3824/2155/2685
f 3825/2229/2686 3820/2226/2682 3822/2153/2683
f 3823/2228/2684 3825/2229/2686 3822/2153/2683
f 3826/2230/2687 3824/2155/2685 3827/2156/2688
f 3826/2230/2687 3823/2228/2684 3824/2155/2685
f 3828/2231/2689 3827/2156/2688 3829/2157/2690
f 3828/2231/2689 3826/2230/2687 3827/2156/2688
f 3830/2232/4 3831/2233/4 3701/2157/4
f 3832/2234/2691 3829/2157/2690 3833/2233/2692
f 3834/2235/4 3830/2232/4 3701/2157/4
f 3702/2158/4 3834/2235/4 3701/2157/4
f 3832/2234/2691 3828/2231/2689 3829/2157/2690
f 3835/2236/2693 3836/2233/2694 3837/2232/2695
f 3838/2237/2696 3832/2234/2691 3833/2233/2692
f 3839/2238/2697 3840/2237/2698 3836/2233/2694
f 3835/2236/2693 3839/2238/2697 3836/2233/2694
f 3841/2239/2699 3837/2232/2695 3842/2235/2700
f 3841/2239/2699 3835/2236/2693 3837/2232/2695
f 3841/2239/2699 3842/2235/2700 3843/2158/686
f 3844/2240/686 3845/2158/686 3846/2154/2701
f 3847/2240/686 3841/2239/2699 3843/2158/686
f 3848/2241/2702 3846/2154/2701 3849/2160/2703
f 3848/2241/2702 3844/2240/686 3846/2154/2701
f 3850/2242/2666 3849/2160/2703 3851/2161/2704
f 3848/2241/2702 3849/2160/2703 3850/2242/2666
f 3852/2243/2705 3851/2161/2704 3853/2162/2706
f 3850/2242/2666 3851/2161/2704 3852/2243/2705
f 3854/2244/2707 3853/2162/2706 3855/2163/2708
f 3852/2243/2705 3853/2162/2706 3854/2244/2707
f 3856/2245/2709 3855/2163/2708 3857/2164/2710
f 3854/2244/2707 3855/2163/2708 3856/2245/2709
f 3858/2246/2711 3857/2164/2710 3859/2159/2712
f 3856/2245/2709 3857/2164/2710 3858/2246/2711
f 3860/2247/2713 3859/2159/2712 3861/2166/2714
f 3858/2246/2711 3859/2159/2712 3860/2247/2713
f 3862/2248/2715 3861/2166/2714 3863/2167/2716
f 3860/2247/2713 3861/2166/2714 3862/2248/2715
f 3864/2249/2717 3863/2167/2716 3865/2168/2718
f 3862/2248/2715 3863/2167/2716 3864/2249/2717
f 3866/2250/2719 3865/2168/2718 3867/2169/2720
f 3864/2249/2717 3865/2168/2718 3866/2250/2719
f 3868/2251/2721 3867/2169/2720 3869/2165/2722
f 3866/2250/2719 3867/2169/2720 3868/2251/2721
f 3870/2252/2723 3871/2165/2724 3872/2171/2725
f 3873/2253/2726 3869/2165/2722 3874/2252/2727
f 3868/2251/2721 3869/2165/2722 3873/2253/2726
f 3875/2254/2728 3872/2171/2725 3876/2170/2729
f 3877/2253/2730 3870/2252/2723 3872/2171/2725
f 3875/2254/2728 3877/2253/2730 3872/2171/2725
f 3878/2255/2731 3876/2170/2729 3879/2172/2732
f 3878/2255/2731 3875/2254/2728 3876/2170/2729
f 3880/2256/2733 3879/2172/2732 3881/2152/2734
f 3880/2256/2733 3878/2255/2731 3879/2172/2732
f 3882/2257/2735 3881/2152/2734 3883/2128/807
f 3882/2257/2735 3880/2256/2733 3881/2152/2734
f 3884/2258/2736 3885/2128/807 3886/2129/807
f 3887/2259/2736 3885/2128/807 3884/2258/2736
f 3882/2257/2735 3883/2128/807 3888/2259/2737
f 3889/2258/2737 3890/2129/807 3891/2127/2738
f 3892/2260/2739 3891/2127/2738 3893/2130/2740
f 3894/2261/2741 3891/2127/2738 3892/2260/2739
f 3889/2258/2737 3891/2127/2738 3894/2261/2741
f 3895/2262/2742 3893/2130/2740 3896/2132/2743
f 3892/2260/2739 3893/2130/2740 3895/2262/2742
f 3897/2263/2744 3896/2132/2743 3898/2131/2745
f 3895/2262/2742 3896/2132/2743 3897/2263/2744
f 3899/2264/2746 3898/2131/2745 3900/2134/2747
f 3897/2263/2744 3898/2131/2745 3899/2264/2746
f 3901/2265/2748 3902/2134/2749 3903/2133/2750
f 3904/2266/2751 3899/2264/2746 3900/2134/2747
f 3905/2267/2711 3906/2266/2752 3902/2134/2749
f 3901/2265/2748 3905/2267/2711 3902/2134/2749
f 3907/2268/2715 3903/2133/2750 3908/2136/2753
f 3907/2268/2715 3901/2265/2748 3903/2133/2750
f 3909/2269/2754 3908/2136/2753 3910/2137/2755
f 3909/2269/2754 3907/2268/2715 3908/2136/2753
f 3911/2270/2719 3910/2137/2755 3912/2138/2756
f 3911/2270/2719 3909/2269/2754 3910/2137/2755
f 3913/2271/2757 3912/2138/2756 3914/2139/2758
f 3913/2271/2757 3911/2270/2719 3912/2138/2756
f 3915/2272/2759 3914/2139/2758 3916/2135/2760
f 3915/2272/2759 3913/2271/2757 3914/2139/2758
f 3917/2273/2761 3916/2135/2760 3918/2141/2762
f 3917/2273/2761 3915/2272/2759 3916/2135/2760
f 3919/2274/2763 3918/2141/2762 3920/2142/2764
f 3919/2274/2763 3917/2273/2761 3918/2141/2762
f 3921/2275/2765 3920/2142/2764 3922/2143/2766
f 3921/2275/2765 3919/2274/2763 3920/2142/2764
f 3923/2276/2767 3922/2143/2766 3924/2144/2768
f 3923/2276/2767 3921/2275/2765 3922/2143/2766
f 3925/2277/2769 3924/2144/2768 3926/2145/2770
f 3925/2277/2769 3923/2276/2767 3924/2144/2768
f 3925/2277/2769 3926/2145/2770 3927/2146/821
f 3667/2140/4 3928/2278/4 3674/2146/4
f 3929/2279/821 3930/2146/821 3931/2278/2771
f 3932/2279/821 3925/2277/2769 3927/2146/821
f 3667/2140/4 3933/2280/4 3928/2278/4
f 3934/2281/2772 3931/2278/2771 3935/2280/2773
f 3934/2281/2772 3929/2279/821 3931/2278/2771
f 3667/2140/4 3936/2282/4 3933/2280/4
f 3937/2283/2774 3935/2280/2773 3938/2282/2775
f 3934/2281/2772 3935/2280/2773 3937/2283/2774
f 3939/2284/2776 3940/2282/2777 3941/2140/2778
f 3942/2285/2779 3938/2282/2775 3943/2284/2780
f 3937/2283/2774 3938/2282/2775 3942/2285/2779
f 3944/2286/2781 3941/2140/2778 3945/2148/2782
f 3946/2285/2783 3939/2284/2776 3941/2140/2778
f 3944/2286/2781 3946/2285/2783 3941/2140/2778
f 3947/2287/2784 3945/2148/2782 3948/2149/2785
f 3947/2287/2784 3944/2286/2781 3945/2148/2782
f 3949/2288/2786 3948/2149/2785 3950/2150/2787
f 3949/2288/2786 3947/2287/2784 3948/2149/2785
f 3951/2289/2788 3950/2150/2787 3952/2151/686
f 3951/2289/2788 3949/2288/2786 3950/2150/2787
f 3953/2290/2789 3954/2151/686 3955/2147/686
f 3956/2291/2790 3954/2151/686 3953/2290/2789
f 3951/2289/2788 3952/2151/686 3957/2291/2789
f 3958/2290/2789 3959/2147/686 3960/2188/2791
f 3961/2292/2792 3960/2188/2791 3962/2189/2793
f 3963/2293/2794 3958/2290/2789 3960/2188/2791
f 3961/2292/2792 3963/2293/2794 3960/2188/2791
f 3964/2294/2795 3962/2189/2793 3965/2190/2796
f 3964/2294/2795 3961/2292/2792 3962/2189/2793
f 3966/2295/2797 3965/2190/2796 3967/2191/2798
f 3966/2295/2797 3964/2294/2795 3965/2190/2796
f 3968/2296/4 3969/2297/4 3741/2191/4
f 3970/2298/2799 3967/2191/2798 3971/2297/2800
f 3972/2299/4 3968/2296/4 3741/2191/4
f 3742/2192/4 3972/2299/4 3741/2191/4
f 3970/2298/2799 3966/2295/2797 3967/2191/2798
f 3973/2300/2801 3974/2297/2802 3975/2296/2803
f 3976/2301/2804 3970/2298/2799 3971/2297/2800
f 3977/2302/2805 3978/2301/2806 3974/2297/2802
f 3973/2300/2801 3977/2302/2805 3974/2297/2802
f 3979/2303/2807 3975/2296/2803 3980/2299/2808
f 3979/2303/2807 3973/2300/2801 3975/2296/2803
f 3979/2303/2807 3980/2299/2808 3981/2192/821
f 3982/2304/821 3983/2192/821 3984/2182/2809
f 3985/2304/821 3979/2303/2807 3981/2192/821
f 3986/2305/2810 3984/2182/2809 3987/2183/2811
f 3986/2305/2810 3982/2304/821 3984/2182/2809
f 3988/2306/2812 3987/2183/2811 3989/2184/2813
f 3986/2305/2810 3987/2183/2811 3988/2306/2812
f 3990/2307/2814 3989/2184/2813 3991/2185/2815
f 3988/2306/2812 3989/2184/2813 3990/2307/2814
f 3992/2308/2816 3991/2185/2815 3993/2186/2817
f 3990/2307/2814 3991/2185/2815 3992/2308/2816
f 3994/2309/2818 3993/2186/2817 3995/2187/2819
f 3992/2308/2816 3993/2186/2817 3994/2309/2818
f 3996/2310/2641 3995/2187/2819 3997/2177/2820
f 3994/2309/2818 3995/2187/2819 3996/2310/2641
f 3998/2311/2821 3997/2177/2820 3999/2178/2822
f 3996/2310/2641 3997/2177/2820 3998/2311/2821
f 4000/2312/2643 3999/2178/2822 4001/2179/2823
f 3998/2311/2821 3999/2178/2822 4000/2312/2643
f 4002/2313/2824 4001/2179/2823 4003/2180/2825
f 4000/2312/2643 4001/2179/2823 4002/2313/2824
f 4004/2314/2647 4003/2180/2825 4005/2181/2826
f 4002/2313/2824 4003/2180/2825 4004/2314/2647
f 4006/2315/2827 4005/2181/2826 4007/2175/2828
f 4004/2314/2647 4005/2181/2826 4006/2315/2827
f 4008/2316/2829 4009/2175/2830 4010/2176/2831
f 4011/2317/2832 4007/2175/2828 4012/2316/2833
f 4006/2315/2827 4007/2175/2828 4011/2317/2832
f 4013/2318/2834 4010/2176/2831 4014/2173/2835
f 4015/2317/2836 4008/2316/2829 4010/2176/2831
f 4013/2318/2834 4015/2317/2836 4010/2176/2831
f 4016/2319/2837 4014/2173/2835 4017/2174/2838
f 4016/2319/2837 4013/2318/2834 4014/2173/2835
f 4018/2320/2839 4017/2174/2838 3747/1371/2625
f 4018/2320/2839 4016/2319/2837 4017/2174/2838
f 3746/2194/2624 4018/2320/2839 3747/1371/2625
f 4019/2321/2840 3958/2290/2789 3963/2293/2794
f 3956/2291/2790 3953/2290/2789 4020/2321/2840
f 4021/2322/2841 3963/2293/2794 3961/2292/2792
f 4022/2323/2842 4019/2321/2840 3963/2293/2794
f 4021/2322/2841 4022/2323/2842 3963/2293/2794
f 4023/2324/2843 3961/2292/2792 3964/2294/2795
f 4023/2324/2843 4021/2322/2841 3961/2292/2792
f 4024/2325/2844 3964/2294/2795 3966/2295/2797
f 4024/2325/2844 4023/2324/2843 3964/2294/2795
f 4025/2326/2845 3966/2295/2797 3970/2298/2799
f 4025/2326/2845 4024/2325/2844 3966/2295/2797
f 3977/2302/2805 4026/2298/2846 3978/2301/2806
f 4025/2326/2845 3970/2298/2799 4027/2327/2847
f 3977/2302/2805 4028/2327/2848 4026/2298/2846
f 3977/2302/2805 4029/2326/2849 4028/2327/2848
f 4030/2328/2850 4019/2321/2840 4022/2323/2842
f 4031/2329/2840 4020/2321/2840 4032/2328/2850
f 4031/2329/2840 3956/2291/2790 4020/2321/2840
f 4033/2330/2851 4022/2323/2842 4021/2322/2841
f 4034/2331/2852 4030/2328/2850 4022/2323/2842
f 4033/2330/2851 4034/2331/2852 4022/2323/2842
f 4035/2332/2853 4021/2322/2841 4023/2324/2843
f 4035/2332/2853 4033/2330/2851 4021/2322/2841
f 4036/2333/2854 4023/2324/2843 4024/2325/2844
f 4036/2333/2854 4035/2332/2853 4023/2324/2843
f 4037/2334/2855 4024/2325/2844 4025/2326/2845
f 4038/2335/2856 4036/2333/2854 4024/2325/2844
f 4037/2334/2855 4038/2335/2856 4024/2325/2844
f 4037/2334/2855 4025/2326/2845 4039/2336/2857
f 4040/2337/2858 4041/2336/2859 4029/2326/2849
f 3977/2302/2805 4040/2337/2858 4029/2326/2849
f 4040/2337/2858 4042/2334/2860 4041/2336/2859
f 4043/2338/2861 4030/2328/2850 4034/2331/2852
f 4044/2339/2850 4032/2328/2850 4045/2338/2861
f 4044/2339/2850 4031/2329/2840 4032/2328/2850
f 4046/2340/2862 4034/2331/2852 4033/2330/2851
f 4047/2341/2863 4043/2338/2861 4034/2331/2852
f 4046/2340/2862 4047/2341/2863 4034/2331/2852
f 4048/2342/2864 4033/2330/2851 4035/2332/2853
f 4048/2342/2864 4046/2340/2862 4033/2330/2851
f 4049/2343/2865 4035/2332/2853 4036/2333/2854
f 4049/2343/2865 4048/2342/2864 4035/2332/2853
f 4050/2344/2866 4036/2333/2854 4038/2335/2856
f 4051/2345/2867 4036/2333/2854 4050/2344/2866
f 4051/2345/2867 4049/2343/2865 4036/2333/2854
f 4040/2337/2858 4052/2335/2868 4042/2334/2860
f 4053/2346/2761 4054/2344/2869 4052/2335/2868
f 4040/2337/2858 4053/2346/2761 4052/2335/2868
f 4053/2346/2761 4055/2345/2870 4054/2344/2869
f 4056/2347/2871 4043/2338/2861 4047/2341/2863
f 4057/2348/2861 4045/2338/2861 4058/2347/2871
f 4057/2348/2861 4044/2339/2850 4045/2338/2861
f 4059/2349/2872 4047/2341/2863 4046/2340/2862
f 4060/2350/2873 4056/2347/2871 4047/2341/2863
f 4059/2349/2872 4060/2350/2873 4047/2341/2863
f 4061/2351/2874 4046/2340/2862 4048/2342/2864
f 4061/2351/2874 4059/2349/2872 4046/2340/2862
f 4062/2352/2875 4048/2342/2864 4049/2343/2865
f 4062/2352/2875 4061/2351/2874 4048/2342/2864
f 4063/2353/2876 4049/2343/2865 4051/2345/2867
f 4064/2354/2877 4049/2343/2865 4063/2353/2876
f 4064/2354/2877 4062/2352/2875 4049/2343/2865
f 4065/2355/2759 4066/2353/2878 4055/2345/2870
f 4053/2346/2761 4065/2355/2759 4055/2345/2870
f 4065/2355/2759 4067/2354/2879 4066/2353/2878
f 4068/2356/2880 4056/2347/2871 4060/2350/2873
f 4069/2357/2871 4058/2347/2871 4070/2356/2880
f 4069/2357/2871 4057/2348/2861 4058/2347/2871
f 4071/2358/2881 4060/2350/2873 4059/2349/2872
f 4071/2358/2881 4068/2356/2880 4060/2350/2873
f 4072/2359/2882 4059/2349/2872 4061/2351/2874
f 4072/2359/2882 4071/2358/2881 4059/2349/2872
f 4073/2360/2883 4061/2351/2874 4062/2352/2875
f 4073/2360/2883 4072/2359/2882 4061/2351/2874
f 4064/2354/2877 4074/2361/2884 4062/2352/2875
f 4075/2362/2885 4062/2352/2875 4074/2361/2884
f 4075/2362/2885 4073/2360/2883 4062/2352/2875
f 4076/2363/2721 4077/2361/2886 4067/2354/2879
f 4075/2362/2885 4074/2361/2884 4078/2364/2887
f 4076/2363/2721 4079/2364/2888 4077/2361/2886
f 4065/2355/2759 4076/2363/2721 4067/2354/2879
f 4080/2365/2889 4075/2362/2885 4078/2364/2887
f 4076/2363/2721 4081/2365/2890 4079/2364/2888
f 4082/2366/2891 4068/2356/2880 4071/2358/2881
f 4083/2367/2880 4070/2356/2880 4084/2366/2891
f 4083/2367/2880 4069/2357/2871 4070/2356/2880
f 4085/2368/2892 4071/2358/2881 4072/2359/2882
f 4085/2368/2892 4082/2366/2891 4071/2358/2881
f 4086/2369/2893 4072/2359/2882 4073/2360/2883
f 4086/2369/2893 4085/2368/2892 4072/2359/2882
f 4087/2370/2894 4073/2360/2883 4075/2362/2885
f 4087/2370/2894 4086/2369/2893 4073/2360/2883
f 4080/2365/2889 4088/2371/2895 4075/2362/2885
f 4089/2372/2896 4075/2362/2885 4088/2371/2895
f 4089/2372/2896 4087/2370/2894 4075/2362/2885
f 4090/2373/2897 4091/2371/2898 4081/2365/2890
f 4089/2372/2896 4088/2371/2895 4092/2374/2899
f 4093/2375/2754 4094/2374/2900 4091/2371/2898
f 4090/2373/2897 4093/2375/2754 4091/2371/2898
f 4076/2363/2721 4090/2373/2897 4081/2365/2890
f 4095/2376/2901 4089/2372/2896 4092/2374/2899
f 4093/2375/2754 4096/2376/2902 4094/2374/2900
f 4097/2377/2903 4082/2366/2891 4085/2368/2892
f 4098/2378/2891 4084/2366/2891 4099/2377/2903
f 4098/2378/2891 4083/2367/2880 4084/2366/2891
f 4100/2379/2904 4085/2368/2892 4086/2369/2893
f 4101/2380/2905 4097/2377/2903 4085/2368/2892
f 4100/2379/2904 4101/2380/2905 4085/2368/2892
f 4102/2381/2906 4086/2369/2893 4087/2370/2894
f 4102/2381/2906 4100/2379/2904 4086/2369/2893
f 4103/2382/2907 4087/2370/2894 4089/2372/2896
f 4103/2382/2907 4102/2381/2906 4087/2370/2894
f 4104/2383/2908 4105/2384/2909 4089/2372/2896
f 4106/2385/2910 4089/2372/2896 4105/2384/2909
f 4107/2386/2911 4104/2383/2908 4089/2372/2896
f 4095/2376/2901 4107/2386/2911 4089/2372/2896
f 4106/2385/2910 4103/2382/2907 4089/2372/2896
f 4108/2387/2912 4109/2384/2913 4110/2383/2914
f 4106/2385/2910 4105/2384/2909 4111/2388/2915
f 4108/2387/2912 4112/2388/2916 4109/2384/2913
f 4113/2389/2917 4110/2383/2914 4114/2386/2918
f 4113/2389/2917 4108/2387/2912 4110/2383/2914
f 4093/2375/2754 4114/2386/2918 4096/2376/2902
f 4093/2375/2754 4113/2389/2917 4114/2386/2918
f 4115/2390/2919 4106/2385/2910 4111/2388/2915
f 4108/2387/2912 4116/2390/2920 4112/2388/2916
f 4117/2391/2921 4097/2377/2903 4101/2380/2905
f 4118/2392/2903 4099/2377/2903 4119/2391/2921
f 4118/2392/2903 4098/2378/2891 4099/2377/2903
f 4120/2393/2922 4101/2380/2905 4100/2379/2904
f 4120/2393/2922 4117/2391/2921 4101/2380/2905
f 4121/2394/2923 4100/2379/2904 4102/2381/2906
f 4120/2393/2922 4100/2379/2904 4121/2394/2923
f 4122/2395/2924 4102/2381/2906 4103/2382/2907
f 4121/2394/2923 4102/2381/2906 4122/2395/2924
f 4123/2396/2925 4103/2382/2907 4106/2385/2910
f 4122/2395/2924 4103/2382/2907 4123/2396/2925
f 4115/2390/2919 4124/2397/2926 4106/2385/2910
f 4125/2398/2927 4106/2385/2910 4124/2397/2926
f 4123/2396/2925 4106/2385/2910 4125/2398/2927
f 4126/2399/2928 4127/2400/2929 4124/2397/2926
f 4128/2401/2930 4124/2397/2926 4127/2400/2929
f 4129/2402/2931 4126/2399/2928 4124/2397/2926
f 4130/2403/2932 4129/2402/2931 4124/2397/2926
f 4131/2404/2933 4130/2403/2932 4124/2397/2926
f 4115/2390/2919 4131/2404/2933 4124/2397/2926
f 4125/2398/2927 4124/2397/2926 4128/2401/2930
f 4132/2405/2934 4133/2406/2935 4127/2400/2929
f 4134/2407/2936 4127/2400/2929 4133/2406/2935
f 4135/2408/2937 4132/2405/2934 4127/2400/2929
f 4136/2409/2938 4135/2408/2937 4127/2400/2929
f 4126/2399/2928 4136/2409/2938 4127/2400/2929
f 4128/2401/2930 4127/2400/2929 4134/2407/2936
f 4137/2410/2939 4138/2411/2940 4133/2406/2935
f 4139/2412/2941 4133/2406/2935 4138/2411/2940
f 4140/2413/2942 4137/2410/2939 4133/2406/2935
f 4141/2414/2943 4140/2413/2942 4133/2406/2935
f 4132/2405/2934 4141/2414/2943 4133/2406/2935
f 4134/2407/2936 4133/2406/2935 4139/2412/2941
f 4142/2415/2944 4143/2416/2945 4138/2411/2940
f 4144/2417/2946 4138/2411/2940 4143/2416/2945
f 4137/2410/2939 4142/2415/2944 4138/2411/2940
f 4139/2412/2941 4138/2411/2940 4144/2417/2946
f 4145/2418/2947 4146/2419/2948 4143/2416/2945
f 4147/2420/2949 4143/2416/2945 4146/2419/2948
f 4142/2415/2944 4145/2418/2947 4143/2416/2945
f 4144/2417/2946 4143/2416/2945 4147/2420/2949
f 4148/2421/2950 4149/2422/2951 4146/2419/2948
f 4150/2423/2952 4146/2419/2948 4149/2422/2951
f 4145/2418/2947 4148/2421/2950 4146/2419/2948
f 4147/2420/2949 4146/2419/2948 4150/2423/2952
f 4151/2424/2953 4152/2425/2954 4149/2422/2951
f 4153/2426/2955 4149/2422/2951 4152/2425/2954
f 4148/2421/2950 4151/2424/2953 4149/2422/2951
f 4150/2423/2952 4149/2422/2951 4153/2426/2955
f 4154/2427/2956 4155/2428/2957 4152/2425/2954
f 4156/2429/2958 4152/2425/2954 4155/2428/2957
f 4151/2424/2953 4154/2427/2956 4152/2425/2954
f 4153/2426/2955 4152/2425/2954 4156/2429/2958
f 4157/2430/2957 4158/2428/2957 4159/2427/2956
f 4156/2429/2958 4155/2428/2957 4160/2431/2959
f 4161/2432/2959 4162/2431/2959 4158/2428/2957
f 4157/2430/2957 4161/2432/2959 4158/2428/2957
f 4163/2433/2960 4154/2427/2956 4151/2424/2953
f 4164/2434/2956 4159/2427/2956 4165/2433/2960
f 4157/2430/2957 4159/2427/2956 4164/2434/2956
f 4166/2435/2961 4151/2424/2953 4148/2421/2950
f 4167/2436/2962 4163/2433/2960 4151/2424/2953
f 4166/2435/2961 4167/2436/2962 4151/2424/2953
f 4168/2437/2963 4148/2421/2950 4145/2418/2947
f 4168/2437/2963 4166/2435/2961 4148/2421/2950
f 4169/2438/2964 4145/2418/2947 4142/2415/2944
f 4169/2438/2964 4168/2437/2963 4145/2418/2947
f 4170/2439/2965 4142/2415/2944 4137/2410/2939
f 4171/2440/2966 4142/2415/2944 4170/2439/2965
f 4172/2441/2967 4169/2438/2964 4142/2415/2944
f 4173/2442/2968 4172/2441/2967 4142/2415/2944
f 4174/2443/2969 4173/2442/2968 4142/2415/2944
f 4171/2440/2966 4174/2443/2969 4142/2415/2944
f 4175/2444/2702 4176/2410/2970 4177/2413/2971
f 4175/2444/2702 4178/2439/2972 4176/2410/2970
f 4179/2445/2973 4177/2413/2971 4180/2414/2974
f 4179/2445/2973 4175/2444/2702 4177/2413/2971
f 4179/2445/2973 4180/2414/2974 4181/2405/2975
f 4182/2446/2976 4181/2405/2975 4183/2408/2977
f 4182/2446/2976 4179/2445/2973 4181/2405/2975
f 4182/2446/2976 4183/2408/2977 4184/2409/2978
f 4185/2447/2707 4184/2409/2978 4186/2399/2979
f 4185/2447/2707 4182/2446/2976 4184/2409/2978
f 4187/2448/2980 4186/2399/2979 4188/2402/2981
f 4187/2448/2980 4185/2447/2707 4186/2399/2979
f 4187/2448/2980 4188/2402/2981 4189/2403/2982
f 4190/2449/2711 4189/2403/2982 4191/2404/2983
f 4190/2449/2711 4187/2448/2980 4189/2403/2982
f 4190/2449/2711 4191/2404/2983 4116/2390/2920
f 4108/2387/2912 4190/2449/2711 4116/2390/2920
f 4175/2444/2702 4192/2440/2984 4178/2439/2972
f 4193/2450/2985 4163/2433/2960 4167/2436/2962
f 4194/2451/2960 4165/2433/2960 4195/2450/2985
f 4164/2434/2956 4165/2433/2960 4194/2451/2960
f 4196/2452/2986 4167/2436/2962 4166/2435/2961
f 4197/2453/2987 4193/2450/2985 4167/2436/2962
f 4197/2453/2987 4167/2436/2962 4196/2452/2986
f 4198/2454/2988 4166/2435/2961 4168/2437/2963
f 4196/2452/2986 4166/2435/2961 4198/2454/2988
f 4199/2455/2989 4168/2437/2963 4169/2438/2964
f 4198/2454/2988 4168/2437/2963 4199/2455/2989
f 4200/2456/2990 4169/2438/2964 4172/2441/2967
f 4199/2455/2989 4169/2438/2964 4201/2457/2991
f 4202/2458/2992 4201/2457/2991 4169/2438/2964
f 4200/2456/2990 4202/2458/2992 4169/2438/2964
f 4203/2459/2993 4204/2441/2994 4205/2442/2995
f 4203/2459/2993 4206/2456/2996 4204/2441/2994
f 4203/2459/2993 4205/2442/2995 4207/2443/686
f 4208/2460/686 4209/2443/686 4192/2440/2984
f 4203/2459/2993 4207/2443/686 4210/2460/686
f 4175/2444/2702 4208/2460/686 4192/2440/2984
f 4211/2461/2997 4212/2462/4 4213/2463/4
f 4214/2464/2998 4215/2463/4 4216/2462/4
f 4217/2465/2999 4211/2461/2997 4213/2463/4
f 4218/2466/3000 4219/2465/3001 4220/2463/4
f 4221/2464/4 4218/2466/3000 4220/2463/4
f 4211/2461/2997 4222/2467/4 4212/2462/4
f 4223/2468/3002 4216/2462/4 4224/2467/4
f 4223/2468/3002 4214/2464/2998 4216/2462/4
f 4225/2469/3003 4226/2470/4 4222/2467/4
f 4227/2471/4 4224/2467/4 4228/2470/4
f 4211/2461/2997 4225/2469/3003 4222/2467/4
f 4223/2468/3002 4224/2467/4 4227/2471/4
f 4229/2472/3004 4230/2473/4 4226/2470/4
f 4231/2474/4 4228/2470/4 4232/2473/4
f 4225/2469/3003 4229/2472/3004 4226/2470/4
f 4233/2475/4 4228/2470/4 4231/2474/4
f 4227/2471/4 4228/2470/4 4233/2475/4
f 4229/2472/3004 4234/2476/4 4230/2473/4
f 4235/2477/4 4232/2473/4 4236/2476/4
f 4231/2474/4 4232/2473/4 4235/2477/4
f 4237/2478/3005 4238/2479/4 4234/2476/4
f 4239/2480/4 4236/2476/4 4240/2479/4
f 4229/2472/3004 4237/2478/3005 4234/2476/4
f 4235/2477/4 4236/2476/4 4239/2480/4
f 4241/2481/3006 4242/2482/4 4238/2479/4
f 4243/2483/4 4240/2479/4 4244/2482/4
f 4237/2478/3005 4241/2481/3006 4238/2479/4
f 4239/2480/4 4240/2479/4 4243/2483/4
f 4241/2481/3006 4245/2484/4 4242/2482/4
f 4246/2485/4 4244/2482/4 4247/2484/4
f 4243/2483/4 4244/2482/4 4246/2485/4
f 4248/2486/3007 4249/2487/4 4245/2484/4
f 4250/2488/4 4247/2484/4 4251/2487/4
f 4241/2481/3006 4248/2486/3007 4245/2484/4
f 4246/2485/4 4247/2484/4 4250/2488/4
f 4252/2489/3008 4253/2490/4 4249/2487/4
f 4254/2491/4 4251/2487/4 4255/2490/4
f 4248/2486/3007 4252/2489/3008 4249/2487/4
f 4250/2488/4 4251/2487/4 4254/2491/4
f 4256/2492/3009 4257/2493/4 4253/2490/4
f 4258/2494/4 4255/2490/4 4259/2493/4
f 4252/2489/3008 4256/2492/3009 4253/2490/4
f 4254/2491/4 4255/2490/4 4258/2494/4
f 4256/2492/3009 4260/2495/4 4257/2493/4
f 4261/2496/4 4259/2493/4 4262/2495/4
f 4258/2494/4 4259/2493/4 4261/2496/4
f 4263/2497/3010 4264/2498/4 4260/2495/4
f 4265/2499/4 4262/2495/4 4266/2498/4
f 4256/2492/3009 4263/2497/3010 4260/2495/4
f 4261/2496/4 4262/2495/4 4265/2499/4
f 4267/2500/3011 4268/2501/4 4264/2498/4
f 4269/2502/4 4266/2498/4 4270/2501/4
f 4263/2497/3010 4267/2500/3011 4264/2498/4
f 4265/2499/4 4266/2498/4 4269/2502/4
f 4267/2500/3011 4271/2503/4 4268/2501/4
f 4272/2504/4 4270/2501/4 4273/2503/4
f 4269/2502/4 4270/2501/4 4272/2504/4
f 4274/2505/3012 4275/2506/4 4271/2503/4
f 4276/2507/4 4273/2503/4 4277/2506/4
f 4267/2500/3011 4274/2505/3012 4271/2503/4
f 4272/2504/4 4273/2503/4 4276/2507/4
f 4278/2508/3013 4279/2509/4 4275/2506/4
f 4280/2510/4 4277/2506/4 4281/2509/4
f 4274/2505/3012 4278/2508/3013 4275/2506/4
f 4276/2507/4 4277/2506/4 4280/2510/4
f 4278/2508/3013 4282/2511/4 4279/2509/4
f 4280/2510/4 4281/2509/4 4283/2511/4
f 4284/2512/3014 4285/2513/4 4282/2511/4
f 4286/2514/4 4283/2511/4 4287/2513/4
f 4278/2508/3013 4284/2512/3014 4282/2511/4
f 4280/2510/4 4283/2511/4 4286/2514/4
f 4288/2515/3015 4289/2516/4 4285/2513/4
f 4290/2517/4 4287/2513/4 4291/2516/4
f 4284/2512/3014 4288/2515/3015 4285/2513/4
f 4286/2514/4 4287/2513/4 4290/2517/4
f 4292/2518/4 4293/2516/4 4294/2515/3016
f 4290/2517/4 4291/2516/4 4295/2519/4
f 4296/2518/4 4295/2519/4 4291/2516/4
f 4160/2431/2959 4288/2515/3015 4284/2512/3014
f 4297/2520/3017 4294/2515/3016 4162/2431/2959
f 4297/2520/3017 4292/2518/4 4294/2515/3016
f 4156/2429/2958 4284/2512/3014 4278/2508/3013
f 4156/2429/2958 4160/2431/2959 4284/2512/3014
f 4153/2426/2955 4278/2508/3013 4274/2505/3012
f 4153/2426/2955 4156/2429/2958 4278/2508/3013
f 4150/2423/2952 4274/2505/3012 4267/2500/3011
f 4150/2423/2952 4153/2426/2955 4274/2505/3012
f 4147/2420/2949 4267/2500/3011 4263/2497/3010
f 4147/2420/2949 4150/2423/2952 4267/2500/3011
f 4144/2417/2946 4263/2497/3010 4256/2492/3009
f 4144/2417/2946 4147/2420/2949 4263/2497/3010
f 4139/2412/2941 4256/2492/3009 4252/2489/3008
f 4139/2412/2941 4144/2417/2946 4256/2492/3009
f 4134/2407/2936 4252/2489/3008 4248/2486/3007
f 4134/2407/2936 4139/2412/2941 4252/2489/3008
f 4128/2401/2930 4248/2486/3007 4241/2481/3006
f 4128/2401/2930 4134/2407/2936 4248/2486/3007
f 4125/2398/2927 4241/2481/3006 4237/2478/3005
f 4125/2398/2927 4128/2401/2930 4241/2481/3006
f 4123/2396/2925 4237/2478/3005 4229/2472/3004
f 4123/2396/2925 4125/2398/2927 4237/2478/3005
f 4122/2395/2924 4229/2472/3004 4225/2469/3003
f 4122/2395/2924 4123/2396/2925 4229/2472/3004
f 4121/2394/2923 4225/2469/3003 4211/2461/2997
f 4121/2394/2923 4122/2395/2924 4225/2469/3003
f 4120/2393/2922 4211/2461/2997 4217/2465/2999
f 4120/2393/2922 4121/2394/2923 4211/2461/2997
f 4120/2393/2922 4217/2465/2999 4117/2391/2921
f 4298/2521/2921 4119/2391/2921 4219/2465/3001
f 4218/2466/3000 4298/2521/2921 4219/2465/3001
f 4298/2521/2921 4118/2392/2903 4119/2391/2921
f 4161/2432/2959 4297/2520/3017 4162/2431/2959
f 4299/2522/3018 4015/2317/2836 4013/2318/2834
f 4006/2315/2827 4011/2317/2832 4300/2522/3019
f 4301/2523/3020 4013/2318/2834 4016/2319/2837
f 4302/2524/3021 4299/2522/3018 4013/2318/2834
f 4301/2523/3020 4302/2524/3021 4013/2318/2834
f 4303/2525/3022 4016/2319/2837 4018/2320/2839
f 4303/2525/3022 4301/2523/3020 4016/2319/2837
f 4304/2526/3023 4018/2320/2839 3746/2194/2624
f 4304/2526/3023 4303/2525/3022 4018/2320/2839
f 4305/2527/3024 3746/2194/2624 3749/2195/2626
f 4305/2527/3024 4304/2526/3023 3746/2194/2624
f 4305/2527/3024 3749/2195/2626 4306/2528/3025
f 4307/2529/3025 4308/2528/3025 3750/2195/2623
f 3743/2193/2623 4307/2529/3025 3750/2195/2623
f 4309/2530/3026 4305/2527/3024 4306/2528/3025
f 4309/2530/3026 4306/2528/3025 4310/2531/3027
f 4311/2532/3027 4312/2531/3027 4308/2528/3025
f 4307/2529/3025 4311/2532/3027 4308/2528/3025
f 4313/2533/2651 4300/2522/3019 4314/2524/3028
f 4006/2315/2827 4300/2522/3019 4313/2533/2651
f 4315/2534/3029 4302/2524/3021 4301/2523/3020
f 4313/2533/2651 4314/2524/3028 4316/2534/3030
f 4317/2535/3031 4301/2523/3020 4303/2525/3022
f 4318/2536/3032 4315/2534/3029 4301/2523/3020
f 4319/2537/3033 4318/2536/3032 4301/2523/3020
f 4317/2535/3031 4319/2537/3033 4301/2523/3020
f 4320/2538/3034 4303/2525/3022 4304/2526/3023
f 4320/2538/3034 4317/2535/3031 4303/2525/3022
f 4321/2539/3035 4304/2526/3023 4305/2527/3024
f 4321/2539/3035 4320/2538/3034 4304/2526/3023
f 4309/2530/3026 4321/2539/3035 4305/2527/3024
f 4322/2540/3036 4309/2530/3026 4310/2531/3027
f 4322/2540/3036 4310/2531/3027 4323/2541/3037
f 4324/2542/3037 4325/2541/3037 4312/2531/3027
f 4311/2532/3027 4324/2542/3037 4312/2531/3027
f 4326/2543/2653 4316/2534/3030 4327/2536/3038
f 4313/2533/2651 4316/2534/3030 4326/2543/2653
f 4326/2543/2653 4327/2536/3038 4328/2537/3039
f 4329/2544/3040 4319/2537/3033 4317/2535/3031
f 4326/2543/2653 4328/2537/3039 4330/2544/3041
f 4331/2545/3042 4317/2535/3031 4320/2538/3034
f 4332/2546/3043 4329/2544/3040 4317/2535/3031
f 4331/2545/3042 4332/2546/3043 4317/2535/3031
f 4333/2547/3044 4320/2538/3034 4321/2539/3035
f 4333/2547/3044 4331/2545/3042 4320/2538/3034
f 4334/2548/3045 4321/2539/3035 4309/2530/3026
f 4334/2548/3045 4333/2547/3044 4321/2539/3035
f 4322/2540/3036 4334/2548/3045 4309/2530/3026
f 4197/2453/2987 4322/2540/3036 4323/2541/3037
f 4197/2453/2987 4323/2541/3037 4193/2450/2985
f 4335/2549/2985 4195/2450/2985 4325/2541/3037
f 4324/2542/3037 4335/2549/2985 4325/2541/3037
f 4336/2550/3046 4330/2544/3041 4337/2546/3047
f 4326/2543/2653 4330/2544/3041 4336/2550/3046
f 4338/2551/3048 4332/2546/3043 4331/2545/3042
f 4336/2550/3046 4337/2546/3047 4339/2551/3049
f 4199/2455/2989 4331/2545/3042 4333/2547/3044
f 4340/2552/3050 4338/2551/3048 4331/2545/3042
f 4201/2457/2991 4340/2552/3050 4331/2545/3042
f 4199/2455/2989 4201/2457/2991 4331/2545/3042
f 4198/2454/2988 4333/2547/3044 4334/2548/3045
f 4198/2454/2988 4199/2455/2989 4333/2547/3044
f 4196/2452/2986 4334/2548/3045 4322/2540/3036
f 4196/2452/2986 4198/2454/2988 4334/2548/3045
f 4197/2453/2987 4196/2452/2986 4322/2540/3036
f 4335/2549/2985 4194/2451/2960 4195/2450/2985
f 4341/2553/3051 4339/2551/3049 4342/2552/3052
f 4336/2550/3046 4339/2551/3049 4341/2553/3051
f 4341/2553/3051 4342/2552/3052 4343/2457/3053
f 4344/2554/2659 4343/2457/3053 4345/2458/3054
f 4341/2553/3051 4343/2457/3053 4344/2554/2659
f 4344/2554/2659 4345/2458/3054 4206/2456/2996
f 4344/2554/2659 4206/2456/2996 4203/2459/2993
f 4346/2304/4 4347/2460/4 4348/2444/4
f 4349/2305/4 4347/2460/4 4346/2304/4
f 4349/2305/4 4350/2459/4 4347/2460/4
f 4351/2303/4 4348/2444/4 4352/2445/4
f 4346/2304/4 4348/2444/4 4351/2303/4
f 4353/2300/4 4352/2445/4 4354/2446/4
f 4351/2303/4 4352/2445/4 4353/2300/4
f 4355/2302/4 4354/2446/4 4356/2447/4
f 4353/2300/4 4354/2446/4 4355/2302/4
f 4357/2337/4 4356/2447/4 4358/2448/4
f 4355/2302/4 4356/2447/4 4357/2337/4
f 4359/2346/4 4358/2448/4 4360/2449/4
f 4357/2337/4 4358/2448/4 4359/2346/4
f 4361/2355/4 4360/2449/4 4362/2387/4
f 4359/2346/4 4360/2449/4 4361/2355/4
f 4363/2373/4 4362/2387/4 4364/2389/4
f 4365/2363/4 4362/2387/4 4363/2373/4
f 4361/2355/4 4362/2387/4 4365/2363/4
f 4363/2373/4 4364/2389/4 4366/2375/4
f 4367/2306/4 4368/2554/4 4350/2459/4
f 4349/2305/4 4367/2306/4 4350/2459/4
f 4369/2307/4 4370/2553/4 4368/2554/4
f 4367/2306/4 4369/2307/4 4368/2554/4
f 4371/2308/4 4372/2550/4 4370/2553/4
f 4369/2307/4 4371/2308/4 4370/2553/4
f 4373/2309/4 4374/2543/4 4372/2550/4
f 4371/2308/4 4373/2309/4 4372/2550/4
f 4375/2310/4 4376/2533/4 4374/2543/4
f 4373/2309/4 4375/2310/4 4374/2543/4
f 4377/2311/4 4378/2315/4 4376/2533/4
f 4375/2310/4 4377/2311/4 4376/2533/4
f 4377/2311/4 4379/2314/4 4378/2315/4
f 4380/2312/4 4381/2313/4 4379/2314/4
f 4377/2311/4 4380/2312/4 4379/2314/4
f 4382/2555/3055 3957/2291/2789 4383/2329/2840
f 4382/2555/3055 3951/2289/2788 3957/2291/2789
f 4384/2556/3056 4383/2329/2840 4385/2339/2850
f 4384/2556/3056 4382/2555/3055 4383/2329/2840
f 4386/2557/3057 4385/2339/2850 4387/2348/2861
f 4386/2557/3057 4384/2556/3056 4385/2339/2850
f 4388/2558/3058 4387/2348/2861 4389/2357/2871
f 4388/2558/3058 4386/2557/3057 4387/2348/2861
f 4390/2559/3059 4389/2357/2871 4391/2367/2880
f 4390/2559/3059 4388/2558/3058 4389/2357/2871
f 4392/2560/3060 4391/2367/2880 4393/2378/2891
f 4390/2559/3059 4391/2367/2880 4392/2560/3060
f 4394/2561/3061 4393/2378/2891 4395/2392/2903
f 4392/2560/3060 4393/2378/2891 4394/2561/3061
f 4396/2562/3062 4395/2392/2903 4397/2521/2921
f 4394/2561/3061 4395/2392/2903 4396/2562/3062
f 4398/2563/3063 4397/2521/2921 4399/2466/2999
f 4396/2562/3062 4397/2521/2921 4398/2563/3063
f 4400/2468/4 4399/2466/2999 4401/2464/4
f 4398/2563/3063 4399/2466/2999 4400/2468/4
f 4402/2564/3064 4403/2565/3065 4404/2566/3066
f 4405/2567/686 4406/2566/686 4407/2565/3067
f 4408/2568/3068 4402/2564/3064 4404/2566/3066
f 4409/2569/2699 4410/2568/3069 4411/2566/686
f 4409/2569/2699 4411/2566/686 4412/2567/686
f 4402/2564/3064 4413/2570/3070 4403/2565/3065
f 4405/2567/686 4407/2565/3067 4414/2570/3071
f 4402/2564/3064 4415/2571/3072 4413/2570/3070
f 4416/2572/3073 4413/2570/3070 4415/2571/3072
f 4417/2573/3074 4414/2570/3071 4418/2572/3075
f 4417/2573/3074 4405/2567/686 4414/2570/3071
f 4419/2574/3076 4420/2575/3077 4415/2571/3072
f 4421/2576/3078 4415/2571/3072 4420/2575/3077
f 4402/2564/3064 4419/2574/3076 4415/2571/3072
f 4422/2577/3079 4416/2572/3073 4415/2571/3072
f 4423/2578/3080 4422/2577/3079 4415/2571/3072
f 4421/2576/3078 4423/2578/3080 4415/2571/3072
f 4424/2579/3081 4425/2580/3082 4420/2575/3077
f 4426/2581/3083 4420/2575/3077 4425/2580/3082
f 4419/2574/3076 4424/2579/3081 4420/2575/3077
f 4426/2581/3083 4421/2576/3078 4420/2575/3077
f 4427/2582/3084 4428/2583/3085 4425/2580/3082
f 4429/2584/3086 4425/2580/3082 4428/2583/3085
f 4424/2579/3081 4427/2582/3084 4425/2580/3082
f 4429/2584/3086 4426/2581/3083 4425/2580/3082
f 4430/2585/3087 4431/2586/3088 4428/2583/3085
f 4432/2587/3089 4428/2583/3085 4431/2586/3088
f 4427/2582/3084 4430/2585/3087 4428/2583/3085
f 4432/2587/3089 4429/2584/3086 4428/2583/3085
f 4433/2588/3088 4434/2586/3088 4435/2585/3087
f 4436/2589/3090 4432/2587/3089 4431/2586/3088
f 4437/2590/3090 4438/2589/3090 4434/2586/3088
f 4433/2588/3088 4437/2590/3090 4434/2586/3088
f 4439/2591/3091 4430/2585/3087 4427/2582/3084
f 4440/2592/3087 4435/2585/3087 4441/2591/3091
f 4440/2592/3087 4433/2588/3088 4435/2585/3087
f 4442/2593/3092 4427/2582/3084 4424/2579/3081
f 4443/2594/3093 4439/2591/3091 4427/2582/3084
f 4443/2594/3093 4427/2582/3084 4442/2593/3092
f 4444/2595/3094 4424/2579/3081 4419/2574/3076
f 4442/2593/3092 4424/2579/3081 4444/2595/3094
f 4445/2596/3095 4419/2574/3076 4402/2564/3064
f 4444/2595/3094 4419/2574/3076 4445/2596/3095
f 4446/2597/3096 4447/2598/3097 4402/2564/3064
f 4448/2599/3098 4402/2564/3064 4447/2598/3097
f 4408/2568/3068 4446/2597/3096 4402/2564/3064
f 4445/2596/3095 4402/2564/3064 4448/2599/3098
f 4449/2600/2659 4450/2598/3099 4451/2597/3100
f 4452/2601/3101 4448/2599/3098 4447/2598/3097
f 4449/2600/2659 4453/2601/3102 4450/2598/3099
f 4409/2569/2699 4451/2597/3100 4410/2568/3069
f 4449/2600/2659 4451/2597/3100 4409/2569/2699
f 4417/2573/3074 4418/2572/3075 4454/2577/3103
f 4455/2602/3104 4454/2577/3103 4456/2578/3105
f 4455/2602/3104 4417/2573/3074 4454/2577/3103
f 4457/2603/3106 4423/2578/3080 4421/2576/3078
f 4455/2602/3104 4456/2578/3105 4458/2603/2672
f 4459/2604/3107 4421/2576/3078 4426/2581/3083
f 4460/2605/3108 4457/2603/3106 4421/2576/3078
f 4459/2604/3107 4460/2605/3108 4421/2576/3078
f 4461/2606/3109 4426/2581/3083 4429/2584/3086
f 4461/2606/3109 4459/2604/3107 4426/2581/3083
f 4462/2607/3110 4429/2584/3086 4432/2587/3089
f 4462/2607/3110 4461/2606/3109 4429/2584/3086
f 4462/2607/3110 4432/2587/3089 4436/2589/3090
f 4463/2608/3111 4462/2607/3110 4436/2589/3090
f 4464/2609/3111 4465/2608/3111 4438/2589/3090
f 4437/2590/3090 4464/2609/3111 4438/2589/3090
f 4460/2605/3108 4466/2610/3112 4457/2603/3106
f 4467/2611/3113 4458/2603/2672 4468/2610/3114
f 4467/2611/3113 4455/2602/3104 4458/2603/2672
f 4460/2605/3108 4469/2612/3115 4466/2610/3112
f 4467/2611/3113 4468/2610/3114 4470/2612/3116
f 4471/2613/3117 4469/2612/3115 4460/2605/3108
f 4471/2613/3117 4472/2614/3118 4469/2612/3115
f 4473/2615/3119 4470/2612/3116 4474/2614/3120
f 4473/2615/3119 4467/2611/3113 4470/2612/3116
f 4475/2616/3121 4460/2605/3108 4459/2604/3107
f 4475/2616/3121 4471/2613/3117 4460/2605/3108
f 4476/2617/3122 4459/2604/3107 4461/2606/3109
f 4476/2617/3122 4475/2616/3121 4459/2604/3107
f 4477/2618/3123 4461/2606/3109 4462/2607/3110
f 4477/2618/3123 4476/2617/3122 4461/2606/3109
f 4477/2618/3123 4462/2607/3110 4463/2608/3111
f 4478/2619/3124 4477/2618/3123 4463/2608/3111
f 4479/2620/3124 4480/2619/3124 4465/2608/3111
f 4464/2609/3111 4479/2620/3124 4465/2608/3111
f 4471/2613/3117 4481/2621/3125 4472/2614/3118
f 4473/2615/3119 4474/2614/3120 4482/2621/3126
f 4483/2622/3127 4481/2621/3125 4471/2613/3117
f 4483/2622/3127 4484/2623/3128 4481/2621/3125
f 4473/2615/3119 4482/2621/3126 4485/2623/3129
f 4486/2624/3130 4471/2613/3117 4475/2616/3121
f 4486/2624/3130 4483/2622/3127 4471/2613/3117
f 4487/2625/3131 4475/2616/3121 4476/2617/3122
f 4487/2625/3131 4486/2624/3130 4475/2616/3121
f 4488/2626/3132 4476/2617/3122 4477/2618/3123
f 4488/2626/3132 4487/2625/3131 4476/2617/3122
f 4488/2626/3132 4477/2618/3123 4478/2619/3124
f 4489/2627/3133 4488/2626/3132 4478/2619/3124
f 4490/2628/3133 4491/2627/3133 4480/2619/3124
f 4479/2620/3124 4490/2628/3133 4480/2619/3124
f 4492/2629/3134 4493/2630/3135 4484/2623/3128
f 4494/2631/2709 4485/2623/3129 4495/2630/3136
f 4483/2622/3127 4492/2629/3134 4484/2623/3128
f 4494/2631/2709 4473/2615/3119 4485/2623/3129
f 4494/2631/2709 4495/2630/3136 4496/2629/3137
f 3897/2263/2744 4492/2629/3134 4483/2622/3127
f 3899/2264/2746 4497/2632/3138 4492/2629/3134
f 3905/2267/2711 4496/2629/3137 4498/2632/3139
f 3897/2263/2744 3899/2264/2746 4492/2629/3134
f 3905/2267/2711 4494/2631/2709 4496/2629/3137
f 3895/2262/2742 4483/2622/3127 4486/2624/3130
f 3895/2262/2742 3897/2263/2744 4483/2622/3127
f 3892/2260/2739 4486/2624/3130 4487/2625/3131
f 3892/2260/2739 3895/2262/2742 4486/2624/3130
f 3894/2261/2741 4487/2625/3131 4488/2626/3132
f 3894/2261/2741 3892/2260/2739 4487/2625/3131
f 3894/2261/2741 4488/2626/3132 4489/2627/3133
f 3889/2258/2737 3894/2261/2741 4489/2627/3133
f 3887/2259/2736 3884/2258/2736 4491/2627/3133
f 4490/2628/3133 3887/2259/2736 4491/2627/3133
f 3905/2267/2711 4498/2632/3139 4499/2264/3140
f 3905/2267/2711 4499/2264/3140 3906/2266/2752
f 4500/2633/3141 4501/2517/4 4502/2519/4
f 4503/2634/3142 4500/2633/3141 4502/2519/4
f 4504/2635/3143 4505/2634/3144 4506/2519/4
f 4507/2636/4 4504/2635/3143 4506/2519/4
f 4296/2518/4 4508/2636/4 4295/2519/4
f 4500/2633/3141 4509/2514/4 4501/2517/4
f 4510/2637/3145 4511/2510/4 4509/2514/4
f 4500/2633/3141 4510/2637/3145 4509/2514/4
f 4512/2638/3146 4513/2507/4 4511/2510/4
f 4510/2637/3145 4512/2638/3146 4511/2510/4
f 4512/2638/3146 4514/2504/4 4513/2507/4
f 4515/2639/3147 4516/2502/4 4514/2504/4
f 4512/2638/3146 4515/2639/3147 4514/2504/4
f 4517/2640/3148 4518/2499/4 4516/2502/4
f 4515/2639/3147 4517/2640/3148 4516/2502/4
f 4517/2640/3148 4519/2496/4 4518/2499/4
f 4520/2641/3149 4521/2494/4 4519/2496/4
f 4517/2640/3148 4520/2641/3149 4519/2496/4
f 4522/2642/3150 4523/2491/4 4521/2494/4
f 4520/2641/3149 4522/2642/3150 4521/2494/4
f 4524/2643/3151 4525/2488/4 4523/2491/4
f 4522/2642/3150 4524/2643/3151 4523/2491/4
f 4524/2643/3151 4526/2485/4 4525/2488/4
f 4527/2644/3152 4528/2483/4 4526/2485/4
f 4524/2643/3151 4527/2644/3152 4526/2485/4
f 4529/2645/3153 4530/2480/4 4528/2483/4
f 4527/2644/3152 4529/2645/3153 4528/2483/4
f 4529/2645/3153 4531/2477/4 4530/2480/4
f 4532/2646/3154 4533/2474/4 4531/2477/4
f 4529/2645/3153 4532/2646/3154 4531/2477/4
f 4534/2647/3155 4535/2475/4 4533/2474/4
f 4532/2646/3154 4534/2647/3155 4533/2474/4
f 4534/2647/3155 4536/2471/4 4535/2475/4
f 4398/2563/3063 4400/2468/4 4536/2471/4
f 4534/2647/3155 4398/2563/3063 4536/2471/4
f 4396/2562/3062 4398/2563/3063 4534/2647/3155
f 4537/2648/3156 4534/2647/3155 4532/2646/3154
f 4537/2648/3156 4396/2562/3062 4534/2647/3155
f 4538/2649/3157 4532/2646/3154 4529/2645/3153
f 4538/2649/3157 4537/2648/3156 4532/2646/3154
f 4539/2650/3158 4529/2645/3153 4527/2644/3152
f 4539/2650/3158 4538/2649/3157 4529/2645/3153
f 4540/2651/3159 4527/2644/3152 4524/2643/3151
f 4540/2651/3159 4539/2650/3158 4527/2644/3152
f 4541/2652/3160 4524/2643/3151 4522/2642/3150
f 4541/2652/3160 4540/2651/3159 4524/2643/3151
f 4542/2653/3161 4522/2642/3150 4520/2641/3149
f 4542/2653/3161 4541/2652/3160 4522/2642/3150
f 4543/2654/3162 4520/2641/3149 4517/2640/3148
f 4543/2654/3162 4542/2653/3161 4520/2641/3149
f 4544/2655/3163 4517/2640/3148 4515/2639/3147
f 4544/2655/3163 4543/2654/3162 4517/2640/3148
f 4545/2656/3164 4515/2639/3147 4512/2638/3146
f 4545/2656/3164 4544/2655/3163 4515/2639/3147
f 4546/2657/3165 4512/2638/3146 4510/2637/3145
f 4546/2657/3165 4545/2656/3164 4512/2638/3146
f 4547/2658/3166 4510/2637/3145 4500/2633/3141
f 4547/2658/3166 4546/2657/3165 4510/2637/3145
f 4548/2659/3167 4500/2633/3141 4503/2634/3142
f 4548/2659/3167 4547/2658/3166 4500/2633/3141
f 4548/2659/3167 4503/2634/3142 4549/2660/3168
f 4550/2661/3168 4551/2660/3168 4505/2634/3144
f 4504/2635/3143 4550/2661/3168 4505/2634/3144
f 4443/2594/3093 4548/2659/3167 4549/2660/3168
f 4443/2594/3093 4549/2660/3168 4439/2591/3091
f 4552/2662/3091 4441/2591/3091 4551/2660/3168
f 4550/2661/3168 4552/2662/3091 4551/2660/3168
f 4394/2561/3061 4396/2562/3062 4537/2648/3156
f 4553/2663/3169 4537/2648/3156 4538/2649/3157
f 4553/2663/3169 4394/2561/3061 4537/2648/3156
f 4554/2664/3170 4538/2649/3157 4539/2650/3158
f 4554/2664/3170 4553/2663/3169 4538/2649/3157
f 4555/2665/3171 4539/2650/3158 4540/2651/3159
f 4555/2665/3171 4554/2664/3170 4539/2650/3158
f 4556/2666/3172 4540/2651/3159 4541/2652/3160
f 4556/2666/3172 4555/2665/3171 4540/2651/3159
f 4557/2667/3173 4541/2652/3160 4542/2653/3161
f 4557/2667/3173 4556/2666/3172 4541/2652/3160
f 4558/2668/3174 4542/2653/3161 4543/2654/3162
f 4558/2668/3174 4557/2667/3173 4542/2653/3161
f 4559/2669/3175 4543/2654/3162 4544/2655/3163
f 4559/2669/3175 4558/2668/3174 4543/2654/3162
f 4448/2599/3098 4544/2655/3163 4545/2656/3164
f 4448/2599/3098 4559/2669/3175 4544/2655/3163
f 4445/2596/3095 4545/2656/3164 4546/2657/3165
f 4445/2596/3095 4448/2599/3098 4545/2656/3164
f 4444/2595/3094 4546/2657/3165 4547/2658/3166
f 4444/2595/3094 4445/2596/3095 4546/2657/3165
f 4442/2593/3092 4547/2658/3166 4548/2659/3167
f 4442/2593/3092 4444/2595/3094 4547/2658/3166
f 4443/2594/3093 4442/2593/3092 4548/2659/3167
f 4552/2662/3091 4440/2592/3087 4441/2591/3091
f 4392/2560/3060 4394/2561/3061 4553/2663/3169
f 4560/2670/3176 4553/2663/3169 4554/2664/3170
f 4560/2670/3176 4392/2560/3060 4553/2663/3169
f 4561/2671/3177 4554/2664/3170 4555/2665/3171
f 4561/2671/3177 4560/2670/3176 4554/2664/3170
f 4562/2672/3178 4555/2665/3171 4556/2666/3172
f 4562/2672/3178 4561/2671/3177 4555/2665/3171
f 4563/2673/3179 4556/2666/3172 4557/2667/3173
f 4563/2673/3179 4562/2672/3178 4556/2666/3172
f 4564/2674/3180 4557/2667/3173 4558/2668/3174
f 4565/2675/3181 4563/2673/3179 4557/2667/3173
f 4566/2676/3182 4565/2675/3181 4557/2667/3173
f 4564/2674/3180 4566/2676/3182 4557/2667/3173
f 4567/2677/3183 4558/2668/3174 4559/2669/3175
f 4568/2678/3184 4564/2674/3180 4558/2668/3174
f 4569/2679/3185 4568/2678/3184 4558/2668/3174
f 4570/2680/3186 4569/2679/3185 4558/2668/3174
f 4567/2677/3183 4570/2680/3186 4558/2668/3174
f 4571/2681/3187 4559/2669/3175 4448/2599/3098
f 4572/2682/3188 4567/2677/3183 4559/2669/3175
f 4573/2683/3189 4572/2682/3188 4559/2669/3175
f 4571/2681/3187 4573/2683/3189 4559/2669/3175
f 4452/2601/3101 4571/2681/3187 4448/2599/3098
f 4574/2684/3190 4392/2560/3060 4560/2670/3176
f 4390/2559/3059 4392/2560/3060 4574/2684/3190
f 4575/2685/3191 4560/2670/3176 4561/2671/3177
f 4574/2684/3190 4560/2670/3176 4575/2685/3191
f 4576/2686/3192 4561/2671/3177 4562/2672/3178
f 4575/2685/3191 4561/2671/3177 4576/2686/3192
f 4577/2687/3193 4562/2672/3178 4563/2673/3179
f 4576/2686/3192 4562/2672/3178 4578/2688/3194
f 4579/2689/3195 4578/2688/3194 4562/2672/3178
f 4580/2690/3196 4579/2689/3195 4562/2672/3178
f 4581/2691/3197 4580/2690/3196 4562/2672/3178
f 4577/2687/3193 4581/2691/3197 4562/2672/3178
f 4582/2692/3198 4583/2673/3199 4584/2675/3200
f 4582/2692/3198 4585/2687/3201 4583/2673/3199
f 4586/2693/2827 4584/2675/3200 4587/2676/3202
f 4582/2692/3198 4584/2675/3200 4586/2693/2827
f 4586/2693/2827 4587/2676/3202 4588/2674/3203
f 4589/2694/3204 4588/2674/3203 4590/2678/3205
f 4586/2693/2827 4588/2674/3203 4589/2694/3204
f 4589/2694/3204 4590/2678/3205 4591/2679/3206
f 4592/2695/3207 4591/2679/3206 4593/2680/3208
f 4589/2694/3204 4591/2679/3206 4592/2695/3207
f 4592/2695/3207 4593/2680/3208 4594/2677/3209
f 4595/2696/3210 4594/2677/3209 4596/2682/3211
f 4592/2695/3207 4594/2677/3209 4595/2696/3210
f 4597/2697/2657 4596/2682/3211 4598/2683/3212
f 4595/2696/3210 4596/2682/3211 4597/2697/2657
f 4597/2697/2657 4598/2683/3212 4599/2681/3213
f 4449/2600/2659 4599/2681/3213 4453/2601/3102
f 4597/2697/2657 4599/2681/3213 4449/2600/2659
f 4600/2698/3214 3946/2285/2783 3944/2286/2781
f 3937/2283/2774 3942/2285/2779 4601/2698/3215
f 4602/2699/3216 3944/2286/2781 3947/2287/2784
f 4603/2700/3217 4600/2698/3214 3944/2286/2781
f 4602/2699/3216 4603/2700/3217 3944/2286/2781
f 4604/2701/3218 3947/2287/2784 3949/2288/2786
f 4604/2701/3218 4602/2699/3216 3947/2287/2784
f 4605/2702/3219 3949/2288/2786 3951/2289/2788
f 4605/2702/3219 4604/2701/3218 3949/2288/2786
f 4382/2555/3055 4605/2702/3219 3951/2289/2788
f 4606/2703/3220 4601/2698/3215 4607/2700/3221
f 3937/2283/2774 4601/2698/3215 4606/2703/3220
f 4608/2704/3222 4603/2700/3217 4602/2699/3216
f 4606/2703/3220 4607/2700/3221 4609/2704/3223
f 4610/2705/3224 4602/2699/3216 4604/2701/3218
f 4611/2706/3225 4608/2704/3222 4602/2699/3216
f 4612/2707/3226 4611/2706/3225 4602/2699/3216
f 4610/2705/3224 4612/2707/3226 4602/2699/3216
f 4613/2708/3227 4604/2701/3218 4605/2702/3219
f 4613/2708/3227 4610/2705/3224 4604/2701/3218
f 4614/2709/3228 4605/2702/3219 4382/2555/3055
f 4614/2709/3228 4613/2708/3227 4605/2702/3219
f 4384/2556/3056 4614/2709/3228 4382/2555/3055
f 4606/2703/3220 4609/2704/3223 4615/2706/3229
f 4616/2710/3230 4615/2706/3229 4617/2707/3231
f 4606/2703/3220 4615/2706/3229 4616/2710/3230
f 4618/2711/3232 4612/2707/3226 4610/2705/3224
f 4616/2710/3230 4617/2707/3231 4619/2711/3233
f 4620/2712/3234 4610/2705/3224 4613/2708/3227
f 4621/2713/3235 4618/2711/3232 4610/2705/3224
f 4620/2712/3234 4621/2713/3235 4610/2705/3224
f 4622/2714/3236 4613/2708/3227 4614/2709/3228
f 4622/2714/3236 4620/2712/3234 4613/2708/3227
f 4623/2715/3237 4614/2709/3228 4384/2556/3056
f 4623/2715/3237 4622/2714/3236 4614/2709/3228
f 4386/2557/3057 4623/2715/3237 4384/2556/3056
f 4624/2716/3238 4619/2711/3233 4625/2713/3239
f 4616/2710/3230 4619/2711/3233 4624/2716/3238
f 4626/2717/3240 4621/2713/3235 4620/2712/3234
f 4624/2716/3238 4625/2713/3239 4627/2717/3241
f 4628/2718/3242 4620/2712/3234 4622/2714/3236
f 4629/2719/3243 4626/2717/3240 4620/2712/3234
f 4630/2720/3244 4629/2719/3243 4620/2712/3234
f 4628/2718/3242 4630/2720/3244 4620/2712/3234
f 4631/2721/3245 4622/2714/3236 4623/2715/3237
f 4631/2721/3245 4628/2718/3242 4622/2714/3236
f 4632/2722/3246 4623/2715/3237 4386/2557/3057
f 4632/2722/3246 4631/2721/3245 4623/2715/3237
f 4388/2558/3058 4632/2722/3246 4386/2557/3057
f 4633/2723/2641 4627/2717/3241 4634/2719/3247
f 4624/2716/3238 4627/2717/3241 4633/2723/2641
f 4633/2723/2641 4634/2719/3247 4635/2720/3248
f 4576/2686/3192 4630/2720/3244 4628/2718/3242
f 4576/2686/3192 4636/2724/3249 4630/2720/3244
f 4633/2723/2641 4635/2720/3248 4637/2724/3250
f 4575/2685/3191 4628/2718/3242 4631/2721/3245
f 4575/2685/3191 4576/2686/3192 4628/2718/3242
f 4574/2684/3190 4631/2721/3245 4632/2722/3246
f 4574/2684/3190 4575/2685/3191 4631/2721/3245
f 4390/2559/3059 4632/2722/3246 4388/2558/3058
f 4390/2559/3059 4574/2684/3190 4632/2722/3246
f 4576/2686/3192 4638/2725/3251 4636/2724/3249
f 4639/2726/3252 4637/2724/3250 4640/2725/3253
f 4633/2723/2641 4637/2724/3250 4639/2726/3252
f 4576/2686/3192 4641/2727/3254 4638/2725/3251
f 4642/2728/3255 4640/2725/3253 4643/2727/3256
f 4639/2726/3252 4640/2725/3253 4642/2728/3255
f 4576/2686/3192 4578/2688/3194 4641/2727/3254
f 4642/2728/3255 4643/2727/3256 4644/2688/3257
f 4642/2728/3255 4644/2688/3257 4645/2689/3258
f 4646/2729/2645 4645/2689/3258 4647/2690/3259
f 4642/2728/3255 4645/2689/3258 4646/2729/2645
f 4646/2729/2645 4647/2690/3259 4648/2691/3260
f 4582/2692/3198 4648/2691/3260 4585/2687/3201
f 4646/2729/2645 4648/2691/3260 4582/2692/3198
f 4649/2279/4 4650/2567/4 4651/2573/4
f 4652/2281/4 4650/2567/4 4649/2279/4
f 4652/2281/4 4653/2569/4 4650/2567/4
f 4654/2277/4 4651/2573/4 4655/2602/4
f 4649/2279/4 4651/2573/4 4654/2277/4
f 4656/2276/4 4655/2602/4 4657/2611/4
f 4654/2277/4 4655/2602/4 4656/2276/4
f 4658/2275/4 4657/2611/4 4659/2615/4
f 4656/2276/4 4657/2611/4 4658/2275/4
f 4660/2274/4 4659/2615/4 4661/2631/4
f 4658/2275/4 4659/2615/4 4660/2274/4
f 4662/2273/4 4661/2631/4 4663/2267/4
f 4660/2274/4 4661/2631/4 4662/2273/4
f 4664/2272/4 4663/2267/4 4665/2265/4
f 4662/2273/4 4663/2267/4 4664/2272/4
f 4666/2270/4 4665/2265/4 4667/2268/4
f 4668/2271/4 4665/2265/4 4666/2270/4
f 4664/2272/4 4665/2265/4 4668/2271/4
f 4666/2270/4 4667/2268/4 4669/2269/4
f 4670/2283/4 4671/2600/4 4653/2569/4
f 4652/2281/4 4670/2283/4 4653/2569/4
f 4672/2703/4 4673/2697/4 4671/2600/4
f 4670/2283/4 4672/2703/4 4671/2600/4
f 4674/2710/4 4675/2696/4 4673/2697/4
f 4672/2703/4 4674/2710/4 4673/2697/4
f 4676/2716/4 4677/2695/4 4675/2696/4
f 4674/2710/4 4676/2716/4 4675/2696/4
f 4678/2723/4 4679/2694/4 4677/2695/4
f 4676/2716/4 4678/2723/4 4677/2695/4
f 4680/2726/4 4681/2693/4 4679/2694/4
f 4678/2723/4 4680/2726/4 4679/2694/4
f 4680/2726/4 4682/2692/4 4681/2693/4
f 4683/2728/4 4684/2729/4 4682/2692/4
f 4680/2726/4 4683/2728/4 4682/2692/4
f 4685/2730/3261 3888/2259/2737 4686/2628/3133
f 4685/2730/3261 3882/2257/2735 3888/2259/2737
f 4687/2731/3262 4686/2628/3133 4688/2620/3124
f 4687/2731/3262 4685/2730/3261 4686/2628/3133
f 4689/2732/3263 4688/2620/3124 4690/2609/3111
f 4689/2732/3263 4687/2731/3262 4688/2620/3124
f 4691/2733/3264 4690/2609/3111 4692/2590/3090
f 4691/2733/3264 4689/2732/3263 4690/2609/3111
f 4693/2734/3265 4692/2590/3090 4694/2588/3088
f 4691/2733/3264 4692/2590/3090 4693/2734/3265
f 4695/2735/3266 4694/2588/3088 4696/2592/3087
f 4693/2734/3265 4694/2588/3088 4695/2735/3266
f 4697/2736/3267 4696/2592/3087 4698/2662/3091
f 4695/2735/3266 4696/2592/3087 4697/2736/3267
f 4699/2737/3268 4698/2662/3091 4700/2661/3168
f 4699/2737/3268 4697/2736/3267 4698/2662/3091
f 4701/2738/3269 4700/2661/3168 4702/2635/3142
f 4699/2737/3268 4700/2661/3168 4701/2738/3269
f 4703/2739/4 4702/2635/3142 4704/2636/4
f 4701/2738/3269 4702/2635/3142 4703/2739/4
f 4705/2740/4 4706/2739/4 4508/2636/4
f 4705/2740/4 4508/2636/4 4296/2518/4
f 4707/2741/3270 3820/2226/2682 3825/2229/2686
f 3818/2227/2681 3815/2226/2681 4708/2741/3270
f 4709/2742/3271 3825/2229/2686 3823/2228/2684
f 4710/2743/3272 4707/2741/3270 3825/2229/2686
f 4709/2742/3271 4710/2743/3272 3825/2229/2686
f 4711/2744/3273 3823/2228/2684 3826/2230/2687
f 4711/2744/3273 4709/2742/3271 3823/2228/2684
f 4712/2745/3274 3826/2230/2687 3828/2231/2689
f 4712/2745/3274 4711/2744/3273 3826/2230/2687
f 4713/2746/3275 3828/2231/2689 3832/2234/2691
f 4713/2746/3275 4712/2745/3274 3828/2231/2689
f 3839/2238/2697 4714/2234/3276 3840/2237/2698
f 4713/2746/3275 3832/2234/2691 4715/2747/3277
f 3839/2238/2697 4716/2747/3278 4714/2234/3276
f 3839/2238/2697 4717/2746/3279 4716/2747/3278
f 4718/2748/3280 4707/2741/3270 4710/2743/3272
f 4719/2749/3270 4708/2741/3270 4720/2748/3280
f 4719/2749/3270 3818/2227/2681 4708/2741/3270
f 4721/2750/3281 4710/2743/3272 4709/2742/3271
f 4722/2751/3282 4718/2748/3280 4710/2743/3272
f 4721/2750/3281 4722/2751/3282 4710/2743/3272
f 4723/2752/3283 4709/2742/3271 4711/2744/3273
f 4723/2752/3283 4721/2750/3281 4709/2742/3271
f 4724/2753/3284 4711/2744/3273 4712/2745/3274
f 4724/2753/3284 4723/2752/3283 4711/2744/3273
f 4725/2754/3285 4712/2745/3274 4713/2746/3275
f 4726/2755/3286 4724/2753/3284 4712/2745/3274
f 4725/2754/3285 4726/2755/3286 4712/2745/3274
f 4725/2754/3285 4713/2746/3275 4727/2756/3287
f 4728/2757/3288 4729/2756/3289 4717/2746/3279
f 3839/2238/2697 4728/2757/3288 4717/2746/3279
f 4728/2757/3288 4730/2754/3290 4729/2756/3289
f 4731/2758/3291 4718/2748/3280 4722/2751/3282
f 4732/2759/3280 4720/2748/3280 4733/2758/3291
f 4732/2759/3280 4719/2749/3270 4720/2748/3280
f 4734/2760/3292 4722/2751/3282 4721/2750/3281
f 4735/2761/3293 4731/2758/3291 4722/2751/3282
f 4734/2760/3292 4735/2761/3293 4722/2751/3282
f 4736/2762/3294 4721/2750/3281 4723/2752/3283
f 4736/2762/3294 4734/2760/3292 4721/2750/3281
f 4737/2763/3295 4723/2752/3283 4724/2753/3284
f 4737/2763/3295 4736/2762/3294 4723/2752/3283
f 4738/2764/3296 4724/2753/3284 4726/2755/3286
f 4739/2765/3297 4724/2753/3284 4738/2764/3296
f 4739/2765/3297 4737/2763/3295 4724/2753/3284
f 4728/2757/3288 4740/2755/3298 4730/2754/3290
f 4741/2766/2653 4742/2764/3299 4740/2755/3298
f 4728/2757/3288 4741/2766/2653 4740/2755/3298
f 4741/2766/2653 4743/2765/3300 4742/2764/3299
f 4744/2767/3301 4731/2758/3291 4735/2761/3293
f 4745/2768/3291 4733/2758/3291 4746/2767/3301
f 4745/2768/3291 4732/2759/3280 4733/2758/3291
f 4747/2769/3302 4735/2761/3293 4734/2760/3292
f 4748/2770/3303 4744/2767/3301 4735/2761/3293
f 4747/2769/3302 4748/2770/3303 4735/2761/3293
f 4749/2771/3304 4734/2760/3292 4736/2762/3294
f 4749/2771/3304 4747/2769/3302 4734/2760/3292
f 4750/2772/3305 4736/2762/3294 4737/2763/3295
f 4750/2772/3305 4749/2771/3304 4736/2762/3294
f 4751/2773/3306 4737/2763/3295 4739/2765/3297
f 4752/2774/3307 4737/2763/3295 4751/2773/3306
f 4752/2774/3307 4750/2772/3305 4737/2763/3295
f 4753/2775/2651 4754/2773/3308 4743/2765/3300
f 4741/2766/2653 4753/2775/2651 4743/2765/3300
f 4753/2775/2651 4755/2774/3309 4754/2773/3308
f 4756/2776/3310 4744/2767/3301 4748/2770/3303
f 4757/2777/3301 4746/2767/3301 4758/2776/3310
f 4757/2777/3301 4745/2768/3291 4746/2767/3301
f 4759/2778/3311 4748/2770/3303 4747/2769/3302
f 4759/2778/3311 4756/2776/3310 4748/2770/3303
f 4760/2779/3312 4747/2769/3302 4749/2771/3304
f 4760/2779/3312 4759/2778/3311 4747/2769/3302
f 4761/2780/3313 4749/2771/3304 4750/2772/3305
f 4761/2780/3313 4760/2779/3312 4749/2771/3304
f 4752/2774/3307 4762/2781/3314 4750/2772/3305
f 4763/2782/3315 4750/2772/3305 4762/2781/3314
f 4763/2782/3315 4761/2780/3313 4750/2772/3305
f 4764/2783/2827 4765/2781/3316 4755/2774/3309
f 4763/2782/3315 4762/2781/3314 4766/2784/3317
f 4764/2783/2827 4767/2784/3318 4765/2781/3316
f 4753/2775/2651 4764/2783/2827 4755/2774/3309
f 4768/2785/3319 4763/2782/3315 4766/2784/3317
f 4764/2783/2827 4769/2785/3320 4767/2784/3318
f 4770/2786/3321 4756/2776/3310 4759/2778/3311
f 4771/2787/3310 4758/2776/3310 4772/2786/3321
f 4771/2787/3310 4757/2777/3301 4758/2776/3310
f 4773/2788/3322 4759/2778/3311 4760/2779/3312
f 4773/2788/3322 4770/2786/3321 4759/2778/3311
f 4774/2789/3323 4760/2779/3312 4761/2780/3313
f 4774/2789/3323 4773/2788/3322 4760/2779/3312
f 4775/2790/3324 4761/2780/3313 4763/2782/3315
f 4775/2790/3324 4774/2789/3323 4761/2780/3313
f 4768/2785/3319 4776/2791/3325 4763/2782/3315
f 4777/2792/3326 4763/2782/3315 4776/2791/3325
f 4777/2792/3326 4775/2790/3324 4763/2782/3315
f 4778/2793/3198 4779/2791/3327 4769/2785/3320
f 4777/2792/3326 4776/2791/3325 4780/2794/3328
f 4781/2795/2645 4782/2794/3329 4779/2791/3327
f 4778/2793/3198 4781/2795/2645 4779/2791/3327
f 4764/2783/2827 4778/2793/3198 4769/2785/3320
f 4783/2796/3330 4777/2792/3326 4780/2794/3328
f 4781/2795/2645 4784/2796/3331 4782/2794/3329
f 4785/2797/3332 4770/2786/3321 4773/2788/3322
f 4786/2798/3321 4772/2786/3321 4787/2797/3332
f 4786/2798/3321 4771/2787/3310 4772/2786/3321
f 4788/2799/3333 4773/2788/3322 4774/2789/3323
f 4789/2800/3334 4785/2797/3332 4773/2788/3322
f 4788/2799/3333 4789/2800/3334 4773/2788/3322
f 4790/2801/3335 4774/2789/3323 4775/2790/3324
f 4790/2801/3335 4788/2799/3333 4774/2789/3323
f 4791/2802/3336 4775/2790/3324 4777/2792/3326
f 4791/2802/3336 4790/2801/3335 4775/2790/3324
f 4792/2803/3337 4793/2804/3338 4777/2792/3326
f 4794/2805/3339 4777/2792/3326 4793/2804/3338
f 4795/2806/3340 4792/2803/3337 4777/2792/3326
f 4783/2796/3330 4795/2806/3340 4777/2792/3326
f 4794/2805/3339 4791/2802/3336 4777/2792/3326
f 4796/2807/3341 4797/2804/3342 4798/2803/3343
f 4794/2805/3339 4793/2804/3338 4799/2808/3344
f 4796/2807/3341 4800/2808/3345 4797/2804/3342
f 4801/2809/3346 4798/2803/3343 4802/2806/3347
f 4801/2809/3346 4796/2807/3341 4798/2803/3343
f 4781/2795/2645 4802/2806/3347 4784/2796/3331
f 4781/2795/2645 4801/2809/3346 4802/2806/3347
f 4803/2810/3348 4794/2805/3339 4799/2808/3344
f 4796/2807/3341 4804/2810/3349 4800/2808/3345
f 4805/2811/3350 4785/2797/3332 4789/2800/3334
f 4806/2812/3332 4787/2797/3332 4807/2811/3350
f 4806/2812/3332 4786/2798/3321 4787/2797/3332
f 4808/2813/3351 4789/2800/3334 4788/2799/3333
f 4808/2813/3351 4805/2811/3350 4789/2800/3334
f 4809/2814/3352 4788/2799/3333 4790/2801/3335
f 4808/2813/3351 4788/2799/3333 4809/2814/3352
f 4810/2815/3353 4790/2801/3335 4791/2802/3336
f 4809/2814/3352 4790/2801/3335 4810/2815/3353
f 4811/2816/3354 4791/2802/3336 4794/2805/3339
f 4810/2815/3353 4791/2802/3336 4811/2816/3354
f 4803/2810/3348 4812/2817/3355 4794/2805/3339
f 4813/2818/3356 4794/2805/3339 4812/2817/3355
f 4811/2816/3354 4794/2805/3339 4813/2818/3356
f 4814/2819/3357 4815/2820/3358 4812/2817/3355
f 4816/2821/3359 4812/2817/3355 4815/2820/3358
f 4817/2822/3360 4814/2819/3357 4812/2817/3355
f 4818/2823/3361 4817/2822/3360 4812/2817/3355
f 4819/2824/3362 4818/2823/3361 4812/2817/3355
f 4803/2810/3348 4819/2824/3362 4812/2817/3355
f 4813/2818/3356 4812/2817/3355 4816/2821/3359
f 4820/2825/3363 4821/2826/3364 4815/2820/3358
f 4822/2827/3365 4815/2820/3358 4821/2826/3364
f 4823/2828/3366 4820/2825/3363 4815/2820/3358
f 4824/2829/3367 4823/2828/3366 4815/2820/3358
f 4814/2819/3357 4824/2829/3367 4815/2820/3358
f 4816/2821/3359 4815/2820/3358 4822/2827/3365
f 4825/2830/3368 4826/2831/3369 4821/2826/3364
f 4827/2832/3370 4821/2826/3364 4826/2831/3369
f 4828/2833/3371 4825/2830/3368 4821/2826/3364
f 4829/2834/3372 4828/2833/3371 4821/2826/3364
f 4820/2825/3363 4829/2834/3372 4821/2826/3364
f 4822/2827/3365 4821/2826/3364 4827/2832/3370
f 4830/2835/3373 4831/2836/3374 4826/2831/3369
f 4832/2837/3375 4826/2831/3369 4831/2836/3374
f 4825/2830/3368 4830/2835/3373 4826/2831/3369
f 4827/2832/3370 4826/2831/3369 4832/2837/3375
f 4833/2838/3376 4834/2839/3377 4831/2836/3374
f 4835/2840/3378 4831/2836/3374 4834/2839/3377
f 4830/2835/3373 4833/2838/3376 4831/2836/3374
f 4832/2837/3375 4831/2836/3374 4835/2840/3378
f 4836/2841/3379 4837/2842/3380 4834/2839/3377
f 4838/2843/3381 4834/2839/3377 4837/2842/3380
f 4833/2838/3376 4836/2841/3379 4834/2839/3377
f 4835/2840/3378 4834/2839/3377 4838/2843/3381
f 4695/2735/3266 4697/2736/3267 4837/2842/3380
f 4839/2844/3382 4837/2842/3380 4697/2736/3267
f 4836/2841/3379 4695/2735/3266 4837/2842/3380
f 4838/2843/3381 4837/2842/3380 4839/2844/3382
f 4839/2844/3382 4697/2736/3267 4699/2737/3268
f 4840/2845/3383 4695/2735/3266 4836/2841/3379
f 4840/2845/3383 4693/2734/3265 4695/2735/3266
f 4841/2846/3384 4836/2841/3379 4833/2838/3376
f 4841/2846/3384 4840/2845/3383 4836/2841/3379
f 4842/2847/3385 4833/2838/3376 4830/2835/3373
f 4842/2847/3385 4841/2846/3384 4833/2838/3376
f 4843/2848/3386 4830/2835/3373 4825/2830/3368
f 4844/2849/3387 4830/2835/3373 4843/2848/3386
f 4845/2850/3388 4842/2847/3385 4830/2835/3373
f 4846/2851/3389 4845/2850/3388 4830/2835/3373
f 4847/2852/3390 4846/2851/3389 4830/2835/3373
f 4844/2849/3387 4847/2852/3390 4830/2835/3373
f 4848/2853/2810 4849/2830/3391 4850/2833/3392
f 4848/2853/2810 4851/2848/3393 4849/2830/3391
f 4852/2854/2774 4850/2833/3392 4853/2834/3394
f 4852/2854/2774 4848/2853/2810 4850/2833/3392
f 4852/2854/2774 4853/2834/3394 4854/2825/3395
f 4855/2855/3396 4854/2825/3395 4856/2828/3397
f 4855/2855/3396 4852/2854/2774 4854/2825/3395
f 4855/2855/3396 4856/2828/3397 4857/2829/3229
f 4858/2856/2816 4857/2829/3229 4859/2819/3398
f 4858/2856/2816 4855/2855/3396 4857/2829/3229
f 4860/2857/3399 4859/2819/3398 4861/2822/3400
f 4860/2857/3399 4858/2856/2816 4859/2819/3398
f 4860/2857/3399 4861/2822/3400 4862/2823/3401
f 4863/2858/2641 4862/2823/3401 4864/2824/3402
f 4863/2858/2641 4860/2857/3399 4862/2823/3401
f 4863/2858/2641 4864/2824/3402 4804/2810/3349
f 4796/2807/3341 4863/2858/2641 4804/2810/3349
f 4848/2853/2810 4865/2849/3403 4851/2848/3393
f 4866/2859/3404 4693/2734/3265 4840/2845/3383
f 4691/2733/3264 4693/2734/3265 4866/2859/3404
f 4867/2860/3405 4840/2845/3383 4841/2846/3384
f 4866/2859/3404 4840/2845/3383 4867/2860/3405
f 4868/2861/3406 4841/2846/3384 4842/2847/3385
f 4867/2860/3405 4841/2846/3384 4868/2861/3406
f 4869/2862/3407 4842/2847/3385 4845/2850/3388
f 4868/2861/3406 4842/2847/3385 4870/2863/3408
f 4871/2864/3409 4870/2863/3408 4842/2847/3385
f 4869/2862/3407 4871/2864/3409 4842/2847/3385
f 4872/2865/3410 4873/2850/3411 4874/2851/3412
f 4872/2865/3410 4875/2862/3413 4873/2850/3411
f 4872/2865/3410 4874/2851/3412 4876/2852/821
f 4877/2866/821 4878/2852/821 4865/2849/3403
f 4872/2865/3410 4876/2852/821 4879/2866/821
f 4848/2853/2810 4877/2866/821 4865/2849/3403
f 4880/2867/3414 4881/2868/4 4882/2869/4
f 4883/2870/3415 4884/2869/4 4885/2868/4
f 4886/2871/3416 4880/2867/3414 4882/2869/4
f 4887/2872/3417 4888/2871/3418 4889/2869/4
f 4890/2870/4 4887/2872/3417 4889/2869/4
f 4880/2867/3414 4891/2873/4 4881/2868/4
f 4892/2874/3419 4885/2868/4 4893/2873/4
f 4892/2874/3419 4883/2870/3415 4885/2868/4
f 4894/2875/3420 4895/2876/4 4891/2873/4
f 4896/2877/4 4893/2873/4 4897/2876/4
f 4880/2867/3414 4894/2875/3420 4891/2873/4
f 4892/2874/3419 4893/2873/4 4896/2877/4
f 4898/2878/3421 4899/2879/4 4895/2876/4
f 4900/2880/4 4897/2876/4 4901/2879/4
f 4894/2875/3420 4898/2878/3421 4895/2876/4
f 4902/2881/4 4897/2876/4 4900/2880/4
f 4896/2877/4 4897/2876/4 4902/2881/4
f 4898/2878/3421 4903/2882/4 4899/2879/4
f 4904/2883/4 4901/2879/4 4905/2882/4
f 4900/2880/4 4901/2879/4 4904/2883/4
f 4906/2884/3422 4907/2885/4 4903/2882/4
f 4908/2886/4 4905/2882/4 4909/2885/4
f 4898/2878/3421 4906/2884/3422 4903/2882/4
f 4904/2883/4 4905/2882/4 4908/2886/4
f 4910/2887/3423 4911/2888/4 4907/2885/4
f 4912/2889/4 4909/2885/4 4913/2888/4
f 4906/2884/3422 4910/2887/3423 4907/2885/4
f 4908/2886/4 4909/2885/4 4912/2889/4
f 4910/2887/3423 4914/2890/4 4911/2888/4
f 4915/2891/4 4913/2888/4 4916/2890/4
f 4912/2889/4 4913/2888/4 4915/2891/4
f 4917/2892/3424 4918/2893/4 4914/2890/4
f 4919/2894/4 4916/2890/4 4920/2893/4
f 4910/2887/3423 4917/2892/3424 4914/2890/4
f 4915/2891/4 4916/2890/4 4919/2894/4
f 4921/2895/3425 4922/2896/4 4918/2893/4
f 4923/2897/4 4920/2893/4 4924/2896/4
f 4917/2892/3424 4921/2895/3425 4918/2893/4
f 4919/2894/4 4920/2893/4 4923/2897/4
f 4925/2898/3426 4926/2899/4 4922/2896/4
f 4927/2900/4 4924/2896/4 4928/2899/4
f 4921/2895/3425 4925/2898/3426 4922/2896/4
f 4923/2897/4 4924/2896/4 4927/2900/4
f 4925/2898/3426 4929/2901/4 4926/2899/4
f 4930/2902/4 4928/2899/4 4931/2901/4
f 4927/2900/4 4928/2899/4 4930/2902/4
f 4932/2903/3427 4933/2904/4 4929/2901/4
f 4934/2905/4 4931/2901/4 4935/2904/4
f 4925/2898/3426 4932/2903/3427 4929/2901/4
f 4930/2902/4 4931/2901/4 4934/2905/4
f 4936/2906/3428 4937/2907/4 4933/2904/4
f 4938/2908/4 4935/2904/4 4939/2907/4
f 4932/2903/3427 4936/2906/3428 4933/2904/4
f 4934/2905/4 4935/2904/4 4938/2908/4
f 4936/2906/3428 4940/2909/4 4937/2907/4
f 4941/2910/4 4939/2907/4 4942/2909/4
f 4938/2908/4 4939/2907/4 4941/2910/4
f 4943/2911/3429 4944/2912/4 4940/2909/4
f 4945/2913/4 4942/2909/4 4946/2912/4
f 4936/2906/3428 4943/2911/3429 4940/2909/4
f 4941/2910/4 4942/2909/4 4945/2913/4
f 4947/2914/3430 4948/2915/4 4944/2912/4
f 4949/2916/4 4946/2912/4 4950/2915/4
f 4943/2911/3429 4947/2914/3430 4944/2912/4
f 4945/2913/4 4946/2912/4 4949/2916/4
f 4947/2914/3430 4951/2917/4 4948/2915/4
f 4949/2916/4 4950/2915/4 4952/2917/4
f 4701/2738/3269 4703/2739/4 4951/2917/4
f 4953/2918/4 4952/2917/4 4706/2739/4
f 4947/2914/3430 4701/2738/3269 4951/2917/4
f 4949/2916/4 4952/2917/4 4953/2918/4
f 4953/2918/4 4706/2739/4 4705/2740/4
f 4699/2737/3268 4701/2738/3269 4947/2914/3430
f 4839/2844/3382 4947/2914/3430 4943/2911/3429
f 4839/2844/3382 4699/2737/3268 4947/2914/3430
f 4838/2843/3381 4943/2911/3429 4936/2906/3428
f 4838/2843/3381 4839/2844/3382 4943/2911/3429
f 4835/2840/3378 4936/2906/3428 4932/2903/3427
f 4835/2840/3378 4838/2843/3381 4936/2906/3428
f 4832/2837/3375 4932/2903/3427 4925/2898/3426
f 4832/2837/3375 4835/2840/3378 4932/2903/3427
f 4827/2832/3370 4925/2898/3426 4921/2895/3425
f 4827/2832/3370 4832/2837/3375 4925/2898/3426
f 4822/2827/3365 4921/2895/3425 4917/2892/3424
f 4822/2827/3365 4827/2832/3370 4921/2895/3425
f 4816/2821/3359 4917/2892/3424 4910/2887/3423
f 4816/2821/3359 4822/2827/3365 4917/2892/3424
f 4813/2818/3356 4910/2887/3423 4906/2884/3422
f 4813/2818/3356 4816/2821/3359 4910/2887/3423
f 4811/2816/3354 4906/2884/3422 4898/2878/3421
f 4811/2816/3354 4813/2818/3356 4906/2884/3422
f 4810/2815/3353 4898/2878/3421 4894/2875/3420
f 4810/2815/3353 4811/2816/3354 4898/2878/3421
f 4809/2814/3352 4894/2875/3420 4880/2867/3414
f 4809/2814/3352 4810/2815/3353 4894/2875/3420
f 4808/2813/3351 4880/2867/3414 4886/2871/3416
f 4808/2813/3351 4809/2814/3352 4880/2867/3414
f 4808/2813/3351 4886/2871/3416 4805/2811/3350
f 4954/2919/3350 4807/2811/3350 4888/2871/3418
f 4887/2872/3417 4954/2919/3350 4888/2871/3418
f 4954/2919/3350 4806/2812/3332 4807/2811/3350
f 4955/2920/3431 3877/2253/2730 3875/2254/2728
f 3868/2251/2721 3873/2253/2726 4956/2920/3432
f 4957/2921/3433 3875/2254/2728 3878/2255/2731
f 4958/2922/3434 4955/2920/3431 3875/2254/2728
f 4957/2921/3433 4958/2922/3434 3875/2254/2728
f 4959/2923/3435 3878/2255/2731 3880/2256/2733
f 4959/2923/3435 4957/2921/3433 3878/2255/2731
f 4960/2924/3436 3880/2256/2733 3882/2257/2735
f 4960/2924/3436 4959/2923/3435 3880/2256/2733
f 4685/2730/3261 4960/2924/3436 3882/2257/2735
f 4961/2925/2759 4956/2920/3432 4962/2922/3437
f 3868/2251/2721 4956/2920/3432 4961/2925/2759
f 4963/2926/3438 4958/2922/3434 4957/2921/3433
f 4961/2925/2759 4962/2922/3437 4964/2926/3439
f 4965/2927/3440 4957/2921/3433 4959/2923/3435
f 4966/2928/3441 4963/2926/3438 4957/2921/3433
f 4967/2929/3442 4966/2928/3441 4957/2921/3433
f 4965/2927/3440 4967/2929/3442 4957/2921/3433
f 4968/2930/3443 4959/2923/3435 4960/2924/3436
f 4968/2930/3443 4965/2927/3440 4959/2923/3435
f 4969/2931/3444 4960/2924/3436 4685/2730/3261
f 4969/2931/3444 4968/2930/3443 4960/2924/3436
f 4687/2731/3262 4969/2931/3444 4685/2730/3261
f 4970/2932/2761 4964/2926/3439 4971/2928/3445
f 4961/2925/2759 4964/2926/3439 4970/2932/2761
f 4970/2932/2761 4971/2928/3445 4972/2929/3446
f 4973/2933/3447 4967/2929/3442 4965/2927/3440
f 4970/2932/2761 4972/2929/3446 4974/2933/3448
f 4975/2934/3449 4965/2927/3440 4968/2930/3443
f 4976/2935/3450 4973/2933/3447 4965/2927/3440
f 4975/2934/3449 4976/2935/3450 4965/2927/3440
f 4977/2936/3451 4968/2930/3443 4969/2931/3444
f 4977/2936/3451 4975/2934/3449 4968/2930/3443
f 4978/2937/3452 4969/2931/3444 4687/2731/3262
f 4978/2937/3452 4977/2936/3451 4969/2931/3444
f 4689/2732/3263 4978/2937/3452 4687/2731/3262
f 4979/2938/3453 4974/2933/3448 4980/2935/3454
f 4970/2932/2761 4974/2933/3448 4979/2938/3453
f 4981/2939/3455 4976/2935/3450 4975/2934/3449
f 4979/2938/3453 4980/2935/3454 4982/2939/3456
f 4868/2861/3406 4975/2934/3449 4977/2936/3451
f 4983/2940/3457 4981/2939/3455 4975/2934/3449
f 4870/2863/3408 4983/2940/3457 4975/2934/3449
f 4868/2861/3406 4870/2863/3408 4975/2934/3449
f 4867/2860/3405 4977/2936/3451 4978/2937/3452
f 4867/2860/3405 4868/2861/3406 4977/2936/3451
f 4866/2859/3404 4978/2937/3452 4689/2732/3263
f 4866/2859/3404 4867/2860/3405 4978/2937/3452
f 4691/2733/3264 4866/2859/3404 4689/2732/3263
f 4984/2941/3458 4982/2939/3456 4985/2940/3459
f 4979/2938/3453 4982/2939/3456 4984/2941/3458
f 4984/2941/3458 4985/2940/3459 4986/2863/3460
f 4987/2942/2767 4986/2863/3460 4988/2864/3461
f 4984/2941/3458 4986/2863/3460 4987/2942/2767
f 4987/2942/2767 4988/2864/3461 4875/2862/3413
f 4987/2942/2767 4875/2862/3413 4872/2865/3410
f 4989/2240/4 4990/2866/4 4991/2853/4
f 4992/2241/4 4990/2866/4 4989/2240/4
f 4992/2241/4 4993/2865/4 4990/2866/4
f 4994/2239/4 4991/2853/4 4995/2854/4
f 4989/2240/4 4991/2853/4 4994/2239/4
f 4996/2236/4 4995/2854/4 4997/2855/4
f 4994/2239/4 4995/2854/4 4996/2236/4
f 4998/2238/4 4997/2855/4 4999/2856/4
f 4996/2236/4 4997/2855/4 4998/2238/4
f 5000/2757/4 4999/2856/4 5001/2857/4
f 4998/2238/4 4999/2856/4 5000/2757/4
f 5002/2766/4 5001/2857/4 5003/2858/4
f 5000/2757/4 5001/2857/4 5002/2766/4
f 5004/2775/4 5003/2858/4 5005/2807/4
f 5002/2766/4 5003/2858/4 5004/2775/4
f 5006/2793/4 5005/2807/4 5007/2809/4
f 5008/2783/4 5005/2807/4 5006/2793/4
f 5004/2775/4 5005/2807/4 5008/2783/4
f 5006/2793/4 5007/2809/4 5009/2795/4
f 5010/2242/4 5011/2942/4 4993/2865/4
f 4992/2241/4 5010/2242/4 4993/2865/4
f 5012/2243/4 5013/2941/4 5011/2942/4
f 5010/2242/4 5012/2243/4 5011/2942/4
f 5014/2244/4 5015/2938/4 5013/2941/4
f 5012/2243/4 5014/2244/4 5013/2941/4
f 5016/2245/4 5017/2932/4 5015/2938/4
f 5014/2244/4 5016/2245/4 5015/2938/4
f 5018/2246/4 5019/2925/4 5017/2932/4
f 5016/2245/4 5018/2246/4 5017/2932/4
f 5020/2247/4 5021/2251/4 5019/2925/4
f 5018/2246/4 5020/2247/4 5019/2925/4
f 5020/2247/4 5022/2250/4 5021/2251/4
f 5023/2248/4 5024/2249/4 5022/2250/4
f 5020/2247/4 5023/2248/4 5022/2250/4
f 5025/2943/3462 3819/2227/2682 5026/2749/3270
f 5025/2943/3462 3813/2225/2680 3819/2227/2682
f 5027/2944/3463 5026/2749/3270 5028/2759/3280
f 5027/2944/3463 5025/2943/3462 5026/2749/3270
f 5029/2945/3464 5028/2759/3280 5030/2768/3291
f 5029/2945/3464 5027/2944/3463 5028/2759/3280
f 5031/2946/3465 5030/2768/3291 5032/2777/3301
f 5031/2946/3465 5029/2945/3464 5030/2768/3291
f 5033/2947/3466 5032/2777/3301 5034/2787/3310
f 5033/2947/3466 5031/2946/3465 5032/2777/3301
f 5035/2948/3467 5034/2787/3310 5036/2798/3321
f 5033/2947/3466 5034/2787/3310 5035/2948/3467
f 5037/2949/3468 5036/2798/3321 5038/2812/3332
f 5035/2948/3467 5036/2798/3321 5037/2949/3468
f 5039/2950/3469 5038/2812/3332 5040/2919/3350
f 5037/2949/3468 5038/2812/3332 5039/2950/3469
f 5041/2951/3470 5040/2919/3350 5042/2872/3416
f 5039/2950/3469 5040/2919/3350 5041/2951/3470
f 5043/2874/4 5042/2872/3416 5044/2870/4
f 5041/2951/3470 5042/2872/3416 5043/2874/4
f 5045/2952/3471 5046/2953/3472 5047/2954/3473
f 5048/2955/821 5049/2954/821 5050/2953/3474
f 5051/2956/3475 5045/2952/3471 5047/2954/3473
f 5052/2957/3476 5053/2956/3477 5054/2954/821
f 5052/2957/3476 5054/2954/821 5055/2955/821
f 5045/2952/3471 5056/2958/3478 5046/2953/3472
f 5048/2955/821 5050/2953/3474 5057/2958/3479
f 5045/2952/3471 5058/2959/3480 5056/2958/3478
f 5059/2960/3481 5056/2958/3478 5058/2959/3480
f 5060/2961/3482 5057/2958/3479 5061/2960/3483
f 5060/2961/3482 5048/2955/821 5057/2958/3479
f 5062/2962/3484 5063/2963/3485 5058/2959/3480
f 5064/2964/3486 5058/2959/3480 5063/2963/3485
f 5045/2952/3471 5062/2962/3484 5058/2959/3480
f 5065/2965/3487 5059/2960/3481 5058/2959/3480
f 5066/2966/3488 5065/2965/3487 5058/2959/3480
f 5064/2964/3486 5066/2966/3488 5058/2959/3480
f 5067/2967/3489 5068/2968/3490 5063/2963/3485
f 5069/2969/3491 5063/2963/3485 5068/2968/3490
f 5062/2962/3484 5067/2967/3489 5063/2963/3485
f 5069/2969/3491 5064/2964/3486 5063/2963/3485
f 5070/2970/3492 5071/2971/3493 5068/2968/3490
f 5072/2972/3494 5068/2968/3490 5071/2971/3493
f 5067/2967/3489 5070/2970/3492 5068/2968/3490
f 5072/2972/3494 5069/2969/3491 5068/2968/3490
f 5073/2434/2956 5074/2451/2960 5071/2971/3493
f 5075/2973/3495 5071/2971/3493 5074/2451/2960
f 5070/2970/3492 5073/2434/2956 5071/2971/3493
f 5075/2973/3495 5072/2972/3494 5071/2971/3493
f 5076/2549/2985 5075/2973/3495 5074/2451/2960
f 5077/2430/2957 5073/2434/2956 5070/2970/3492
f 5078/2974/3496 5070/2970/3492 5067/2967/3489
f 5079/2975/3497 5077/2430/2957 5070/2970/3492
f 5079/2975/3497 5070/2970/3492 5078/2974/3496
f 5080/2976/3498 5067/2967/3489 5062/2962/3484
f 5078/2974/3496 5067/2967/3489 5080/2976/3498
f 5081/2977/3499 5062/2962/3484 5045/2952/3471
f 5080/2976/3498 5062/2962/3484 5081/2977/3499
f 5082/2978/3500 5083/2979/3501 5045/2952/3471
f 5084/2980/3502 5045/2952/3471 5083/2979/3501
f 5051/2956/3475 5082/2978/3500 5045/2952/3471
f 5081/2977/3499 5045/2952/3471 5084/2980/3502
f 5085/2981/3503 5086/2979/3504 5087/2978/3505
f 5088/2982/3506 5084/2980/3502 5083/2979/3501
f 5085/2981/3503 5089/2982/3507 5086/2979/3504
f 5052/2957/3476 5087/2978/3505 5053/2956/3477
f 5085/2981/3503 5087/2978/3505 5052/2957/3476
f 5060/2961/3482 5061/2960/3483 5090/2965/3508
f 5091/2983/3509 5090/2965/3508 5092/2966/3510
f 5091/2983/3509 5060/2961/3482 5090/2965/3508
f 5093/2984/3511 5066/2966/3488 5064/2964/3486
f 5091/2983/3509 5092/2966/3510 5094/2984/3512
f 5095/2985/3513 5064/2964/3486 5069/2969/3491
f 5096/2986/3514 5093/2984/3511 5064/2964/3486
f 5095/2985/3513 5096/2986/3514 5064/2964/3486
f 5097/2987/3515 5069/2969/3491 5072/2972/3494
f 5097/2987/3515 5095/2985/3513 5069/2969/3491
f 5098/2988/3516 5072/2972/3494 5075/2973/3495
f 5098/2988/3516 5097/2987/3515 5072/2972/3494
f 5098/2988/3516 5075/2973/3495 5076/2549/2985
f 5099/2542/3037 5098/2988/3516 5076/2549/2985
f 5096/2986/3514 5100/2989/3517 5093/2984/3511
f 5101/2990/3518 5094/2984/3512 5102/2989/3519
f 5101/2990/3518 5091/2983/3509 5094/2984/3512
f 5096/2986/3514 5103/2991/3520 5100/2989/3517
f 5101/2990/3518 5102/2989/3519 5104/2991/3521
f 5105/2992/3522 5103/2991/3520 5096/2986/3514
f 5105/2992/3522 5106/2993/3523 5103/2991/3520
f 5107/2994/3524 5104/2991/3521 5108/2993/3525
f 5107/2994/3524 5101/2990/3518 5104/2991/3521
f 5109/2995/3526 5096/2986/3514 5095/2985/3513
f 5109/2995/3526 5105/2992/3522 5096/2986/3514
f 5110/2996/3527 5095/2985/3513 5097/2987/3515
f 5110/2996/3527 5109/2995/3526 5095/2985/3513
f 5111/2997/3528 5097/2987/3515 5098/2988/3516
f 5111/2997/3528 5110/2996/3527 5097/2987/3515
f 5111/2997/3528 5098/2988/3516 5099/2542/3037
f 5112/2532/3027 5111/2997/3528 5099/2542/3037
f 5105/2992/3522 5113/2998/3529 5106/2993/3523
f 5107/2994/3524 5108/2993/3525 5114/2998/3530
f 5115/2999/3531 5113/2998/3529 5105/2992/3522
f 5115/2999/3531 5116/3000/3532 5113/2998/3529
f 5107/2994/3524 5114/2998/3530 5117/3000/3533
f 5118/3001/3534 5105/2992/3522 5109/2995/3526
f 5118/3001/3534 5115/2999/3531 5105/2992/3522
f 5119/3002/3535 5109/2995/3526 5110/2996/3527
f 5119/3002/3535 5118/3001/3534 5109/2995/3526
f 5120/3003/3536 5110/2996/3527 5111/2997/3528
f 5120/3003/3536 5119/3002/3535 5110/2996/3527
f 5120/3003/3536 5111/2997/3528 5112/2532/3027
f 5121/2529/3025 5120/3003/3536 5112/2532/3027
f 5122/3004/3537 5123/3005/3538 5116/3000/3532
f 5124/3006/2818 5117/3000/3533 5125/3005/3539
f 5115/2999/3531 5122/3004/3537 5116/3000/3532
f 5124/3006/2818 5107/2994/3524 5117/3000/3533
f 5124/3006/2818 5125/3005/3539 5126/3004/3540
f 3759/2199/2633 5122/3004/3537 5115/2999/3531
f 3761/2200/2635 5127/3007/3541 5122/3004/3537
f 3767/2203/2641 5126/3004/3540 5128/3007/3542
f 3759/2199/2633 3761/2200/2635 5122/3004/3537
f 3767/2203/2641 5124/3006/2818 5126/3004/3540
f 3757/2198/2631 5115/2999/3531 5118/3001/3534
f 3757/2198/2631 3759/2199/2633 5115/2999/3531
f 3754/2196/2628 5118/3001/3534 5119/3002/3535
f 3754/2196/2628 3757/2198/2631 5118/3001/3534
f 3756/2197/2630 5119/3002/3535 5120/3003/3536
f 3756/2197/2630 3754/2196/2628 5119/3002/3535
f 3756/2197/2630 5120/3003/3536 5121/2529/3025
f 3751/2193/2626 3756/2197/2630 5121/2529/3025
f 3767/2203/2641 5128/3007/3542 5129/2200/3543
f 3767/2203/2641 5129/2200/3543 3768/2202/2642
f 5130/3008/3544 5131/2740/4 5132/2518/4
f 5133/2520/3015 5130/3008/3544 5132/2518/4
f 5130/3008/3544 5134/2918/4 5131/2740/4
f 5135/3009/3545 5136/2916/4 5134/2918/4
f 5130/3008/3544 5135/3009/3545 5134/2918/4
f 5137/3010/3546 5138/2913/4 5136/2916/4
f 5135/3009/3545 5137/3010/3546 5136/2916/4
f 5137/3010/3546 5139/2910/4 5138/2913/4
f 5140/3011/3547 5141/2908/4 5139/2910/4
f 5137/3010/3546 5140/3011/3547 5139/2910/4
f 5142/3012/3548 5143/2905/4 5141/2908/4
f 5140/3011/3547 5142/3012/3548 5141/2908/4
f 5142/3012/3548 5144/2902/4 5143/2905/4
f 5145/3013/3549 5146/2900/4 5144/2902/4
f 5142/3012/3548 5145/3013/3549 5144/2902/4
f 5147/3014/3550 5148/2897/4 5146/2900/4
f 5145/3013/3549 5147/3014/3550 5146/2900/4
f 5149/3015/3551 5150/2894/4 5148/2897/4
f 5147/3014/3550 5149/3015/3551 5148/2897/4
f 5149/3015/3551 5151/2891/4 5150/2894/4
f 5152/3016/3552 5153/2889/4 5151/2891/4
f 5149/3015/3551 5152/3016/3552 5151/2891/4
f 5154/3017/3553 5155/2886/4 5153/2889/4
f 5152/3016/3552 5154/3017/3553 5153/2889/4
f 5154/3017/3553 5156/2883/4 5155/2886/4
f 5157/3018/3554 5158/2880/4 5156/2883/4
f 5154/3017/3553 5157/3018/3554 5156/2883/4
f 5159/3019/3555 5160/2881/4 5158/2880/4
f 5157/3018/3554 5159/3019/3555 5158/2880/4
f 5159/3019/3555 5161/2877/4 5160/2881/4
f 5041/2951/3470 5043/2874/4 5161/2877/4
f 5159/3019/3555 5041/2951/3470 5161/2877/4
f 5039/2950/3469 5041/2951/3470 5159/3019/3555
f 5162/3020/3556 5159/3019/3555 5157/3018/3554
f 5162/3020/3556 5039/2950/3469 5159/3019/3555
f 5163/3021/3557 5157/3018/3554 5154/3017/3553
f 5163/3021/3557 5162/3020/3556 5157/3018/3554
f 5164/3022/3558 5154/3017/3553 5152/3016/3552
f 5164/3022/3558 5163/3021/3557 5154/3017/3553
f 5165/3023/3559 5152/3016/3552 5149/3015/3551
f 5165/3023/3559 5164/3022/3558 5152/3016/3552
f 5166/3024/3560 5149/3015/3551 5147/3014/3550
f 5166/3024/3560 5165/3023/3559 5149/3015/3551
f 5167/3025/3561 5147/3014/3550 5145/3013/3549
f 5167/3025/3561 5166/3024/3560 5147/3014/3550
f 5168/3026/3562 5145/3013/3549 5142/3012/3548
f 5168/3026/3562 5167/3025/3561 5145/3013/3549
f 5169/3027/3563 5142/3012/3548 5140/3011/3547
f 5169/3027/3563 5168/3026/3562 5142/3012/3548
f 5170/3028/3564 5140/3011/3547 5137/3010/3546
f 5170/3028/3564 5169/3027/3563 5140/3011/3547
f 5171/3029/3565 5137/3010/3546 5135/3009/3545
f 5171/3029/3565 5170/3028/3564 5137/3010/3546
f 5172/3030/3566 5135/3009/3545 5130/3008/3544
f 5172/3030/3566 5171/3029/3565 5135/3009/3545
f 5173/3031/3567 5130/3008/3544 5133/2520/3015
f 5173/3031/3567 5172/3030/3566 5130/3008/3544
f 5173/3031/3567 5133/2520/3015 5174/2432/2959
f 5079/2975/3497 5173/3031/3567 5174/2432/2959
f 5079/2975/3497 5174/2432/2959 5077/2430/2957
f 5037/2949/3468 5039/2950/3469 5162/3020/3556
f 5175/3032/3568 5162/3020/3556 5163/3021/3557
f 5175/3032/3568 5037/2949/3468 5162/3020/3556
f 5176/3033/3569 5163/3021/3557 5164/3022/3558
f 5176/3033/3569 5175/3032/3568 5163/3021/3557
f 5177/3034/3570 5164/3022/3558 5165/3023/3559
f 5177/3034/3570 5176/3033/3569 5164/3022/3558
f 5178/3035/3571 5165/3023/3559 5166/3024/3560
f 5178/3035/3571 5177/3034/3570 5165/3023/3559
f 5179/3036/3572 5166/3024/3560 5167/3025/3561
f 5179/3036/3572 5178/3035/3571 5166/3024/3560
f 5180/3037/3573 5167/3025/3561 5168/3026/3562
f 5180/3037/3573 5179/3036/3572 5167/3025/3561
f 5181/3038/3574 5168/3026/3562 5169/3027/3563
f 5181/3038/3574 5180/3037/3573 5168/3026/3562
f 5084/2980/3502 5169/3027/3563 5170/3028/3564
f 5084/2980/3502 5181/3038/3574 5169/3027/3563
f 5081/2977/3499 5170/3028/3564 5171/3029/3565
f 5081/2977/3499 5084/2980/3502 5170/3028/3564
f 5080/2976/3498 5171/3029/3565 5172/3030/3566
f 5080/2976/3498 5081/2977/3499 5171/3029/3565
f 5078/2974/3496 5172/3030/3566 5173/3031/3567
f 5078/2974/3496 5080/2976/3498 5172/3030/3566
f 5079/2975/3497 5078/2974/3496 5173/3031/3567
f 5035/2948/3467 5037/2949/3468 5175/3032/3568
f 5182/3039/3575 5175/3032/3568 5176/3033/3569
f 5182/3039/3575 5035/2948/3467 5175/3032/3568
f 5183/3040/3576 5176/3033/3569 5177/3034/3570
f 5183/3040/3576 5182/3039/3575 5176/3033/3569
f 5184/3041/3577 5177/3034/3570 5178/3035/3571
f 5184/3041/3577 5183/3040/3576 5177/3034/3570
f 5185/3042/3578 5178/3035/3571 5179/3036/3572
f 5185/3042/3578 5184/3041/3577 5178/3035/3571
f 5186/3043/3579 5179/3036/3572 5180/3037/3573
f 5187/3044/3580 5185/3042/3578 5179/3036/3572
f 5188/3045/3581 5187/3044/3580 5179/3036/3572
f 5186/3043/3579 5188/3045/3581 5179/3036/3572
f 5189/3046/3582 5180/3037/3573 5181/3038/3574
f 5190/3047/3583 5186/3043/3579 5180/3037/3573
f 5191/3048/3584 5190/3047/3583 5180/3037/3573
f 5192/3049/3585 5191/3048/3584 5180/3037/3573
f 5189/3046/3582 5192/3049/3585 5180/3037/3573
f 5193/3050/3586 5181/3038/3574 5084/2980/3502
f 5194/3051/3587 5189/3046/3582 5181/3038/3574
f 5195/3052/3588 5194/3051/3587 5181/3038/3574
f 5193/3050/3586 5195/3052/3588 5181/3038/3574
f 5088/2982/3506 5193/3050/3586 5084/2980/3502
f 5196/3053/3589 5035/2948/3467 5182/3039/3575
f 5033/2947/3466 5035/2948/3467 5196/3053/3589
f 5197/3054/3590 5182/3039/3575 5183/3040/3576
f 5196/3053/3589 5182/3039/3575 5197/3054/3590
f 5198/3055/3591 5183/3040/3576 5184/3041/3577
f 5197/3054/3590 5183/3040/3576 5198/3055/3591
f 5199/3056/3592 5184/3041/3577 5185/3042/3578
f 5198/3055/3591 5184/3041/3577 5200/3057/3593
f 5201/3058/3594 5200/3057/3593 5184/3041/3577
f 5202/3059/3595 5201/3058/3594 5184/3041/3577
f 5203/3060/3596 5202/3059/3595 5184/3041/3577
f 5199/3056/3592 5203/3060/3596 5184/3041/3577
f 5204/3061/2897 5205/3042/3597 5206/3044/3598
f 5204/3061/2897 5207/3056/3599 5205/3042/3597
f 5208/3062/2721 5206/3044/3598 5209/3045/3600
f 5204/3061/2897 5206/3044/3598 5208/3062/2721
f 5208/3062/2721 5209/3045/3600 5210/3043/3601
f 5211/3063/3602 5210/3043/3601 5212/3047/3603
f 5208/3062/2721 5210/3043/3601 5211/3063/3602
f 5211/3063/3602 5212/3047/3603 5213/3048/3604
f 5214/3064/3605 5213/3048/3604 5215/3049/3606
f 5211/3063/3602 5213/3048/3604 5214/3064/3605
f 5214/3064/3605 5215/3049/3606 5216/3046/3607
f 5217/3065/3608 5216/3046/3607 5218/3051/3609
f 5214/3064/3605 5216/3046/3607 5217/3065/3608
f 5219/3066/2765 5218/3051/3609 5220/3052/3610
f 5217/3065/3608 5218/3051/3609 5219/3066/2765
f 5219/3066/2765 5220/3052/3610 5221/3050/3611
f 5085/2981/3503 5221/3050/3611 5089/2982/3507
f 5219/3066/2765 5221/3050/3611 5085/2981/3503
f 5222/3067/3612 3808/2221/2675 3806/2222/2673
f 3799/2219/2666 3804/2221/2671 5223/3067/3613
f 5224/3068/3614 3806/2222/2673 3809/2223/2676
f 5225/3069/3615 5222/3067/3612 3806/2222/2673
f 5224/3068/3614 5225/3069/3615 3806/2222/2673
f 5226/3070/3616 3809/2223/2676 3811/2224/2678
f 5226/3070/3616 5224/3068/3614 3809/2223/2676
f 5227/3071/3617 3811/2224/2678 3813/2225/2680
f 5227/3071/3617 5226/3070/3616 3811/2224/2678
f 5025/2943/3462 5227/3071/3617 3813/2225/2680
f 5228/3072/3618 5223/3067/3613 5229/3069/3619
f 3799/2219/2666 5223/3067/3613 5228/3072/3618
f 5230/3073/3620 5225/3069/3615 5224/3068/3614
f 5228/3072/3618 5229/3069/3619 5231/3073/3621
f 5232/3074/3622 5224/3068/3614 5226/3070/3616
f 5233/3075/3623 5230/3073/3620 5224/3068/3614
f 5234/3076/3624 5233/3075/3623 5224/3068/3614
f 5232/3074/3622 5234/3076/3624 5224/3068/3614
f 5235/3077/3625 5226/3070/3616 5227/3071/3617
f 5235/3077/3625 5232/3074/3622 5226/3070/3616
f 5236/3078/3626 5227/3071/3617 5025/2943/3462
f 5236/3078/3626 5235/3077/3625 5227/3071/3617
f 5027/2944/3463 5236/3078/3626 5025/2943/3462
f 5228/3072/3618 5231/3073/3621 5237/3075/2978
f 5238/3079/3627 5237/3075/2978 5239/3076/3628
f 5228/3072/3618 5237/3075/2978 5238/3079/3627
f 5240/3080/3629 5234/3076/3624 5232/3074/3622
f 5238/3079/3627 5239/3076/3628 5241/3080/3630
f 5242/3081/3631 5232/3074/3622 5235/3077/3625
f 5243/3082/3632 5240/3080/3629 5232/3074/3622
f 5242/3081/3631 5243/3082/3632 5232/3074/3622
f 5244/3083/3633 5235/3077/3625 5236/3078/3626
f 5244/3083/3633 5242/3081/3631 5235/3077/3625
f 5245/3084/3634 5236/3078/3626 5027/2944/3463
f 5245/3084/3634 5244/3083/3633 5236/3078/3626
f 5029/2945/3464 5245/3084/3634 5027/2944/3463
f 5246/3085/3635 5241/3080/3630 5247/3082/3636
f 5238/3079/3627 5241/3080/3630 5246/3085/3635
f 5248/3086/3637 5243/3082/3632 5242/3081/3631
f 5246/3085/3635 5247/3082/3636 5249/3086/3638
f 5250/3087/3639 5242/3081/3631 5244/3083/3633
f 5251/3088/3640 5248/3086/3637 5242/3081/3631
f 5252/3089/3641 5251/3088/3640 5242/3081/3631
f 5250/3087/3639 5252/3089/3641 5242/3081/3631
f 5253/3090/3642 5244/3083/3633 5245/3084/3634
f 5253/3090/3642 5250/3087/3639 5244/3083/3633
f 5254/3091/3643 5245/3084/3634 5029/2945/3464
f 5254/3091/3643 5253/3090/3642 5245/3084/3634
f 5031/2946/3465 5254/3091/3643 5029/2945/3464
f 5255/3092/2711 5249/3086/3638 5256/3088/3644
f 5246/3085/3635 5249/3086/3638 5255/3092/2711
f 5255/3092/2711 5256/3088/3644 5257/3089/3645
f 5198/3055/3591 5252/3089/3641 5250/3087/3639
f 5198/3055/3591 5258/3093/3646 5252/3089/3641
f 5255/3092/2711 5257/3089/3645 5259/3093/3647
f 5197/3054/3590 5250/3087/3639 5253/3090/3642
f 5197/3054/3590 5198/3055/3591 5250/3087/3639
f 5196/3053/3589 5253/3090/3642 5254/3091/3643
f 5196/3053/3589 5197/3054/3590 5253/3090/3642
f 5033/2947/3466 5254/3091/3643 5031/2946/3465
f 5033/2947/3466 5196/3053/3589 5254/3091/3643
f 5198/3055/3591 5260/3094/3648 5258/3093/3646
f 5261/3095/3649 5259/3093/3647 5262/3094/3650
f 5255/3092/2711 5259/3093/3647 5261/3095/3649
f 5198/3055/3591 5263/3096/3651 5260/3094/3648
f 5264/3097/3652 5262/3094/3650 5265/3096/3653
f 5261/3095/3649 5262/3094/3650 5264/3097/3652
f 5198/3055/3591 5200/3057/3593 5263/3096/3651
f 5264/3097/3652 5265/3096/3653 5266/3057/3654
f 5264/3097/3652 5266/3057/3654 5267/3058/3655
f 5268/3098/2754 5267/3058/3655 5269/3059/3656
f 5264/3097/3652 5267/3058/3655 5268/3098/2754
f 5268/3098/2754 5269/3059/3656 5270/3060/3657
f 5204/3061/2897 5270/3060/3657 5207/3056/3599
f 5268/3098/2754 5270/3060/3657 5204/3061/2897
f 5271/2215/4 5272/2955/4 5273/2961/4
f 5274/2217/4 5272/2955/4 5271/2215/4
f 5274/2217/4 5275/2957/4 5272/2955/4
f 5276/2213/4 5273/2961/4 5277/2983/4
f 5271/2215/4 5273/2961/4 5276/2213/4
f 5278/2212/4 5277/2983/4 5279/2990/4
f 5276/2213/4 5277/2983/4 5278/2212/4
f 5280/2211/4 5279/2990/4 5281/2994/4
f 5278/2212/4 5279/2990/4 5280/2211/4
f 5282/2210/4 5281/2994/4 5283/3006/4
f 5280/2211/4 5281/2994/4 5282/2210/4
f 5284/2209/4 5283/3006/4 5285/2203/4
f 5282/2210/4 5283/3006/4 5284/2209/4
f 5286/2208/4 5285/2203/4 5287/2201/4
f 5284/2209/4 5285/2203/4 5286/2208/4
f 5288/2206/4 5287/2201/4 5289/2204/4
f 5290/2207/4 5287/2201/4 5288/2206/4
f 5286/2208/4 5287/2201/4 5290/2207/4
f 5288/2206/4 5289/2204/4 5291/2205/4
f 5292/2219/4 5293/2981/4 5275/2957/4
f 5274/2217/4 5292/2219/4 5275/2957/4
f 5294/3072/4 5295/3066/4 5293/2981/4
f 5292/2219/4 5294/3072/4 5293/2981/4
f 5296/3079/4 5297/3065/4 5295/3066/4
f 5294/3072/4 5296/3079/4 5295/3066/4
f 5298/3085/4 5299/3064/4 5297/3065/4
f 5296/3079/4 5298/3085/4 5297/3065/4
f 5300/3092/4 5301/3063/4 5299/3064/4
f 5298/3085/4 5300/3092/4 5299/3064/4
f 5302/3095/4 5303/3062/4 5301/3063/4
f 5300/3092/4 5302/3095/4 5301/3063/4
f 5302/3095/4 5304/3061/4 5303/3062/4
f 5305/3097/4 5306/3098/4 5304/3061/4
f 5302/3095/4 5305/3097/4 5304/3061/4
f 5307/3099/3658 2760/1535/1951 3491/2052/2518
f 5308/3100/3659 2763/1535/1951 5309/3099/3658
f 5308/3100/3659 2758/1534/1950 2763/1535/1951
f 5310/3101/3660 3491/2052/2518 3489/2051/2517
f 5310/3101/3660 5307/3099/3658 3491/2052/2518
f 5311/3102/3661 3489/2051/2517 3492/2053/2519
f 5311/3102/3661 5310/3101/3660 3489/2051/2517
f 5312/3103/3662 3492/2053/2519 3494/2054/2520
f 5312/3103/3662 5311/3102/3661 3492/2053/2519
f 5313/3104/3663 3494/2054/2520 3496/2055/2521
f 5313/3104/3663 5312/3103/3662 3494/2054/2520
f 5314/3105/3664 3496/2055/2521 3498/2056/2522
f 5314/3105/3664 5313/3104/3663 3496/2055/2521
f 5315/3106/3665 3498/2056/2522 3500/2057/2524
f 5315/3106/3665 5314/3105/3664 3498/2056/2522
f 5316/3107/3666 3500/2057/2524 3502/2058/2525
f 5316/3107/3666 5315/3106/3665 3500/2057/2524
f 5317/3108/3667 3502/2058/2525 3504/2059/2526
f 5317/3108/3667 5316/3107/3666 3502/2058/2525
f 5318/3109/3668 3504/2059/2526 3506/2060/2527
f 5318/3109/3668 5317/3108/3667 3504/2059/2526
f 5319/3110/3669 3506/2060/2527 3508/2061/2528
f 5319/3110/3669 5318/3109/3668 3506/2060/2527
f 5320/3111/3670 3508/2061/2528 3510/2062/2529
f 5320/3111/3670 5319/3110/3669 3508/2061/2528
f 5321/3112/3671 3510/2062/2529 3512/2063/2530
f 5321/3112/3671 5320/3111/3670 3510/2062/2529
f 5322/3113/3672 3512/2063/2530 3514/2064/2531
f 5322/3113/3672 5321/3112/3671 3512/2063/2530
f 5323/3114/3673 3514/2064/2531 3516/2065/2532
f 5323/3114/3673 5322/3113/3672 3514/2064/2531
f 5324/3115/3674 3516/2065/2532 3518/2066/2533
f 5324/3115/3674 5323/3114/3673 3516/2065/2532
f 5325/3116/3675 3518/2066/2533 3520/2067/2534
f 5325/3116/3675 5324/3115/3674 3518/2066/2533
f 5326/3117/3676 3520/2067/2534 3522/2068/2535
f 5326/3117/3676 5325/3116/3675 3520/2067/2534
f 5327/3118/3677 3522/2068/2535 3524/2069/2536
f 5327/3118/3677 5326/3117/3676 3522/2068/2535
f 5328/3119/3678 3524/2069/2536 3526/2070/2537
f 5328/3119/3678 5327/3118/3677 3524/2069/2536
f 5329/3120/3679 3526/2070/2537 3528/2071/2538
f 5329/3120/3679 5328/3119/3678 3526/2070/2537
f 5330/3121/3680 3528/2071/2538 3530/2072/2539
f 5330/3121/3680 5329/3120/3679 3528/2071/2538
f 5331/3122/3681 3530/2072/2539 3532/2073/2540
f 5331/3122/3681 5330/3121/3680 3530/2072/2539
f 5332/3123/3682 3532/2073/2540 3534/2074/2541
f 5332/3123/3682 5331/3122/3681 3532/2073/2540
f 5333/3124/3683 3534/2074/2541 3536/2075/2542
f 5333/3124/3683 5332/3123/3682 3534/2074/2541
f 5334/3125/3684 3536/2075/2542 3540/2078/2544
f 5334/3125/3684 5333/3124/3683 3536/2075/2542
f 5335/3126/3685 3540/2078/2544 3547/2084/2548
f 5335/3126/3685 5334/3125/3684 3540/2078/2544
f 5336/3127/3686 3547/2084/2548 3553/2089/2552
f 5336/3127/3686 5335/3126/3685 3547/2084/2548
f 5337/3128/3687 3553/2089/2552 3558/2093/2556
f 5337/3128/3687 5336/3127/3686 3553/2089/2552
f 5338/3129/3688 3558/2093/2556 3563/2097/2560
f 5338/3129/3688 5337/3128/3687 3558/2093/2556
f 5339/3130/3689 3563/2097/2560 3568/2101/2563
f 5339/3130/3689 5338/3129/3688 3563/2097/2560
f 5340/3131/3690 3568/2101/2563 3571/2103/2565
f 5340/3131/3690 5339/3130/3689 3568/2101/2563
f 5341/3132/3691 3571/2103/2565 3574/2105/2567
f 5341/3132/3691 5340/3131/3690 3571/2103/2565
f 5342/3133/3692 3574/2105/2567 2667/1494/1898
f 5342/3133/3692 5341/3132/3691 3574/2105/2567
f 5343/3134/3693 2667/1494/1898 2670/1493/1897
f 5343/3134/3693 5342/3133/3692 2667/1494/1898
f 5344/3135/3694 5343/3134/3693 2670/1493/1897
f 2673/1496/1900 5345/3135/3694 2664/1493/1897
f 5346/3136/3695 5307/3099/3658 5310/3101/3660
f 5347/3137/3696 5309/3099/3658 5348/3136/3695
f 5347/3137/3696 5308/3100/3659 5309/3099/3658
f 5349/3138/3697 5310/3101/3660 5311/3102/3661
f 5349/3138/3697 5346/3136/3695 5310/3101/3660
f 5350/3139/3698 5311/3102/3661 5312/3103/3662
f 5350/3139/3698 5349/3138/3697 5311/3102/3661
f 5351/3140/3699 5312/3103/3662 5313/3104/3663
f 5351/3140/3699 5350/3139/3698 5312/3103/3662
f 5352/3141/3700 5313/3104/3663 5314/3105/3664
f 5352/3141/3700 5351/3140/3699 5313/3104/3663
f 5353/3142/3701 5314/3105/3664 5315/3106/3665
f 5353/3142/3701 5352/3141/3700 5314/3105/3664
f 5354/3143/3702 5315/3106/3665 5316/3107/3666
f 5354/3143/3702 5353/3142/3701 5315/3106/3665
f 5355/3144/3703 5316/3107/3666 5317/3108/3667
f 5355/3144/3703 5354/3143/3702 5316/3107/3666
f 5356/3145/3704 5317/3108/3667 5318/3109/3668
f 5356/3145/3704 5355/3144/3703 5317/3108/3667
f 5357/3146/3705 5318/3109/3668 5319/3110/3669
f 5357/3146/3705 5356/3145/3704 5318/3109/3668
f 5358/3147/3706 5319/3110/3669 5320/3111/3670
f 5358/3147/3706 5357/3146/3705 5319/3110/3669
f 5359/3148/3707 5320/3111/3670 5321/3112/3671
f 5359/3148/3707 5358/3147/3706 5320/3111/3670
f 5360/3149/3708 5321/3112/3671 5322/3113/3672
f 5360/3149/3708 5359/3148/3707 5321/3112/3671
f 5361/3150/3709 5322/3113/3672 5323/3114/3673
f 5361/3150/3709 5360/3149/3708 5322/3113/3672
f 5362/3151/3710 5323/3114/3673 5324/3115/3674
f 5362/3151/3710 5361/3150/3709 5323/3114/3673
f 5363/3152/3711 5324/3115/3674 5325/3116/3675
f 5363/3152/3711 5362/3151/3710 5324/3115/3674
f 5364/3153/3712 5325/3116/3675 5326/3117/3676
f 5364/3153/3712 5363/3152/3711 5325/3116/3675
f 5365/3154/3713 5326/3117/3676 5327/3118/3677
f 5365/3154/3713 5364/3153/3712 5326/3117/3676
f 5366/3155/3714 5327/3118/3677 5328/3119/3678
f 5366/3155/3714 5365/3154/3713 5327/3118/3677
f 5367/3156/3715 5328/3119/3678 5329/3120/3679
f 5367/3156/3715 5366/3155/3714 5328/3119/3678
f 5368/3157/3716 5329/3120/3679 5330/3121/3680
f 5368/3157/3716 5367/3156/3715 5329/3120/3679
f 5369/3158/3717 5330/3121/3680 5331/3122/3681
f 5369/3158/3717 5368/3157/3716 5330/3121/3680
f 5370/3159/3718 5331/3122/3681 5332/3123/3682
f 5370/3159/3718 5369/3158/3717 5331/3122/3681
f 5371/3160/3719 5332/3123/3682 5333/3124/3683
f 5371/3160/3719 5370/3159/3718 5332/3123/3682
f 5372/3161/3720 5333/3124/3683 5334/3125/3684
f 5372/3161/3720 5371/3160/3719 5333/3124/3683
f 5373/3162/3721 5334/3125/3684 5335/3126/3685
f 5373/3162/3721 5372/3161/3720 5334/3125/3684
f 5374/3163/3722 5335/3126/3685 5336/3127/3686
f 5374/3163/3722 5373/3162/3721 5335/3126/3685
f 5375/3164/3723 5336/3127/3686 5337/3128/3687
f 5375/3164/3723 5374/3163/3722 5336/3127/3686
f 5376/3165/3724 5337/3128/3687 5338/3129/3688
f 5376/3165/3724 5375/3164/3723 5337/3128/3687
f 5377/3166/3725 5338/3129/3688 5339/3130/3689
f 5377/3166/3725 5376/3165/3724 5338/3129/3688
f 5378/3167/3726 5339/3130/3689 5340/3131/3690
f 5378/3167/3726 5377/3166/3725 5339/3130/3689
f 5379/3168/3727 5340/3131/3690 5341/3132/3691
f 5379/3168/3727 5378/3167/3726 5340/3131/3690
f 5380/3169/3728 5341/3132/3691 5342/3133/3692
f 5380/3169/3728 5379/3168/3727 5341/3132/3691
f 5381/3170/3729 5342/3133/3692 5343/3134/3693
f 5381/3170/3729 5380/3169/3728 5342/3133/3692
f 5382/3171/3730 5343/3134/3693 5344/3135/3694
f 5382/3171/3730 5381/3170/3729 5343/3134/3693
f 5383/3172/3731 5382/3171/3730 5344/3135/3694
f 5384/3173/3732 5385/3172/3731 5345/3135/3694
f 5384/3173/3732 5345/3135/3694 2673/1496/1900
f 5386/3174/3733 5346/3136/3695 5349/3138/3697
f 5387/3175/3734 5348/3136/3695 5388/3174/3733
f 5387/3175/3734 5347/3137/3696 5348/3136/3695
f 5389/3176/3735 5349/3138/3697 5350/3139/3698
f 5389/3176/3735 5386/3174/3733 5349/3138/3697
f 5390/3177/3736 5350/3139/3698 5351/3140/3699
f 5390/3177/3736 5389/3176/3735 5350/3139/3698
f 5391/3178/3737 5351/3140/3699 5352/3141/3700
f 5391/3178/3737 5390/3177/3736 5351/3140/3699
f 5392/3179/3738 5352/3141/3700 5353/3142/3701
f 5392/3179/3738 5391/3178/3737 5352/3141/3700
f 5393/3180/3739 5353/3142/3701 5354/3143/3702
f 5393/3180/3739 5392/3179/3738 5353/3142/3701
f 5394/3181/3740 5354/3143/3702 5355/3144/3703
f 5394/3181/3740 5393/3180/3739 5354/3143/3702
f 5395/3182/3741 5355/3144/3703 5356/3145/3704
f 5395/3182/3741 5394/3181/3740 5355/3144/3703
f 5396/3183/3742 5356/3145/3704 5357/3146/3705
f 5396/3183/3742 5395/3182/3741 5356/3145/3704
f 5397/3184/3743 5357/3146/3705 5358/3147/3706
f 5397/3184/3743 5396/3183/3742 5357/3146/3705
f 5398/3185/3744 5358/3147/3706 5359/3148/3707
f 5398/3185/3744 5397/3184/3743 5358/3147/3706
f 5399/3186/3745 5359/3148/3707 5360/3149/3708
f 5399/3186/3745 5398/3185/3744 5359/3148/3707
f 5400/3187/3746 5360/3149/3708 5361/3150/3709
f 5400/3187/3746 5399/3186/3745 5360/3149/3708
f 5401/3188/3747 5361/3150/3709 5362/3151/3710
f 5401/3188/3747 5400/3187/3746 5361/3150/3709
f 5402/3189/3748 5362/3151/3710 5363/3152/3711
f 5402/3189/3748 5401/3188/3747 5362/3151/3710
f 5403/3190/3749 5363/3152/3711 5364/3153/3712
f 5403/3190/3749 5402/3189/3748 5363/3152/3711
f 5404/3191/3750 5364/3153/3712 5365/3154/3713
f 5404/3191/3750 5403/3190/3749 5364/3153/3712
f 5405/3192/3751 5365/3154/3713 5366/3155/3714
f 5405/3192/3751 5404/3191/3750 5365/3154/3713
f 5406/3193/3752 5366/3155/3714 5367/3156/3715
f 5406/3193/3752 5405/3192/3751 5366/3155/3714
f 5407/3194/3753 5367/3156/3715 5368/3157/3716
f 5407/3194/3753 5406/3193/3752 5367/3156/3715
f 5408/3195/3754 5368/3157/3716 5369/3158/3717
f 5408/3195/3754 5407/3194/3753 5368/3157/3716
f 5409/3196/3755 5369/3158/3717 5370/3159/3718
f 5409/3196/3755 5408/3195/3754 5369/3158/3717
f 5410/3197/3756 5370/3159/3718 5371/3160/3719
f 5410/3197/3756 5409/3196/3755 5370/3159/3718
f 5411/3198/3757 5371/3160/3719 5372/3161/3720
f 5411/3198/3757 5410/3197/3756 5371/3160/3719
f 5412/3199/3758 5372/3161/3720 5373/3162/3721
f 5412/3199/3758 5411/3198/3757 5372/3161/3720
f 5413/3200/3759 5373/3162/3721 5374/3163/3722
f 5413/3200/3759 5412/3199/3758 5373/3162/3721
f 5414/3201/3760 5374/3163/3722 5375/3164/3723
f 5414/3201/3760 5413/3200/3759 5374/3163/3722
f 5415/3202/3761 5375/3164/3723 5376/3165/3724
f 5415/3202/3761 5414/3201/3760 5375/3164/3723
f 5416/3203/3762 5376/3165/3724 5377/3166/3725
f 5416/3203/3762 5415/3202/3761 5376/3165/3724
f 5417/3204/3763 5377/3166/3725 5378/3167/3726
f 5417/3204/3763 5416/3203/3762 5377/3166/3725
f 5418/3205/3764 5378/3167/3726 5379/3168/3727
f 5418/3205/3764 5417/3204/3763 5378/3167/3726
f 5419/3206/3765 5379/3168/3727 5380/3169/3728
f 5419/3206/3765 5418/3205/3764 5379/3168/3727
f 5420/3207/3766 5380/3169/3728 5381/3170/3729
f 5420/3207/3766 5419/3206/3765 5380/3169/3728
f 5421/3208/3767 5381/3170/3729 5382/3171/3730
f 5421/3208/3767 5420/3207/3766 5381/3170/3729
f 5422/3209/3768 5382/3171/3730 5383/3172/3731
f 5422/3209/3768 5421/3208/3767 5382/3171/3730
f 5423/3210/3769 5422/3209/3768 5383/3172/3731
f 5424/3211/3770 5425/3210/3769 5385/3172/3731
f 5424/3211/3770 5385/3172/3731 5384/3173/3732
f 5426/3212/3771 5386/3174/3733 5389/3176/3735
f 5427/3213/3772 5388/3174/3733 5428/3212/3771
f 5427/3213/3772 5387/3175/3734 5388/3174/3733
f 5429/3214/3773 5389/3176/3735 5390/3177/3736
f 5430/3215/3774 5426/3212/3771 5389/3176/3735
f 5429/3214/3773 5430/3215/3774 5389/3176/3735
f 5431/3216/3775 5390/3177/3736 5391/3178/3737
f 5432/3217/3776 5429/3214/3773 5390/3177/3736
f 5431/3216/3775 5432/3217/3776 5390/3177/3736
f 5433/3218/3777 5391/3178/3737 5392/3179/3738
f 5434/3219/3778 5431/3216/3775 5391/3178/3737
f 5433/3218/3777 5434/3219/3778 5391/3178/3737
f 5435/3220/3779 5392/3179/3738 5393/3180/3739
f 5436/3221/3780 5433/3218/3777 5392/3179/3738
f 5435/3220/3779 5436/3221/3780 5392/3179/3738
f 5437/3222/3781 5393/3180/3739 5394/3181/3740
f 5438/3223/3782 5435/3220/3779 5393/3180/3739
f 5437/3222/3781 5438/3223/3782 5393/3180/3739
f 5439/3224/3783 5394/3181/3740 5395/3182/3741
f 5440/3225/3784 5437/3222/3781 5394/3181/3740
f 5439/3224/3783 5440/3225/3784 5394/3181/3740
f 5441/3226/3785 5395/3182/3741 5396/3183/3742
f 5442/3227/3786 5439/3224/3783 5395/3182/3741
f 5441/3226/3785 5442/3227/3786 5395/3182/3741
f 5443/3228/3787 5396/3183/3742 5397/3184/3743
f 5444/3229/3788 5441/3226/3785 5396/3183/3742
f 5443/3228/3787 5444/3229/3788 5396/3183/3742
f 5445/3230/3789 5397/3184/3743 5398/3185/3744
f 5445/3230/3789 5443/3228/3787 5397/3184/3743
f 5446/3231/3790 5398/3185/3744 5399/3186/3745
f 5447/3232/3791 5445/3230/3789 5398/3185/3744
f 5446/3231/3790 5447/3232/3791 5398/3185/3744
f 5448/3233/3792 5399/3186/3745 5400/3187/3746
f 5449/3234/3793 5446/3231/3790 5399/3186/3745
f 5448/3233/3792 5449/3234/3793 5399/3186/3745
f 5450/3235/3794 5400/3187/3746 5401/3188/3747
f 5451/3236/3795 5448/3233/3792 5400/3187/3746
f 5450/3235/3794 5451/3236/3795 5400/3187/3746
f 5452/3237/3796 5401/3188/3747 5402/3189/3748
f 5453/3238/3797 5450/3235/3794 5401/3188/3747
f 5452/3237/3796 5453/3238/3797 5401/3188/3747
f 5454/3239/3798 5402/3189/3748 5403/3190/3749
f 5455/3240/3799 5452/3237/3796 5402/3189/3748
f 5454/3239/3798 5455/3240/3799 5402/3189/3748
f 5456/3241/3800 5403/3190/3749 5404/3191/3750
f 5457/3242/3801 5454/3239/3798 5403/3190/3749
f 5456/3241/3800 5457/3242/3801 5403/3190/3749
f 5458/3243/3802 5404/3191/3750 5405/3192/3751
f 5459/3244/3803 5456/3241/3800 5404/3191/3750
f 5458/3243/3802 5459/3244/3803 5404/3191/3750
f 5460/3245/3804 5405/3192/3751 5406/3193/3752
f 5461/3246/3805 5458/3243/3802 5405/3192/3751
f 5460/3245/3804 5461/3246/3805 5405/3192/3751
f 5462/3247/3806 5406/3193/3752 5407/3194/3753
f 5462/3247/3806 5460/3245/3804 5406/3193/3752
f 5463/3248/3807 5407/3194/3753 5408/3195/3754
f 5464/3249/3808 5462/3247/3806 5407/3194/3753
f 5463/3248/3807 5464/3249/3808 5407/3194/3753
f 5465/3250/3809 5408/3195/3754 5409/3196/3755
f 5466/3251/3810 5463/3248/3807 5408/3195/3754
f 5465/3250/3809 5466/3251/3810 5408/3195/3754
f 5467/3252/3811 5409/3196/3755 5410/3197/3756
f 5468/3253/3812 5465/3250/3809 5409/3196/3755
f 5467/3252/3811 5468/3253/3812 5409/3196/3755
f 5469/3254/3813 5410/3197/3756 5411/3198/3757
f 5470/3255/3814 5467/3252/3811 5410/3197/3756
f 5469/3254/3813 5470/3255/3814 5410/3197/3756
f 5471/3256/3815 5411/3198/3757 5412/3199/3758
f 5472/3257/3816 5469/3254/3813 5411/3198/3757
f 5471/3256/3815 5472/3257/3816 5411/3198/3757
f 5473/3258/3817 5412/3199/3758 5413/3200/3759
f 5474/3259/3818 5471/3256/3815 5412/3199/3758
f 5473/3258/3817 5474/3259/3818 5412/3199/3758
f 5475/3260/3819 5413/3200/3759 5414/3201/3760
f 5476/3261/3820 5473/3258/3817 5413/3200/3759
f 5475/3260/3819 5476/3261/3820 5413/3200/3759
f 5477/3262/3821 5414/3201/3760 5415/3202/3761
f 5478/3263/3822 5475/3260/3819 5414/3201/3760
f 5477/3262/3821 5478/3263/3822 5414/3201/3760
f 5479/3264/3823 5415/3202/3761 5416/3203/3762
f 5479/3264/3823 5477/3262/3821 5415/3202/3761
f 5480/3265/3824 5416/3203/3762 5417/3204/3763
f 5481/3266/3825 5479/3264/3823 5416/3203/3762
f 5480/3265/3824 5481/3266/3825 5416/3203/3762
f 5482/3267/3826 5417/3204/3763 5418/3205/3764
f 5483/3268/3827 5480/3265/3824 5417/3204/3763
f 5482/3267/3826 5483/3268/3827 5417/3204/3763
f 5484/3269/3828 5418/3205/3764 5419/3206/3765
f 5485/3270/3829 5482/3267/3826 5418/3205/3764
f 5484/3269/3828 5485/3270/3829 5418/3205/3764
f 5486/3271/3830 5419/3206/3765 5420/3207/3766
f 5487/3272/3831 5484/3269/3828 5419/3206/3765
f 5486/3271/3830 5487/3272/3831 5419/3206/3765
f 5488/3273/3832 5420/3207/3766 5421/3208/3767
f 5489/3274/3833 5486/3271/3830 5420/3207/3766
f 5488/3273/3832 5489/3274/3833 5420/3207/3766
f 5490/3275/3834 5421/3208/3767 5422/3209/3768
f 5491/3276/3835 5488/3273/3832 5421/3208/3767
f 5490/3275/3834 5491/3276/3835 5421/3208/3767
f 5492/3277/3836 5422/3209/3768 5423/3210/3769
f 5493/3278/3837 5490/3275/3834 5422/3209/3768
f 5492/3277/3836 5493/3278/3837 5422/3209/3768
f 5494/3279/1394 5492/3277/3836 5423/3210/3769
f 5495/3280/3838 5496/3279/1394 5425/3210/3769
f 5495/3280/3838 5425/3210/3769 5424/3211/3770
f 5497/3281/3839 5498/3212/3771 5499/3215/3840
f 5500/3282/3841 5501/3213/3772 5502/3212/3771
f 5503/3281/3839 5500/3282/3841 5502/3212/3771
f 5504/3283/3842 5499/3215/3840 5505/3214/3773
f 5504/3283/3842 5497/3281/3839 5499/3215/3840
f 5504/3283/3842 5505/3214/3773 5506/3217/3776
f 5507/3284/3843 5506/3217/3776 5508/3216/3775
f 5507/3284/3843 5504/3283/3842 5506/3217/3776
f 5507/3284/3843 5508/3216/3775 5509/3219/3778
f 5510/3285/3844 5509/3219/3778 5511/3218/3777
f 5510/3285/3844 5507/3284/3843 5509/3219/3778
f 5510/3285/3844 5511/3218/3777 5512/3221/3780
f 5513/3286/3845 5512/3221/3780 5514/3220/3846
f 5513/3286/3845 5510/3285/3844 5512/3221/3780
f 5513/3286/3845 5514/3220/3846 5515/3223/3782
f 5516/3287/3847 5515/3223/3782 5517/3222/3781
f 5516/3287/3847 5513/3286/3845 5515/3223/3782
f 5516/3287/3847 5517/3222/3781 5518/3225/3784
f 5519/3288/3848 5518/3225/3784 5520/3224/3783
f 5519/3288/3848 5516/3287/3847 5518/3225/3784
f 5519/3288/3848 5520/3224/3783 5521/3227/3786
f 5522/3289/3849 5521/3227/3786 5523/3226/3785
f 5522/3289/3849 5519/3288/3848 5521/3227/3786
f 5522/3289/3849 5523/3226/3785 5524/3229/3788
f 5525/3290/3850 5524/3229/3788 5526/3228/3851
f 5525/3290/3850 5522/3289/3849 5524/3229/3788
f 5525/3290/3850 5526/3228/3851 5527/3230/3789
f 5528/3291/3852 5527/3230/3789 5529/3232/3791
f 5528/3291/3852 5525/3290/3850 5527/3230/3789
f 5528/3291/3852 5529/3232/3791 5530/3231/3790
f 5531/3292/3853 5530/3231/3790 5532/3234/3793
f 5531/3292/3853 5528/3291/3852 5530/3231/3790
f 5531/3292/3853 5532/3234/3793 5533/3233/3792
f 5534/3293/3854 5533/3233/3792 5535/3236/3795
f 5534/3293/3854 5531/3292/3853 5533/3233/3792
f 5534/3293/3854 5535/3236/3795 5536/3235/3794
f 5537/3294/3855 5536/3235/3794 5538/3238/3856
f 5537/3294/3855 5534/3293/3854 5536/3235/3794
f 5537/3294/3855 5538/3238/3856 5539/3237/3857
f 5540/3295/3858 5539/3237/3857 5541/3240/3799
f 5540/3295/3858 5537/3294/3855 5539/3237/3857
f 5540/3295/3858 5541/3240/3799 5542/3239/3798
f 5543/3296/3859 5542/3239/3798 5544/3242/3801
f 5543/3296/3859 5540/3295/3858 5542/3239/3798
f 5543/3296/3859 5544/3242/3801 5545/3241/3800
f 5546/3297/3860 5545/3241/3800 5547/3244/3803
f 5546/3297/3860 5543/3296/3859 5545/3241/3800
f 5546/3297/3860 5547/3244/3803 5548/3243/3802
f 5549/3298/3861 5548/3243/3802 5550/3246/3805
f 5549/3298/3861 5546/3297/3860 5548/3243/3802
f 5549/3298/3861 5550/3246/3805 5551/3245/3804
f 5552/3299/3862 5551/3245/3804 5553/3247/3806
f 5552/3299/3862 5549/3298/3861 5551/3245/3804
f 5554/3300/3863 5553/3247/3806 5555/3249/3808
f 5554/3300/3863 5552/3299/3862 5553/3247/3806
f 5554/3300/3863 5555/3249/3808 5556/3248/3807
f 5557/3301/3864 5556/3248/3807 5558/3251/3810
f 5557/3301/3864 5554/3300/3863 5556/3248/3807
f 5557/3301/3864 5558/3251/3810 5559/3250/3809
f 5560/3302/3865 5559/3250/3809 5561/3253/3812
f 5560/3302/3865 5557/3301/3864 5559/3250/3809
f 5560/3302/3865 5561/3253/3812 5562/3252/3811
f 5563/3303/3866 5562/3252/3811 5564/3255/3814
f 5563/3303/3866 5560/3302/3865 5562/3252/3811
f 5563/3303/3866 5564/3255/3814 5565/3254/3813
f 5566/3304/3867 5565/3254/3813 5567/3257/3816
f 5566/3304/3867 5563/3303/3866 5565/3254/3813
f 5566/3304/3867 5567/3257/3816 5568/3256/3868
f 5569/3305/3869 5568/3256/3868 5570/3259/3818
f 5569/3305/3869 5566/3304/3867 5568/3256/3868
f 5569/3305/3869 5570/3259/3818 5571/3258/3817
f 5572/3306/3870 5571/3258/3817 5573/3261/3820
f 5572/3306/3870 5569/3305/3869 5571/3258/3817
f 5572/3306/3870 5573/3261/3820 5574/3260/3871
f 5575/3307/3872 5574/3260/3871 5576/3263/3822
f 5575/3307/3872 5572/3306/3870 5574/3260/3871
f 5575/3307/3872 5576/3263/3822 5577/3262/3873
f 5578/3308/3874 5577/3262/3873 5579/3264/3875
f 5578/3308/3874 5575/3307/3872 5577/3262/3873
f 5578/3308/3874 5579/3264/3875 5580/3266/3825
f 5581/3309/3876 5580/3266/3825 5582/3265/3824
f 5581/3309/3876 5578/3308/3874 5580/3266/3825
f 5581/3309/3876 5582/3265/3824 5583/3268/3827
f 5584/3310/3877 5583/3268/3827 5585/3267/3826
f 5584/3310/3877 5581/3309/3876 5583/3268/3827
f 5584/3310/3877 5585/3267/3826 5586/3270/3829
f 5587/3311/3878 5586/3270/3829 5588/3269/3828
f 5587/3311/3878 5584/3310/3877 5586/3270/3829
f 5587/3311/3878 5588/3269/3828 5589/3272/3879
f 5590/3312/3880 5589/3272/3879 5591/3271/3830
f 5590/3312/3880 5587/3311/3878 5589/3272/3879
f 5590/3312/3880 5591/3271/3830 5592/3274/3833
f 5593/3313/3881 5592/3274/3833 5594/3273/3832
f 5593/3313/3881 5590/3312/3880 5592/3274/3833
f 5593/3313/3881 5594/3273/3832 5595/3276/3835
f 5596/3314/3882 5595/3276/3835 5597/3275/3834
f 5596/3314/3882 5593/3313/3881 5595/3276/3835
f 5596/3314/3882 5597/3275/3834 5598/3278/3837
f 5599/3315/3883 5598/3278/3837 5600/3277/3836
f 5599/3315/3883 5596/3314/3882 5598/3278/3837
f 5599/3315/3883 5600/3277/3836 5601/3279/1394
f 5602/3316/3884 5496/3279/1394 5495/3280/3838
f 5603/3317/3885 5604/3279/1394 5605/3316/3886
f 5599/3315/3883 5601/3279/1394 5606/3317/3885
f 5384/3173/3732 2673/1496/1900 2671/1495/1899
f 5607/3318/3887 2671/1495/1899 2674/1497/1901
f 5607/3318/3887 5384/3173/3732 2671/1495/1899
f 5608/3319/3888 2674/1497/1901 2676/1498/1902
f 5608/3319/3888 5607/3318/3887 2674/1497/1901
f 5609/3320/3889 2676/1498/1902 2678/1499/1903
f 5609/3320/3889 5608/3319/3888 2676/1498/1902
f 5610/3321/3890 2678/1499/1903 2680/1500/1904
f 5610/3321/3890 5609/3320/3889 2678/1499/1903
f 5611/3322/3891 2680/1500/1904 2682/1501/1906
f 5611/3322/3891 5610/3321/3890 2680/1500/1904
f 5612/3323/3892 2682/1501/1906 2684/1502/1907
f 5612/3323/3892 5611/3322/3891 2682/1501/1906
f 5613/3324/3893 2684/1502/1907 2686/1503/1908
f 5613/3324/3893 5612/3323/3892 2684/1502/1907
f 5614/3325/3894 2686/1503/1908 2688/1504/1909
f 5614/3325/3894 5613/3324/3893 2686/1503/1908
f 5615/3326/3895 2688/1504/1909 2690/1505/1910
f 5615/3326/3895 5614/3325/3894 2688/1504/1909
f 5616/3327/3896 2690/1505/1910 2692/1506/1911
f 5616/3327/3896 5615/3326/3895 2690/1505/1910
f 5617/3328/3897 2692/1506/1911 2694/1507/1912
f 5617/3328/3897 5616/3327/3896 2692/1506/1911
f 5618/3329/3898 2694/1507/1912 2696/1508/1913
f 5618/3329/3898 5617/3328/3897 2694/1507/1912
f 5619/3330/3899 2696/1508/1913 2698/1509/1914
f 5619/3330/3899 5618/3329/3898 2696/1508/1913
f 5620/3331/3900 2698/1509/1914 2700/1510/1915
f 5620/3331/3900 5619/3330/3899 2698/1509/1914
f 5621/3332/3901 2700/1510/1915 2702/1511/1916
f 5621/3332/3901 5620/3331/3900 2700/1510/1915
f 5622/3333/3902 2702/1511/1916 2704/1512/1917
f 5622/3333/3902 5621/3332/3901 2702/1511/1916
f 5623/3334/3903 2704/1512/1917 2706/1513/1918
f 5623/3334/3903 5622/3333/3902 2704/1512/1917
f 5624/3335/3904 2706/1513/1918 2708/1514/1919
f 5624/3335/3904 5623/3334/3903 2706/1513/1918
f 5625/3336/3905 2708/1514/1919 2710/1515/1920
f 5625/3336/3905 5624/3335/3904 2708/1514/1919
f 5626/3337/3906 2710/1515/1920 2712/1516/1921
f 5626/3337/3906 5625/3336/3905 2710/1515/1920
f 5627/3338/3907 2712/1516/1921 2714/1517/1922
f 5627/3338/3907 5626/3337/3906 2712/1516/1921
f 5628/3339/3908 2714/1517/1922 2716/1518/1923
f 5628/3339/3908 5627/3338/3907 2714/1517/1922
f 5629/3340/3909 2716/1518/1923 2718/1519/1924
f 5629/3340/3909 5628/3339/3908 2716/1518/1923
f 5630/3341/3910 2718/1519/1924 2722/1521/1926
f 5630/3341/3910 5629/3340/3909 2718/1519/1924
f 5631/3342/3911 2722/1521/1926 2729/1523/1930
f 5631/3342/3911 5630/3341/3910 2722/1521/1926
f 5632/3343/3912 2729/1523/1930 2735/1525/1934
f 5632/3343/3912 5631/3342/3911 2729/1523/1930
f 5633/3344/3913 2735/1525/1934 2740/1527/1938
f 5633/3344/3913 5632/3343/3912 2735/1525/1934
f 5634/3345/3914 2740/1527/1938 2745/1529/1942
f 5634/3345/3914 5633/3344/3913 2740/1527/1938
f 5635/3346/3915 2745/1529/1942 2750/1531/1945
f 5635/3346/3915 5634/3345/3914 2745/1529/1942
f 5636/3347/3916 2750/1531/1945 2753/1532/1947
f 5636/3347/3916 5635/3346/3915 2750/1531/1945
f 5637/3348/3917 2753/1532/1947 2756/1533/1949
f 5637/3348/3917 5636/3347/3916 2753/1532/1947
f 5638/3349/3918 2756/1533/1949 2758/1534/1950
f 5638/3349/3918 5637/3348/3917 2756/1533/1949
f 5308/3100/3659 5638/3349/3918 2758/1534/1950
f 5424/3211/3770 5384/3173/3732 5607/3318/3887
f 5639/3350/3919 5607/3318/3887 5608/3319/3888
f 5639/3350/3919 5424/3211/3770 5607/3318/3887
f 5640/3351/3920 5608/3319/3888 5609/3320/3889
f 5640/3351/3920 5639/3350/3919 5608/3319/3888
f 5641/3352/3921 5609/3320/3889 5610/3321/3890
f 5641/3352/3921 5640/3351/3920 5609/3320/3889
f 5642/3353/3922 5610/3321/3890 5611/3322/3891
f 5642/3353/3922 5641/3352/3921 5610/3321/3890
f 5643/3354/3923 5611/3322/3891 5612/3323/3892
f 5643/3354/3923 5642/3353/3922 5611/3322/3891
f 5644/3355/3924 5612/3323/3892 5613/3324/3893
f 5644/3355/3924 5643/3354/3923 5612/3323/3892
f 5645/3356/3925 5613/3324/3893 5614/3325/3894
f 5645/3356/3925 5644/3355/3924 5613/3324/3893
f 5646/3357/3926 5614/3325/3894 5615/3326/3895
f 5646/3357/3926 5645/3356/3925 5614/3325/3894
f 5647/3358/3927 5615/3326/3895 5616/3327/3896
f 5647/3358/3927 5646/3357/3926 5615/3326/3895
f 5648/3359/3928 5616/3327/3896 5617/3328/3897
f 5648/3359/3928 5647/3358/3927 5616/3327/3896
f 5649/3360/3929 5617/3328/3897 5618/3329/3898
f 5649/3360/3929 5648/3359/3928 5617/3328/3897
f 5650/3361/3930 5618/3329/3898 5619/3330/3899
f 5650/3361/3930 5649/3360/3929 5618/3329/3898
f 5651/3362/3931 5619/3330/3899 5620/3331/3900
f 5651/3362/3931 5650/3361/3930 5619/3330/3899
f 5652/3363/3932 5620/3331/3900 5621/3332/3901
f 5652/3363/3932 5651/3362/3931 5620/3331/3900
f 5653/3364/3933 5621/3332/3901 5622/3333/3902
f 5653/3364/3933 5652/3363/3932 5621/3332/3901
f 5654/3365/3934 5622/3333/3902 5623/3334/3903
f 5654/3365/3934 5653/3364/3933 5622/3333/3902
f 5655/3366/3935 5623/3334/3903 5624/3335/3904
f 5655/3366/3935 5654/3365/3934 5623/3334/3903
f 5656/3367/3936 5624/3335/3904 5625/3336/3905
f 5656/3367/3936 5655/3366/3935 5624/3335/3904
f 5657/3368/3937 5625/3336/3905 5626/3337/3906
f 5657/3368/3937 5656/3367/3936 5625/3336/3905
f 5658/3369/3938 5626/3337/3906 5627/3338/3907
f 5658/3369/3938 5657/3368/3937 5626/3337/3906
f 5659/3370/3939 5627/3338/3907 5628/3339/3908
f 5659/3370/3939 5658/3369/3938 5627/3338/3907
f 5660/3371/3940 5628/3339/3908 5629/3340/3909
f 5660/3371/3940 5659/3370/3939 5628/3339/3908
f 5661/3372/3941 5629/3340/3909 5630/3341/3910
f 5661/3372/3941 5660/3371/3940 5629/3340/3909
f 5662/3373/3942 5630/3341/3910 5631/3342/3911
f 5662/3373/3942 5661/3372/3941 5630/3341/3910
f 5663/3374/3943 5631/3342/3911 5632/3343/3912
f 5663/3374/3943 5662/3373/3942 5631/3342/3911
f 5664/3375/3944 5632/3343/3912 5633/3344/3913
f 5664/3375/3944 5663/3374/3943 5632/3343/3912
f 5665/3376/3945 5633/3344/3913 5634/3345/3914
f 5665/3376/3945 5664/3375/3944 5633/3344/3913
f 5666/3377/3946 5634/3345/3914 5635/3346/3915
f 5666/3377/3946 5665/3376/3945 5634/3345/3914
f 5667/3378/3947 5635/3346/3915 5636/3347/3916
f 5667/3378/3947 5666/3377/3946 5635/3346/3915
f 5668/3379/3948 5636/3347/3916 5637/3348/3917
f 5668/3379/3948 5667/3378/3947 5636/3347/3916
f 5669/3380/3949 5637/3348/3917 5638/3349/3918
f 5669/3380/3949 5668/3379/3948 5637/3348/3917
f 5670/3381/3950 5638/3349/3918 5308/3100/3659
f 5670/3381/3950 5669/3380/3949 5638/3349/3918
f 5347/3137/3696 5670/3381/3950 5308/3100/3659
f 5495/3280/3838 5424/3211/3770 5639/3350/3919
f 5671/3382/3951 5639/3350/3919 5640/3351/3920
f 5671/3382/3951 5495/3280/3838 5639/3350/3919
f 5672/3383/3952 5640/3351/3920 5641/3352/3921
f 5672/3383/3952 5671/3382/3951 5640/3351/3920
f 5673/3384/3953 5641/3352/3921 5642/3353/3922
f 5673/3384/3953 5672/3383/3952 5641/3352/3921
f 5674/3385/3954 5642/3353/3922 5643/3354/3923
f 5674/3385/3954 5673/3384/3953 5642/3353/3922
f 5675/3386/3955 5643/3354/3923 5644/3355/3924
f 5675/3386/3955 5674/3385/3954 5643/3354/3923
f 5676/3387/3956 5644/3355/3924 5645/3356/3925
f 5676/3387/3956 5675/3386/3955 5644/3355/3924
f 5677/3388/3957 5645/3356/3925 5646/3357/3926
f 5677/3388/3957 5676/3387/3956 5645/3356/3925
f 5678/3389/3958 5646/3357/3926 5647/3358/3927
f 5678/3389/3958 5677/3388/3957 5646/3357/3926
f 5679/3390/3959 5647/3358/3927 5648/3359/3928
f 5679/3390/3959 5678/3389/3958 5647/3358/3927
f 5680/3391/3960 5648/3359/3928 5649/3360/3929
f 5680/3391/3960 5679/3390/3959 5648/3359/3928
f 5681/3392/3961 5649/3360/3929 5650/3361/3930
f 5681/3392/3961 5680/3391/3960 5649/3360/3929
f 5682/3393/3962 5650/3361/3930 5651/3362/3931
f 5682/3393/3962 5681/3392/3961 5650/3361/3930
f 5683/3394/3963 5651/3362/3931 5652/3363/3932
f 5683/3394/3963 5682/3393/3962 5651/3362/3931
f 5684/3395/3964 5652/3363/3932 5653/3364/3933
f 5684/3395/3964 5683/3394/3963 5652/3363/3932
f 5685/3396/3965 5653/3364/3933 5654/3365/3934
f 5685/3396/3965 5684/3395/3964 5653/3364/3933
f 5686/3397/3966 5654/3365/3934 5655/3366/3935
f 5686/3397/3966 5685/3396/3965 5654/3365/3934
f 5687/3398/3967 5655/3366/3935 5656/3367/3936
f 5687/3398/3967 5686/3397/3966 5655/3366/3935
f 5688/3399/3968 5656/3367/3936 5657/3368/3937
f 5688/3399/3968 5687/3398/3967 5656/3367/3936
f 5689/3400/3969 5657/3368/3937 5658/3369/3938
f 5689/3400/3969 5688/3399/3968 5657/3368/3937
f 5690/3401/3970 5658/3369/3938 5659/3370/3939
f 5690/3401/3970 5689/3400/3969 5658/3369/3938
f 5691/3402/3971 5659/3370/3939 5660/3371/3940
f 5691/3402/3971 5690/3401/3970 5659/3370/3939
f 5692/3403/3972 5660/3371/3940 5661/3372/3941
f 5692/3403/3972 5691/3402/3971 5660/3371/3940
f 5693/3404/3973 5661/3372/3941 5662/3373/3942
f 5693/3404/3973 5692/3403/3972 5661/3372/3941
f 5694/3405/3974 5662/3373/3942 5663/3374/3943
f 5694/3405/3974 5693/3404/3973 5662/3373/3942
f 5695/3406/3975 5663/3374/3943 5664/3375/3944
f 5695/3406/3975 5694/3405/3974 5663/3374/3943
f 5696/3407/3976 5664/3375/3944 5665/3376/3945
f 5696/3407/3976 5695/3406/3975 5664/3375/3944
f 5697/3408/3977 5665/3376/3945 5666/3377/3946
f 5697/3408/3977 5696/3407/3976 5665/3376/3945
f 5698/3409/3978 5666/3377/3946 5667/3378/3947
f 5698/3409/3978 5697/3408/3977 5666/3377/3946
f 5699/3410/3979 5667/3378/3947 5668/3379/3948
f 5699/3410/3979 5698/3409/3978 5667/3378/3947
f 5700/3411/3980 5668/3379/3948 5669/3380/3949
f 5700/3411/3980 5699/3410/3979 5668/3379/3948
f 5701/3412/3981 5669/3380/3949 5670/3381/3950
f 5701/3412/3981 5700/3411/3980 5669/3380/3949
f 5702/3413/3982 5670/3381/3950 5347/3137/3696
f 5702/3413/3982 5701/3412/3981 5670/3381/3950
f 5387/3175/3734 5702/3413/3982 5347/3137/3696
f 5703/3414/3983 5495/3280/3838 5671/3382/3951
f 5703/3414/3983 5602/3316/3884 5495/3280/3838
f 5704/3415/3984 5671/3382/3951 5672/3383/3952
f 5705/3416/3985 5703/3414/3983 5671/3382/3951
f 5704/3415/3984 5705/3416/3985 5671/3382/3951
f 5706/3417/3986 5672/3383/3952 5673/3384/3953
f 5707/3418/3987 5704/3415/3984 5672/3383/3952
f 5706/3417/3986 5707/3418/3987 5672/3383/3952
f 5708/3419/3988 5673/3384/3953 5674/3385/3954
f 5709/3420/3989 5706/3417/3986 5673/3384/3953
f 5708/3419/3988 5709/3420/3989 5673/3384/3953
f 5710/3421/3990 5674/3385/3954 5675/3386/3955
f 5711/3422/3991 5708/3419/3988 5674/3385/3954
f 5710/3421/3990 5711/3422/3991 5674/3385/3954
f 5712/3423/3992 5675/3386/3955 5676/3387/3956
f 5713/3424/3993 5710/3421/3990 5675/3386/3955
f 5712/3423/3992 5713/3424/3993 5675/3386/3955
f 5714/3425/3994 5676/3387/3956 5677/3388/3957
f 5715/3426/3995 5712/3423/3992 5676/3387/3956
f 5714/3425/3994 5715/3426/3995 5676/3387/3956
f 5716/3427/3996 5677/3388/3957 5678/3389/3958
f 5717/3428/3997 5714/3425/3994 5677/3388/3957
f 5716/3427/3996 5717/3428/3997 5677/3388/3957
f 5718/3429/3998 5678/3389/3958 5679/3390/3959
f 5718/3429/3998 5716/3427/3996 5678/3389/3958
f 5719/3430/3999 5679/3390/3959 5680/3391/3960
f 5720/3431/4000 5718/3429/3998 5679/3390/3959
f 5719/3430/3999 5720/3431/4000 5679/3390/3959
f 5721/3432/4001 5680/3391/3960 5681/3392/3961
f 5722/3433/4002 5719/3430/3999 5680/3391/3960
f 5721/3432/4001 5722/3433/4002 5680/3391/3960
f 5723/3434/4003 5681/3392/3961 5682/3393/3962
f 5724/3435/4004 5721/3432/4001 5681/3392/3961
f 5723/3434/4003 5724/3435/4004 5681/3392/3961
f 5725/3436/4005 5682/3393/3962 5683/3394/3963
f 5726/3437/4006 5723/3434/4003 5682/3393/3962
f 5725/3436/4005 5726/3437/4006 5682/3393/3962
f 5727/3438/4007 5683/3394/3963 5684/3395/3964
f 5728/3439/4008 5725/3436/4005 5683/3394/3963
f 5727/3438/4007 5728/3439/4008 5683/3394/3963
f 5729/3440/4009 5684/3395/3964 5685/3396/3965
f 5730/3441/4010 5727/3438/4007 5684/3395/3964
f 5729/3440/4009 5730/3441/4010 5684/3395/3964
f 5731/3442/4011 5685/3396/3965 5686/3397/3966
f 5732/3443/4012 5729/3440/4009 5685/3396/3965
f 5731/3442/4011 5732/3443/4012 5685/3396/3965
f 5733/3444/4013 5686/3397/3966 5687/3398/3967
f 5734/3445/4014 5731/3442/4011 5686/3397/3966
f 5733/3444/4013 5734/3445/4014 5686/3397/3966
f 5735/3446/4015 5687/3398/3967 5688/3399/3968
f 5735/3446/4015 5733/3444/4013 5687/3398/3967
f 5736/3447/4016 5688/3399/3968 5689/3400/3969
f 5737/3448/4017 5735/3446/4015 5688/3399/3968
f 5736/3447/4016 5737/3448/4017 5688/3399/3968
f 5738/3449/4018 5689/3400/3969 5690/3401/3970
f 5739/3450/4019 5736/3447/4016 5689/3400/3969
f 5738/3449/4018 5739/3450/4019 5689/3400/3969
f 5740/3451/4020 5690/3401/3970 5691/3402/3971
f 5741/3452/4021 5738/3449/4018 5690/3401/3970
f 5740/3451/4020 5741/3452/4021 5690/3401/3970
f 5742/3453/4022 5691/3402/3971 5692/3403/3972
f 5743/3454/4023 5740/3451/4020 5691/3402/3971
f 5742/3453/4022 5743/3454/4023 5691/3402/3971
f 5744/3455/4024 5692/3403/3972 5693/3404/3973
f 5745/3456/4025 5742/3453/4022 5692/3403/3972
f 5744/3455/4024 5745/3456/4025 5692/3403/3972
f 5746/3457/4026 5693/3404/3973 5694/3405/3974
f 5747/3458/4027 5744/3455/4024 5693/3404/3973
f 5746/3457/4026 5747/3458/4027 5693/3404/3973
f 5748/3459/4028 5694/3405/3974 5695/3406/3975
f 5749/3460/4029 5746/3457/4026 5694/3405/3974
f 5748/3459/4028 5749/3460/4029 5694/3405/3974
f 5750/3461/4030 5695/3406/3975 5696/3407/3976
f 5751/3462/4031 5748/3459/4028 5695/3406/3975
f 5750/3461/4030 5751/3462/4031 5695/3406/3975
f 5752/3463/4032 5696/3407/3976 5697/3408/3977
f 5752/3463/4032 5750/3461/4030 5696/3407/3976
f 5753/3464/4033 5697/3408/3977 5698/3409/3978
f 5754/3465/4034 5752/3463/4032 5697/3408/3977
f 5753/3464/4033 5754/3465/4034 5697/3408/3977
f 5755/3466/4035 5698/3409/3978 5699/3410/3979
f 5756/3467/4036 5753/3464/4033 5698/3409/3978
f 5755/3466/4035 5756/3467/4036 5698/3409/3978
f 5757/3468/4037 5699/3410/3979 5700/3411/3980
f 5758/3469/4038 5755/3466/4035 5699/3410/3979
f 5757/3468/4037 5758/3469/4038 5699/3410/3979
f 5759/3470/4039 5700/3411/3980 5701/3412/3981
f 5760/3471/4040 5757/3468/4037 5700/3411/3980
f 5759/3470/4039 5760/3471/4040 5700/3411/3980
f 5761/3472/4041 5701/3412/3981 5702/3413/3982
f 5762/3473/4042 5759/3470/4039 5701/3412/3981
f 5761/3472/4041 5762/3473/4042 5701/3412/3981
f 5763/3474/4043 5702/3413/3982 5387/3175/3734
f 5764/3475/4044 5761/3472/4041 5702/3413/3982
f 5763/3474/4043 5764/3475/4044 5702/3413/3982
f 5765/3476/4045 5763/3474/4043 5387/3175/3734
f 5427/3213/3772 5765/3476/4045 5387/3175/3734
f 5766/3477/4046 5605/3316/3886 5767/3414/3983
f 5766/3477/4046 5603/3317/3885 5605/3316/3886
f 5766/3477/4046 5767/3414/3983 5768/3416/3985
f 5769/3478/4047 5768/3416/3985 5770/3415/3984
f 5769/3478/4047 5766/3477/4046 5768/3416/3985
f 5769/3478/4047 5770/3415/3984 5771/3418/3987
f 5772/3479/4048 5771/3418/3987 5773/3417/3986
f 5772/3479/4048 5769/3478/4047 5771/3418/3987
f 5772/3479/4048 5773/3417/3986 5774/3420/3989
f 5775/3480/4049 5774/3420/3989 5776/3419/4050
f 5775/3480/4049 5772/3479/4048 5774/3420/3989
f 5775/3480/4049 5776/3419/4050 5777/3422/3991
f 5778/3481/4051 5777/3422/3991 5779/3421/3990
f 5778/3481/4051 5775/3480/4049 5777/3422/3991
f 5778/3481/4051 5779/3421/3990 5780/3424/3993
f 5781/3482/4052 5780/3424/3993 5782/3423/3992
f 5781/3482/4052 5778/3481/4051 5780/3424/3993
f 5781/3482/4052 5782/3423/3992 5783/3426/3995
f 5784/3483/4053 5783/3426/3995 5785/3425/3994
f 5784/3483/4053 5781/3482/4052 5783/3426/3995
f 5784/3483/4053 5785/3425/3994 5786/3428/3997
f 5787/3484/4054 5786/3428/3997 5788/3427/4055
f 5787/3484/4054 5784/3483/4053 5786/3428/3997
f 5787/3484/4054 5788/3427/4055 5789/3429/3998
f 5790/3485/4056 5789/3429/3998 5791/3431/4000
f 5790/3485/4056 5787/3484/4054 5789/3429/3998
f 5790/3485/4056 5791/3431/4000 5792/3430/3999
f 5793/3486/4057 5792/3430/3999 5794/3433/4002
f 5793/3486/4057 5790/3485/4056 5792/3430/3999
f 5793/3486/4057 5794/3433/4002 5795/3432/4001
f 5796/3487/4058 5795/3432/4001 5797/3435/4004
f 5796/3487/4058 5793/3486/4057 5795/3432/4001
f 5796/3487/4058 5797/3435/4004 5798/3434/4003
f 5799/3488/4059 5798/3434/4003 5800/3437/4060
f 5799/3488/4059 5796/3487/4058 5798/3434/4003
f 5799/3488/4059 5800/3437/4060 5801/3436/4061
f 5802/3489/4062 5801/3436/4061 5803/3439/4008
f 5802/3489/4062 5799/3488/4059 5801/3436/4061
f 5802/3489/4062 5803/3439/4008 5804/3438/4007
f 5805/3490/4063 5804/3438/4007 5806/3441/4010
f 5805/3490/4063 5802/3489/4062 5804/3438/4007
f 5805/3490/4063 5806/3441/4010 5807/3440/4009
f 5808/3491/4064 5807/3440/4009 5809/3443/4012
f 5808/3491/4064 5805/3490/4063 5807/3440/4009
f 5808/3491/4064 5809/3443/4012 5810/3442/4011
f 5811/3492/4065 5810/3442/4011 5812/3445/4014
f 5811/3492/4065 5808/3491/4064 5810/3442/4011
f 5811/3492/4065 5812/3445/4014 5813/3444/4013
f 5814/3493/4066 5813/3444/4013 5815/3446/4015
f 5814/3493/4066 5811/3492/4065 5813/3444/4013
f 5816/3494/4067 5815/3446/4015 5817/3448/4017
f 5816/3494/4067 5814/3493/4066 5815/3446/4015
f 5816/3494/4067 5817/3448/4017 5818/3447/4016
f 5819/3495/4068 5818/3447/4016 5820/3450/4019
f 5819/3495/4068 5816/3494/4067 5818/3447/4016
f 5819/3495/4068 5820/3450/4019 5821/3449/4018
f 5822/3496/4069 5821/3449/4018 5823/3452/4021
f 5822/3496/4069 5819/3495/4068 5821/3449/4018
f 5822/3496/4069 5823/3452/4021 5824/3451/4020
f 5825/3497/4070 5824/3451/4020 5826/3454/4023
f 5825/3497/4070 5822/3496/4069 5824/3451/4020
f 5825/3497/4070 5826/3454/4023 5827/3453/4022
f 5828/3498/4071 5827/3453/4022 5829/3456/4025
f 5828/3498/4071 5825/3497/4070 5827/3453/4022
f 5828/3498/4071 5829/3456/4025 5830/3455/4072
f 5831/3499/4073 5830/3455/4072 5832/3458/4027
f 5831/3499/4073 5828/3498/4071 5830/3455/4072
f 5831/3499/4073 5832/3458/4027 5833/3457/4026
f 5834/3500/4074 5833/3457/4026 5835/3460/4029
f 5834/3500/4074 5831/3499/4073 5833/3457/4026
f 5834/3500/4074 5835/3460/4029 5836/3459/4075
f 5837/3501/4076 5836/3459/4075 5838/3462/4031
f 5837/3501/4076 5834/3500/4074 5836/3459/4075
f 5837/3501/4076 5838/3462/4031 5839/3461/4077
f 5840/3502/4078 5839/3461/4077 5841/3463/4079
f 5840/3502/4078 5837/3501/4076 5839/3461/4077
f 5840/3502/4078 5841/3463/4079 5842/3465/4034
f 5843/3503/4080 5842/3465/4034 5844/3464/4033
f 5843/3503/4080 5840/3502/4078 5842/3465/4034
f 5843/3503/4080 5844/3464/4033 5845/3467/4036
f 5846/3504/4081 5845/3467/4036 5847/3466/4035
f 5846/3504/4081 5843/3503/4080 5845/3467/4036
f 5846/3504/4081 5847/3466/4035 5848/3469/4038
f 5849/3505/4082 5848/3469/4038 5850/3468/4037
f 5849/3505/4082 5846/3504/4081 5848/3469/4038
f 5849/3505/4082 5850/3468/4037 5851/3471/4083
f 5852/3506/4084 5851/3471/4083 5853/3470/4039
f 5852/3506/4084 5849/3505/4082 5851/3471/4083
f 5852/3506/4084 5853/3470/4039 5854/3473/4042
f 5855/3507/4085 5854/3473/4042 5856/3472/4041
f 5855/3507/4085 5852/3506/4084 5854/3473/4042
f 5855/3507/4085 5856/3472/4041 5857/3475/4044
f 5858/3508/4086 5857/3475/4044 5859/3474/4043
f 5858/3508/4086 5855/3507/4085 5857/3475/4044
f 5858/3508/4086 5859/3474/4043 5860/3476/4045
f 5500/3282/3841 5860/3476/4045 5501/3213/3772
f 5500/3282/3841 5858/3508/4086 5860/3476/4045
f 5861/3509/821 5862/3510/821 5863/3511/821
f 5864/3512/4087 5865/3511/821 5866/3510/821
f 5867/3513/821 5862/3510/821 5861/3509/821
f 5868/3514/4088 5864/3512/4087 5866/3510/821
f 5869/3515/821 5870/3514/4088 5871/3510/821
f 5867/3513/821 5872/3515/821 5862/3510/821
f 5873/3516/821 5863/3511/821 5874/3517/821
f 5864/3512/4087 5875/3517/821 5865/3511/821
f 5861/3509/821 5863/3511/821 5873/3516/821
f 5876/3518/821 5874/3517/821 5877/3519/821
f 5878/3520/4089 5879/3519/821 5875/3517/821
f 5873/3516/821 5874/3517/821 5876/3518/821
f 5864/3512/4087 5878/3520/4089 5875/3517/821
f 5880/3521/821 5877/3519/821 5881/3522/821
f 5878/3520/4089 5882/3522/821 5879/3519/821
f 5876/3518/821 5877/3519/821 5880/3521/821
f 5883/3523/821 5881/3522/821 5884/3524/821
f 5885/3525/4090 5886/3524/821 5882/3522/821
f 5880/3521/821 5881/3522/821 5883/3523/821
f 5878/3520/4089 5885/3525/4090 5882/3522/821
f 5887/3526/821 5884/3524/821 5888/3527/821
f 5885/3525/4090 5889/3527/821 5886/3524/821
f 5883/3523/821 5884/3524/821 5887/3526/821
f 5890/3528/821 5888/3527/821 5891/3529/821
f 5892/3530/4091 5893/3529/821 5889/3527/821
f 5887/3526/821 5888/3527/821 5890/3528/821
f 5885/3525/4090 5892/3530/4091 5889/3527/821
f 5894/3531/821 5891/3529/821 5895/3532/821
f 5892/3530/4091 5896/3532/821 5893/3529/821
f 5890/3528/821 5891/3529/821 5894/3531/821
f 5897/3533/821 5895/3532/821 5898/3534/821
f 5899/3535/4092 5900/3534/821 5896/3532/821
f 5894/3531/821 5895/3532/821 5897/3533/821
f 5892/3530/4091 5899/3535/4092 5896/3532/821
f 5901/3536/821 5898/3534/821 5902/3537/821
f 5899/3535/4092 5903/3537/821 5900/3534/821
f 5897/3533/821 5898/3534/821 5901/3536/821
f 5904/3538/821 5902/3537/821 5905/3539/821
f 5906/3540/4093 5907/3539/821 5903/3537/821
f 5901/3536/821 5902/3537/821 5904/3538/821
f 5899/3535/4092 5906/3540/4093 5903/3537/821
f 5908/3541/821 5905/3539/821 5909/3542/821
f 5906/3540/4093 5910/3542/821 5907/3539/821
f 5904/3538/821 5905/3539/821 5908/3541/821
f 5911/3543/821 5909/3542/821 5912/3544/821
f 5913/3545/4094 5914/3544/821 5910/3542/821
f 5908/3541/821 5909/3542/821 5911/3543/821
f 5906/3540/4093 5913/3545/4094 5910/3542/821
f 5915/3546/821 5912/3544/821 5916/3547/821
f 5913/3545/4094 5917/3547/821 5914/3544/821
f 5911/3543/821 5912/3544/821 5915/3546/821
f 5918/3548/821 5916/3547/821 5919/3549/821
f 5920/3550/4095 5921/3549/821 5917/3547/821
f 5915/3546/821 5916/3547/821 5918/3548/821
f 5913/3545/4094 5920/3550/4095 5917/3547/821
f 5922/3551/821 5919/3549/821 5923/3552/821
f 5920/3550/4095 5924/3552/821 5921/3549/821
f 5918/3548/821 5919/3549/821 5922/3551/821
f 5925/3553/821 5923/3552/821 5926/3554/821
f 5927/3555/4096 5928/3554/821 5924/3552/821
f 5922/3551/821 5923/3552/821 5925/3553/821
f 5920/3550/4095 5927/3555/4096 5924/3552/821
f 5929/3556/821 5926/3554/821 5930/3557/821
f 5931/3558/4097 5932/3557/821 5928/3554/821
f 5925/3553/821 5926/3554/821 5929/3556/821
f 5927/3555/4096 5931/3558/4097 5928/3554/821
f 5933/3559/821 5930/3557/821 5934/3560/821
f 5931/3558/4097 5935/3560/821 5932/3557/821
f 5929/3556/821 5930/3557/821 5933/3559/821
f 5936/3561/821 5934/3560/821 5937/3562/821
f 5938/3563/4098 5939/3562/821 5935/3560/821
f 5933/3559/821 5934/3560/821 5936/3561/821
f 5931/3558/4097 5938/3563/4098 5935/3560/821
f 5940/3564/821 5937/3562/821 5941/3565/821
f 5938/3563/4098 5942/3565/821 5939/3562/821
f 5936/3561/821 5937/3562/821 5940/3564/821
f 5943/3566/821 5941/3565/821 5944/3567/821
f 5945/3568/4099 5946/3567/821 5942/3565/821
f 5940/3564/821 5941/3565/821 5943/3566/821
f 5938/3563/4098 5945/3568/4099 5942/3565/821
f 5947/3569/821 5944/3567/821 5948/3570/821
f 5945/3568/4099 5949/3570/821 5946/3567/821
f 5943/3566/821 5944/3567/821 5947/3569/821
f 5950/3571/821 5948/3570/821 5951/3572/821
f 5952/3573/4100 5953/3572/821 5949/3570/821
f 5947/3569/821 5948/3570/821 5950/3571/821
f 5945/3568/4099 5952/3573/4100 5949/3570/821
f 5954/3574/821 5951/3572/821 5955/3575/821
f 5952/3573/4100 5956/3575/821 5953/3572/821
f 5950/3571/821 5951/3572/821 5954/3574/821
f 5957/3576/821 5955/3575/821 5958/3577/821
f 5959/3578/4101 5960/3577/821 5956/3575/821
f 5954/3574/821 5955/3575/821 5957/3576/821
f 5952/3573/4100 5959/3578/4101 5956/3575/821
f 5961/3579/821 5958/3577/821 5962/3580/821
f 5959/3578/4101 5963/3580/821 5960/3577/821
f 5957/3576/821 5958/3577/821 5961/3579/821
f 5964/3581/821 5962/3580/821 5965/3582/821
f 5966/3583/4102 5967/3582/821 5963/3580/821
f 5961/3579/821 5962/3580/821 5964/3581/821
f 5959/3578/4101 5966/3583/4102 5963/3580/821
f 5968/3584/821 5965/3582/821 5969/3585/821
f 5966/3583/4102 5970/3585/821 5967/3582/821
f 5971/3586/821 5965/3582/821 5968/3584/821
f 5964/3581/821 5965/3582/821 5971/3586/821
f 5972/3587/821 5969/3585/821 5973/3588/821
f 5974/3589/4103 5975/3588/821 5970/3585/821
f 5968/3584/821 5969/3585/821 5972/3587/821
f 5966/3583/4102 5974/3589/4103 5970/3585/821
f 5976/3590/821 5973/3588/821 5977/3591/821
f 5974/3589/4103 5978/3591/821 5975/3588/821
f 5972/3587/821 5973/3588/821 5976/3590/821
f 5976/3590/821 5977/3591/821 5979/3592/821
f 5980/3593/4104 5981/3592/821 5978/3591/821
f 5974/3589/4103 5980/3593/4104 5978/3591/821
f 5982/3594/4105 5983/3590/821 5981/3592/821
f 5980/3593/4104 5982/3594/4105 5981/3592/821
f 5982/3594/4105 5984/3587/821 5983/3590/821
f 5985/3595/4106 5986/3584/821 5984/3587/821
f 5982/3594/4105 5985/3595/4106 5984/3587/821
f 5985/3595/4106 5987/3586/821 5986/3584/821
f 5988/3596/4107 5989/3581/821 5987/3586/821
f 5985/3595/4106 5988/3596/4107 5987/3586/821
f 5988/3596/4107 5990/3579/821 5989/3581/821
f 5991/3597/4108 5992/3576/821 5990/3579/821
f 5988/3596/4107 5991/3597/4108 5990/3579/821
f 5991/3597/4108 5993/3574/821 5992/3576/821
f 5994/3598/4109 5995/3571/821 5993/3574/821
f 5991/3597/4108 5994/3598/4109 5993/3574/821
f 5994/3598/4109 5996/3569/821 5995/3571/821
f 5997/3599/4110 5998/3566/821 5996/3569/821
f 5994/3598/4109 5997/3599/4110 5996/3569/821
f 5997/3599/4110 5999/3564/821 5998/3566/821
f 6000/3600/4111 6001/3561/821 5999/3564/821
f 5997/3599/4110 6000/3600/4111 5999/3564/821
f 6000/3600/4111 6002/3559/821 6001/3561/821
f 6003/3601/4112 6004/3556/821 6002/3559/821
f 6000/3600/4111 6003/3601/4112 6002/3559/821
f 6003/3601/4112 6005/3553/821 6004/3556/821
f 6006/3602/4113 6007/3551/821 6005/3553/821
f 6003/3601/4112 6006/3602/4113 6005/3553/821
f 6008/3603/4114 6009/3548/821 6007/3551/821
f 6006/3602/4113 6008/3603/4114 6007/3551/821
f 6008/3603/4114 6010/3546/821 6009/3548/821
f 6011/3604/4115 6012/3543/821 6010/3546/821
f 6008/3603/4114 6011/3604/4115 6010/3546/821
f 6011/3604/4115 6013/3541/821 6012/3543/821
f 6014/3605/4116 6015/3538/821 6013/3541/821
f 6011/3604/4115 6014/3605/4116 6013/3541/821
f 6014/3605/4116 6016/3536/821 6015/3538/821
f 6017/3606/4117 6018/3533/821 6016/3536/821
f 6014/3605/4116 6017/3606/4117 6016/3536/821
f 6017/3606/4117 6019/3531/821 6018/3533/821
f 6020/3607/4118 6021/3528/821 6019/3531/821
f 6017/3606/4117 6020/3607/4118 6019/3531/821
f 6020/3607/4118 6022/3526/821 6021/3528/821
f 6023/3608/4119 6024/3523/821 6022/3526/821
f 6020/3607/4118 6023/3608/4119 6022/3526/821
f 6023/3608/4119 6025/3521/821 6024/3523/821
f 6026/3609/4120 6027/3518/821 6025/3521/821
f 6023/3608/4119 6026/3609/4120 6025/3521/821
f 6026/3609/4120 6028/3516/821 6027/3518/821
f 6029/3610/4121 6030/3509/821 6028/3516/821
f 6026/3609/4120 6029/3610/4121 6028/3516/821
f 6031/3611/4122 6032/3509/821 6033/3610/4121
f 6031/3611/4122 6034/3513/821 6032/3509/821
f 6035/3612/4123 6029/3610/4121 6026/3609/4120
f 6036/3613/4124 6033/3610/4121 6037/3612/4123
f 6036/3613/4124 6031/3611/4122 6033/3610/4121
f 6038/3614/4125 6026/3609/4120 6023/3608/4119
f 6038/3614/4125 6035/3612/4123 6026/3609/4120
f 6039/3615/4126 6023/3608/4119 6020/3607/4118
f 6038/3614/4125 6023/3608/4119 6039/3615/4126
f 6040/3616/4127 6020/3607/4118 6017/3606/4117
f 6039/3615/4126 6020/3607/4118 6040/3616/4127
f 6041/3617/4128 6017/3606/4117 6014/3605/4116
f 6040/3616/4127 6017/3606/4117 6041/3617/4128
f 6042/3618/4129 6014/3605/4116 6011/3604/4115
f 6041/3617/4128 6014/3605/4116 6042/3618/4129
f 6043/3619/4130 6011/3604/4115 6008/3603/4114
f 6042/3618/4129 6011/3604/4115 6043/3619/4130
f 6044/3620/4131 6008/3603/4114 6006/3602/4113
f 6043/3619/4130 6008/3603/4114 6044/3620/4131
f 6045/3621/4132 6006/3602/4113 6003/3601/4112
f 6044/3620/4131 6006/3602/4113 6045/3621/4132
f 6046/3622/4133 6003/3601/4112 6000/3600/4111
f 6045/3621/4132 6003/3601/4112 6046/3622/4133
f 6047/3623/4134 6000/3600/4111 5997/3599/4110
f 6046/3622/4133 6000/3600/4111 6047/3623/4134
f 6048/3624/4135 5997/3599/4110 5994/3598/4109
f 6047/3623/4134 5997/3599/4110 6048/3624/4135
f 6049/3625/4136 5994/3598/4109 5991/3597/4108
f 6048/3624/4135 5994/3598/4109 6049/3625/4136
f 6050/3626/4137 5991/3597/4108 5988/3596/4107
f 6049/3625/4136 5991/3597/4108 6050/3626/4137
f 6051/3627/4138 5988/3596/4107 5985/3595/4106
f 6050/3626/4137 5988/3596/4107 6051/3627/4138
f 6052/3628/4139 5985/3595/4106 5982/3594/4105
f 6051/3627/4138 5985/3595/4106 6052/3628/4139
f 6053/3629/4140 5982/3594/4105 5980/3593/4104
f 6052/3628/4139 5982/3594/4105 6053/3629/4140
f 6054/3630/4141 5980/3593/4104 5974/3589/4103
f 6053/3629/4140 5980/3593/4104 6054/3630/4141
f 6055/3631/4142 5974/3589/4103 5966/3583/4102
f 6054/3630/4141 5974/3589/4103 6055/3631/4142
f 6056/3632/4143 5966/3583/4102 5959/3578/4101
f 6055/3631/4142 5966/3583/4102 6056/3632/4143
f 6057/3633/4144 5959/3578/4101 5952/3573/4100
f 6056/3632/4143 5959/3578/4101 6057/3633/4144
f 6058/3634/4145 5952/3573/4100 5945/3568/4099
f 6057/3633/4144 5952/3573/4100 6058/3634/4145
f 6059/3635/4146 5945/3568/4099 5938/3563/4098
f 6058/3634/4145 5945/3568/4099 6059/3635/4146
f 6060/3636/4147 5938/3563/4098 5931/3558/4097
f 6059/3635/4146 5938/3563/4098 6060/3636/4147
f 6061/3637/4148 5931/3558/4097 5927/3555/4096
f 6060/3636/4147 5931/3558/4097 6061/3637/4148
f 6062/3638/4149 5927/3555/4096 5920/3550/4095
f 6061/3637/4148 5927/3555/4096 6062/3638/4149
f 6063/3639/4150 5920/3550/4095 5913/3545/4094
f 6062/3638/4149 5920/3550/4095 6063/3639/4150
f 6064/3640/4151 5913/3545/4094 5906/3540/4093
f 6063/3639/4150 5913/3545/4094 6064/3640/4151
f 6065/3641/4152 5906/3540/4093 5899/3535/4092
f 6064/3640/4151 5906/3540/4093 6065/3641/4152
f 6066/3642/4153 5899/3535/4092 5892/3530/4091
f 6065/3641/4152 5899/3535/4092 6066/3642/4153
f 6067/3643/4154 5892/3530/4091 5885/3525/4090
f 6066/3642/4153 5892/3530/4091 6067/3643/4154
f 6068/3644/4155 5885/3525/4090 5878/3520/4089
f 6067/3643/4154 5885/3525/4090 6068/3644/4155
f 6069/3645/4156 5878/3520/4089 5864/3512/4087
f 6068/3644/4155 5878/3520/4089 6069/3645/4156
f 6070/3646/4157 5864/3512/4087 5868/3514/4088
f 6069/3645/4156 5864/3512/4087 6070/3646/4157
f 6070/3646/4157 5868/3514/4088 6071/3647/4158
f 6072/3648/4159 6073/3647/4158 5870/3514/4088
f 6072/3648/4159 5870/3514/4088 5869/3515/821
f 6074/3649/4160 5603/3317/3885 5766/3477/4046
f 6075/3650/4161 5606/3317/3885 6076/3649/4162
f 6075/3650/4161 5599/3315/3883 5606/3317/3885
f 6077/3651/4163 5766/3477/4046 5769/3478/4047
f 6077/3651/4163 6074/3649/4160 5766/3477/4046
f 6078/3652/4164 5769/3478/4047 5772/3479/4048
f 6078/3652/4164 6077/3651/4163 5769/3478/4047
f 6079/3653/4165 5772/3479/4048 5775/3480/4049
f 6079/3653/4165 6078/3652/4164 5772/3479/4048
f 6080/3654/4166 5775/3480/4049 5778/3481/4051
f 6080/3654/4166 6079/3653/4165 5775/3480/4049
f 6081/3655/4167 5778/3481/4051 5781/3482/4052
f 6081/3655/4167 6080/3654/4166 5778/3481/4051
f 6082/3656/4168 5781/3482/4052 5784/3483/4053
f 6082/3656/4168 6081/3655/4167 5781/3482/4052
f 6083/3657/4169 5784/3483/4053 5787/3484/4054
f 6083/3657/4169 6082/3656/4168 5784/3483/4053
f 6084/3658/4170 5787/3484/4054 5790/3485/4056
f 6084/3658/4170 6083/3657/4169 5787/3484/4054
f 6085/3659/4171 5790/3485/4056 5793/3486/4057
f 6085/3659/4171 6084/3658/4170 5790/3485/4056
f 6086/3660/4172 5793/3486/4057 5796/3487/4058
f 6086/3660/4172 6085/3659/4171 5793/3486/4057
f 6087/3661/4173 5796/3487/4058 5799/3488/4059
f 6087/3661/4173 6086/3660/4172 5796/3487/4058
f 6088/3662/4174 5799/3488/4059 5802/3489/4062
f 6088/3662/4174 6087/3661/4173 5799/3488/4059
f 6089/3663/4175 5802/3489/4062 5805/3490/4063
f 6089/3663/4175 6088/3662/4174 5802/3489/4062
f 6090/3664/4176 5805/3490/4063 5808/3491/4064
f 6090/3664/4176 6089/3663/4175 5805/3490/4063
f 6091/3665/4177 5808/3491/4064 5811/3492/4065
f 6091/3665/4177 6090/3664/4176 5808/3491/4064
f 6092/3666/4178 5811/3492/4065 5814/3493/4066
f 6092/3666/4178 6091/3665/4177 5811/3492/4065
f 6093/3667/4179 5814/3493/4066 5816/3494/4067
f 6093/3667/4179 6092/3666/4178 5814/3493/4066
f 6094/3668/4180 5816/3494/4067 5819/3495/4068
f 6094/3668/4180 6093/3667/4179 5816/3494/4067
f 6095/3669/4181 5819/3495/4068 5822/3496/4069
f 6095/3669/4181 6094/3668/4180 5819/3495/4068
f 6096/3670/4182 5822/3496/4069 5825/3497/4070
f 6096/3670/4182 6095/3669/4181 5822/3496/4069
f 6097/3671/4183 5825/3497/4070 5828/3498/4071
f 6097/3671/4183 6096/3670/4182 5825/3497/4070
f 6098/3672/4184 5828/3498/4071 5831/3499/4073
f 6098/3672/4184 6097/3671/4183 5828/3498/4071
f 6099/3673/4185 5831/3499/4073 5834/3500/4074
f 6099/3673/4185 6098/3672/4184 5831/3499/4073
f 6100/3674/4186 5834/3500/4074 5837/3501/4076
f 6100/3674/4186 6099/3673/4185 5834/3500/4074
f 6101/3675/4187 5837/3501/4076 5840/3502/4078
f 6101/3675/4187 6100/3674/4186 5837/3501/4076
f 6102/3676/4188 5840/3502/4078 5843/3503/4080
f 6102/3676/4188 6101/3675/4187 5840/3502/4078
f 6103/3677/4189 5843/3503/4080 5846/3504/4081
f 6103/3677/4189 6102/3676/4188 5843/3503/4080
f 6104/3678/4190 5846/3504/4081 5849/3505/4082
f 6104/3678/4190 6103/3677/4189 5846/3504/4081
f 6105/3679/4191 5849/3505/4082 5852/3506/4084
f 6105/3679/4191 6104/3678/4190 5849/3505/4082
f 6106/3680/4192 5852/3506/4084 5855/3507/4085
f 6106/3680/4192 6105/3679/4191 5852/3506/4084
f 6107/3681/4193 5855/3507/4085 5858/3508/4086
f 6107/3681/4193 6106/3680/4192 5855/3507/4085
f 6108/3682/4194 5858/3508/4086 5500/3282/3841
f 6108/3682/4194 6107/3681/4193 5858/3508/4086
f 6109/3683/4195 5500/3282/3841 5503/3281/3839
f 6109/3683/4195 6108/3682/4194 5500/3282/3841
f 6109/3683/4195 5503/3281/3839 6110/3684/4196
f 5504/3283/3842 6111/3684/4197 5497/3281/3839
f 6038/3614/4125 6109/3683/4195 6110/3684/4196
f 6038/3614/4125 6110/3684/4196 6035/3612/4123
f 6112/3685/4198 6037/3612/4123 6111/3684/4197
f 6112/3685/4198 6111/3684/4197 5504/3283/3842
f 6071/3647/4158 6074/3649/4160 6077/3651/4163
f 6113/3686/4199 6076/3649/4162 6073/3647/4158
f 6113/3686/4199 6075/3650/4161 6076/3649/4162
f 6070/3646/4157 6077/3651/4163 6078/3652/4164
f 6070/3646/4157 6071/3647/4158 6077/3651/4163
f 6069/3645/4156 6078/3652/4164 6079/3653/4165
f 6069/3645/4156 6070/3646/4157 6078/3652/4164
f 6068/3644/4155 6079/3653/4165 6080/3654/4166
f 6068/3644/4155 6069/3645/4156 6079/3653/4165
f 6067/3643/4154 6080/3654/4166 6081/3655/4167
f 6067/3643/4154 6068/3644/4155 6080/3654/4166
f 6066/3642/4153 6081/3655/4167 6082/3656/4168
f 6066/3642/4153 6067/3643/4154 6081/3655/4167
f 6065/3641/4152 6082/3656/4168 6083/3657/4169
f 6065/3641/4152 6066/3642/4153 6082/3656/4168
f 6064/3640/4151 6083/3657/4169 6084/3658/4170
f 6064/3640/4151 6065/3641/4152 6083/3657/4169
f 6063/3639/4150 6084/3658/4170 6085/3659/4171
f 6063/3639/4150 6064/3640/4151 6084/3658/4170
f 6062/3638/4149 6085/3659/4171 6086/3660/4172
f 6062/3638/4149 6063/3639/4150 6085/3659/4171
f 6061/3637/4148 6086/3660/4172 6087/3661/4173
f 6061/3637/4148 6062/3638/4149 6086/3660/4172
f 6060/3636/4147 6087/3661/4173 6088/3662/4174
f 6060/3636/4147 6061/3637/4148 6087/3661/4173
f 6059/3635/4146 6088/3662/4174 6089/3663/4175
f 6059/3635/4146 6060/3636/4147 6088/3662/4174
f 6058/3634/4145 6089/3663/4175 6090/3664/4176
f 6058/3634/4145 6059/3635/4146 6089/3663/4175
f 6057/3633/4144 6090/3664/4176 6091/3665/4177
f 6057/3633/4144 6058/3634/4145 6090/3664/4176
f 6056/3632/4143 6091/3665/4177 6092/3666/4178
f 6056/3632/4143 6057/3633/4144 6091/3665/4177
f 6055/3631/4142 6092/3666/4178 6093/3667/4179
f 6055/3631/4142 6056/3632/4143 6092/3666/4178
f 6054/3630/4141 6093/3667/4179 6094/3668/4180
f 6054/3630/4141 6055/3631/4142 6093/3667/4179
f 6053/3629/4140 6094/3668/4180 6095/3669/4181
f 6053/3629/4140 6054/3630/4141 6094/3668/4180
f 6052/3628/4139 6095/3669/4181 6096/3670/4182
f 6052/3628/4139 6053/3629/4140 6095/3669/4181
f 6051/3627/4138 6096/3670/4182 6097/3671/4183
f 6051/3627/4138 6052/3628/4139 6096/3670/4182
f 6050/3626/4137 6097/3671/4183 6098/3672/4184
f 6050/3626/4137 6051/3627/4138 6097/3671/4183
f 6049/3625/4136 6098/3672/4184 6099/3673/4185
f 6049/3625/4136 6050/3626/4137 6098/3672/4184
f 6048/3624/4135 6099/3673/4185 6100/3674/4186
f 6048/3624/4135 6049/3625/4136 6099/3673/4185
f 6047/3623/4134 6100/3674/4186 6101/3675/4187
f 6047/3623/4134 6048/3624/4135 6100/3674/4186
f 6046/3622/4133 6101/3675/4187 6102/3676/4188
f 6046/3622/4133 6047/3623/4134 6101/3675/4187
f 6045/3621/4132 6102/3676/4188 6103/3677/4189
f 6045/3621/4132 6046/3622/4133 6102/3676/4188
f 6044/3620/4131 6103/3677/4189 6104/3678/4190
f 6044/3620/4131 6045/3621/4132 6103/3677/4189
f 6043/3619/4130 6104/3678/4190 6105/3679/4191
f 6043/3619/4130 6044/3620/4131 6104/3678/4190
f 6042/3618/4129 6105/3679/4191 6106/3680/4192
f 6042/3618/4129 6043/3619/4130 6105/3679/4191
f 6041/3617/4128 6106/3680/4192 6107/3681/4193
f 6041/3617/4128 6042/3618/4129 6106/3680/4192
f 6040/3616/4127 6107/3681/4193 6108/3682/4194
f 6040/3616/4127 6041/3617/4128 6107/3681/4193
f 6039/3615/4126 6108/3682/4194 6109/3683/4195
f 6039/3615/4126 6040/3616/4127 6108/3682/4194
f 6038/3614/4125 6039/3615/4126 6109/3683/4195
f 6036/3613/4124 6037/3612/4123 6112/3685/4198
f 6113/3686/4199 6073/3647/4158 6072/3648/4159
f 6114/3687/821 6115/3688/821 5872/3515/821
f 6072/3648/4159 5869/3515/821 6116/3688/821
f 5867/3513/821 6114/3687/821 5872/3515/821
f 6117/3689/821 6118/3690/821 6115/3688/821
f 6072/3648/4159 6116/3688/821 6119/3690/821
f 6114/3687/821 6117/3689/821 6115/3688/821
f 6120/3691/821 6121/3692/821 6118/3690/821
f 6122/3693/4200 6119/3690/821 6123/3692/821
f 6117/3689/821 6120/3691/821 6118/3690/821
f 6122/3693/4200 6072/3648/4159 6119/3690/821
f 6124/3694/821 6125/3695/821 6121/3692/821
f 6122/3693/4200 6123/3692/821 6126/3695/821
f 6120/3691/821 6124/3694/821 6121/3692/821
f 6127/3696/821 6128/3697/821 6125/3695/821
f 6129/3698/4201 6126/3695/821 6130/3697/821
f 6124/3694/821 6127/3696/821 6125/3695/821
f 6129/3698/4201 6122/3693/4200 6126/3695/821
f 6131/3699/821 6132/3700/821 6128/3697/821
f 6129/3698/4201 6130/3697/821 6133/3700/821
f 6127/3696/821 6131/3699/821 6128/3697/821
f 6134/3701/821 6135/3702/821 6132/3700/821
f 6136/3703/4202 6133/3700/821 6137/3702/821
f 6131/3699/821 6134/3701/821 6132/3700/821
f 6136/3703/4202 6129/3698/4201 6133/3700/821
f 6138/3704/821 6139/3705/821 6135/3702/821
f 6136/3703/4202 6137/3702/821 6140/3705/821
f 6134/3701/821 6138/3704/821 6135/3702/821
f 6141/3706/821 6142/3707/821 6139/3705/821
f 6143/3708/4203 6140/3705/821 6144/3707/821
f 6138/3704/821 6141/3706/821 6139/3705/821
f 6143/3708/4203 6136/3703/4202 6140/3705/821
f 6145/3709/821 6146/3710/821 6142/3707/821
f 6143/3708/4203 6144/3707/821 6147/3710/821
f 6141/3706/821 6145/3709/821 6142/3707/821
f 6148/3711/821 6149/3712/821 6146/3710/821
f 6150/3713/4204 6147/3710/821 6151/3712/821
f 6145/3709/821 6148/3711/821 6146/3710/821
f 6150/3713/4204 6143/3708/4203 6147/3710/821
f 6152/3714/821 6153/3715/821 6149/3712/821
f 6150/3713/4204 6151/3712/821 6154/3715/821
f 6148/3711/821 6152/3714/821 6149/3712/821
f 6155/3716/821 6156/3717/821 6153/3715/821
f 6157/3718/4205 6154/3715/821 6158/3717/821
f 6152/3714/821 6155/3716/821 6153/3715/821
f 6157/3718/4205 6150/3713/4204 6154/3715/821
f 6159/3719/821 6160/3720/821 6156/3717/821
f 6157/3718/4205 6158/3717/821 6161/3720/821
f 6155/3716/821 6159/3719/821 6156/3717/821
f 6162/3721/821 6163/3722/821 6160/3720/821
f 6164/3723/4206 6161/3720/821 6165/3722/821
f 6159/3719/821 6162/3721/821 6160/3720/821
f 6164/3723/4206 6157/3718/4205 6161/3720/821
f 6166/3724/821 6167/3725/821 6163/3722/821
f 6168/3726/4207 6165/3722/821 6169/3725/821
f 6162/3721/821 6166/3724/821 6163/3722/821
f 6168/3726/4207 6164/3723/4206 6165/3722/821
f 6170/3727/821 6171/3728/821 6167/3725/821
f 6168/3726/4207 6169/3725/821 6172/3728/821
f 6166/3724/821 6170/3727/821 6167/3725/821
f 6173/3729/821 6174/3730/821 6171/3728/821
f 6175/3731/4208 6172/3728/821 6176/3730/821
f 6170/3727/821 6173/3729/821 6171/3728/821
f 6175/3731/4208 6168/3726/4207 6172/3728/821
f 6177/3732/821 6178/3733/821 6174/3730/821
f 6175/3731/4208 6176/3730/821 6179/3733/821
f 6173/3729/821 6177/3732/821 6174/3730/821
f 6180/3734/821 6181/3735/821 6178/3733/821
f 6182/3736/4209 6179/3733/821 6183/3735/821
f 6177/3732/821 6180/3734/821 6178/3733/821
f 6182/3736/4209 6175/3731/4208 6179/3733/821
f 6184/3737/821 6185/3738/821 6181/3735/821
f 6182/3736/4209 6183/3735/821 6186/3738/821
f 6180/3734/821 6184/3737/821 6181/3735/821
f 6187/3739/821 6188/3740/821 6185/3738/821
f 6189/3741/4210 6186/3738/821 6190/3740/821
f 6184/3737/821 6187/3739/821 6185/3738/821
f 6189/3741/4210 6182/3736/4209 6186/3738/821
f 6191/3742/821 6192/3743/821 6188/3740/821
f 6189/3741/4210 6190/3740/821 6193/3743/821
f 6187/3739/821 6191/3742/821 6188/3740/821
f 6194/3744/821 6195/3745/821 6192/3743/821
f 6196/3746/4211 6193/3743/821 6197/3745/821
f 6191/3742/821 6194/3744/821 6192/3743/821
f 6196/3746/4211 6189/3741/4210 6193/3743/821
f 6198/3747/821 6199/3748/821 6195/3745/821
f 6196/3746/4211 6197/3745/821 6200/3748/821
f 6194/3744/821 6198/3747/821 6195/3745/821
f 6201/3749/821 6202/3750/821 6199/3748/821
f 6203/3751/4212 6200/3748/821 6204/3750/821
f 6198/3747/821 6201/3749/821 6199/3748/821
f 6203/3751/4212 6196/3746/4211 6200/3748/821
f 6205/3752/821 6206/3753/821 6202/3750/821
f 6203/3751/4212 6204/3750/821 6207/3753/821
f 6201/3749/821 6205/3752/821 6202/3750/821
f 6205/3752/821 6208/3754/821 6206/3753/821
f 6209/3755/4213 6207/3753/821 6210/3754/821
f 6209/3755/4213 6203/3751/4212 6207/3753/821
f 6211/3756/821 6212/3757/821 6208/3754/821
f 6209/3755/4213 6210/3754/821 6213/3757/821
f 6205/3752/821 6211/3756/821 6208/3754/821
f 6214/3758/821 6215/3759/821 6212/3757/821
f 6216/3760/4214 6213/3757/821 6217/3759/821
f 6211/3756/821 6214/3758/821 6212/3757/821
f 6216/3760/4214 6209/3755/4213 6213/3757/821
f 6218/3761/821 6219/3762/821 6215/3759/821
f 6216/3760/4214 6217/3759/821 6220/3762/821
f 6214/3758/821 6218/3761/821 6215/3759/821
f 6221/3763/4215 6220/3762/821 6222/3761/821
f 6221/3763/4215 6216/3760/4214 6220/3762/821
f 6223/3764/4216 6222/3761/821 6224/3758/821
f 6223/3764/4216 6221/3763/4215 6222/3761/821
f 6223/3764/4216 6224/3758/821 6225/3756/821
f 6226/3765/4217 6225/3756/821 6227/3752/821
f 6226/3765/4217 6223/3764/4216 6225/3756/821
f 6226/3765/4217 6227/3752/821 6228/3749/821
f 6229/3766/4218 6228/3749/821 6230/3747/821
f 6229/3766/4218 6226/3765/4217 6228/3749/821
f 6229/3766/4218 6230/3747/821 6231/3744/821
f 6232/3767/4219 6231/3744/821 6233/3742/821
f 6232/3767/4219 6229/3766/4218 6231/3744/821
f 6232/3767/4219 6233/3742/821 6234/3739/821
f 6235/3768/4220 6234/3739/821 6236/3737/821
f 6235/3768/4220 6232/3767/4219 6234/3739/821
f 6235/3768/4220 6236/3737/821 6237/3734/821
f 6238/3769/4221 6237/3734/821 6239/3732/821
f 6238/3769/4221 6235/3768/4220 6237/3734/821
f 6238/3769/4221 6239/3732/821 6240/3729/821
f 6241/3770/4222 6240/3729/821 6242/3727/821
f 6241/3770/4222 6238/3769/4221 6240/3729/821
f 6241/3770/4222 6242/3727/821 6243/3724/821
f 6244/3771/4223 6243/3724/821 6245/3721/821
f 6244/3771/4223 6241/3770/4222 6243/3724/821
f 6246/3772/4224 6245/3721/821 6247/3719/821
f 6246/3772/4224 6244/3771/4223 6245/3721/821
f 6246/3772/4224 6247/3719/821 6248/3716/821
f 6249/3773/4225 6248/3716/821 6250/3714/821
f 6249/3773/4225 6246/3772/4224 6248/3716/821
f 6249/3773/4225 6250/3714/821 6251/3711/821
f 6252/3774/4226 6251/3711/821 6253/3709/821
f 6252/3774/4226 6249/3773/4225 6251/3711/821
f 6252/3774/4226 6253/3709/821 6254/3706/821
f 6255/3775/4227 6254/3706/821 6256/3704/821
f 6255/3775/4227 6252/3774/4226 6254/3706/821
f 6255/3775/4227 6256/3704/821 6257/3701/821
f 6258/3776/4228 6257/3701/821 6259/3699/821
f 6258/3776/4228 6255/3775/4227 6257/3701/821
f 6258/3776/4228 6259/3699/821 6260/3696/821
f 6261/3777/4229 6260/3696/821 6262/3694/821
f 6261/3777/4229 6258/3776/4228 6260/3696/821
f 6261/3777/4229 6262/3694/821 6263/3691/821
f 6264/3778/4230 6263/3691/821 6265/3689/821
f 6264/3778/4230 6261/3777/4229 6263/3691/821
f 6264/3778/4230 6265/3689/821 6266/3687/821
f 6031/3611/4122 6266/3687/821 6034/3513/821
f 6031/3611/4122 6264/3778/4230 6266/3687/821
f 6113/3686/4199 6072/3648/4159 6122/3693/4200
f 6267/3779/4231 6122/3693/4200 6129/3698/4201
f 6113/3686/4199 6122/3693/4200 6267/3779/4231
f 6268/3780/4232 6129/3698/4201 6136/3703/4202
f 6267/3779/4231 6129/3698/4201 6268/3780/4232
f 6269/3781/4233 6136/3703/4202 6143/3708/4203
f 6268/3780/4232 6136/3703/4202 6269/3781/4233
f 6270/3782/4234 6143/3708/4203 6150/3713/4204
f 6269/3781/4233 6143/3708/4203 6270/3782/4234
f 6271/3783/4235 6150/3713/4204 6157/3718/4205
f 6270/3782/4234 6150/3713/4204 6271/3783/4235
f 6272/3784/4236 6157/3718/4205 6164/3723/4206
f 6271/3783/4235 6157/3718/4205 6272/3784/4236
f 6273/3785/4237 6164/3723/4206 6168/3726/4207
f 6272/3784/4236 6164/3723/4206 6273/3785/4237
f 6274/3786/4238 6168/3726/4207 6175/3731/4208
f 6273/3785/4237 6168/3726/4207 6274/3786/4238
f 6275/3787/4239 6175/3731/4208 6182/3736/4209
f 6274/3786/4238 6175/3731/4208 6275/3787/4239
f 6276/3788/4240 6182/3736/4209 6189/3741/4210
f 6275/3787/4239 6182/3736/4209 6276/3788/4240
f 6277/3789/4241 6189/3741/4210 6196/3746/4211
f 6276/3788/4240 6189/3741/4210 6277/3789/4241
f 6278/3790/4242 6196/3746/4211 6203/3751/4212
f 6277/3789/4241 6196/3746/4211 6278/3790/4242
f 6279/3791/4243 6203/3751/4212 6209/3755/4213
f 6278/3790/4242 6203/3751/4212 6279/3791/4243
f 6280/3792/4244 6209/3755/4213 6216/3760/4214
f 6279/3791/4243 6209/3755/4213 6280/3792/4244
f 6281/3793/4245 6216/3760/4214 6221/3763/4215
f 6280/3792/4244 6216/3760/4214 6281/3793/4245
f 6282/3794/4246 6221/3763/4215 6223/3764/4216
f 6281/3793/4245 6221/3763/4215 6282/3794/4246
f 6283/3795/4247 6223/3764/4216 6226/3765/4217
f 6282/3794/4246 6223/3764/4216 6283/3795/4247
f 6284/3796/4248 6226/3765/4217 6229/3766/4218
f 6283/3795/4247 6226/3765/4217 6284/3796/4248
f 6285/3797/4249 6229/3766/4218 6232/3767/4219
f 6284/3796/4248 6229/3766/4218 6285/3797/4249
f 6286/3798/4250 6232/3767/4219 6235/3768/4220
f 6285/3797/4249 6232/3767/4219 6286/3798/4250
f 6287/3799/4251 6235/3768/4220 6238/3769/4221
f 6286/3798/4250 6235/3768/4220 6287/3799/4251
f 6288/3800/4252 6238/3769/4221 6241/3770/4222
f 6287/3799/4251 6238/3769/4221 6288/3800/4252
f 6289/3801/4253 6241/3770/4222 6244/3771/4223
f 6288/3800/4252 6241/3770/4222 6289/3801/4253
f 6290/3802/4254 6244/3771/4223 6246/3772/4224
f 6289/3801/4253 6244/3771/4223 6290/3802/4254
f 6291/3803/4255 6246/3772/4224 6249/3773/4225
f 6290/3802/4254 6246/3772/4224 6291/3803/4255
f 6292/3804/4256 6249/3773/4225 6252/3774/4226
f 6291/3803/4255 6249/3773/4225 6292/3804/4256
f 6293/3805/4257 6252/3774/4226 6255/3775/4227
f 6292/3804/4256 6252/3774/4226 6293/3805/4257
f 6294/3806/4258 6255/3775/4227 6258/3776/4228
f 6293/3805/4257 6255/3775/4227 6294/3806/4258
f 6295/3807/4259 6258/3776/4228 6261/3777/4229
f 6294/3806/4258 6258/3776/4228 6295/3807/4259
f 6296/3808/4260 6261/3777/4229 6264/3778/4230
f 6295/3807/4259 6261/3777/4229 6296/3808/4260
f 6297/3809/4261 6264/3778/4230 6031/3611/4122
f 6296/3808/4260 6264/3778/4230 6297/3809/4261
f 6297/3809/4261 6031/3611/4122 6036/3613/4124
f 6112/3685/4198 5504/3283/3842 5507/3284/3843
f 6298/3810/4262 5507/3284/3843 5510/3285/3844
f 6298/3810/4262 6112/3685/4198 5507/3284/3843
f 6299/3811/4263 5510/3285/3844 5513/3286/3845
f 6299/3811/4263 6298/3810/4262 5510/3285/3844
f 6300/3812/4264 5513/3286/3845 5516/3287/3847
f 6300/3812/4264 6299/3811/4263 5513/3286/3845
f 6301/3813/4265 5516/3287/3847 5519/3288/3848
f 6301/3813/4265 6300/3812/4264 5516/3287/3847
f 6302/3814/4266 5519/3288/3848 5522/3289/3849
f 6302/3814/4266 6301/3813/4265 5519/3288/3848
f 6303/3815/4267 5522/3289/3849 5525/3290/3850
f 6303/3815/4267 6302/3814/4266 5522/3289/3849
f 6304/3816/4268 5525/3290/3850 5528/3291/3852
f 6304/3816/4268 6303/3815/4267 5525/3290/3850
f 6305/3817/4269 5528/3291/3852 5531/3292/3853
f 6305/3817/4269 6304/3816/4268 5528/3291/3852
f 6306/3818/4270 5531/3292/3853 5534/3293/3854
f 6306/3818/4270 6305/3817/4269 5531/3292/3853
f 6307/3819/4271 5534/3293/3854 5537/3294/3855
f 6307/3819/4271 6306/3818/4270 5534/3293/3854
f 6308/3820/4272 5537/3294/3855 5540/3295/3858
f 6308/3820/4272 6307/3819/4271 5537/3294/3855
f 6309/3821/4273 5540/3295/3858 5543/3296/3859
f 6309/3821/4273 6308/3820/4272 5540/3295/3858
f 6310/3822/4274 5543/3296/3859 5546/3297/3860
f 6310/3822/4274 6309/3821/4273 5543/3296/3859
f 6311/3823/4275 5546/3297/3860 5549/3298/3861
f 6311/3823/4275 6310/3822/4274 5546/3297/3860
f 6312/3824/4276 5549/3298/3861 5552/3299/3862
f 6312/3824/4276 6311/3823/4275 5549/3298/3861
f 6313/3825/4277 5552/3299/3862 5554/3300/3863
f 6313/3825/4277 6312/3824/4276 5552/3299/3862
f 6314/3826/4278 5554/3300/3863 5557/3301/3864
f 6314/3826/4278 6313/3825/4277 5554/3300/3863
f 6315/3827/4279 5557/3301/3864 5560/3302/3865
f 6315/3827/4279 6314/3826/4278 5557/3301/3864
f 6316/3828/4280 5560/3302/3865 5563/3303/3866
f 6316/3828/4280 6315/3827/4279 5560/3302/3865
f 6317/3829/4281 5563/3303/3866 5566/3304/3867
f 6317/3829/4281 6316/3828/4280 5563/3303/3866
f 6318/3830/4282 5566/3304/3867 5569/3305/3869
f 6318/3830/4282 6317/3829/4281 5566/3304/3867
f 6319/3831/4283 5569/3305/3869 5572/3306/3870
f 6319/3831/4283 6318/3830/4282 5569/3305/3869
f 6320/3832/4284 5572/3306/3870 5575/3307/3872
f 6320/3832/4284 6319/3831/4283 5572/3306/3870
f 6321/3833/4285 5575/3307/3872 5578/3308/3874
f 6321/3833/4285 6320/3832/4284 5575/3307/3872
f 6322/3834/4286 5578/3308/3874 5581/3309/3876
f 6322/3834/4286 6321/3833/4285 5578/3308/3874
f 6323/3835/4287 5581/3309/3876 5584/3310/3877
f 6323/3835/4287 6322/3834/4286 5581/3309/3876
f 6324/3836/4288 5584/3310/3877 5587/3311/3878
f 6324/3836/4288 6323/3835/4287 5584/3310/3877
f 6325/3837/4289 5587/3311/3878 5590/3312/3880
f 6325/3837/4289 6324/3836/4288 5587/3311/3878
f 6326/3838/4290 5590/3312/3880 5593/3313/3881
f 6326/3838/4290 6325/3837/4289 5590/3312/3880
f 6327/3839/4291 5593/3313/3881 5596/3314/3882
f 6327/3839/4291 6326/3838/4290 5593/3313/3881
f 6328/3840/4292 5596/3314/3882 5599/3315/3883
f 6328/3840/4292 6327/3839/4291 5596/3314/3882
f 6075/3650/4161 6328/3840/4292 5599/3315/3883
f 6036/3613/4124 6112/3685/4198 6298/3810/4262
f 6297/3809/4261 6298/3810/4262 6299/3811/4263
f 6297/3809/4261 6036/3613/4124 6298/3810/4262
f 6296/3808/4260 6299/3811/4263 6300/3812/4264
f 6296/3808/4260 6297/3809/4261 6299/3811/4263
f 6295/3807/4259 6300/3812/4264 6301/3813/4265
f 6295/3807/4259 6296/3808/4260 6300/3812/4264
f 6294/3806/4258 6301/3813/4265 6302/3814/4266
f 6294/3806/4258 6295/3807/4259 6301/3813/4265
f 6293/3805/4257 6302/3814/4266 6303/3815/4267
f 6293/3805/4257 6294/3806/4258 6302/3814/4266
f 6292/3804/4256 6303/3815/4267 6304/3816/4268
f 6292/3804/4256 6293/3805/4257 6303/3815/4267
f 6291/3803/4255 6304/3816/4268 6305/3817/4269
f 6291/3803/4255 6292/3804/4256 6304/3816/4268
f 6290/3802/4254 6305/3817/4269 6306/3818/4270
f 6290/3802/4254 6291/3803/4255 6305/3817/4269
f 6289/3801/4253 6306/3818/4270 6307/3819/4271
f 6289/3801/4253 6290/3802/4254 6306/3818/4270
f 6288/3800/4252 6307/3819/4271 6308/3820/4272
f 6288/3800/4252 6289/3801/4253 6307/3819/4271
f 6287/3799/4251 6308/3820/4272 6309/3821/4273
f 6287/3799/4251 6288/3800/4252 6308/3820/4272
f 6286/3798/4250 6309/3821/4273 6310/3822/4274
f 6286/3798/4250 6287/3799/4251 6309/3821/4273
f 6285/3797/4249 6310/3822/4274 6311/3823/4275
f 6285/3797/4249 6286/3798/4250 6310/3822/4274
f 6284/3796/4248 6311/3823/4275 6312/3824/4276
f 6284/3796/4248 6285/3797/4249 6311/3823/4275
f 6283/3795/4247 6312/3824/4276 6313/3825/4277
f 6283/3795/4247 6284/3796/4248 6312/3824/4276
f 6282/3794/4246 6313/3825/4277 6314/3826/4278
f 6282/3794/4246 6283/3795/4247 6313/3825/4277
f 6281/3793/4245 6314/3826/4278 6315/3827/4279
f 6281/3793/4245 6282/3794/4246 6314/3826/4278
f 6280/3792/4244 6315/3827/4279 6316/3828/4280
f 6280/3792/4244 6281/3793/4245 6315/3827/4279
f 6279/3791/4243 6316/3828/4280 6317/3829/4281
f 6279/3791/4243 6280/3792/4244 6316/3828/4280
f 6278/3790/4242 6317/3829/4281 6318/3830/4282
f 6278/3790/4242 6279/3791/4243 6317/3829/4281
f 6277/3789/4241 6318/3830/4282 6319/3831/4283
f 6277/3789/4241 6278/3790/4242 6318/3830/4282
f 6276/3788/4240 6319/3831/4283 6320/3832/4284
f 6276/3788/4240 6277/3789/4241 6319/3831/4283
f 6275/3787/4239 6320/3832/4284 6321/3833/4285
f 6275/3787/4239 6276/3788/4240 6320/3832/4284
f 6274/3786/4238 6321/3833/4285 6322/3834/4286
f 6274/3786/4238 6275/3787/4239 6321/3833/4285
f 6273/3785/4237 6322/3834/4286 6323/3835/4287
f 6273/3785/4237 6274/3786/4238 6322/3834/4286
f 6272/3784/4236 6323/3835/4287 6324/3836/4288
f 6272/3784/4236 6273/3785/4237 6323/3835/4287
f 6271/3783/4235 6324/3836/4288 6325/3837/4289
f 6271/3783/4235 6272/3784/4236 6324/3836/4288
f 6270/3782/4234 6325/3837/4289 6326/3838/4290
f 6270/3782/4234 6271/3783/4235 6325/3837/4289
f 6269/3781/4233 6326/3838/4290 6327/3839/4291
f 6269/3781/4233 6270/3782/4234 6326/3838/4290
f 6268/3780/4232 6327/3839/4291 6328/3840/4292
f 6268/3780/4232 6269/3781/4233 6327/3839/4291
f 6267/3779/4231 6328/3840/4292 6075/3650/4161
f 6267/3779/4231 6268/3780/4232 6328/3840/4292
f 6113/3686/4199 6267/3779/4231 6075/3650/4161
f 6329/3841/686 6330/3842/686 6331/3843/686
f 6332/3844/4293 6333/3843/686 6334/3842/686
f 6335/3845/686 6330/3842/686 6329/3841/686
f 6336/3846/4294 6332/3844/4293 6334/3842/686
f 6337/3847/686 6338/3846/4294 6339/3842/686
f 6335/3845/686 6340/3847/686 6330/3842/686
f 6341/3848/686 6331/3843/686 6342/3849/686
f 6332/3844/4293 6343/3849/686 6333/3843/686
f 6329/3841/686 6331/3843/686 6341/3848/686
f 6344/3850/686 6342/3849/686 6345/3851/686
f 6346/3852/4295 6347/3851/686 6343/3849/686
f 6341/3848/686 6342/3849/686 6344/3850/686
f 6332/3844/4293 6346/3852/4295 6343/3849/686
f 6348/3853/686 6345/3851/686 6349/3854/686
f 6346/3852/4295 6350/3854/686 6347/3851/686
f 6344/3850/686 6345/3851/686 6348/3853/686
f 6351/3855/686 6349/3854/686 6352/3856/686
f 6353/3857/4296 6354/3856/686 6350/3854/686
f 6348/3853/686 6349/3854/686 6351/3855/686
f 6346/3852/4295 6353/3857/4296 6350/3854/686
f 6355/3858/686 6352/3856/686 6356/3859/686
f 6353/3857/4296 6357/3859/686 6354/3856/686
f 6351/3855/686 6352/3856/686 6355/3858/686
f 6358/3860/686 6356/3859/686 6359/3861/686
f 6360/3862/4297 6361/3861/686 6357/3859/686
f 6355/3858/686 6356/3859/686 6358/3860/686
f 6353/3857/4296 6360/3862/4297 6357/3859/686
f 6362/3863/686 6359/3861/686 6363/3864/686
f 6360/3862/4297 6364/3864/686 6361/3861/686
f 6358/3860/686 6359/3861/686 6362/3863/686
f 6365/3865/686 6363/3864/686 6366/3866/686
f 6367/3867/4298 6368/3866/686 6364/3864/686
f 6362/3863/686 6363/3864/686 6365/3865/686
f 6360/3862/4297 6367/3867/4298 6364/3864/686
f 6369/3868/686 6366/3866/686 6370/3869/686
f 6367/3867/4298 6371/3869/686 6368/3866/686
f 6365/3865/686 6366/3866/686 6369/3868/686
f 6372/3870/686 6370/3869/686 6373/3871/686
f 6374/3872/4299 6375/3871/686 6371/3869/686
f 6369/3868/686 6370/3869/686 6372/3870/686
f 6367/3867/4298 6374/3872/4299 6371/3869/686
f 6376/3873/686 6373/3871/686 6377/3874/686
f 6374/3872/4299 6378/3874/686 6375/3871/686
f 6372/3870/686 6373/3871/686 6376/3873/686
f 6379/3875/686 6377/3874/686 6380/3876/686
f 6381/3877/4300 6382/3876/686 6378/3874/686
f 6376/3873/686 6377/3874/686 6379/3875/686
f 6374/3872/4299 6381/3877/4300 6378/3874/686
f 6383/3878/686 6380/3876/686 6384/3879/686
f 6381/3877/4300 6385/3879/686 6382/3876/686
f 6379/3875/686 6380/3876/686 6383/3878/686
f 6386/3880/686 6384/3879/686 6387/3881/686
f 6388/3882/4301 6389/3881/686 6385/3879/686
f 6383/3878/686 6384/3879/686 6386/3880/686
f 6381/3877/4300 6388/3882/4301 6385/3879/686
f 6390/3883/686 6387/3881/686 6391/3884/686
f 6388/3882/4301 6392/3884/686 6389/3881/686
f 6386/3880/686 6387/3881/686 6390/3883/686
f 6393/3885/686 6391/3884/686 6394/3886/686
f 6395/3887/4302 6396/3886/686 6392/3884/686
f 6390/3883/686 6391/3884/686 6393/3885/686
f 6388/3882/4301 6395/3887/4302 6392/3884/686
f 6397/3888/686 6394/3886/686 6398/3889/686
f 6399/3890/4303 6400/3889/686 6396/3886/686
f 6393/3885/686 6394/3886/686 6397/3888/686
f 6395/3887/4302 6399/3890/4303 6396/3886/686
f 6401/3891/686 6398/3889/686 6402/3892/686
f 6399/3890/4303 6403/3892/686 6400/3889/686
f 6397/3888/686 6398/3889/686 6401/3891/686
f 6404/3893/686 6402/3892/686 6405/3894/686
f 6406/3895/4304 6407/3894/686 6403/3892/686
f 6401/3891/686 6402/3892/686 6404/3893/686
f 6399/3890/4303 6406/3895/4304 6403/3892/686
f 6408/3896/686 6405/3894/686 6409/3897/686
f 6406/3895/4304 6410/3897/686 6407/3894/686
f 6404/3893/686 6405/3894/686 6408/3896/686
f 6411/3898/686 6409/3897/686 6412/3899/686
f 6413/3900/4305 6414/3899/686 6410/3897/686
f 6408/3896/686 6409/3897/686 6411/3898/686
f 6406/3895/4304 6413/3900/4305 6410/3897/686
f 6415/3901/686 6412/3899/686 6416/3902/686
f 6413/3900/4305 6417/3902/686 6414/3899/686
f 6411/3898/686 6412/3899/686 6415/3901/686
f 6418/3903/686 6416/3902/686 6419/3904/686
f 6420/3905/4306 6421/3904/686 6417/3902/686
f 6415/3901/686 6416/3902/686 6418/3903/686
f 6413/3900/4305 6420/3905/4306 6417/3902/686
f 6422/3906/686 6419/3904/686 6423/3907/686
f 6420/3905/4306 6424/3907/686 6421/3904/686
f 6418/3903/686 6419/3904/686 6422/3906/686
f 6425/3908/686 6423/3907/686 6426/3909/686
f 6427/3910/4307 6428/3909/686 6424/3907/686
f 6422/3906/686 6423/3907/686 6425/3908/686
f 6420/3905/4306 6427/3910/4307 6424/3907/686
f 6429/3911/686 6426/3909/686 6430/3912/686
f 6427/3910/4307 6431/3912/686 6428/3909/686
f 6425/3908/686 6426/3909/686 6429/3911/686
f 6432/3913/686 6430/3912/686 6433/3914/686
f 6434/3915/4308 6435/3914/686 6431/3912/686
f 6429/3911/686 6430/3912/686 6432/3913/686
f 6427/3910/4307 6434/3915/4308 6431/3912/686
f 6436/3916/686 6433/3914/686 6437/3917/686
f 6434/3915/4308 6438/3917/686 6435/3914/686
f 6439/3918/686 6433/3914/686 6436/3916/686
f 6432/3913/686 6433/3914/686 6439/3918/686
f 6440/3919/686 6437/3917/686 6441/3920/686
f 6442/3921/4309 6443/3920/686 6438/3917/686
f 6436/3916/686 6437/3917/686 6440/3919/686
f 6434/3915/4308 6442/3921/4309 6438/3917/686
f 6444/3922/686 6441/3920/686 6445/3923/686
f 6442/3921/4309 6446/3923/686 6443/3920/686
f 6440/3919/686 6441/3920/686 6444/3922/686
f 6444/3922/686 6445/3923/686 6447/3924/686
f 6448/3925/4310 6449/3924/686 6446/3923/686
f 6442/3921/4309 6448/3925/4310 6446/3923/686
f 6450/3926/4311 6451/3922/686 6449/3924/686
f 6448/3925/4310 6450/3926/4311 6449/3924/686
f 6450/3926/4311 6452/3919/686 6451/3922/686
f 6453/3927/4312 6454/3916/686 6452/3919/686
f 6450/3926/4311 6453/3927/4312 6452/3919/686
f 6453/3927/4312 6455/3918/686 6454/3916/686
f 6456/3928/4313 6457/3913/686 6455/3918/686
f 6453/3927/4312 6456/3928/4313 6455/3918/686
f 6456/3928/4313 6458/3911/686 6457/3913/686
f 6459/3929/4314 6460/3908/686 6458/3911/686
f 6456/3928/4313 6459/3929/4314 6458/3911/686
f 6459/3929/4314 6461/3906/686 6460/3908/686
f 6462/3930/4315 6463/3903/686 6461/3906/686
f 6459/3929/4314 6462/3930/4315 6461/3906/686
f 6462/3930/4315 6464/3901/686 6463/3903/686
f 6465/3931/4316 6466/3898/686 6464/3901/686
f 6462/3930/4315 6465/3931/4316 6464/3901/686
f 6465/3931/4316 6467/3896/686 6466/3898/686
f 6468/3932/4317 6469/3893/686 6467/3896/686
f 6465/3931/4316 6468/3932/4317 6467/3896/686
f 6468/3932/4317 6470/3891/686 6469/3893/686
f 6471/3933/4318 6472/3888/686 6470/3891/686
f 6468/3932/4317 6471/3933/4318 6470/3891/686
f 6471/3933/4318 6473/3885/686 6472/3888/686
f 6474/3934/4319 6475/3883/686 6473/3885/686
f 6471/3933/4318 6474/3934/4319 6473/3885/686
f 6476/3935/4320 6477/3880/686 6475/3883/686
f 6474/3934/4319 6476/3935/4320 6475/3883/686
f 6476/3935/4320 6478/3878/686 6477/3880/686
f 6479/3936/4321 6480/3875/686 6478/3878/686
f 6476/3935/4320 6479/3936/4321 6478/3878/686
f 6479/3936/4321 6481/3873/686 6480/3875/686
f 6482/3937/4322 6483/3870/686 6481/3873/686
f 6479/3936/4321 6482/3937/4322 6481/3873/686
f 6482/3937/4322 6484/3868/686 6483/3870/686
f 6485/3938/4323 6486/3865/686 6484/3868/686
f 6482/3937/4322 6485/3938/4323 6484/3868/686
f 6485/3938/4323 6487/3863/686 6486/3865/686
f 6488/3939/4324 6489/3860/686 6487/3863/686
f 6485/3938/4323 6488/3939/4324 6487/3863/686
f 6488/3939/4324 6490/3858/686 6489/3860/686
f 6491/3940/4325 6492/3855/686 6490/3858/686
f 6488/3939/4324 6491/3940/4325 6490/3858/686
f 6491/3940/4325 6493/3853/686 6492/3855/686
f 6494/3941/4326 6495/3850/686 6493/3853/686
f 6491/3940/4325 6494/3941/4326 6493/3853/686
f 6494/3941/4326 6496/3848/686 6495/3850/686
f 6497/3942/4327 6498/3841/686 6496/3848/686
f 6494/3941/4326 6497/3942/4327 6496/3848/686
f 6499/3943/4328 6500/3841/686 6501/3942/4327
f 6499/3943/4328 6502/3845/686 6500/3841/686
f 6503/3944/4329 6497/3942/4327 6494/3941/4326
f 6504/3945/4330 6501/3942/4327 6505/3944/4329
f 6504/3945/4330 6499/3943/4328 6501/3942/4327
f 6506/3946/4331 6494/3941/4326 6491/3940/4325
f 6506/3946/4331 6503/3944/4329 6494/3941/4326
f 6507/3947/4332 6491/3940/4325 6488/3939/4324
f 6507/3947/4332 6506/3946/4331 6491/3940/4325
f 6508/3948/4333 6488/3939/4324 6485/3938/4323
f 6508/3948/4333 6507/3947/4332 6488/3939/4324
f 6509/3949/4334 6485/3938/4323 6482/3937/4322
f 6509/3949/4334 6508/3948/4333 6485/3938/4323
f 6510/3950/4335 6482/3937/4322 6479/3936/4321
f 6510/3950/4335 6509/3949/4334 6482/3937/4322
f 6511/3951/4336 6479/3936/4321 6476/3935/4320
f 6511/3951/4336 6510/3950/4335 6479/3936/4321
f 6512/3952/4337 6476/3935/4320 6474/3934/4319
f 6512/3952/4337 6511/3951/4336 6476/3935/4320
f 6513/3953/4338 6474/3934/4319 6471/3933/4318
f 6513/3953/4338 6512/3952/4337 6474/3934/4319
f 6514/3954/4339 6471/3933/4318 6468/3932/4317
f 6514/3954/4339 6513/3953/4338 6471/3933/4318
f 6515/3955/4340 6468/3932/4317 6465/3931/4316
f 6515/3955/4340 6514/3954/4339 6468/3932/4317
f 6516/3956/4341 6465/3931/4316 6462/3930/4315
f 6516/3956/4341 6515/3955/4340 6465/3931/4316
f 6517/3957/4342 6462/3930/4315 6459/3929/4314
f 6517/3957/4342 6516/3956/4341 6462/3930/4315
f 6518/3958/4343 6459/3929/4314 6456/3928/4313
f 6518/3958/4343 6517/3957/4342 6459/3929/4314
f 6519/3959/4344 6456/3928/4313 6453/3927/4312
f 6519/3959/4344 6518/3958/4343 6456/3928/4313
f 6520/3960/4345 6453/3927/4312 6450/3926/4311
f 6520/3960/4345 6519/3959/4344 6453/3927/4312
f 6521/3961/4346 6450/3926/4311 6448/3925/4310
f 6521/3961/4346 6520/3960/4345 6450/3926/4311
f 6522/3962/4347 6448/3925/4310 6442/3921/4309
f 6522/3962/4347 6521/3961/4346 6448/3925/4310
f 6523/3963/4348 6442/3921/4309 6434/3915/4308
f 6523/3963/4348 6522/3962/4347 6442/3921/4309
f 6524/3964/4349 6434/3915/4308 6427/3910/4307
f 6524/3964/4349 6523/3963/4348 6434/3915/4308
f 6525/3965/4350 6427/3910/4307 6420/3905/4306
f 6525/3965/4350 6524/3964/4349 6427/3910/4307
f 6526/3966/4351 6420/3905/4306 6413/3900/4305
f 6526/3966/4351 6525/3965/4350 6420/3905/4306
f 6527/3967/4352 6413/3900/4305 6406/3895/4304
f 6527/3967/4352 6526/3966/4351 6413/3900/4305
f 6528/3968/4353 6406/3895/4304 6399/3890/4303
f 6528/3968/4353 6527/3967/4352 6406/3895/4304
f 6529/3969/4354 6399/3890/4303 6395/3887/4302
f 6529/3969/4354 6528/3968/4353 6399/3890/4303
f 6530/3970/4355 6395/3887/4302 6388/3882/4301
f 6530/3970/4355 6529/3969/4354 6395/3887/4302
f 6531/3971/4356 6388/3882/4301 6381/3877/4300
f 6531/3971/4356 6530/3970/4355 6388/3882/4301
f 6532/3972/4357 6381/3877/4300 6374/3872/4299
f 6532/3972/4357 6531/3971/4356 6381/3877/4300
f 6533/3973/4358 6374/3872/4299 6367/3867/4298
f 6533/3973/4358 6532/3972/4357 6374/3872/4299
f 6534/3974/4359 6367/3867/4298 6360/3862/4297
f 6534/3974/4359 6533/3973/4358 6367/3867/4298
f 6535/3975/4360 6360/3862/4297 6353/3857/4296
f 6535/3975/4360 6534/3974/4359 6360/3862/4297
f 6536/3976/4361 6353/3857/4296 6346/3852/4295
f 6536/3976/4361 6535/3975/4360 6353/3857/4296
f 6537/3977/4362 6346/3852/4295 6332/3844/4293
f 6537/3977/4362 6536/3976/4361 6346/3852/4295
f 6538/3978/4363 6332/3844/4293 6336/3846/4294
f 6538/3978/4363 6537/3977/4362 6332/3844/4293
f 6539/3979/4364 6538/3978/4363 6336/3846/4294
f 6540/3980/4365 6541/3979/4364 6338/3846/4294
f 6540/3980/4365 6338/3846/4294 6337/3847/686
f 6542/3981/4366 6503/3944/4329 6506/3946/4331
f 6543/3982/4367 6505/3944/4329 6544/3981/4366
f 6543/3982/4367 6504/3945/4330 6505/3944/4329
f 6545/3983/4368 6506/3946/4331 6507/3947/4332
f 6545/3983/4368 6542/3981/4366 6506/3946/4331
f 6546/3984/4369 6507/3947/4332 6508/3948/4333
f 6546/3984/4369 6545/3983/4368 6507/3947/4332
f 6547/3985/4370 6508/3948/4333 6509/3949/4334
f 6547/3985/4370 6546/3984/4369 6508/3948/4333
f 6548/3986/4371 6509/3949/4334 6510/3950/4335
f 6548/3986/4371 6547/3985/4370 6509/3949/4334
f 6549/3987/4372 6510/3950/4335 6511/3951/4336
f 6549/3987/4372 6548/3986/4371 6510/3950/4335
f 6550/3988/4373 6511/3951/4336 6512/3952/4337
f 6550/3988/4373 6549/3987/4372 6511/3951/4336
f 6551/3989/4374 6512/3952/4337 6513/3953/4338
f 6551/3989/4374 6550/3988/4373 6512/3952/4337
f 6552/3990/4375 6513/3953/4338 6514/3954/4339
f 6552/3990/4375 6551/3989/4374 6513/3953/4338
f 6553/3991/4376 6514/3954/4339 6515/3955/4340
f 6553/3991/4376 6552/3990/4375 6514/3954/4339
f 6554/3992/4377 6515/3955/4340 6516/3956/4341
f 6554/3992/4377 6553/3991/4376 6515/3955/4340
f 6555/3993/4378 6516/3956/4341 6517/3957/4342
f 6555/3993/4378 6554/3992/4377 6516/3956/4341
f 6556/3994/4379 6517/3957/4342 6518/3958/4343
f 6556/3994/4379 6555/3993/4378 6517/3957/4342
f 6557/3995/4380 6518/3958/4343 6519/3959/4344
f 6557/3995/4380 6556/3994/4379 6518/3958/4343
f 6558/3996/4381 6519/3959/4344 6520/3960/4345
f 6558/3996/4381 6557/3995/4380 6519/3959/4344
f 6559/3997/4382 6520/3960/4345 6521/3961/4346
f 6559/3997/4382 6558/3996/4381 6520/3960/4345
f 6560/3998/4383 6521/3961/4346 6522/3962/4347
f 6560/3998/4383 6559/3997/4382 6521/3961/4346
f 6561/3999/4384 6522/3962/4347 6523/3963/4348
f 6561/3999/4384 6560/3998/4383 6522/3962/4347
f 6562/4000/4385 6523/3963/4348 6524/3964/4349
f 6562/4000/4385 6561/3999/4384 6523/3963/4348
f 6563/4001/4386 6524/3964/4349 6525/3965/4350
f 6563/4001/4386 6562/4000/4385 6524/3964/4349
f 6564/4002/4387 6525/3965/4350 6526/3966/4351
f 6564/4002/4387 6563/4001/4386 6525/3965/4350
f 6565/4003/4388 6526/3966/4351 6527/3967/4352
f 6565/4003/4388 6564/4002/4387 6526/3966/4351
f 6566/4004/4389 6527/3967/4352 6528/3968/4353
f 6566/4004/4389 6565/4003/4388 6527/3967/4352
f 6567/4005/4390 6528/3968/4353 6529/3969/4354
f 6567/4005/4390 6566/4004/4389 6528/3968/4353
f 6568/4006/4391 6529/3969/4354 6530/3970/4355
f 6568/4006/4391 6567/4005/4390 6529/3969/4354
f 6569/4007/4392 6530/3970/4355 6531/3971/4356
f 6569/4007/4392 6568/4006/4391 6530/3970/4355
f 6570/4008/4393 6531/3971/4356 6532/3972/4357
f 6570/4008/4393 6569/4007/4392 6531/3971/4356
f 6571/4009/4394 6532/3972/4357 6533/3973/4358
f 6571/4009/4394 6570/4008/4393 6532/3972/4357
f 6572/4010/4395 6533/3973/4358 6534/3974/4359
f 6572/4010/4395 6571/4009/4394 6533/3973/4358
f 6573/4011/4396 6534/3974/4359 6535/3975/4360
f 6573/4011/4396 6572/4010/4395 6534/3974/4359
f 6574/4012/4397 6535/3975/4360 6536/3976/4361
f 6574/4012/4397 6573/4011/4396 6535/3975/4360
f 6575/4013/4398 6536/3976/4361 6537/3977/4362
f 6575/4013/4398 6574/4012/4397 6536/3976/4361
f 6576/4014/4399 6537/3977/4362 6538/3978/4363
f 6576/4014/4399 6575/4013/4398 6537/3977/4362
f 6577/4015/4400 6538/3978/4363 6539/3979/4364
f 6577/4015/4400 6576/4014/4399 6538/3978/4363
f 6578/4016/4401 6577/4015/4400 6539/3979/4364
f 6579/4017/4402 6580/4016/4401 6541/3979/4364
f 6579/4017/4402 6541/3979/4364 6540/3980/4365
f 2818/1577/1994 6542/3981/4366 6545/3983/4368
f 2820/1582/1999 6544/3981/4366 2808/1577/1994
f 2820/1582/1999 6543/3982/4367 6544/3981/4366
f 2815/1580/1997 6545/3983/4368 6546/3984/4369
f 2815/1580/1997 2818/1577/1994 6545/3983/4368
f 3432/2011/2465 6546/3984/4369 6547/3985/4370
f 3432/2011/2465 2815/1580/1997 6546/3984/4369
f 3426/2007/2461 6547/3985/4370 6548/3986/4371
f 3426/2007/2461 3432/2011/2465 6547/3985/4370
f 3420/2003/2457 6548/3986/4371 6549/3987/4372
f 3420/2003/2457 3426/2007/2461 6548/3986/4371
f 3414/1999/2451 6549/3987/4372 6550/3988/4373
f 3414/1999/2451 3420/2003/2457 6549/3987/4372
f 3408/1995/2447 6550/3988/4373 6551/3989/4374
f 3408/1995/2447 3414/1999/2451 6550/3988/4373
f 3402/1991/2442 6551/3989/4374 6552/3990/4375
f 3402/1991/2442 3408/1995/2447 6551/3989/4374
f 3396/1987/2438 6552/3990/4375 6553/3991/4376
f 3396/1987/2438 3402/1991/2442 6552/3990/4375
f 3390/1983/2434 6553/3991/4376 6554/3992/4377
f 3390/1983/2434 3396/1987/2438 6553/3991/4376
f 3384/1979/2429 6554/3992/4377 6555/3993/4378
f 3384/1979/2429 3390/1983/2434 6554/3992/4377
f 3378/1975/2425 6555/3993/4378 6556/3994/4379
f 3378/1975/2425 3384/1979/2429 6555/3993/4378
f 3372/1971/2421 6556/3994/4379 6557/3995/4380
f 3372/1971/2421 3378/1975/2425 6556/3994/4379
f 3366/1967/2416 6557/3995/4380 6558/3996/4381
f 3366/1967/2416 3372/1971/2421 6557/3995/4380
f 3360/1963/2411 6558/3996/4381 6559/3997/4382
f 3360/1963/2411 3366/1967/2416 6558/3996/4381
f 3354/1959/2407 6559/3997/4382 6560/3998/4383
f 3354/1959/2407 3360/1963/2411 6559/3997/4382
f 3348/1955/2403 6560/3998/4383 6561/3999/4384
f 3348/1955/2403 3354/1959/2407 6560/3998/4383
f 3344/1952/2400 6561/3999/4384 6562/4000/4385
f 3344/1952/2400 3348/1955/2403 6561/3999/4384
f 3338/1948/2396 6562/4000/4385 6563/4001/4386
f 3338/1948/2396 3344/1952/2400 6562/4000/4385
f 3332/1944/2392 6563/4001/4386 6564/4002/4387
f 3332/1944/2392 3338/1948/2396 6563/4001/4386
f 3326/1940/2388 6564/4002/4387 6565/4003/4388
f 3326/1940/2388 3332/1944/2392 6564/4002/4387
f 3320/1936/2384 6565/4003/4388 6566/4004/4389
f 3320/1936/2384 3326/1940/2388 6565/4003/4388
f 3314/1932/2378 6566/4004/4389 6567/4005/4390
f 3314/1932/2378 3320/1936/2384 6566/4004/4389
f 3308/1928/2374 6567/4005/4390 6568/4006/4391
f 3308/1928/2374 3314/1932/2378 6567/4005/4390
f 3302/1924/2370 6568/4006/4391 6569/4007/4392
f 3302/1924/2370 3308/1928/2374 6568/4006/4391
f 3296/1920/2366 6569/4007/4392 6570/4008/4393
f 3296/1920/2366 3302/1924/2370 6569/4007/4392
f 3289/1915/2360 6570/4008/4393 6571/4009/4394
f 3289/1915/2360 3296/1920/2366 6570/4008/4393
f 3283/1911/2355 6571/4009/4394 6572/4010/4395
f 3283/1911/2355 3289/1915/2360 6571/4009/4394
f 3277/1907/2350 6572/4010/4395 6573/4011/4396
f 3277/1907/2350 3283/1911/2355 6572/4010/4395
f 3271/1903/2345 6573/4011/4396 6574/4012/4397
f 3271/1903/2345 3277/1907/2350 6573/4011/4396
f 3265/1899/2339 6574/4012/4397 6575/4013/4398
f 3265/1899/2339 3271/1903/2345 6574/4012/4397
f 3259/1895/2335 6575/4013/4398 6576/4014/4399
f 3259/1895/2335 3265/1899/2339 6575/4013/4398
f 3253/1891/2331 6576/4014/4399 6577/4015/4400
f 3253/1891/2331 3259/1895/2335 6576/4014/4399
f 3247/1887/2327 6577/4015/4400 6578/4016/4401
f 3247/1887/2327 3253/1891/2331 6577/4015/4400
f 3020/1715/2145 3247/1887/2327 6578/4016/4401
f 6581/4018/4403 3023/1715/2145 6580/4016/4401
f 6581/4018/4403 6580/4016/4401 6579/4017/4402
f 3011/1710/2141 3023/1715/2145 6581/4018/4403
f 6582/4019/686 6583/4020/686 6340/3847/686
f 6540/3980/4365 6337/3847/686 6584/4020/686
f 6335/3845/686 6582/4019/686 6340/3847/686
f 6585/4021/686 6586/4022/686 6583/4020/686
f 6540/3980/4365 6584/4020/686 6587/4022/686
f 6582/4019/686 6585/4021/686 6583/4020/686
f 6588/4023/686 6589/4024/686 6586/4022/686
f 6590/4025/4404 6587/4022/686 6591/4024/686
f 6585/4021/686 6588/4023/686 6586/4022/686
f 6590/4025/4404 6540/3980/4365 6587/4022/686
f 6592/4026/686 6593/4027/686 6589/4024/686
f 6590/4025/4404 6591/4024/686 6594/4027/686
f 6588/4023/686 6592/4026/686 6589/4024/686
f 6595/4028/686 6596/4029/686 6593/4027/686
f 6597/4030/4405 6594/4027/686 6598/4029/686
f 6592/4026/686 6595/4028/686 6593/4027/686
f 6597/4030/4405 6590/4025/4404 6594/4027/686
f 6599/4031/686 6600/4032/686 6596/4029/686
f 6597/4030/4405 6598/4029/686 6601/4032/686
f 6595/4028/686 6599/4031/686 6596/4029/686
f 6602/4033/686 6603/4034/686 6600/4032/686
f 6604/4035/4406 6601/4032/686 6605/4034/686
f 6599/4031/686 6602/4033/686 6600/4032/686
f 6604/4035/4406 6597/4030/4405 6601/4032/686
f 6606/4036/686 6607/4037/686 6603/4034/686
f 6604/4035/4406 6605/4034/686 6608/4037/686
f 6602/4033/686 6606/4036/686 6603/4034/686
f 6609/4038/686 6610/4039/686 6607/4037/686
f 6611/4040/4407 6608/4037/686 6612/4039/686
f 6606/4036/686 6609/4038/686 6607/4037/686
f 6611/4040/4407 6604/4035/4406 6608/4037/686
f 6613/4041/686 6614/4042/686 6610/4039/686
f 6611/4040/4407 6612/4039/686 6615/4042/686
f 6609/4038/686 6613/4041/686 6610/4039/686
f 6616/4043/686 6617/4044/686 6614/4042/686
f 6618/4045/4408 6615/4042/686 6619/4044/686
f 6613/4041/686 6616/4043/686 6614/4042/686
f 6618/4045/4408 6611/4040/4407 6615/4042/686
f 6620/4046/686 6621/4047/686 6617/4044/686
f 6618/4045/4408 6619/4044/686 6622/4047/686
f 6616/4043/686 6620/4046/686 6617/4044/686
f 6623/4048/686 6624/4049/686 6621/4047/686
f 6625/4050/4409 6622/4047/686 6626/4049/686
f 6620/4046/686 6623/4048/686 6621/4047/686
f 6625/4050/4409 6618/4045/4408 6622/4047/686
f 6627/4051/686 6628/4052/686 6624/4049/686
f 6625/4050/4409 6626/4049/686 6629/4052/686
f 6623/4048/686 6627/4051/686 6624/4049/686
f 6630/4053/686 6631/4054/686 6628/4052/686
f 6632/4055/4410 6629/4052/686 6633/4054/686
f 6627/4051/686 6630/4053/686 6628/4052/686
f 6632/4055/4410 6625/4050/4409 6629/4052/686
f 6634/4056/686 6635/4057/686 6631/4054/686
f 6636/4058/4411 6633/4054/686 6637/4057/686
f 6630/4053/686 6634/4056/686 6631/4054/686
f 6636/4058/4411 6632/4055/4410 6633/4054/686
f 6638/4059/686 6639/4060/686 6635/4057/686
f 6636/4058/4411 6637/4057/686 6640/4060/686
f 6634/4056/686 6638/4059/686 6635/4057/686
f 6641/4061/686 6642/4062/686 6639/4060/686
f 6643/4063/4412 6640/4060/686 6644/4062/686
f 6638/4059/686 6641/4061/686 6639/4060/686
f 6643/4063/4412 6636/4058/4411 6640/4060/686
f 6645/4064/686 6646/4065/686 6642/4062/686
f 6643/4063/4412 6644/4062/686 6647/4065/686
f 6641/4061/686 6645/4064/686 6642/4062/686
f 6648/4066/686 6649/4067/686 6646/4065/686
f 6650/4068/4413 6647/4065/686 6651/4067/686
f 6645/4064/686 6648/4066/686 6646/4065/686
f 6650/4068/4413 6643/4063/4412 6647/4065/686
f 6652/4069/686 6653/4070/686 6649/4067/686
f 6650/4068/4413 6651/4067/686 6654/4070/686
f 6648/4066/686 6652/4069/686 6649/4067/686
f 6655/4071/686 6656/4072/686 6653/4070/686
f 6657/4073/4414 6654/4070/686 6658/4072/686
f 6652/4069/686 6655/4071/686 6653/4070/686
f 6657/4073/4414 6650/4068/4413 6654/4070/686
f 6659/4074/686 6660/4075/686 6656/4072/686
f 6657/4073/4414 6658/4072/686 6661/4075/686
f 6655/4071/686 6659/4074/686 6656/4072/686
f 6662/4076/686 6663/4077/686 6660/4075/686
f 6664/4078/4415 6661/4075/686 6665/4077/686
f 6659/4074/686 6662/4076/686 6660/4075/686
f 6664/4078/4415 6657/4073/4414 6661/4075/686
f 6666/4079/686 6667/4080/686 6663/4077/686
f 6664/4078/4415 6665/4077/686 6668/4080/686
f 6662/4076/686 6666/4079/686 6663/4077/686
f 6669/4081/686 6670/4082/686 6667/4080/686
f 6671/4083/4416 6668/4080/686 6672/4082/686
f 6666/4079/686 6669/4081/686 6667/4080/686
f 6671/4083/4416 6664/4078/4415 6668/4080/686
f 6673/4084/686 6674/4085/686 6670/4082/686
f 6671/4083/4416 6672/4082/686 6675/4085/686
f 6669/4081/686 6673/4084/686 6670/4082/686
f 6673/4084/686 6676/4086/686 6674/4085/686
f 6677/4087/4417 6675/4085/686 6678/4086/686
f 6677/4087/4417 6671/4083/4416 6675/4085/686
f 6679/4088/686 6680/4089/686 6676/4086/686
f 6677/4087/4417 6678/4086/686 6681/4089/686
f 6673/4084/686 6679/4088/686 6676/4086/686
f 6682/4090/686 6683/4091/686 6680/4089/686
f 6684/4092/4418 6681/4089/686 6685/4091/686
f 6679/4088/686 6682/4090/686 6680/4089/686
f 6684/4092/4418 6677/4087/4417 6681/4089/686
f 6686/4093/686 6687/4094/686 6683/4091/686
f 6684/4092/4418 6685/4091/686 6688/4094/686
f 6682/4090/686 6686/4093/686 6683/4091/686
f 6689/4095/4419 6688/4094/686 6690/4093/686
f 6689/4095/4419 6684/4092/4418 6688/4094/686
f 6691/4096/4420 6690/4093/686 6692/4090/686
f 6691/4096/4420 6689/4095/4419 6690/4093/686
f 6691/4096/4420 6692/4090/686 6693/4088/686
f 6694/4097/4421 6693/4088/686 6695/4084/686
f 6694/4097/4421 6691/4096/4420 6693/4088/686
f 6694/4097/4421 6695/4084/686 6696/4081/686
f 6697/4098/4422 6696/4081/686 6698/4079/686
f 6697/4098/4422 6694/4097/4421 6696/4081/686
f 6697/4098/4422 6698/4079/686 6699/4076/686
f 6700/4099/4423 6699/4076/686 6701/4074/686
f 6700/4099/4423 6697/4098/4422 6699/4076/686
f 6700/4099/4423 6701/4074/686 6702/4071/686
f 6703/4100/4424 6702/4071/686 6704/4069/686
f 6703/4100/4424 6700/4099/4423 6702/4071/686
f 6703/4100/4424 6704/4069/686 6705/4066/686
f 6706/4101/4425 6705/4066/686 6707/4064/686
f 6706/4101/4425 6703/4100/4424 6705/4066/686
f 6706/4101/4425 6707/4064/686 6708/4061/686
f 6709/4102/4426 6708/4061/686 6710/4059/686
f 6709/4102/4426 6706/4101/4425 6708/4061/686
f 6709/4102/4426 6710/4059/686 6711/4056/686
f 6712/4103/4427 6711/4056/686 6713/4053/686
f 6712/4103/4427 6709/4102/4426 6711/4056/686
f 6714/4104/4428 6713/4053/686 6715/4051/686
f 6714/4104/4428 6712/4103/4427 6713/4053/686
f 6714/4104/4428 6715/4051/686 6716/4048/686
f 6717/4105/4429 6716/4048/686 6718/4046/686
f 6717/4105/4429 6714/4104/4428 6716/4048/686
f 6717/4105/4429 6718/4046/686 6719/4043/686
f 6720/4106/4430 6719/4043/686 6721/4041/686
f 6720/4106/4430 6717/4105/4429 6719/4043/686
f 6720/4106/4430 6721/4041/686 6722/4038/686
f 6723/4107/4431 6722/4038/686 6724/4036/686
f 6723/4107/4431 6720/4106/4430 6722/4038/686
f 6723/4107/4431 6724/4036/686 6725/4033/686
f 6726/4108/4432 6725/4033/686 6727/4031/686
f 6726/4108/4432 6723/4107/4431 6725/4033/686
f 6726/4108/4432 6727/4031/686 6728/4028/686
f 6729/4109/4433 6728/4028/686 6730/4026/686
f 6729/4109/4433 6726/4108/4432 6728/4028/686
f 6729/4109/4433 6730/4026/686 6731/4023/686
f 6732/4110/4434 6731/4023/686 6733/4021/686
f 6732/4110/4434 6729/4109/4433 6731/4023/686
f 6732/4110/4434 6733/4021/686 6734/4019/686
f 6499/3943/4328 6734/4019/686 6502/3845/686
f 6499/3943/4328 6732/4110/4434 6734/4019/686
f 6579/4017/4402 6540/3980/4365 6590/4025/4404
f 6735/4111/4435 6590/4025/4404 6597/4030/4405
f 6735/4111/4435 6579/4017/4402 6590/4025/4404
f 6736/4112/4436 6597/4030/4405 6604/4035/4406
f 6736/4112/4436 6735/4111/4435 6597/4030/4405
f 6737/4113/4437 6604/4035/4406 6611/4040/4407
f 6737/4113/4437 6736/4112/4436 6604/4035/4406
f 6738/4114/4438 6611/4040/4407 6618/4045/4408
f 6738/4114/4438 6737/4113/4437 6611/4040/4407
f 6739/4115/4439 6618/4045/4408 6625/4050/4409
f 6739/4115/4439 6738/4114/4438 6618/4045/4408
f 6740/4116/4440 6625/4050/4409 6632/4055/4410
f 6740/4116/4440 6739/4115/4439 6625/4050/4409
f 6741/4117/4441 6632/4055/4410 6636/4058/4411
f 6741/4117/4441 6740/4116/4440 6632/4055/4410
f 6742/4118/4442 6636/4058/4411 6643/4063/4412
f 6742/4118/4442 6741/4117/4441 6636/4058/4411
f 6743/4119/4443 6643/4063/4412 6650/4068/4413
f 6743/4119/4443 6742/4118/4442 6643/4063/4412
f 6744/4120/4444 6650/4068/4413 6657/4073/4414
f 6744/4120/4444 6743/4119/4443 6650/4068/4413
f 6745/4121/4445 6657/4073/4414 6664/4078/4415
f 6745/4121/4445 6744/4120/4444 6657/4073/4414
f 6746/4122/4446 6664/4078/4415 6671/4083/4416
f 6746/4122/4446 6745/4121/4445 6664/4078/4415
f 6747/4123/4447 6671/4083/4416 6677/4087/4417
f 6747/4123/4447 6746/4122/4446 6671/4083/4416
f 6748/4124/4448 6677/4087/4417 6684/4092/4418
f 6748/4124/4448 6747/4123/4447 6677/4087/4417
f 6749/4125/4449 6684/4092/4418 6689/4095/4419
f 6749/4125/4449 6748/4124/4448 6684/4092/4418
f 6750/4126/4450 6689/4095/4419 6691/4096/4420
f 6750/4126/4450 6749/4125/4449 6689/4095/4419
f 6751/4127/4451 6691/4096/4420 6694/4097/4421
f 6751/4127/4451 6750/4126/4450 6691/4096/4420
f 6752/4128/4452 6694/4097/4421 6697/4098/4422
f 6752/4128/4452 6751/4127/4451 6694/4097/4421
f 6753/4129/4453 6697/4098/4422 6700/4099/4423
f 6753/4129/4453 6752/4128/4452 6697/4098/4422
f 6754/4130/4454 6700/4099/4423 6703/4100/4424
f 6754/4130/4454 6753/4129/4453 6700/4099/4423
f 6755/4131/4455 6703/4100/4424 6706/4101/4425
f 6755/4131/4455 6754/4130/4454 6703/4100/4424
f 6756/4132/4456 6706/4101/4425 6709/4102/4426
f 6756/4132/4456 6755/4131/4455 6706/4101/4425
f 6757/4133/4457 6709/4102/4426 6712/4103/4427
f 6757/4133/4457 6756/4132/4456 6709/4102/4426
f 6758/4134/4458 6712/4103/4427 6714/4104/4428
f 6758/4134/4458 6757/4133/4457 6712/4103/4427
f 6759/4135/4459 6714/4104/4428 6717/4105/4429
f 6759/4135/4459 6758/4134/4458 6714/4104/4428
f 6760/4136/4460 6717/4105/4429 6720/4106/4430
f 6760/4136/4460 6759/4135/4459 6717/4105/4429
f 6761/4137/4461 6720/4106/4430 6723/4107/4431
f 6761/4137/4461 6760/4136/4460 6720/4106/4430
f 6762/4138/4462 6723/4107/4431 6726/4108/4432
f 6762/4138/4462 6761/4137/4461 6723/4107/4431
f 6763/4139/4463 6726/4108/4432 6729/4109/4433
f 6763/4139/4463 6762/4138/4462 6726/4108/4432
f 6764/4140/4464 6729/4109/4433 6732/4110/4434
f 6764/4140/4464 6763/4139/4463 6729/4109/4433
f 6765/4141/4465 6732/4110/4434 6499/3943/4328
f 6765/4141/4465 6764/4140/4464 6732/4110/4434
f 6504/3945/4330 6765/4141/4465 6499/3943/4328
f 6581/4018/4403 6579/4017/4402 6735/4111/4435
f 6766/4142/4466 6735/4111/4435 6736/4112/4436
f 6766/4142/4466 6581/4018/4403 6735/4111/4435
f 6767/4143/4467 6736/4112/4436 6737/4113/4437
f 6767/4143/4467 6766/4142/4466 6736/4112/4436
f 6768/4144/4468 6737/4113/4437 6738/4114/4438
f 6768/4144/4468 6767/4143/4467 6737/4113/4437
f 6769/4145/4469 6738/4114/4438 6739/4115/4439
f 6769/4145/4469 6768/4144/4468 6738/4114/4438
f 6770/4146/4470 6739/4115/4439 6740/4116/4440
f 6770/4146/4470 6769/4145/4469 6739/4115/4439
f 6771/4147/4471 6740/4116/4440 6741/4117/4441
f 6771/4147/4471 6770/4146/4470 6740/4116/4440
f 6772/4148/4472 6741/4117/4441 6742/4118/4442
f 6772/4148/4472 6771/4147/4471 6741/4117/4441
f 6773/4149/4473 6742/4118/4442 6743/4119/4443
f 6773/4149/4473 6772/4148/4472 6742/4118/4442
f 6774/4150/4474 6743/4119/4443 6744/4120/4444
f 6774/4150/4474 6773/4149/4473 6743/4119/4443
f 6775/4151/4475 6744/4120/4444 6745/4121/4445
f 6775/4151/4475 6774/4150/4474 6744/4120/4444
f 6776/4152/4476 6745/4121/4445 6746/4122/4446
f 6776/4152/4476 6775/4151/4475 6745/4121/4445
f 6777/4153/4477 6746/4122/4446 6747/4123/4447
f 6777/4153/4477 6776/4152/4476 6746/4122/4446
f 6778/4154/4478 6747/4123/4447 6748/4124/4448
f 6778/4154/4478 6777/4153/4477 6747/4123/4447
f 6779/4155/4479 6748/4124/4448 6749/4125/4449
f 6779/4155/4479 6778/4154/4478 6748/4124/4448
f 6780/4156/4480 6749/4125/4449 6750/4126/4450
f 6780/4156/4480 6779/4155/4479 6749/4125/4449
f 6781/4157/4481 6750/4126/4450 6751/4127/4451
f 6781/4157/4481 6780/4156/4480 6750/4126/4450
f 6782/4158/4482 6751/4127/4451 6752/4128/4452
f 6782/4158/4482 6781/4157/4481 6751/4127/4451
f 6783/4159/4483 6752/4128/4452 6753/4129/4453
f 6783/4159/4483 6782/4158/4482 6752/4128/4452
f 6784/4160/4484 6753/4129/4453 6754/4130/4454
f 6784/4160/4484 6783/4159/4483 6753/4129/4453
f 6785/4161/4485 6754/4130/4454 6755/4131/4455
f 6785/4161/4485 6784/4160/4484 6754/4130/4454
f 6786/4162/4486 6755/4131/4455 6756/4132/4456
f 6786/4162/4486 6785/4161/4485 6755/4131/4455
f 6787/4163/4487 6756/4132/4456 6757/4133/4457
f 6787/4163/4487 6786/4162/4486 6756/4132/4456
f 6788/4164/4488 6757/4133/4457 6758/4134/4458
f 6788/4164/4488 6787/4163/4487 6757/4133/4457
f 6789/4165/4489 6758/4134/4458 6759/4135/4459
f 6789/4165/4489 6788/4164/4488 6758/4134/4458
f 6790/4166/4490 6759/4135/4459 6760/4136/4460
f 6790/4166/4490 6789/4165/4489 6759/4135/4459
f 6791/4167/4491 6760/4136/4460 6761/4137/4461
f 6791/4167/4491 6790/4166/4490 6760/4136/4460
f 6792/4168/4492 6761/4137/4461 6762/4138/4462
f 6792/4168/4492 6791/4167/4491 6761/4137/4461
f 6793/4169/4493 6762/4138/4462 6763/4139/4463
f 6793/4169/4493 6792/4168/4492 6762/4138/4462
f 6794/4170/4494 6763/4139/4463 6764/4140/4464
f 6794/4170/4494 6793/4169/4493 6763/4139/4463
f 6795/4171/4495 6764/4140/4464 6765/4141/4465
f 6795/4171/4495 6794/4170/4494 6764/4140/4464
f 6796/4172/4496 6765/4141/4465 6504/3945/4330
f 6796/4172/4496 6795/4171/4495 6765/4141/4465
f 6543/3982/4367 6796/4172/4496 6504/3945/4330
f 3011/1710/2141 6581/4018/4403 6766/4142/4466
f 3005/1706/2137 6766/4142/4466 6767/4143/4467
f 3005/1706/2137 3011/1710/2141 6766/4142/4466
f 2999/1702/2133 6767/4143/4467 6768/4144/4468
f 2999/1702/2133 3005/1706/2137 6767/4143/4467
f 2993/1698/2129 6768/4144/4468 6769/4145/4469
f 2993/1698/2129 2999/1702/2133 6768/4144/4468
f 2987/1694/2123 6769/4145/4469 6770/4146/4470
f 2987/1694/2123 2993/1698/2129 6769/4145/4469
f 2981/1690/2119 6770/4146/4470 6771/4147/4471
f 2981/1690/2119 2987/1694/2123 6770/4146/4470
f 2975/1686/2114 6771/4147/4471 6772/4148/4472
f 2975/1686/2114 2981/1690/2119 6771/4147/4471
f 2969/1682/2110 6772/4148/4472 6773/4149/4473
f 2969/1682/2110 2975/1686/2114 6772/4148/4472
f 2963/1678/2106 6773/4149/4473 6774/4150/4474
f 2963/1678/2106 2969/1682/2110 6773/4149/4473
f 2957/1674/2101 6774/4150/4474 6775/4151/4475
f 2957/1674/2101 2963/1678/2106 6774/4150/4474
f 2951/1670/2097 6775/4151/4475 6776/4152/4476
f 2951/1670/2097 2957/1674/2101 6775/4151/4475
f 2945/1666/2093 6776/4152/4476 6777/4153/4477
f 2945/1666/2093 2951/1670/2097 6776/4152/4476
f 2939/1662/2088 6777/4153/4477 6778/4154/4478
f 2939/1662/2088 2945/1666/2093 6777/4153/4477
f 2933/1658/2083 6778/4154/4478 6779/4155/4479
f 2933/1658/2083 2939/1662/2088 6778/4154/4478
f 2927/1654/2079 6779/4155/4479 6780/4156/4480
f 2927/1654/2079 2933/1658/2083 6779/4155/4479
f 2921/1650/2075 6780/4156/4480 6781/4157/4481
f 2921/1650/2075 2927/1654/2079 6780/4156/4480
f 2917/1647/2072 6781/4157/4481 6782/4158/4482
f 2917/1647/2072 2921/1650/2075 6781/4157/4481
f 2911/1643/2068 6782/4158/4482 6783/4159/4483
f 2911/1643/2068 2917/1647/2072 6782/4158/4482
f 2905/1639/2064 6783/4159/4483 6784/4160/4484
f 2905/1639/2064 2911/1643/2068 6783/4159/4483
f 2899/1635/2060 6784/4160/4484 6785/4161/4485
f 2899/1635/2060 2905/1639/2064 6784/4160/4484
f 2893/1631/2056 6785/4161/4485 6786/4162/4486
f 2893/1631/2056 2899/1635/2060 6785/4161/4485
f 2887/1627/2050 6786/4162/4486 6787/4163/4487
f 2887/1627/2050 2893/1631/2056 6786/4162/4486
f 2881/1623/2046 6787/4163/4487 6788/4164/4488
f 2881/1623/2046 2887/1627/2050 6787/4163/4487
f 2875/1619/2042 6788/4164/4488 6789/4165/4489
f 2875/1619/2042 2881/1623/2046 6788/4164/4488
f 2869/1615/2038 6789/4165/4489 6790/4166/4490
f 2869/1615/2038 2875/1619/2042 6789/4165/4489
f 2862/1610/2032 6790/4166/4490 6791/4167/4491
f 2862/1610/2032 2869/1615/2038 6790/4166/4490
f 2856/1606/2027 6791/4167/4491 6792/4168/4492
f 2856/1606/2027 2862/1610/2032 6791/4167/4491
f 2850/1602/2022 6792/4168/4492 6793/4169/4493
f 2850/1602/2022 2856/1606/2027 6792/4168/4492
f 2844/1598/2017 6793/4169/4493 6794/4170/4494
f 2844/1598/2017 2850/1602/2022 6793/4169/4493
f 2838/1594/2011 6794/4170/4494 6795/4171/4495
f 2838/1594/2011 2844/1598/2017 6794/4170/4494
f 2832/1590/2007 6795/4171/4495 6796/4172/4496
f 2832/1590/2007 2838/1594/2011 6795/4171/4495
f 2826/1586/2003 6796/4172/4496 6543/3982/4367
f 2826/1586/2003 2832/1590/2007 6796/4172/4496
f 2820/1582/1999 2826/1586/2003 6543/3982/4367
f 997/566/820 994/580/820 6797/582/4497
f 6798/575/4497 6797/582/4497 6799/583/4498
f 6798/575/4497 997/566/820 6797/582/4497
f 6800/576/4498 6799/583/4498 6801/584/4499
f 6800/576/4498 6798/575/4497 6799/583/4498
f 6802/577/4499 6801/584/4499 6803/585/4500
f 6802/577/4499 6800/576/4498 6801/584/4499
f 6804/578/4501 6803/585/4500 6805/586/4502
f 6804/578/4501 6802/577/4499 6803/585/4500
f 6806/579/4503 6805/586/4502 6807/587/4504
f 6806/579/4503 6804/578/4501 6805/586/4502
f 6808/574/4505 6807/587/4504 6809/588/4506
f 6808/574/4505 6806/579/4503 6807/587/4504
f 6810/1108/4507 6809/588/4506 6811/589/4508
f 6810/1108/4507 6808/574/4505 6809/588/4506
f 6812/1109/4508 6811/589/4508 6813/590/4509
f 6812/1109/4508 6810/1108/4507 6811/589/4508
f 6814/1110/4509 6813/590/4509 6815/591/4510
f 6814/1110/4509 6812/1109/4508 6813/590/4509
f 6816/1111/4510 6815/591/4510 6817/592/4511
f 6816/1111/4510 6814/1110/4509 6815/591/4510
f 6818/1112/4511 6817/592/4511 6819/593/149
f 6818/1112/4511 6816/1111/4510 6817/592/4511
f 6820/1114/149 6821/593/149 6822/594/149
f 6823/1113/149 6818/1112/4511 6819/593/149
f 6820/1114/149 6824/1113/149 6821/593/149
f 6825/1114/149 6826/594/149 6827/595/4512
f 6828/1125/4512 6827/595/4512 6829/596/4513
f 6825/1114/149 6827/595/4512 6828/1125/4512
f 6830/1124/4513 6829/596/4513 6831/597/4514
f 6828/1125/4512 6829/596/4513 6830/1124/4513
f 6832/1123/4514 6831/597/4514 6833/598/4515
f 6830/1124/4513 6831/597/4514 6832/1123/4514
f 6834/1122/4515 6833/598/4515 6835/599/4516
f 6832/1123/4514 6833/598/4515 6834/1122/4515
f 6836/1121/4517 6835/599/4516 6837/581/4518
f 6834/1122/4515 6835/599/4516 6836/1121/4517
f 6838/1120/4519 6837/581/4518 6839/1128/4520
f 6836/1121/4517 6837/581/4518 6838/1120/4519
f 6840/1119/4521 6839/1128/4520 6841/1129/4522
f 6838/1120/4519 6839/1128/4520 6840/1119/4521
f 6842/1118/4523 6841/1129/4522 6843/1130/4524
f 6840/1119/4521 6841/1129/4522 6842/1118/4523
f 6844/1117/4524 6843/1130/4524 6845/1131/4525
f 6842/1118/4523 6843/1130/4524 6844/1117/4524
f 6846/1116/4525 6845/1131/4525 6847/1132/4526
f 6844/1117/4524 6845/1131/4525 6846/1116/4525
f 6848/1115/4526 6847/1132/4526 2009/1127/1554
f 6846/1116/4525 6847/1132/4526 6848/1115/4526
f 6848/1115/4526 2009/1127/1554 2006/1107/1554
f 6849/1080/821 6850/1020/821 6851/1021/821
f 6852/1082/821 6850/1020/821 6849/1080/821
f 6852/1082/821 6853/1019/821 6850/1020/821
f 6854/1078/821 6851/1021/821 6855/1022/821
f 6849/1080/821 6851/1021/821 6854/1078/821
f 6856/1077/821 6855/1022/821 6857/1023/821
f 6854/1078/821 6855/1022/821 6856/1077/821
f 6858/1076/821 6857/1023/821 6859/1024/821
f 6856/1077/821 6857/1023/821 6858/1076/821
f 6860/1075/821 6859/1024/821 6861/1025/821
f 6858/1076/821 6859/1024/821 6860/1075/821
f 6862/1074/821 6861/1025/821 6863/1026/821
f 6860/1075/821 6861/1025/821 6862/1074/821
f 6864/991/821 6863/1026/821 6865/981/821
f 6862/1074/821 6863/1026/821 6864/991/821
f 6866/984/821 6865/981/821 6867/982/821
f 6868/988/821 6865/981/821 6866/984/821
f 6864/991/821 6865/981/821 6868/988/821
f 6866/984/821 6867/982/821 6869/983/821
f 6870/1085/821 6871/1018/821 6853/1019/821
f 6852/1082/821 6870/1085/821 6853/1019/821
f 6872/1088/821 6873/1017/821 6871/1018/821
f 6870/1085/821 6872/1088/821 6871/1018/821
f 6874/1091/821 6875/1016/821 6873/1017/821
f 6872/1088/821 6874/1091/821 6873/1017/821
f 6876/1092/821 6877/1015/821 6875/1016/821
f 6874/1091/821 6876/1092/821 6875/1016/821
f 6878/1047/821 6879/1014/821 6877/1015/821
f 6876/1092/821 6878/1047/821 6877/1015/821
f 6880/1043/821 6881/1011/821 6879/1014/821
f 6878/1047/821 6880/1043/821 6879/1014/821
f 6880/1043/821 6882/1013/821 6881/1011/821
f 6883/1042/821 6884/1044/821 6882/1013/821
f 6880/1043/821 6883/1042/821 6882/1013/821
f 6885/377/686 6886/395/686 6887/398/686
f 6888/378/686 6886/395/686 6885/377/686
f 6888/378/686 6889/394/686 6886/395/686
f 6890/375/686 6887/398/686 6891/412/686
f 6885/377/686 6887/398/686 6890/375/686
f 6892/441/686 6891/412/686 6893/415/686
f 6890/375/686 6891/412/686 6892/441/686
f 6894/440/686 6893/415/686 6895/417/686
f 6892/441/686 6893/415/686 6894/440/686
f 6896/437/686 6895/417/686 6897/419/686
f 6894/440/686 6895/417/686 6896/437/686
f 6898/435/686 6897/419/686 6899/421/686
f 6896/437/686 6897/419/686 6898/435/686
f 6900/433/686 6899/421/686 6901/423/686
f 6898/435/686 6899/421/686 6900/433/686
f 6902/429/686 6901/423/686 6903/425/686
f 6904/431/686 6901/423/686 6902/429/686
f 6900/433/686 6901/423/686 6904/431/686
f 6902/429/686 6903/425/686 6905/427/686
f 6906/379/686 6907/393/686 6889/394/686
f 6888/378/686 6906/379/686 6889/394/686
f 6908/380/686 6909/392/686 6907/393/686
f 6906/379/686 6908/380/686 6907/393/686
f 6910/381/686 6911/391/686 6909/392/686
f 6908/380/686 6910/381/686 6909/392/686
f 6912/382/686 6913/390/686 6911/391/686
f 6910/381/686 6912/382/686 6911/391/686
f 6914/383/686 6915/389/686 6913/390/686
f 6912/382/686 6914/383/686 6913/390/686
f 6916/384/686 6917/388/686 6915/389/686
f 6914/383/686 6916/384/686 6915/389/686
f 6916/384/686 6918/387/686 6917/388/686
f 6919/385/686 6920/386/686 6918/387/686
f 6916/384/686 6919/385/686 6918/387/686
