v 13.703875 14.325404 3.231087
v 13.605198 15.817884 4.654770
v 13.536119 13.522633 4.655194
v 11.191527 13.600989 7.000001
v 13.536119 13.522633 4.655194
v 13.605198 15.817884 4.654770
v 13.484790 12.195879 4.692510
v 11.166949 12.990538 7.008347
v 13.484790 12.195879 4.692510
v 13.536119 13.522633 4.655194
v 11.191527 13.600989 7.000001
v 13.795071 17.882956 3.238518
v 13.658924 18.113371 4.654419
v 11.260081 15.881457 7.000002
v 13.658924 18.113371 4.654419
v 13.849792 21.441261 3.242978
v 13.697298 20.408993 4.654157
v 11.313399 18.161688 7.000002
v 13.697298 20.408993 4.654157
v 13.720319 22.704588 4.653997
v 11.351483 20.441675 7.000002
v 13.720319 22.704588 4.653997
v 13.868034 24.999943 3.244464
v 13.727992 25.000000 4.653942
v 11.374331 22.721359 7.000003
v 13.727992 25.000000 4.653942
v 13.849794 28.558622 3.242978
v 13.720319 27.295412 4.653997
v 11.381942 25.000677 7.000003
v 13.720319 27.295412 4.653997
v 13.697298 29.591007 4.654158
v 11.374321 27.279943 7.000003
v 13.697298 29.591007 4.654158
v 13.795073 32.116928 3.238520
v 13.658924 31.886629 4.654421
v 11.313386 31.839182 7.000004
v 13.658924 31.886629 4.654421
v 11.351469 29.559464 7.000003
v 13.605198 34.182114 4.654772
v 11.260072 34.119030 7.000004
v 13.605198 34.182114 4.654772
v 13.703879 35.674480 3.231090
v 13.536119 36.477367 4.655197
v 13.536119 36.477367 4.655197
v 13.576220 39.230904 3.220688
v 13.484540 37.809574 4.692909
v 11.191527 36.399010 7.000004
v 13.536119 36.477367 4.655197
v 13.484540 37.809574 4.692909
v 11.191527 36.399010 7.000004
v 13.419400 39.128693 4.803916
v 11.138802 37.619450 7.033379
v 13.419400 39.128693 4.803916
v 11.166949 37.009441 7.008349
v 13.412622 39.251026 4.817988
v 11.071723 38.835869 7.133363
v 13.412622 39.251026 4.817988
v 11.107069 38.228458 7.075068
v 13.412110 42.785820 3.207316
v 13.266300 42.456547 4.803210
v 13.340253 40.435085 4.987504
v 11.032701 39.441128 7.208185
v 13.340253 40.435085 4.987504
v 13.090825 45.661072 4.781718
v 13.137531 42.994724 5.565345
v 13.246378 41.727520 5.242455
v 13.211567 46.338856 3.190975
v 12.885854 48.863819 4.756614
v 12.689538 48.441345 6.332528
v 12.884730 45.330727 6.360564
v 13.011057 44.248699 5.959174
v 12.974611 49.889633 3.171668
v 12.651405 52.064518 4.727898
v 12.467221 51.551525 6.296093
v 12.389758 55.259651 4.679492
v 12.387595 55.262012 4.695431
v 12.216314 54.662331 6.259365
v 12.407265 55.250000 4.540898
v 12.701268 53.437778 3.149395
v 11.191527 55.263779 4.706325
v 12.387595 55.262012 4.695431
v 12.389758 55.259651 4.679492
v 12.239284 55.118820 5.862210
v 12.372125 55.285160 4.803734
v 12.372125 55.285160 4.803734
v 12.407265 55.250000 4.540898
v 12.424725 55.262875 4.380953
v 11.191527 55.250000 4.540898
v 12.407265 55.250000 4.540898
v 12.424725 55.262875 4.380953
v 11.191527 55.250000 4.540898
v 12.438782 55.301052 4.225470
v 11.191527 55.263607 4.376488
v 12.438782 55.301052 4.225470
v 12.449174 55.363419 4.078325
v 11.191527 55.304180 4.216200
v 12.449174 55.363419 4.078325
v 12.455762 55.448330 3.943132
v 11.191527 55.370541 4.064924
v 12.455762 55.448330 3.943132
v 12.458520 55.553638 3.823205
v 11.191527 55.460442 3.927223
v 12.458520 55.553638 3.823205
v 12.457519 55.676746 3.721521
v 11.191527 55.573063 3.804860
v 12.457519 55.676746 3.721521
v 12.452914 55.814613 3.640655
v 11.191527 55.704220 3.702971
v 12.452914 55.814613 3.640655
v 12.390849 56.987980 3.127184
v 12.444930 55.963821 3.582721
v 11.191527 55.850136 3.624325
v 12.444930 55.963821 3.582721
v 12.433849 56.120621 3.549302
v 11.191527 56.006699 3.570948
v 12.433849 56.120621 3.549302
v 12.420005 56.280933 3.541376
v 11.191527 56.169590 3.544137
v 12.420005 56.280933 3.541376
v 12.403760 56.440582 3.559227
v 11.191527 56.334412 3.544468
v 12.403760 56.440582 3.559227
v 12.385496 56.595444 3.602459
v 11.191527 56.496777 3.571826
v 12.385496 56.595444 3.602459
v 12.365599 56.741512 3.670027
v 11.191527 56.652363 3.625419
v 12.365599 56.741512 3.670027
v 10.038919 59.063049 4.226248
v 12.365599 56.741512 3.670027
v 12.390849 56.987980 3.127184
v 10.012372 58.659569 5.001194
v 12.202103 56.876244 3.761270
v 11.191527 56.797115 3.703841
v 12.202103 56.876244 3.761270
v 12.760911 53.874809 1.577665
v 12.442825 57.452621 1.565092
v 12.397049 57.046059 2.981378
v 12.397049 57.046059 2.981378
v 13.041708 50.295876 1.589109
v 13.285388 46.714218 1.599040
v 13.491924 43.130222 1.607456
v 13.661294 39.544277 1.614362
v 13.667010 39.083332 1.914899
v 13.661118 39.416668 1.744686
v 13.664195 39.250004 1.829791
v 13.804510 35.166668 1.914898
v 13.673365 38.875004 1.957451
v 13.679549 38.666668 2.000005
v 13.694187 38.291676 2.000005
v 13.708418 37.916668 2.000005
v 13.718270 37.708351 1.957455
v 13.727950 37.500000 1.914898
v 13.737956 37.333355 1.829803
v 13.747700 37.166668 1.744685
v 13.757391 37.042889 1.618273
v 13.803918 35.621918 1.620173
v 13.802374 35.500000 1.744685
v 13.803573 35.333332 1.829792
v 13.877301 32.083332 2.000004
v 13.808506 34.958332 1.957451
v 13.812331 34.750000 2.000004
v 13.821579 34.416672 2.000004
v 13.830505 34.083332 2.000004
v 13.838036 33.875015 1.957454
v 13.845396 33.666668 1.914898
v 13.853539 33.500019 1.829801
v 13.861421 33.333332 1.744685
v 13.869430 33.214027 1.622839
v 13.934622 28.250000 2.000003
v 13.882336 31.833336 2.000004
v 13.887190 31.583332 2.000004
v 13.904280 31.583332 1.624232
v 13.920604 29.500000 2.000004
v 13.924280 29.208336 2.000004
v 13.927709 28.916668 2.000003
v 13.945474 23.250000 2.000003
v 13.945474 26.750017 2.000003
v 13.949815 25.250000 2.000003
v 13.961793 25.250000 1.744720
v 13.966773 25.250000 1.626808
v 13.923770 20.750000 2.000002
v 13.944118 22.999998 2.000003
v 13.942580 22.750000 2.000003
v 13.959555 22.750000 1.626489
v 13.873844 17.750000 2.000002
v 13.902063 19.249945 2.000002
v 13.419548 10.874377 4.803734
v 13.576215 10.768981 3.220684
v 13.794686 14.250000 1.744683
v 13.885845 17.750000 1.744719
v 13.890960 17.750000 1.623717
v 13.857362 16.500000 1.744683
v 13.849399 16.333315 1.829799
v 13.841175 16.166666 1.914896
v 13.833714 15.958319 1.957452
v 13.826082 15.750000 2.000002
v 13.815837 15.374994 2.000002
v 13.805184 15.000000 2.000002
v 13.801208 14.791668 1.957449
v 13.797062 14.583334 1.914896
v 13.796005 14.416668 1.829790
v 13.266366 7.544774 4.803214
v 13.412105 7.214064 3.207312
v 13.638518 10.333334 2.000001
v 13.412668 10.750161 4.818007
v 13.796146 14.127772 1.619854
v 13.747238 13.166666 2.000002
v 13.738582 12.916663 2.000001
v 13.729744 12.666666 2.000001
v 13.747163 12.666666 1.617822
v 13.090891 4.340036 4.781722
v 13.211560 3.661027 3.190970
v 13.465472 6.372086 1.606374
v 13.627807 10.083330 2.000001
v 13.616914 9.833334 2.000001
v 13.634572 9.833334 1.613226
v 12.885916 1.137076 4.756615
v 12.974603 0.110250 3.171662
v 13.261745 2.912707 1.598070
v 12.651459 -2.063828 4.727898
v 12.701259 -3.437896 3.149389
v 13.023411 -0.544456 1.588357
v 12.403758 -6.440605 3.559223
v 12.390854 -6.988025 3.127066
v 12.750492 -3.999057 1.577234
v 12.420003 -6.280953 3.541369
v 12.433848 -6.120642 3.549292
v 12.444929 -5.963839 3.582709
v 12.452914 -5.814624 3.640641
v 12.457519 -5.676754 3.721507
v 12.458520 -5.553647 3.823192
v 12.455762 -5.448333 3.943119
v 12.449174 -5.363420 4.078314
v 12.438783 -5.301052 4.225460
v 12.424725 -5.262875 4.380943
v 12.407265 -5.250000 4.540891
v 12.388238 -5.261281 4.690669
v 13.500000 10.333334 0.127661
v 13.500000 10.333334 2.000001
v 13.500000 9.833334 2.000001
v 12.385493 -6.595469 3.602459
v 12.365599 -6.741510 3.670018
v 10.038920 -9.063084 4.226171
v 12.390854 -6.988025 3.127066
v 12.365599 -6.741510 3.670018
v 12.396931 -7.044941 2.984220
v 10.062567 -9.397215 3.419407
v 12.396931 -7.044941 2.984220
v 11.191527 -6.649866 3.624317
v 12.365599 -6.741510 3.670018
v 12.385493 -6.595469 3.602459
v 12.202103 -6.876245 3.761263
v 11.191527 -6.795782 3.702963
v 12.202103 -6.876245 3.761263
v 11.191527 -6.493301 3.570940
v 12.403758 -6.440605 3.559223
v 11.191527 -6.330410 3.544129
v 12.420003 -6.280953 3.541369
v 11.191527 -6.165587 3.544460
v 12.433848 -6.120642 3.549292
v 11.191527 -6.003225 3.571818
v 12.444929 -5.963839 3.582709
v 11.191527 -5.847637 3.625411
v 12.452914 -5.814624 3.640641
v 11.191527 -5.702886 3.703833
v 12.457519 -5.676754 3.721507
v 11.191527 -5.572764 3.805125
v 12.458520 -5.553647 3.823192
v 11.191527 -5.460815 3.926735
v 12.455762 -5.448333 3.943119
v 11.191527 -5.371136 4.063820
v 12.449174 -5.363420 4.078314
v 11.191527 -5.304646 4.214847
v 12.438783 -5.301052 4.225460
v 11.191527 -5.263779 4.375463
v 12.424725 -5.262875 4.380943
v 12.407265 -5.250000 4.540891
v 11.191527 -5.250000 4.540891
v 12.407265 -5.250000 4.540891
v 12.388238 -5.261281 4.690669
v 11.191527 -5.250000 4.540891
v 13.500000 9.833334 -1.999999
v 13.500000 10.333334 -1.999999
v 12.239222 -5.117720 5.863242
v 12.254959 -5.380074 5.603281
v 12.367020 -5.294964 4.837379
v 11.191527 -5.263608 4.705299
v 12.367020 -5.294964 4.837379
v 12.467219 -1.551548 6.296087
v 12.216312 -4.662239 6.259418
v 12.689535 1.558605 6.332522
v 12.884762 4.669582 6.360480
v 13.340284 9.565252 4.987372
v 13.246622 8.275564 5.241758
v 13.011035 5.750857 5.959156
v 13.137345 7.003405 5.565957
v 11.071722 11.164115 7.133360
v 13.412668 10.750161 4.818007
v 13.419548 10.874377 4.803734
v 11.032700 10.558855 7.208184
v 13.340284 9.565252 4.987372
v 11.107069 11.771505 7.075068
v 11.138802 12.380514 7.033379
v 10.943293 9.357138 7.406964
v 13.246622 8.275564 5.241758
v 10.989921 9.956338 7.299429
v 12.344131 -5.350423 4.977652
v 11.191527 -5.304183 4.865589
v 12.344131 -5.350423 4.977652
v 12.320178 -5.426469 5.108162
v 11.191527 -5.370542 5.016863
v 12.320178 -5.426469 5.108162
v 12.295825 -5.521363 5.225791
v 11.191527 -5.460443 5.154565
v 12.295825 -5.521363 5.225791
v 12.271763 -5.632877 5.327756
v 11.191527 -5.573061 5.276928
v 12.271763 -5.632877 5.327756
v 9.929147 -7.066960 7.075173
v 12.271763 -5.632877 5.327756
v 12.254959 -5.380074 5.603281
v 12.126257 -5.750731 5.407338
v 11.191527 -5.704219 5.378817
v 12.126257 -5.750731 5.407338
v 12.239222 -5.117720 5.863242
v 9.905295 -6.422837 7.664670
v 12.216312 -4.662239 6.259418
v 12.212108 -4.564359 6.336535
v 12.212108 -4.564359 6.336535
v 12.215412 -1.349287 7.754489
v 12.201107 -4.272976 6.550998
v 12.192124 -3.973141 6.749987
v 12.185406 -3.666163 6.932758
v 12.181129 -3.352162 7.099466
v 12.179465 -3.031434 7.250100
v 12.180574 -2.704767 7.384380
v 12.184598 -2.372998 7.502040
v 12.191673 -2.036279 7.603023
v 12.201946 -1.694293 7.687299
v 12.743929 2.399672 6.347393
v 12.232067 -1.003602 7.804108
v 12.251965 -0.656642 7.836412
v 12.275091 -0.308641 7.851564
v 12.301510 0.040550 7.849344
v 12.331298 0.391694 7.829588
v 12.364272 0.742723 7.792269
v 12.400241 1.091592 7.737309
v 12.524874 1.397214 7.206762
v 12.553339 1.428033 7.064768
v 12.581554 1.479030 6.928903
v 12.608997 1.549048 6.802012
v 12.635163 1.636483 6.686790
v 12.659608 1.739369 6.585605
v 12.681945 1.855450 6.500469
v 12.701829 1.982242 6.433019
v 12.718956 2.117081 6.384513
v 12.733064 2.257183 6.355815
v 10.647987 6.430809 8.182421
v 12.884762 4.669582 6.360480
v 13.011035 5.750857 5.959156
v 12.718694 3.234041 6.815332
v 12.865686 4.518361 6.421362
v 10.497839 5.303295 8.598844
v 12.865686 4.518361 6.421362
v 12.751363 2.541661 6.359303
v 12.755219 2.680322 6.391214
v 12.755391 2.812947 6.442433
v 12.751817 2.936962 6.511938
v 12.744475 3.049937 6.598387
v 12.733403 3.149627 6.700140
v 10.779141 7.585120 7.825580
v 13.137345 7.003405 5.565957
v 10.838050 8.170947 7.670244
v 10.892715 8.761818 7.530631
v 12.698874 3.306020 6.952437
v 12.698874 3.306020 6.952437
v 9.885966 -5.730419 8.195261
v 12.201107 -4.272976 6.550998
v 12.192124 -3.973141 6.749987
v 9.872615 -4.995264 8.662986
v 12.185406 -3.666163 6.932758
v 12.181129 -3.352162 7.099466
v 9.866548 -4.223099 9.064515
v 12.179465 -3.031434 7.250100
v 9.868889 -3.419888 9.397041
v 12.180574 -2.704767 7.384380
v 12.184598 -2.372998 7.502040
v 9.880535 -2.591657 9.658329
v 12.191673 -2.036279 7.603023
v 12.201946 -1.694293 7.687299
v 9.902134 -1.744445 9.846670
v 12.215412 -1.349287 7.754489
v 12.232067 -1.003602 7.804108
v 9.934077 -0.884071 9.960844
v 12.251965 -0.656642 7.836412
v 12.275091 -0.308641 7.851564
v 9.976447 -0.016674 9.999986
v 12.301510 0.040550 7.849344
v 12.331298 0.391694 7.829588
v 10.029041 0.851378 9.963692
v 12.364272 0.742723 7.792269
v 12.400241 1.091592 7.737309
v 12.467378 1.400333 7.508323
v 12.439182 1.438981 7.664675
v 10.091361 1.714237 9.851974
v 12.439182 1.438981 7.664675
v 12.497587 1.387287 7.347316
v 11.191527 1.401065 7.512743
v 12.439182 1.438981 7.664675
v 12.467378 1.400333 7.508323
v 12.288516 1.495744 7.800252
v 11.191527 1.441932 7.673359
v 12.288516 1.495744 7.800252
v 12.497587 1.387287 7.347316
v 11.191527 1.387287 7.347316
v 12.497587 1.387287 7.347316
v 12.524874 1.397214 7.206762
v 11.191527 1.387287 7.347316
v 11.191527 1.400894 7.182906
v 12.553339 1.428033 7.064768
v 11.191527 1.441469 7.022618
v 12.581554 1.479030 6.928903
v 11.191527 1.507827 6.871342
v 12.608997 1.549048 6.802012
v 11.191527 1.597728 6.733641
v 12.635163 1.636483 6.686790
v 11.191527 1.710347 6.611278
v 12.659608 1.739369 6.585605
v 11.191527 1.841505 6.509389
v 12.681945 1.855450 6.500469
v 12.701829 1.982242 6.433019
v 11.191527 1.987421 6.430743
v 12.718956 2.117081 6.384513
v 11.191527 2.143986 6.377367
v 12.733064 2.257183 6.355815
v 11.191527 2.306876 6.350555
v 12.743929 2.399672 6.347393
v 11.191527 2.471700 6.350886
v 12.751363 2.541661 6.359303
v 11.191527 2.634061 6.378244
v 12.755219 2.680322 6.391214
v 11.191527 2.789651 6.431838
v 12.755391 2.812947 6.442433
v 11.191527 2.934402 6.510260
v 12.751817 2.936962 6.511938
v 12.744475 3.049937 6.598387
v 11.191527 3.064522 6.611550
v 12.733403 3.149627 6.700140
v 11.191527 3.176472 6.733161
v 12.718694 3.234041 6.815332
v 11.191527 3.266152 6.870246
v 12.698874 3.306020 6.952437
v 10.327119 4.206774 9.072103
v 12.556649 3.351664 7.082787
v 11.191527 3.332641 7.021273
v 12.556649 3.351664 7.082787
v 12.865386 45.484085 6.422290
v 12.718469 46.764923 6.816987
v 12.698873 46.693977 6.952443
v 11.191527 46.733253 6.871348
v 12.698873 46.693977 6.952443
v 12.718469 46.764923 6.816987
v 10.497837 44.696720 8.598856
v 12.865386 45.484085 6.422290
v 12.698873 46.693977 6.952443
v 11.191527 46.666897 7.022624
v 12.556370 46.648262 7.083055
v 12.556370 46.648262 7.083055
v 12.733203 46.848949 6.701824
v 11.191527 46.823154 6.733647
v 12.733203 46.848949 6.701824
v 12.744335 46.948448 6.599824
v 11.191527 46.935772 6.611284
v 12.744335 46.948448 6.599824
v 12.751735 47.061268 6.513111
v 12.751735 47.061268 6.513111
v 12.755367 47.185181 6.443322
v 11.191527 47.066933 6.509395
v 12.755367 47.185181 6.443322
v 12.755247 47.317753 6.391813
v 11.191527 47.212849 6.430749
v 12.755247 47.317753 6.391813
v 12.751441 47.456394 6.359615
v 11.191527 47.369411 6.377372
v 12.751441 47.456394 6.359615
v 12.744053 47.598385 6.347424
v 11.191527 47.532303 6.350561
v 12.744053 47.598385 6.347424
v 12.733236 47.740868 6.355567
v 11.191527 47.697124 6.350892
v 12.733236 47.740868 6.355567
v 12.719167 47.881058 6.383998
v 11.191527 47.859486 6.378250
v 12.719167 47.881058 6.383998
v 12.701990 48.016621 6.432522
v 11.191527 48.015076 6.431843
v 12.701990 48.016621 6.432522
v 12.682070 48.143829 6.500022
v 12.682070 48.143829 6.500022
v 12.659740 48.260010 6.585085
v 11.191527 48.159828 6.510265
v 12.659740 48.260010 6.585085
v 12.635298 48.363007 6.686218
v 11.191527 48.289948 6.611556
v 12.635298 48.363007 6.686218
v 12.609131 48.450554 6.801409
v 11.191527 48.401897 6.733167
v 12.609131 48.450554 6.801409
v 12.581688 48.520679 6.928277
v 11.191527 48.491577 6.870252
v 12.581688 48.520679 6.928277
v 12.553469 48.571777 7.064140
v 11.191527 48.558067 7.021278
v 12.553469 48.571777 7.064140
v 12.524997 48.602695 7.206145
v 11.191527 48.598934 7.181894
v 12.524997 48.602695 7.206145
v 12.497587 48.612713 7.347322
v 12.497587 48.612713 7.347322
v 12.400706 48.903893 7.736591
v 12.467378 48.599667 7.508329
v 11.191527 48.612713 7.347322
v 12.497587 48.612713 7.347322
v 12.467378 48.599667 7.508329
v 11.191527 48.612713 7.347322
v 12.439182 48.561020 7.664681
v 11.191527 48.599106 7.511731
v 12.439182 48.561020 7.664681
v 10.091358 48.285755 9.851978
v 12.439182 48.561020 7.664681
v 12.400706 48.903893 7.736591
v 12.290158 48.505001 7.798784
v 11.191527 48.558529 7.672020
v 12.290158 48.505001 7.798784
v 12.365033 49.249550 7.791254
v 12.365033 49.249550 7.791254
v 12.332148 49.598877 7.828793
v 10.029040 49.148567 9.963693
v 12.332148 49.598877 7.828793
v 12.302333 49.949192 7.849030
v 12.302333 49.949192 7.849030
v 12.275861 50.297848 7.851755
v 9.976447 50.016701 9.999991
v 12.275861 50.297848 7.851755
v 12.252651 50.645599 7.837163
v 12.252651 50.645599 7.837163
v 12.232661 50.992352 7.805439
v 9.934081 50.884079 9.960850
v 12.232661 50.992352 7.805439
v 12.215904 51.338051 7.756380
v 12.215904 51.338051 7.756380
v 12.202324 51.683285 7.689742
v 9.902136 51.744442 9.846677
v 12.202324 51.683285 7.689742
v 12.191935 52.026035 7.605818
v 12.191935 52.026035 7.605818
v 12.184745 52.364677 7.504719
v 9.880539 52.591537 9.658368
v 12.184745 52.364677 7.504719
v 12.180622 52.698616 7.386736
v 12.180622 52.698616 7.386736
v 12.179462 53.026932 7.252079
v 9.868889 53.419804 9.397079
v 12.179462 53.026932 7.252079
v 12.181099 53.348961 7.101074
v 9.866546 54.223019 9.064560
v 12.181099 53.348961 7.101074
v 12.185355 53.663677 6.934198
v 12.185355 53.663677 6.934198
v 12.192072 53.971268 6.751187
v 9.872633 54.995220 8.663017
v 12.192072 53.971268 6.751187
v 12.201080 54.272152 6.551571
v 12.201080 54.272152 6.551571
v 12.212113 54.564537 6.336416
v 9.885975 55.730347 8.195318
v 12.212113 54.564537 6.336416
v 12.216314 54.662331 6.259365
v 9.905294 56.422779 7.664724
v 12.239284 55.118820 5.862210
v 10.647986 43.569202 8.182428
v 12.884730 45.330727 6.360564
v 13.011057 44.248699 5.959174
v 10.779144 42.414852 7.825576
v 13.137531 42.994724 5.565345
v 12.353124 55.326504 4.924509
v 12.255000 55.380875 5.602525
v 12.255000 55.380875 5.602525
v 12.292086 55.537495 5.242566
v 12.271763 55.632877 5.327764
v 9.929149 57.066910 7.075231
v 12.271763 55.632877 5.327764
v 12.312702 55.453716 5.145820
v 12.333190 55.382992 5.039191
v 11.191527 55.572765 5.276663
v 12.271763 55.632877 5.327764
v 12.292086 55.537495 5.242566
v 12.126181 55.750790 5.407378
v 11.191527 55.702885 5.377954
v 12.126181 55.750790 5.407378
v 11.191527 55.460815 5.155053
v 12.312702 55.453716 5.145820
v 12.333190 55.382992 5.039191
v 11.191527 55.371136 5.017968
v 12.353124 55.326504 4.924509
v 11.191527 55.304646 4.866940
v 10.989920 40.043652 7.299431
v 13.246378 41.727520 5.242455
v 10.892716 41.238167 7.530632
v 10.943293 40.642857 7.406967
v 12.411140 57.175163 2.623385
v 10.062575 59.397224 3.419391
v 12.411140 57.175163 2.623385
v 12.423743 57.287560 2.259757
v 12.423743 57.287560 2.259757
v 10.082198 59.659588 2.586976
v 12.442825 57.452621 1.565092
v 12.775282 54.086163 0.006284
v 12.460669 57.601341 0.000007
v 12.443844 57.461250 1.519470
v 12.443844 57.461250 1.519470
v 13.054002 50.568245 0.006329
v 13.296829 47.047668 0.006369
v 13.503736 43.524799 0.006401
v 13.661253 39.583332 1.574474
v 13.669561 40.000000 0.638303
v 13.667368 39.958332 0.851077
v 13.664026 39.916668 1.063835
v 13.662677 39.833332 1.234052
v 13.660576 39.750000 1.404260
v 13.500000 39.750000 1.404260
v 13.661294 39.544277 1.614362
v 13.661118 39.416668 1.744686
v 13.661253 39.583332 1.574474
v 13.500000 39.416668 1.744686
v 13.661118 39.416668 1.744686
v 13.664195 39.250004 1.829791
v 13.500000 39.416668 1.744686
v 13.667010 39.083332 1.914899
v 13.500000 39.083332 1.914899
v 13.667010 39.083332 1.914899
v 13.673365 38.875004 1.957451
v 13.500000 39.083332 1.914899
v 13.679549 38.666668 2.000005
v 13.500000 38.666668 2.000005
v 13.679549 38.666668 2.000005
v 13.694187 38.291676 2.000005
v 13.500000 38.666668 2.000005
v 13.708418 37.916668 2.000005
v 13.500000 37.916668 2.000005
v 13.708418 37.916668 2.000005
v 13.718270 37.708351 1.957455
v 13.500000 37.916668 2.000005
v 13.727950 37.500000 1.914898
v 13.500000 37.500000 1.914898
v 13.727950 37.500000 1.914898
v 13.737956 37.333355 1.829803
v 13.500000 37.500000 1.914898
v 13.747700 37.166668 1.744685
v 13.500000 37.166668 1.744685
v 13.747700 37.166668 1.744685
v 13.757391 37.042889 1.618273
v 13.500000 37.166668 1.744685
v 13.760642 37.000031 1.574503
v 13.760642 37.000031 1.574503
v 13.500000 35.833332 1.404259
v 13.803918 35.621918 1.620173
v 13.802374 35.500000 1.744685
v 13.804376 35.666660 1.574478
v 13.788379 36.750000 0.978727
v 13.781149 36.791672 1.191515
v 13.804376 35.666660 1.574478
v 13.772775 36.833332 1.404259
v 13.500000 35.500000 1.744685
v 13.802374 35.500000 1.744685
v 13.803573 35.333332 1.829792
v 13.500000 35.500000 1.744685
v 13.804510 35.166668 1.914898
v 13.500000 35.166668 1.914898
v 13.804510 35.166668 1.914898
v 13.808506 34.958332 1.957451
v 13.500000 35.166668 1.914898
v 13.812331 34.750000 2.000004
v 13.500000 34.750000 2.000004
v 13.812331 34.750000 2.000004
v 13.821579 34.416672 2.000004
v 13.500000 34.750000 2.000004
v 13.830505 34.083332 2.000004
v 13.500000 34.083332 2.000004
v 13.830505 34.083332 2.000004
v 13.838036 33.875015 1.957454
v 13.500000 34.083332 2.000004
v 13.845396 33.666668 1.914898
v 13.500000 33.666668 1.914898
v 13.845396 33.666668 1.914898
v 13.853539 33.500019 1.829801
v 13.500000 33.666668 1.914898
v 13.861421 33.333332 1.744685
v 13.500000 33.333332 1.744685
v 13.861421 33.333332 1.744685
v 13.869430 33.214027 1.622839
v 13.500000 33.333332 1.744685
v 13.894413 32.083332 1.623820
v 13.872492 33.166695 1.574499
v 13.872492 33.166695 1.574499
v 13.500000 32.083332 -1.999996
v 13.894413 32.083332 1.623820
v 13.877301 32.083332 2.000004
v 13.890311 32.916676 1.234063
v 13.882757 33.000000 1.404259
v 13.897118 32.833332 1.063834
v 13.903171 32.791672 0.851083
v 13.908083 32.750000 0.638302
v 13.913193 32.750000 0.006466
v 13.921907 32.083332 0.667076
v 13.921907 32.083332 0.667076
v 13.500000 32.083332 2.000004
v 13.877301 32.083332 2.000004
v 13.882336 31.833336 2.000004
v 13.500000 32.083332 2.000004
v 13.887190 31.583332 2.000004
v 13.500000 31.583332 2.000004
v 13.887190 31.583332 2.000004
v 13.904280 31.583332 1.624232
v 13.500000 31.583332 2.000004
v 13.935779 29.639677 1.625551
v 13.922009 31.583332 1.106665
v 13.922009 31.583332 1.106665
v 13.500000 30.166668 0.212770
v 13.935779 29.639677 1.625551
v 13.920604 29.500000 2.000004
v 13.949551 30.875011 0.212770
v 13.936796 31.583332 0.212770
v 13.960855 30.166668 0.212770
v 13.950898 29.833246 1.106623
v 13.950898 29.833246 1.106623
v 13.500000 29.500000 2.000004
v 13.920604 29.500000 2.000004
v 13.924280 29.208336 2.000004
v 13.500000 29.500000 2.000004
v 13.927709 28.916668 2.000003
v 13.943061 29.060020 1.625860
v 13.500000 28.916668 2.000003
v 13.927709 28.916668 2.000003
v 13.943061 29.060020 1.625860
v 13.500000 28.916668 2.000003
v 13.951614 28.250000 1.626151
v 13.969473 29.596006 0.006475
v 13.960312 29.291567 1.021544
v 13.960312 29.291567 1.021544
v 13.500000 28.250000 -1.999997
v 13.951614 28.250000 1.626151
v 13.934622 28.250000 2.000003
v 13.979164 28.250000 0.667074
v 13.979164 28.250000 0.667074
v 13.500000 28.250000 2.000003
v 13.934622 28.250000 2.000003
v 13.945474 26.750017 2.000003
v 13.500000 28.250000 2.000003
v 13.949815 25.250000 2.000003
v 13.500000 25.250000 2.000003
v 13.949815 25.250000 2.000003
v 13.961793 25.250000 1.744720
v 13.500000 25.250000 2.000003
v 13.966773 25.250000 1.626808
v 13.962443 23.250000 1.626607
v 13.972137 25.250000 1.489365
v 13.972137 25.250000 1.489365
v 13.500000 23.250000 -1.574465
v 13.962443 23.250000 1.626607
v 13.945474 23.250000 2.000003
v 13.999508 25.583332 0.006479
v 13.987381 23.250000 0.809005
v 13.987381 23.250000 0.809005
v 13.500000 23.250000 2.000003
v 13.945474 23.250000 2.000003
v 13.944118 22.999998 2.000003
v 13.500000 23.250000 2.000003
v 13.942580 22.750000 2.000003
v 13.500000 22.750000 2.000003
v 13.942580 22.750000 2.000003
v 13.959555 22.750000 1.626489
v 13.500000 22.750000 2.000003
v 13.940785 20.750000 1.625708
v 13.984490 22.750000 0.809005
v 13.984490 22.750000 0.809005
v 13.500000 20.750000 -1.999997
v 13.940785 20.750000 1.625708
v 13.923770 20.750000 2.000002
v 13.992681 22.750000 0.006451
v 13.968324 20.750000 0.667074
v 13.968324 20.750000 0.667074
v 13.500000 20.750000 2.000002
v 13.923770 20.750000 2.000002
v 13.902063 19.249945 2.000002
v 13.500000 20.750000 2.000002
v 13.873844 17.750000 2.000002
v 13.500000 17.750000 2.000002
v 13.873844 17.750000 2.000002
v 13.885845 17.750000 1.744719
v 13.500000 17.750000 2.000002
v 13.890960 17.750000 1.623717
v 13.865439 16.619467 1.622675
v 13.896209 17.750000 1.489364
v 13.896209 17.750000 1.489364
v 13.500000 16.833334 1.404257
v 13.865439 16.619467 1.622675
v 13.857362 16.500000 1.744683
v 13.868514 16.666641 1.574497
v 13.868514 16.666641 1.574497
v 13.500000 16.500000 1.744683
v 13.857362 16.500000 1.744683
v 13.849399 16.333315 1.829799
v 13.500000 16.500000 1.744683
v 13.841175 16.166666 1.914896
v 13.500000 16.166666 1.914896
v 13.841175 16.166666 1.914896
v 13.833714 15.958319 1.957452
v 13.500000 16.166666 1.914896
v 13.826082 15.750000 2.000002
v 13.500000 15.750000 2.000002
v 13.826082 15.750000 2.000002
v 13.815837 15.374994 2.000002
v 13.500000 15.750000 2.000002
v 13.805184 15.000000 2.000002
v 13.500000 15.000000 2.000002
v 13.805184 15.000000 2.000002
v 13.801208 14.791668 1.957449
v 13.500000 15.000000 2.000002
v 13.797062 14.583334 1.914896
v 13.500000 14.583334 1.914896
v 13.797062 14.583334 1.914896
v 13.796005 14.416668 1.829790
v 13.500000 14.583334 1.914896
v 13.794686 14.250000 1.744683
v 13.500000 14.250000 1.744683
v 13.794686 14.250000 1.744683
v 13.796146 14.127772 1.619854
v 13.500000 14.250000 1.744683
v 13.764622 13.166666 1.618528
v 13.796568 14.083338 1.574476
v 13.796568 14.083338 1.574476
v 13.500000 13.166666 -1.999998
v 13.764622 13.166666 1.618528
v 13.747238 13.166666 2.000002
v 13.791990 13.166666 0.667077
v 13.807714 13.833334 0.978725
v 13.803249 13.875003 1.191505
v 13.791990 13.166666 0.667077
v 13.797641 13.916666 1.404257
v 13.500000 13.166666 2.000002
v 13.747238 13.166666 2.000002
v 13.738582 12.916663 2.000001
v 13.500000 13.166666 2.000002
v 13.729744 12.666666 2.000001
v 13.500000 12.666666 2.000001
v 13.729744 12.666666 2.000001
v 13.747163 12.666666 1.617822
v 13.500000 12.666666 2.000001
v 13.656128 10.333334 1.614111
v 13.765863 12.666666 1.064126
v 13.765863 12.666666 1.064126
v 13.500000 10.333334 0.127661
v 13.656128 10.333334 1.614111
v 13.638518 10.333334 2.000001
v 13.736324 11.499923 0.127661
v 13.779911 12.666666 0.127662
v 13.674720 10.333334 1.064128
v 13.674720 10.333334 1.064128
v 13.500000 10.333334 2.000001
v 13.638518 10.333334 2.000001
v 13.627807 10.083330 2.000001
v 13.500000 10.333334 2.000001
v 13.616914 9.833334 2.000001
v 13.500000 9.833334 2.000001
v 13.616914 9.833334 2.000001
v 13.634572 9.833334 1.613226
v 13.500000 9.833334 2.000001
v 13.661814 9.833334 0.667079
v 13.661814 9.833334 0.667079
v 13.496565 6.341936 0.006396
v 13.667425 9.833334 0.006425
v 13.290436 2.852442 0.006362
v 13.049065 -0.634792 0.006322
v 12.423649 -7.286885 2.262424
v 12.442830 -7.452561 1.565086
v 12.772475 -4.119409 0.006278
v 12.411022 -7.174027 2.626660
v 10.082201 -9.659581 2.586984
v 12.442830 -7.452561 1.565086
v 12.423649 -7.286885 2.262424
v 12.443766 -7.460489 1.523225
v 10.096891 -9.848277 1.735349
v 12.443766 -7.460489 1.523225
v 12.411022 -7.174027 2.626660
v 12.451107 57.522224 1.144163
v 10.096888 59.848278 1.735344
v 12.451107 57.522224 1.144163
v 12.456389 57.566010 0.765210
v 12.456389 57.566010 0.765210
v 12.459582 57.592236 0.386958
v 10.105975 59.962006 0.870884
v 12.459582 57.592236 0.386958
v 12.460669 57.601341 0.000007
v 12.459589 57.592175 -0.386796
v 13.500000 10.333334 -0.382978
v 12.761007 53.879757 -1.565084
v 12.456336 57.565643 -0.769593
v 12.451033 57.521687 -1.148306
v 12.443766 57.460487 -1.523219
v 12.443114 57.454964 -1.552509
v 13.041719 50.302731 -1.576434
v 13.285353 46.722988 -1.586284
v 13.674703 40.000000 0.000005
v 13.491883 43.140907 -1.594635
v 13.500000 40.000000 -0.638293
v 13.674703 40.000000 0.000005
v 13.669561 40.000000 0.638303
v 13.500000 12.666666 0.127662
v 13.500000 12.666666 -0.382977
v 13.500000 40.000000 0.638303
v 13.669561 40.000000 0.638303
v 13.667368 39.958332 0.851077
v 13.500000 40.000000 0.638303
v 13.664026 39.916668 1.063835
v 13.500000 39.916668 1.063835
v 13.664026 39.916668 1.063835
v 13.662677 39.833332 1.234052
v 13.500000 39.916668 1.063835
v 13.660576 39.750000 1.404260
v 13.660576 39.750000 1.404260
v 13.500000 39.750000 1.404260
v 10.109048 60.000000 0.000007
v 12.459589 57.592175 -0.386796
v 10.105974 59.962009 -0.870853
v 12.456336 57.565643 -0.769593
v 12.451033 57.521687 -1.148306
v 10.096888 59.848286 -1.735301
v 12.443766 57.460487 -1.523219
v 12.443114 57.454964 -1.552509
v 12.434199 57.378815 -1.909321
v 12.434199 57.378815 -1.909321
v 12.701874 53.442806 -3.136817
v 12.391403 56.993202 -3.114387
v 12.396931 57.044941 -2.984214
v 12.411022 57.174026 -2.626654
v 12.423649 57.286884 -2.262418
v 12.975320 49.894051 -3.159010
v 13.212365 46.342659 -3.178247
v 13.661252 39.583332 -1.574465
v 13.661285 39.556873 -1.601486
v 13.412985 42.789009 -3.194530
v 13.660576 39.750000 -1.404250
v 13.662677 39.833332 -1.234042
v 13.664026 39.916668 -1.063825
v 13.667368 39.958332 -0.851067
v 13.669561 40.000000 -0.638293
v 13.500000 39.416668 -1.744676
v 13.661285 39.556873 -1.601486
v 13.661252 39.583332 -1.574465
v 13.661118 39.416668 -1.744676
v 13.661118 39.416668 -1.744676
v 13.660576 39.750000 -1.404250
v 13.500000 39.750000 -1.404250
v 13.660576 39.750000 -1.404250
v 13.662677 39.833332 -1.234042
v 13.500000 39.750000 -1.404250
v 13.664026 39.916668 -1.063825
v 13.500000 39.916668 -1.063825
v 13.664026 39.916668 -1.063825
v 13.667368 39.958332 -0.851067
v 13.500000 39.916668 -1.063825
v 13.669561 40.000000 -0.638293
v 13.669561 40.000000 -0.638293
v 13.500000 40.000000 -0.638293
v 12.385494 56.595459 -3.602450
v 12.365599 56.741508 -3.670012
v 11.191527 56.649864 -3.624311
v 12.365599 56.741508 -3.670012
v 12.385494 56.595459 -3.602450
v 10.038919 59.063084 -4.226163
v 12.391403 56.993202 -3.114387
v 12.365599 56.741508 -3.670012
v 12.202103 56.876244 -3.761257
v 11.191527 56.795780 -3.702957
v 12.202103 56.876244 -3.761257
v 12.403759 56.440598 -3.559216
v 11.191527 56.493301 -3.570934
v 12.403759 56.440598 -3.559216
v 12.420003 56.280949 -3.541363
v 11.191527 56.330410 -3.544123
v 12.420003 56.280949 -3.541363
v 12.433848 56.120640 -3.549286
v 11.191527 56.165588 -3.544454
v 12.433848 56.120640 -3.549286
v 12.444929 55.963840 -3.582702
v 11.191527 56.003223 -3.571812
v 12.444929 55.963840 -3.582702
v 12.452914 55.814625 -3.640635
v 11.191527 55.847637 -3.625405
v 12.452914 55.814625 -3.640635
v 12.457519 55.676754 -3.721500
v 11.191527 55.702885 -3.703827
v 12.457519 55.676754 -3.721500
v 12.458520 55.553646 -3.823185
v 11.191527 55.572765 -3.805119
v 12.458520 55.553646 -3.823185
v 12.455762 55.448334 -3.943113
v 11.191527 55.460815 -3.926729
v 12.455762 55.448334 -3.943113
v 12.449174 55.363419 -4.078308
v 11.191527 55.371136 -4.063814
v 12.449174 55.363419 -4.078308
v 12.438783 55.301052 -4.225454
v 11.191527 55.304646 -4.214840
v 12.438783 55.301052 -4.225454
v 12.424725 55.262875 -4.380937
v 11.191527 55.263779 -4.375456
v 12.424725 55.262875 -4.380937
v 12.407265 55.250000 -4.540884
v 12.407265 55.250000 -4.540884
v 12.389249 55.260178 -4.683189
v 11.191527 55.250000 -4.540884
v 12.407265 55.250000 -4.540884
v 12.389249 55.260178 -4.683189
v 11.191527 55.250000 -4.540884
v 12.654456 52.044991 -4.715555
v 12.239222 55.117718 -5.863235
v 13.500000 13.166666 -1.999998
v 13.500000 12.666666 -1.999998
v 12.889925 48.826916 -4.744318
v 12.469343 51.550430 -6.283638
v 12.216980 54.677261 -6.247341
v 13.095594 45.606766 -4.769442
v 12.692722 48.424431 -6.320173
v 13.271444 42.384823 -4.790923
v 12.888831 45.297783 -6.347490
v 13.577157 39.233479 -3.207854
v 13.417567 39.161629 -4.807798
v 13.340284 40.434746 -4.987366
v 13.011035 44.249142 -5.959149
v 13.137345 42.996593 -5.565951
v 13.246622 41.724434 -5.241752
v 13.704864 35.676441 -3.218219
v 13.419548 39.125622 -4.803728
v 11.071722 38.835884 -7.133354
v 13.417567 39.161629 -4.807798
v 13.419548 39.125622 -4.803728
v 11.032700 39.441143 -7.208178
v 13.340284 40.434746 -4.987366
v 13.484790 37.804119 -4.692504
v 11.107069 38.228493 -7.075062
v 13.484790 37.804119 -4.692504
v 13.536119 36.477367 -4.655189
v 11.166949 37.009460 -7.008341
v 13.536119 36.477367 -4.655189
v 11.138802 37.619484 -7.033373
v 13.605198 34.182114 -4.654764
v 11.191527 36.399010 -6.999996
v 13.536119 36.477367 -4.655189
v 13.605198 34.182114 -4.654764
v 11.191527 36.399010 -6.999996
v 13.796094 32.118275 -3.225623
v 13.658924 31.886629 -4.654413
v 11.260081 34.118542 -6.999996
v 13.658924 31.886629 -4.654413
v 13.850835 28.559357 -3.230067
v 13.697298 29.591007 -4.654151
v 11.313399 31.838312 -6.999996
v 13.697298 29.591007 -4.654151
v 13.720319 27.295412 -4.653991
v 11.351483 29.558325 -6.999997
v 13.720319 27.295412 -4.653991
v 13.869084 25.000059 -3.231548
v 13.727992 25.000000 -4.653936
v 11.374331 27.278641 -6.999997
v 13.727992 25.000000 -4.653936
v 13.850837 21.440762 -3.230067
v 13.720319 22.704588 -4.653991
v 11.381942 24.999323 -6.999997
v 13.720319 22.704588 -4.653991
v 13.697298 20.408993 -4.654152
v 11.374321 22.720057 -6.999997
v 13.697298 20.408993 -4.654152
v 13.796096 17.881842 -3.225625
v 13.658924 18.113371 -4.654415
v 11.313386 18.160818 -6.999998
v 13.658924 18.113371 -4.654415
v 11.351469 20.440536 -6.999998
v 13.605198 15.817886 -4.654766
v 11.260072 15.880971 -6.999998
v 13.605198 15.817886 -4.654766
v 13.704868 14.323674 -3.218221
v 13.536119 13.522635 -4.655191
v 13.536119 13.522635 -4.655191
v 13.577161 10.766637 -3.207858
v 13.484540 12.190426 -4.692904
v 11.191527 13.600991 -6.999999
v 13.536119 13.522635 -4.655191
v 13.484540 12.190426 -4.692904
v 11.191527 13.600991 -6.999999
v 13.419400 10.871310 -4.803910
v 11.138802 12.380553 -7.033373
v 13.419400 10.871310 -4.803910
v 11.166949 12.990561 -7.008344
v 13.417500 10.836790 -4.807815
v 11.107069 11.771544 -7.075062
v 13.417500 10.836790 -4.807815
v 13.271377 7.613830 -4.790919
v 13.340253 9.564915 -4.987498
v 11.071723 11.164134 -7.133357
v 13.340253 9.564915 -4.987498
v 13.412991 7.211106 -3.194535
v 13.095534 4.392227 -4.769440
v 13.137531 7.005277 -5.565339
v 13.246378 8.272482 -5.242449
v 13.212373 3.657458 -3.178253
v 12.889879 1.172415 -4.744319
v 12.692726 1.575630 -6.320180
v 12.888792 4.701855 -6.347601
v 13.011057 5.751299 -5.959168
v 12.975329 0.106067 -3.159016
v 12.654430 -2.045325 -4.715559
v 12.469346 -1.550401 -6.283644
v 12.407266 -5.250000 -4.540892
v 12.388243 -5.261274 -4.690630
v 12.216982 -4.677362 -6.247280
v 12.701884 -3.442688 -3.136824
v 11.191527 -5.263778 -4.706318
v 12.388243 -5.261274 -4.690630
v 12.407266 -5.250000 -4.540892
v 12.239284 -5.118821 -5.862204
v 13.500000 12.666666 2.000001
v 13.500000 13.166666 2.000002
v 12.423653 -5.261192 -4.391693
v 11.191527 -5.250000 -4.540892
v 12.407266 -5.250000 -4.540892
v 12.423653 -5.261192 -4.391693
v 11.191527 -5.250000 -4.540892
v 12.436088 -5.290843 -4.258012
v 11.191527 -5.263608 -4.376482
v 12.436088 -5.290843 -4.258012
v 12.445910 -5.338562 -4.129454
v 11.191527 -5.304182 -4.216194
v 12.445910 -5.338562 -4.129454
v 12.452960 -5.403341 -4.008754
v 11.191527 -5.370541 -4.064918
v 12.452960 -5.403341 -4.008754
v 12.457193 -5.483962 -3.898096
v 11.191527 -5.460442 -3.927217
v 12.457193 -5.483962 -3.898096
v 12.458618 -5.578938 -3.799491
v 11.191527 -5.573061 -3.804854
v 12.458618 -5.578938 -3.799491
v 12.457298 -5.686532 -3.714754
v 12.457298 -5.686532 -3.714754
v 12.453340 -5.804798 -3.645462
v 11.191527 -5.704218 -3.702965
v 12.453340 -5.804798 -3.645462
v 12.391397 -6.993155 -3.114514
v 12.446882 -5.931587 -3.592940
v 11.191527 -5.850134 -3.624319
v 12.446882 -5.931587 -3.592940
v 12.438102 -6.064551 -3.558238
v 11.191527 -6.006699 -3.570942
v 12.438102 -6.064551 -3.558238
v 12.427203 -6.201154 -3.542085
v 11.191527 -6.169590 -3.544131
v 12.427203 -6.201154 -3.542085
v 12.414406 -6.338776 -3.544840
v 11.191527 -6.334413 -3.544462
v 12.414406 -6.338776 -3.544840
v 12.399947 -6.474798 -3.566486
v 12.399947 -6.474798 -3.566486
v 12.384121 -6.606267 -3.606508
v 11.191527 -6.496775 -3.571820
v 12.384121 -6.606267 -3.606508
v 12.365599 -6.741511 -3.670021
v 11.191527 -6.652363 -3.625413
v 12.365599 -6.741511 -3.670021
v 10.038920 -9.063044 -4.226253
v 12.365599 -6.741511 -3.670021
v 12.391397 -6.993155 -3.114514
v 10.012369 -8.659561 -5.001199
v 12.202103 -6.876243 -3.761264
v 11.191527 -6.797114 -3.703835
v 12.202103 -6.876243 -3.761264
v 12.750813 -4.001308 -1.564678
v 12.443108 -7.455023 -1.552526
v 12.397049 -7.046058 -2.981372
v 12.397049 -7.046058 -2.981372
v 13.023799 -0.546146 -1.575715
v 13.262189 2.911580 -1.585353
v 13.465960 6.371522 -1.593591
v 13.616914 9.833334 -1.999999
v 13.729744 12.666666 -1.999998
v 13.627807 10.083330 -1.999999
v 13.638518 10.333334 -1.999999
v 13.656649 10.333334 -1.601279
v 13.797062 14.583334 -1.914892
v 13.738582 12.916663 -1.999998
v 13.747238 13.166666 -1.999998
v 13.765145 13.166666 -1.605647
v 13.796272 14.115137 -1.606946
v 13.794686 14.250000 -1.744679
v 13.796005 14.416668 -1.829786
v 13.902063 19.249945 -1.999998
v 13.801208 14.791668 -1.957445
v 13.805184 15.000000 -1.999998
v 13.815837 15.374994 -1.999998
v 13.826082 15.750000 -1.999998
v 13.833714 15.958319 -1.957448
v 13.841175 16.166666 -1.914892
v 13.849399 16.333315 -1.829795
v 13.857362 16.500000 -1.744679
v 13.866269 16.632095 -1.609774
v 13.873844 17.750000 -1.999998
v 13.944118 22.999977 -1.999997
v 13.923770 20.750000 -1.999997
v 13.941310 20.750000 -1.612769
v 13.931326 21.416666 -1.999997
v 13.949815 25.250000 -1.999997
v 13.949654 24.583332 -1.999997
v 13.959750 24.583332 -1.787256
v 13.967138 24.583332 -1.613852
v 13.922572 29.666668 -1.914890
v 13.945474 26.750017 -1.999997
v 13.934622 28.250000 -1.999997
v 13.952140 28.250000 -1.613207
v 13.940702 29.298971 -1.612783
v 13.938354 29.333332 -1.659572
v 13.930707 29.500019 -1.787245
v 13.861421 33.333332 -1.744677
v 13.917629 29.875011 -1.957445
v 13.912515 30.083332 -1.999996
v 13.896355 31.083359 -1.999996
v 13.877301 32.083332 -1.999996
v 13.894938 32.083332 -1.610893
v 13.870253 33.201397 -1.609933
v 13.747700 37.166668 -1.744677
v 13.853539 33.500019 -1.829793
v 13.845396 33.666668 -1.914890
v 13.838036 33.875015 -1.957446
v 13.830505 34.083332 -1.999996
v 13.821579 34.416672 -1.999996
v 13.812331 34.750000 -1.999996
v 13.808506 34.958332 -1.957443
v 13.804510 35.166668 -1.914890
v 13.803573 35.333332 -1.829784
v 13.802374 35.500000 -1.744677
v 13.804053 35.634556 -1.607259
v 13.758351 37.030300 -1.605408
v 13.664195 39.250004 -1.829781
v 13.737956 37.333355 -1.829795
v 13.727950 37.500000 -1.914890
v 13.718270 37.708351 -1.957446
v 13.708418 37.916668 -1.999995
v 13.694187 38.291676 -1.999995
v 13.679549 38.666668 -1.999995
v 13.673365 38.875004 -1.957441
v 13.667010 39.083332 -1.914889
v 10.062573 59.397240 -3.419333
v 12.396931 57.044941 -2.984214
v 12.411022 57.174026 -2.626654
v 12.411140 -7.175162 -2.623378
v 10.062574 -9.397217 -3.419405
v 12.411140 -7.175162 -2.623378
v 12.423743 -7.287559 -2.259751
v 12.423743 -7.287559 -2.259751
v 12.434249 -7.379216 -1.907554
v 10.082201 -9.659581 -2.586987
v 12.434249 -7.379216 -1.907554
v 12.443108 -7.455023 -1.552526
v 12.460669 -7.601342 -0.000001
v 12.443844 -7.461251 -1.519464
v 12.443844 -7.461251 -1.519464
v 13.635093 9.833334 -1.600389
v 13.635093 9.833334 -1.600389
v 13.616914 9.833334 -1.999999
v 13.661814 9.833334 -0.667077
v 13.661814 9.833334 -0.667077
v 13.500000 9.833334 -1.999999
v 13.616914 9.833334 -1.999999
v 13.627807 10.083330 -1.999999
v 13.500000 9.833334 -1.999999
v 13.638518 10.333334 -1.999999
v 13.500000 10.333334 -1.999999
v 13.638518 10.333334 -1.999999
v 13.656649 10.333334 -1.601279
v 13.500000 10.333334 -1.999999
v 13.747685 12.666666 -1.604959
v 13.671087 10.333334 -1.191736
v 13.671087 10.333334 -1.191736
v 13.500000 12.666666 -0.382977
v 13.747685 12.666666 -1.604959
v 13.729744 12.666666 -1.999998
v 13.687156 10.333334 -0.382978
v 13.734682 11.499923 -0.382978
v 13.762239 12.666666 -1.191734
v 13.762239 12.666666 -1.191734
v 13.500000 12.666666 -1.999998
v 13.729744 12.666666 -1.999998
v 13.738582 12.916663 -1.999998
v 13.500000 12.666666 -1.999998
v 13.747238 13.166666 -1.999998
v 13.747238 13.166666 -1.999998
v 13.765145 13.166666 -1.605647
v 13.500000 13.166666 -1.999998
v 13.791990 13.166666 -0.667073
v 13.791990 13.166666 -0.667073
v 13.500000 13.916666 -1.404253
v 13.796272 14.115137 -1.606946
v 13.794686 14.250000 -1.744679
v 13.796568 14.083338 -1.574471
v 13.796568 14.083338 -1.574471
v 13.500000 14.250000 -1.744679
v 13.794686 14.250000 -1.744679
v 13.796005 14.416668 -1.829786
v 13.500000 14.250000 -1.744679
v 13.797062 14.583334 -1.914892
v 13.500000 14.583334 -1.914892
v 13.797062 14.583334 -1.914892
v 13.801208 14.791668 -1.957445
v 13.500000 14.583334 -1.914892
v 13.805184 15.000000 -1.999998
v 13.500000 15.000000 -1.999998
v 13.805184 15.000000 -1.999998
v 13.815837 15.374994 -1.999998
v 13.500000 15.000000 -1.999998
v 13.826082 15.750000 -1.999998
v 13.500000 15.750000 -1.999998
v 13.826082 15.750000 -1.999998
v 13.833714 15.958319 -1.957448
v 13.500000 15.750000 -1.999998
v 13.841175 16.166666 -1.914892
v 13.500000 16.166666 -1.914892
v 13.841175 16.166666 -1.914892
v 13.849399 16.333315 -1.829795
v 13.500000 16.166666 -1.914892
v 13.857362 16.500000 -1.744679
v 13.500000 16.500000 -1.744679
v 13.857362 16.500000 -1.744679
v 13.866269 16.632095 -1.609774
v 13.500000 16.500000 -1.744679
v 13.885845 17.750000 -1.744715
v 13.891485 17.750000 -1.610795
v 13.868514 16.666641 -1.574493
v 13.868514 16.666641 -1.574493
v 13.500000 17.750000 -1.489360
v 13.891485 17.750000 -1.610795
v 13.885845 17.750000 -1.744715
v 13.896209 17.750000 -1.489360
v 13.909419 17.083334 0.000002
v 13.500000 14.333334 -0.978721
v 13.500000 13.833334 -0.978721
v 13.500000 14.250000 -1.744679
v 13.896209 17.750000 -1.489360
v 13.878860 16.833334 -1.404253
v 13.886454 16.916658 -1.234057
v 13.893302 17.000000 -1.063828
v 13.899376 17.041664 -0.851077
v 13.904308 17.083334 -0.638296
v 13.873844 17.750000 -1.999998
v 13.500000 17.750000 -1.999998
v 13.873844 17.750000 -1.999998
v 13.902063 19.249945 -1.999998
v 13.500000 17.750000 -1.999998
v 13.923770 20.750000 -1.999997
v 13.923770 20.750000 -1.999997
v 13.941310 20.750000 -1.612769
v 13.500000 20.750000 -1.999997
v 13.941426 21.416666 -1.787256
v 13.948848 21.416666 -1.613114
v 13.968324 20.750000 -0.667070
v 13.968324 20.750000 -0.667070
v 13.931326 21.416666 -1.999997
v 13.948848 21.416666 -1.613114
v 13.941426 21.416666 -1.787256
v 13.950392 21.416666 -1.574466
v 13.973893 20.750000 0.006476
v 13.950392 21.416666 -1.574466
v 13.500000 21.416666 -1.999997
v 13.931326 21.416666 -1.999997
v 13.944118 22.999977 -1.999997
v 13.500000 21.416666 -1.999997
v 13.949654 24.583332 -1.999997
v 13.500000 24.583332 -1.574465
v 13.949654 24.583332 -1.999997
v 13.959750 24.583332 -1.787256
v 13.500000 24.583332 -1.999997
v 13.500000 24.583332 -1.999997
v 13.967138 24.583332 -1.613852
v 13.961793 25.250000 -1.744714
v 13.967298 25.250000 -1.613859
v 13.968711 24.583332 -1.574465
v 13.968711 24.583332 -1.574465
v 13.500000 25.250000 -1.489359
v 13.967298 25.250000 -1.613859
v 13.961793 25.250000 -1.744714
v 13.972137 25.250000 -1.489359
v 13.995572 23.250000 0.006451
v 13.972137 25.250000 -1.489359
v 13.949815 25.250000 -1.999997
v 13.500000 25.250000 -1.999997
v 13.949815 25.250000 -1.999997
v 13.945474 26.750017 -1.999997
v 13.500000 25.250000 -1.999997
v 13.934622 28.250000 -1.999997
v 13.934622 28.250000 -1.999997
v 13.952140 28.250000 -1.613207
v 13.500000 28.250000 -1.999997
v 13.979164 28.250000 -0.667068
v 13.979164 28.250000 -0.667068
v 13.954106 29.083332 -1.319146
v 13.940702 29.298971 -1.612783
v 13.938354 29.333332 -1.659572
v 13.946616 29.208347 -1.489377
v 13.946616 29.208347 -1.489377
v 13.922572 29.666668 -1.914890
v 13.938354 29.333332 -1.659572
v 13.930707 29.500019 -1.787245
v 13.500000 29.666668 -1.914890
v 13.500000 29.333332 -1.659572
v 13.500000 29.333332 -1.659572
v 13.500000 29.666668 -1.914890
v 13.922572 29.666668 -1.914890
v 13.917629 29.875011 -1.957445
v 13.912515 30.083332 -1.999996
v 13.500000 30.083332 -1.999996
v 13.912515 30.083332 -1.999996
v 13.896355 31.083359 -1.999996
v 13.500000 30.083332 -1.999996
v 13.877301 32.083332 -1.999996
v 13.877301 32.083332 -1.999996
v 13.894938 32.083332 -1.610893
v 13.500000 32.083332 -1.999996
v 13.921907 32.083332 -0.667068
v 13.921907 32.083332 -0.667068
v 13.500000 33.000000 -1.404251
v 13.870253 33.201397 -1.609933
v 13.861421 33.333332 -1.744677
v 13.872492 33.166695 -1.574491
v 13.872492 33.166695 -1.574491
v 13.500000 33.333332 -1.744677
v 13.861421 33.333332 -1.744677
v 13.853539 33.500019 -1.829793
v 13.500000 33.333332 -1.744677
v 13.845396 33.666668 -1.914890
v 13.500000 33.666668 -1.914890
v 13.845396 33.666668 -1.914890
v 13.838036 33.875015 -1.957446
v 13.500000 33.666668 -1.914890
v 13.830505 34.083332 -1.999996
v 13.500000 34.083332 -1.999996
v 13.830505 34.083332 -1.999996
v 13.821579 34.416672 -1.999996
v 13.500000 34.083332 -1.999996
v 13.812331 34.750000 -1.999996
v 13.500000 34.750000 -1.999996
v 13.812331 34.750000 -1.999996
v 13.808506 34.958332 -1.957443
v 13.500000 34.750000 -1.999996
v 13.804510 35.166668 -1.914890
v 13.500000 35.166668 -1.914890
v 13.804510 35.166668 -1.914890
v 13.803573 35.333332 -1.829784
v 13.500000 35.166668 -1.914890
v 13.802374 35.500000 -1.744677
v 13.500000 35.500000 -1.744677
v 13.802374 35.500000 -1.744677
v 13.804053 35.634556 -1.607259
v 13.500000 35.500000 -1.744677
v 13.804376 35.666660 -1.574470
v 13.804376 35.666660 -1.574470
v 13.500000 36.833332 -1.404251
v 13.758351 37.030300 -1.605408
v 13.747700 37.166668 -1.744677
v 13.817317 36.083332 -0.638294
v 13.760642 37.000031 -1.574495
v 13.760642 37.000031 -1.574495
v 13.805568 35.833332 -1.404251
v 13.808594 35.916664 -1.234045
v 13.810871 36.000000 -1.063826
v 13.814666 36.041664 -0.851069
v 13.500000 37.166668 -1.744677
v 13.747700 37.166668 -1.744677
v 13.737956 37.333355 -1.829795
v 13.500000 37.166668 -1.744677
v 13.727950 37.500000 -1.914890
v 13.500000 37.500000 -1.914890
v 13.727950 37.500000 -1.914890
v 13.718270 37.708351 -1.957446
v 13.500000 37.500000 -1.914890
v 13.708418 37.916668 -1.999995
v 13.500000 37.916668 -1.999995
v 13.708418 37.916668 -1.999995
v 13.694187 38.291676 -1.999995
v 13.500000 37.916668 -1.999995
v 13.679549 38.666668 -1.999995
v 13.500000 38.666668 -1.999995
v 13.679549 38.666668 -1.999995
v 13.673365 38.875004 -1.957441
v 13.500000 38.666668 -1.999995
v 13.667010 39.083332 -1.914889
v 13.500000 39.083332 -1.914889
v 13.667010 39.083332 -1.914889
v 13.664195 39.250004 -1.829781
v 13.500000 39.083332 -1.914889
v 13.661118 39.416668 -1.744676
v 13.500000 39.416668 -1.744676
v 10.082197 59.659599 -2.586908
v 12.423649 57.286884 -2.262418
v 12.254960 55.380070 -5.603273
v 12.367019 55.294968 -4.837380
v 11.191527 55.263607 -4.705293
v 12.367019 55.294968 -4.837380
v 12.344129 55.350430 -4.977657
v 11.191527 55.304180 -4.865582
v 12.344129 55.350430 -4.977657
v 12.320175 55.426479 -5.108171
v 11.191527 55.370541 -5.016857
v 12.320175 55.426479 -5.108171
v 12.295821 55.521378 -5.225801
v 11.191527 55.460442 -5.154559
v 12.295821 55.521378 -5.225801
v 12.271763 55.632877 -5.327750
v 11.191527 55.573063 -5.276922
v 12.271763 55.632877 -5.327750
v 9.929153 57.066986 -7.075140
v 12.271763 55.632877 -5.327750
v 12.254960 55.380070 -5.603273
v 12.126257 55.750732 -5.407331
v 11.191527 55.704220 -5.378810
v 12.126257 55.750732 -5.407331
v 12.239222 55.117718 -5.863235
v 9.905296 56.422871 -7.664636
v 12.216980 54.677261 -6.247341
v 12.212108 54.564358 -6.336528
v 12.212108 54.564358 -6.336528
v 12.215412 51.349285 -7.754483
v 12.201107 54.272976 -6.550992
v 12.192124 53.973141 -6.749981
v 12.185406 53.666161 -6.932753
v 12.181129 53.352161 -7.099461
v 12.179465 53.031433 -7.250094
v 12.180574 52.704765 -7.384375
v 12.184598 52.372997 -7.502035
v 12.191673 52.036278 -7.603017
v 12.201946 51.694290 -7.687293
v 12.743929 47.600327 -6.347386
v 12.553339 48.571964 -7.064762
v 12.524874 48.602783 -7.206756
v 12.400241 48.908405 -7.737303
v 12.581554 48.520969 -6.928897
v 12.608997 48.450951 -6.802006
v 12.635163 48.363518 -6.686784
v 12.659608 48.260632 -6.585599
v 12.681945 48.144550 -6.500463
v 12.701829 48.017757 -6.433013
v 12.718956 47.882919 -6.384507
v 12.733064 47.742817 -6.355809
v 12.232067 51.003601 -7.804102
v 12.251965 50.656639 -7.836406
v 12.275091 50.308640 -7.851558
v 12.301510 49.959450 -7.849338
v 12.331298 49.608307 -7.829582
v 12.364272 49.257275 -7.792264
v 10.647987 43.569191 -8.182415
v 12.888831 45.297783 -6.347490
v 13.011035 44.249142 -5.959149
v 12.751363 47.458340 -6.359297
v 12.755219 47.319675 -6.391208
v 12.755391 47.187054 -6.442427
v 12.751817 47.063038 -6.511931
v 12.744475 46.950062 -6.598381
v 12.733403 46.850372 -6.700133
v 12.718694 46.765957 -6.815326
v 12.865686 45.481636 -6.421357
v 10.497839 44.696705 -8.598837
v 12.865686 45.481636 -6.421357
v 10.779141 42.414879 -7.825574
v 13.137345 42.996593 -5.565951
v 10.838050 41.829052 -7.670238
v 13.246622 41.724434 -5.241752
v 10.943293 40.642860 -7.406958
v 10.892715 41.238182 -7.530625
v 10.989921 40.043659 -7.299423
v 12.467378 48.599667 -7.508317
v 12.439182 48.561020 -7.664670
v 11.191527 48.598934 -7.512737
v 12.439182 48.561020 -7.664670
v 12.467378 48.599667 -7.508317
v 10.091363 48.285732 -9.851963
v 12.400241 48.908405 -7.737303
v 12.439182 48.561020 -7.664670
v 12.288516 48.504253 -7.800246
v 11.191527 48.558067 -7.673353
v 12.288516 48.504253 -7.800246
v 12.497587 48.612713 -7.347310
v 12.497587 48.612713 -7.347310
v 11.191527 48.612713 -7.347310
v 12.497587 48.612713 -7.347310
v 12.524874 48.602783 -7.206756
v 11.191527 48.612713 -7.347310
v 11.191527 48.599106 -7.182900
v 12.553339 48.571964 -7.064762
v 11.191527 48.558529 -7.022612
v 12.581554 48.520969 -6.928897
v 11.191527 48.492172 -6.871336
v 12.608997 48.450951 -6.802006
v 11.191527 48.402271 -6.733635
v 12.635163 48.363518 -6.686784
v 11.191527 48.289654 -6.611272
v 12.659608 48.260632 -6.585599
v 11.191527 48.158493 -6.509383
v 12.681945 48.144550 -6.500463
v 12.701829 48.017757 -6.433013
v 11.191527 48.012577 -6.430737
v 12.718956 47.882919 -6.384507
v 11.191527 47.856014 -6.377360
v 12.733064 47.742817 -6.355809
v 11.191527 47.693123 -6.350549
v 12.743929 47.600327 -6.347386
v 11.191527 47.528297 -6.350880
v 12.751363 47.458340 -6.359297
v 11.191527 47.365936 -6.378238
v 12.755219 47.319675 -6.391208
v 11.191527 47.210346 -6.431831
v 12.755391 47.187054 -6.442427
v 11.191527 47.065598 -6.510253
v 12.751817 47.063038 -6.511931
v 12.744475 46.950062 -6.598381
v 11.191527 46.935478 -6.611544
v 12.733403 46.850372 -6.700133
v 11.191527 46.823528 -6.733155
v 12.718694 46.765957 -6.815326
v 12.698874 46.693977 -6.952431
v 11.191527 46.733849 -6.870240
v 12.698874 46.693977 -6.952431
v 12.698874 46.693977 -6.952431
v 10.327119 45.793224 -9.072096
v 12.556649 46.648335 -7.082780
v 11.191527 46.667358 -7.021266
v 12.556649 46.648335 -7.082780
v 9.885967 55.730461 -8.195223
v 12.201107 54.272976 -6.550992
v 12.192124 53.973141 -6.749981
v 9.872610 54.995213 -8.663010
v 12.185406 53.666161 -6.932753
v 12.181129 53.352161 -7.099461
v 9.866545 54.223068 -9.064524
v 12.179465 53.031433 -7.250094
v 9.868888 53.419865 -9.397042
v 12.180574 52.704765 -7.384375
v 12.184598 52.372997 -7.502035
v 9.880538 52.591576 -9.658343
v 12.191673 52.036278 -7.603017
v 12.201946 51.694290 -7.687293
v 9.902138 51.744370 -9.846679
v 12.215412 51.349285 -7.754483
v 12.232067 51.003601 -7.804102
v 9.934080 50.884014 -9.960843
v 12.251965 50.656639 -7.836406
v 12.275091 50.308640 -7.851558
v 9.976449 50.016636 -9.999980
v 12.301510 49.959450 -7.849338
v 12.331298 49.608307 -7.829582
v 10.029044 49.148598 -9.963684
v 12.364272 49.257275 -7.792264
v 12.865386 4.515916 -6.422285
v 12.718469 3.235077 -6.816980
v 12.698873 3.306022 -6.952436
v 11.191527 3.266748 -6.871342
v 12.698873 3.306022 -6.952436
v 12.718469 3.235077 -6.816980
v 10.497837 5.303279 -8.598849
v 12.865386 4.515916 -6.422285
v 12.698873 3.306022 -6.952436
v 11.191527 3.333106 -7.022617
v 12.556370 3.351738 -7.083049
v 12.556370 3.351738 -7.083049
v 12.733203 3.151051 -6.701818
v 11.191527 3.176847 -6.733641
v 12.733203 3.151051 -6.701818
v 12.744335 3.051553 -6.599818
v 11.191527 3.064228 -6.611278
v 12.744335 3.051553 -6.599818
v 12.751735 2.938734 -6.513104
v 12.751735 2.938734 -6.513104
v 12.755367 2.814822 -6.443316
v 11.191527 2.933070 -6.509388
v 12.755367 2.814822 -6.443316
v 12.755247 2.682250 -6.391807
v 11.191527 2.787154 -6.430743
v 12.755247 2.682250 -6.391807
v 12.751441 2.543605 -6.359609
v 11.191527 2.630589 -6.377366
v 12.751441 2.543605 -6.359609
v 12.744053 2.401618 -6.347417
v 11.191527 2.467699 -6.350554
v 12.744053 2.401618 -6.347417
v 12.733236 2.259134 -6.355560
v 11.191527 2.302875 -6.350885
v 12.733236 2.259134 -6.355560
v 12.719167 2.118945 -6.383992
v 11.191527 2.140514 -6.378243
v 12.719167 2.118945 -6.383992
v 12.701990 1.983381 -6.432516
v 11.191527 1.984925 -6.431837
v 12.701990 1.983381 -6.432516
v 12.682070 1.856173 -6.500016
v 12.682070 1.856173 -6.500016
v 12.659740 1.739990 -6.585079
v 11.191527 1.840173 -6.510259
v 12.659740 1.739990 -6.585079
v 12.635298 1.636994 -6.686212
v 11.191527 1.710053 -6.611550
v 12.635298 1.636994 -6.686212
v 12.609131 1.549447 -6.801403
v 11.191527 1.598104 -6.733161
v 12.609131 1.549447 -6.801403
v 12.581688 1.479322 -6.928272
v 11.191527 1.508424 -6.870246
v 12.581688 1.479322 -6.928272
v 12.553469 1.428222 -7.064134
v 11.191527 1.441934 -7.021272
v 12.553469 1.428222 -7.064134
v 12.524997 1.397304 -7.206139
v 11.191527 1.401067 -7.181888
v 12.524997 1.397304 -7.206139
v 12.497587 1.387289 -7.347316
v 12.497587 1.387289 -7.347316
v 12.400706 1.096109 -7.736585
v 12.467378 1.400335 -7.508323
v 11.191527 1.387289 -7.347316
v 12.497587 1.387289 -7.347316
v 12.467378 1.400335 -7.508323
v 11.191527 1.387289 -7.347316
v 12.439182 1.438983 -7.664675
v 11.191527 1.400896 -7.511725
v 12.439182 1.438983 -7.664675
v 10.091359 1.714249 -9.851972
v 12.439182 1.438983 -7.664675
v 12.400706 1.096109 -7.736585
v 12.290158 1.494999 -7.798778
v 11.191527 1.441471 -7.672014
v 12.290158 1.494999 -7.798778
v 12.365033 0.750453 -7.791248
v 12.365033 0.750453 -7.791248
v 12.332148 0.401123 -7.828787
v 10.029041 0.851438 -9.963687
v 12.332148 0.401123 -7.828787
v 12.302333 0.050809 -7.849024
v 12.302333 0.050809 -7.849024
v 12.275861 -0.297845 -7.851749
v 9.976447 -0.016696 -9.999986
v 12.275861 -0.297845 -7.851749
v 12.252651 -0.645599 -7.837157
v 12.252651 -0.645599 -7.837157
v 12.232661 -0.992350 -7.805433
v 9.934081 -0.884073 -9.960844
v 12.232661 -0.992350 -7.805433
v 12.215904 -1.338049 -7.756374
v 12.215904 -1.338049 -7.756374
v 12.202324 -1.683283 -7.689736
v 9.902132 -1.744448 -9.846669
v 12.202324 -1.683283 -7.689736
v 12.191935 -2.026034 -7.605813
v 12.191935 -2.026034 -7.605813
v 12.184745 -2.364677 -7.504714
v 9.880538 -2.591532 -9.658362
v 12.184745 -2.364677 -7.504714
v 12.180622 -2.698615 -7.386731
v 12.180622 -2.698615 -7.386731
v 12.179462 -3.026929 -7.252073
v 9.868890 -3.419795 -9.397074
v 12.179462 -3.026929 -7.252073
v 12.181099 -3.348958 -7.101068
v 9.866547 -4.223008 -9.064558
v 12.181099 -3.348958 -7.101068
v 12.185355 -3.663678 -6.934193
v 12.185355 -3.663678 -6.934193
v 12.192072 -3.971265 -6.751182
v 9.872634 -4.995221 -8.663012
v 12.192072 -3.971265 -6.751182
v 12.201080 -4.272152 -6.551565
v 12.201080 -4.272152 -6.551565
v 12.212113 -4.564536 -6.336410
v 9.885976 -5.730341 -8.195316
v 12.212113 -4.564536 -6.336410
v 12.216982 -4.677362 -6.247280
v 9.905294 -6.422778 -7.664719
v 12.239284 -5.118821 -5.862204
v 10.647986 6.430799 -8.182423
v 12.888792 4.701855 -6.347601
v 13.011057 5.751299 -5.959168
v 10.779144 7.585150 -7.825570
v 13.137531 7.005277 -5.565339
v 12.344133 -5.350418 -4.977643
v 12.255000 -5.380876 -5.602519
v 12.255000 -5.380876 -5.602519
v 12.367024 -5.294956 -4.837357
v 12.295822 -5.521374 -5.225803
v 12.271763 -5.632876 -5.327757
v 9.929144 -7.066900 -7.075233
v 12.271763 -5.632876 -5.327757
v 12.320177 -5.426471 -5.108165
v 11.191527 -5.572763 -5.276657
v 12.271763 -5.632876 -5.327757
v 12.295822 -5.521374 -5.225803
v 12.126181 -5.750788 -5.407372
v 11.191527 -5.702885 -5.377947
v 12.126181 -5.750788 -5.407372
v 11.191527 -5.460814 -5.155046
v 12.320177 -5.426471 -5.108165
v 11.191527 -5.371135 -5.017962
v 12.344133 -5.350418 -4.977643
v 11.191527 -5.304645 -4.866934
v 12.367024 -5.294956 -4.837357
v 10.989920 9.956350 -7.299425
v 13.246378 8.272482 -5.242449
v 11.032701 10.558875 -7.208179
v 10.892716 8.761834 -7.530626
v 10.943293 9.357145 -7.406961
v 12.451107 -7.522223 -1.144157
v 10.096891 -9.848276 -1.735355
v 12.451107 -7.522223 -1.144157
v 12.456389 -7.566010 -0.765204
v 12.456389 -7.566010 -0.765204
v 12.459599 -7.592381 -0.383838
v 10.105974 -9.962005 -0.870893
v 12.459599 -7.592381 -0.383838
v 13.500000 14.666666 -1.404253
v 13.500000 14.416666 -1.234041
v 13.500000 14.583334 -1.914892
v 10.109048 -10.000000 -0.000012
v 12.460669 -7.601342 -0.000001
v 12.459571 -7.592029 0.389916
v 12.459571 -7.592029 0.389916
v 12.451033 -7.521685 1.148312
v 12.456336 -7.565643 0.769599
v 13.667425 9.833334 0.006425
v 12.451033 -7.521685 1.148312
v 10.105974 -9.962005 0.870892
v 12.456336 -7.565643 0.769599
v 13.696036 39.500000 0.006432
v 13.779791 37.000004 0.978727
v 13.500000 36.750000 0.978727
v 13.788379 36.750000 0.978727
v 13.779791 37.000004 0.978727
v 13.817317 36.083332 0.638302
v 13.814666 36.041664 0.851077
v 13.810871 36.000000 1.063834
v 13.808594 35.916664 1.234053
v 13.805568 35.833332 1.404259
v 13.500000 36.833332 1.404259
v 13.781149 36.791672 1.191515
v 13.788379 36.750000 0.978727
v 13.500000 36.750000 0.978727
v 13.771022 37.250000 0.978727
v 13.771022 37.250000 0.978727
v 13.760946 37.333332 1.234047
v 13.771022 37.250000 0.978727
v 13.766192 37.291668 1.106395
v 13.766192 37.291668 1.106395
v 13.500000 37.333332 1.234047
v 13.500000 37.250000 0.978727
v 13.500000 37.250000 0.978727
v 13.760946 37.333332 1.234047
v 13.753726 37.458347 1.319162
v 13.500000 37.333332 1.234047
v 13.760946 37.333332 1.234047
v 13.753726 37.458347 1.319162
v 13.746279 37.583332 1.404260
v 13.746279 37.583332 1.404260
v 13.738640 37.750011 1.446817
v 13.500000 37.583332 1.404260
v 13.746279 37.583332 1.404260
v 13.738640 37.750011 1.446817
v 13.500000 37.583332 1.404260
v 13.730876 37.916668 1.489367
v 13.730876 37.916668 1.489367
v 13.716653 38.291676 1.489367
v 13.500000 37.916668 1.489367
v 13.730876 37.916668 1.489367
v 13.716653 38.291676 1.489367
v 13.500000 37.916668 1.489367
v 13.702023 38.666668 1.489367
v 13.702023 38.666668 1.489367
v 13.696966 38.833336 1.446813
v 13.500000 38.666668 1.489367
v 13.702023 38.666668 1.489367
v 13.696966 38.833336 1.446813
v 13.500000 38.666668 1.489367
v 13.691783 39.000000 1.404260
v 13.691783 39.000000 1.404260
v 13.689618 39.125004 1.319152
v 13.500000 39.000000 1.404260
v 13.691783 39.000000 1.404260
v 13.689618 39.125004 1.319152
v 13.500000 39.000000 1.404260
v 13.687227 39.250000 1.234048
v 13.687227 39.250000 1.234048
v 13.687549 39.333332 1.106389
v 13.500000 39.250000 1.234048
v 13.687227 39.250000 1.234048
v 13.687549 39.333332 1.106389
v 13.500000 39.250000 1.234048
v 13.687441 39.416668 0.978728
v 13.687441 39.416668 0.978728
v 13.689537 39.458332 0.808519
v 13.500000 39.416668 0.978728
v 13.687441 39.416668 0.978728
v 13.689537 39.458332 0.808519
v 13.500000 39.416668 0.978728
v 13.690898 39.500000 0.638303
v 13.690898 39.500000 0.638303
v 13.500000 39.500000 0.638303
v 13.690898 39.500000 0.638303
v 13.696036 39.500000 0.006432
v 13.500000 39.500000 0.638303
v 13.822440 36.083332 0.000004
v 13.500000 15.000000 -1.489360
v 13.500000 15.000000 -1.999998
v 13.500000 36.083332 -0.638294
v 13.822440 36.083332 0.000004
v 13.817317 36.083332 0.638302
v 13.689537 39.458332 -0.808509
v 13.690898 39.500000 -0.638293
v 13.687441 39.416668 -0.978718
v 13.687549 39.333332 -1.106379
v 13.687227 39.250000 -1.234038
v 13.689618 39.125004 -1.319142
v 13.691783 39.000000 -1.404250
v 13.696966 38.833336 -1.446803
v 13.702023 38.666668 -1.489357
v 13.716653 38.291676 -1.489357
v 13.730876 37.916668 -1.489357
v 13.771022 37.250000 -0.978719
v 13.779791 37.000004 -0.978719
v 13.788379 36.750000 -0.978719
v 13.781149 36.791672 -1.191507
v 13.772775 36.833332 -1.404251
v 13.500000 15.750000 -1.489360
v 13.500000 15.750000 -1.999998
v 13.500000 36.083332 0.638302
v 13.817317 36.083332 0.638302
v 13.814666 36.041664 0.851077
v 13.500000 36.083332 0.638302
v 13.810871 36.000000 1.063834
v 13.500000 36.000000 1.063834
v 13.810871 36.000000 1.063834
v 13.808594 35.916664 1.234053
v 13.500000 36.000000 1.063834
v 13.805568 35.833332 1.404259
v 13.805568 35.833332 1.404259
v 13.500000 35.833332 1.404259
v 13.772775 36.833332 1.404259
v 13.772775 36.833332 1.404259
v 13.500000 36.833332 1.404259
v 13.500000 39.500000 -0.638293
v 13.690898 39.500000 -0.638293
v 13.689537 39.458332 -0.808509
v 13.690898 39.500000 -0.638293
v 13.500000 39.500000 -0.638293
v 13.687441 39.416668 -0.978718
v 13.500000 39.416668 -0.978718
v 13.687441 39.416668 -0.978718
v 13.687549 39.333332 -1.106379
v 13.500000 39.416668 -0.978718
v 13.687227 39.250000 -1.234038
v 13.500000 39.250000 -1.234038
v 13.687227 39.250000 -1.234038
v 13.689618 39.125004 -1.319142
v 13.500000 39.250000 -1.234038
v 13.691783 39.000000 -1.404250
v 13.500000 39.000000 -1.404250
v 13.691783 39.000000 -1.404250
v 13.696966 38.833336 -1.446803
v 13.500000 39.000000 -1.404250
v 13.702023 38.666668 -1.489357
v 13.500000 38.666668 -1.489357
v 13.702023 38.666668 -1.489357
v 13.716653 38.291676 -1.489357
v 13.500000 38.666668 -1.489357
v 13.730876 37.916668 -1.489357
v 13.738640 37.750011 -1.446808
v 13.500000 37.916668 -1.489357
v 13.730876 37.916668 -1.489357
v 13.738640 37.750011 -1.446808
v 13.500000 37.916668 -1.489357
v 13.746279 37.583332 -1.404251
v 13.746279 37.583332 -1.404251
v 13.753726 37.458347 -1.319154
v 13.500000 37.583332 -1.404251
v 13.746279 37.583332 -1.404251
v 13.753726 37.458347 -1.319154
v 13.500000 37.583332 -1.404251
v 13.766192 37.291668 -1.106387
v 13.760946 37.333332 -1.234039
v 13.760946 37.333332 -1.234039
v 13.500000 37.250000 -0.978719
v 13.760946 37.333332 -1.234039
v 13.766192 37.291668 -1.106387
v 13.500000 37.333332 -1.234039
v 13.500000 37.333332 -1.234039
v 13.771022 37.250000 -0.978719
v 13.500000 37.250000 -0.978719
v 13.771022 37.250000 -0.978719
v 13.779791 37.000004 -0.978719
v 13.788379 36.750000 -0.978719
v 13.500000 36.750000 -0.978719
v 13.788379 36.750000 -0.978719
v 13.781149 36.791672 -1.191507
v 13.500000 36.750000 -0.978719
v 13.772775 36.833332 -1.404251
v 13.772775 36.833332 -1.404251
v 13.500000 36.833332 -1.404251
v 13.805568 35.833332 -1.404251
v 13.500000 35.833332 -1.404251
v 13.805568 35.833332 -1.404251
v 13.808594 35.916664 -1.234045
v 13.500000 35.833332 -1.404251
v 13.810871 36.000000 -1.063826
v 13.500000 36.000000 -1.063826
v 13.810871 36.000000 -1.063826
v 13.814666 36.041664 -0.851069
v 13.500000 36.000000 -1.063826
v 13.817317 36.083332 -0.638294
v 13.817317 36.083332 -0.638294
v 13.500000 36.083332 -0.638294
v 13.500000 32.833332 1.063834
v 13.882757 33.000000 1.404259
v 13.890311 32.916676 1.234063
v 13.882757 33.000000 1.404259
v 13.500000 33.000000 1.404259
v 13.500000 33.000000 1.404259
v 13.897118 32.833332 1.063834
v 13.500000 32.833332 1.063834
v 13.897118 32.833332 1.063834
v 13.903171 32.791672 0.851083
v 13.908083 32.750000 0.638302
v 13.500000 32.750000 0.638302
v 13.908083 32.750000 0.638302
v 13.913193 32.750000 0.006466
v 13.500000 32.750000 0.638302
v 13.927483 32.083332 0.006470
v 13.500000 16.333334 -1.234041
v 13.500000 16.083334 -1.404253
v 13.500000 16.166666 -1.914892
v 13.927483 32.083332 0.006470
v 13.903171 32.791672 -0.851075
v 13.908083 32.750000 -0.638294
v 13.897118 32.833332 -1.063826
v 13.890311 32.916676 -1.234055
v 13.882757 33.000000 -1.404251
v 13.500000 32.750000 -0.638294
v 13.908083 32.750000 -0.638294
v 13.903171 32.791672 -0.851075
v 13.908083 32.750000 -0.638294
v 13.500000 32.750000 -0.638294
v 13.897118 32.833332 -1.063826
v 13.882757 33.000000 -1.404251
v 13.897118 32.833332 -1.063826
v 13.890311 32.916676 -1.234055
v 13.500000 33.000000 -1.404251
v 13.500000 32.833332 -1.063826
v 13.500000 32.833332 -1.063826
v 13.882757 33.000000 -1.404251
v 13.901630 33.250000 0.000004
v 13.843973 34.416672 -1.489358
v 13.834731 34.750000 -1.489358
v 13.500000 34.750000 -1.489358
v 13.834731 34.750000 -1.489358
v 13.843973 34.416672 -1.489358
v 13.831560 34.916668 -1.446804
v 13.500000 35.083332 -1.404251
v 13.831560 34.916668 -1.446804
v 13.834731 34.750000 -1.489358
v 13.500000 34.750000 -1.489358
v 13.852894 34.083332 -1.489358
v 13.852894 34.083332 -1.489358
v 13.858803 33.916676 -1.446807
v 13.500000 33.750000 -1.404251
v 13.852894 34.083332 -1.489358
v 13.858803 33.916676 -1.446807
v 13.500000 34.083332 -1.489358
v 13.500000 34.083332 -1.489358
v 13.864586 33.750000 -1.404251
v 13.864586 33.750000 -1.404251
v 13.870638 33.625011 -1.319152
v 13.500000 33.500000 -1.234039
v 13.864586 33.750000 -1.404251
v 13.870638 33.625011 -1.319152
v 13.500000 33.750000 -1.404251
v 13.876462 33.500000 -1.234039
v 13.876462 33.500000 -1.234039
v 13.882251 33.416672 -1.106389
v 13.500000 33.333332 -0.978719
v 13.876462 33.500000 -1.234039
v 13.882251 33.416672 -1.106389
v 13.500000 33.500000 -1.234039
v 13.887611 33.333332 -0.978719
v 13.887611 33.333332 -0.978719
v 13.892431 33.291668 -0.808516
v 13.500000 33.250000 -0.638294
v 13.887611 33.333332 -0.978719
v 13.892431 33.291668 -0.808516
v 13.500000 33.333332 -0.978719
v 13.896518 33.250000 -0.638294
v 13.896518 33.250000 -0.638294
v 13.500000 33.250000 -0.638294
v 13.896518 33.250000 -0.638294
v 13.901630 33.250000 0.000004
v 13.500000 16.500000 -0.978721
v 13.500000 16.500000 -1.744679
v 13.896518 33.250000 0.638302
v 13.838102 35.583332 0.006454
v 13.832982 35.583332 -0.638294
v 13.831160 35.541664 -0.808511
v 13.828604 35.500000 -0.978719
v 13.827779 35.416664 -1.106381
v 13.826524 35.333332 -1.234039
v 13.827507 35.208336 -1.319145
v 13.828262 35.083332 -1.404251
v 13.896518 33.250000 0.638302
v 13.892431 33.291668 0.808524
v 13.887611 33.333332 0.978727
v 13.882251 33.416672 1.106397
v 13.876462 33.500000 1.234047
v 13.870638 33.625011 1.319160
v 13.864586 33.750000 1.404259
v 13.858803 33.916676 1.446815
v 13.852894 34.083332 1.489366
v 13.843973 34.416672 1.489366
v 13.834731 34.750000 1.489366
v 13.831560 34.916668 1.446812
v 13.828262 35.083332 1.404259
v 13.827507 35.208336 1.319153
v 13.826524 35.333332 1.234047
v 13.827779 35.416664 1.106389
v 13.828604 35.500000 0.978727
v 13.831160 35.541664 0.808519
v 13.832982 35.583332 0.638302
v 13.500000 35.583332 0.638302
v 13.832982 35.583332 0.638302
v 13.838102 35.583332 0.006454
v 13.832982 35.583332 -0.638294
v 13.500000 35.583332 -0.638294
v 13.832982 35.583332 -0.638294
v 13.831160 35.541664 -0.808511
v 13.500000 35.583332 -0.638294
v 13.828604 35.500000 -0.978719
v 13.826524 35.333332 -1.234039
v 13.828604 35.500000 -0.978719
v 13.827779 35.416664 -1.106381
v 13.500000 35.333332 -1.234039
v 13.500000 35.500000 -0.978719
v 13.500000 35.500000 -0.978719
v 13.500000 35.083332 -1.404251
v 13.826524 35.333332 -1.234039
v 13.827507 35.208336 -1.319145
v 13.500000 35.333332 -1.234039
v 13.828262 35.083332 -1.404251
v 13.828262 35.083332 -1.404251
v 13.887611 33.333332 0.978727
v 13.896518 33.250000 0.638302
v 13.892431 33.291668 0.808524
v 13.500000 33.333332 0.978727
v 13.500000 33.250000 0.638302
v 13.500000 33.250000 0.638302
v 13.876462 33.500000 1.234047
v 13.887611 33.333332 0.978727
v 13.882251 33.416672 1.106397
v 13.500000 33.500000 1.234047
v 13.500000 33.333332 0.978727
v 13.864586 33.750000 1.404259
v 13.876462 33.500000 1.234047
v 13.870638 33.625011 1.319160
v 13.500000 33.750000 1.404259
v 13.500000 33.500000 1.234047
v 13.858803 33.916676 1.446815
v 13.852894 34.083332 1.489366
v 13.500000 34.083332 1.489366
v 13.864586 33.750000 1.404259
v 13.500000 33.750000 1.404259
v 13.500000 34.083332 1.489366
v 13.852894 34.083332 1.489366
v 13.843973 34.416672 1.489366
v 13.834731 34.750000 1.489366
v 13.500000 34.750000 1.489366
v 13.834731 34.750000 1.489366
v 13.831560 34.916668 1.446812
v 13.500000 34.750000 1.489366
v 13.828262 35.083332 1.404259
v 13.826524 35.333332 1.234047
v 13.828262 35.083332 1.404259
v 13.827507 35.208336 1.319153
v 13.500000 35.333332 1.234047
v 13.500000 35.083332 1.404259
v 13.500000 35.083332 1.404259
v 13.500000 35.500000 0.978727
v 13.826524 35.333332 1.234047
v 13.827779 35.416664 1.106389
v 13.500000 35.333332 1.234047
v 13.828604 35.500000 0.978727
v 13.500000 35.500000 0.978727
v 13.828604 35.500000 0.978727
v 13.831160 35.541664 0.808519
v 13.832982 35.583332 0.638302
v 13.500000 35.583332 0.638302
v 13.500000 31.583332 0.212770
v 13.936796 31.583332 0.212770
v 13.949551 30.875011 0.212770
v 13.936796 31.583332 0.212770
v 13.500000 31.583332 0.212770
v 13.960855 30.166668 0.212770
v 13.960855 30.166668 0.212770
v 13.500000 30.166668 0.212770
v 13.968505 29.666668 0.042557
v 13.500000 29.333332 -0.127657
v 13.968505 29.666668 0.042557
v 13.969473 29.596006 0.006475
v 13.968505 29.666668 0.042557
v 13.500000 29.666668 0.042557
v 13.500000 29.666668 0.042557
v 13.984731 28.250000 0.006478
v 13.970713 29.500004 -0.042547
v 13.970713 29.500004 -0.042547
v 13.984731 28.250000 0.006478
v 13.973295 29.208332 -0.297869
v 13.972659 29.333332 -0.127657
v 13.973160 29.083332 -0.468082
v 13.971949 29.041666 -0.595744
v 13.970324 29.000000 -0.723401
v 13.966876 29.000000 -0.893622
v 13.962703 29.000000 -1.063827
v 13.958611 29.041670 -1.191494
v 13.954106 29.083332 -1.319146
v 13.973160 29.083332 -0.468082
v 13.972659 29.333332 -0.127657
v 13.973295 29.208332 -0.297869
v 13.500000 29.083332 -0.468082
v 13.972659 29.333332 -0.127657
v 13.500000 29.333332 -0.127657
v 13.970324 29.000000 -0.723401
v 13.973160 29.083332 -0.468082
v 13.971949 29.041666 -0.595744
v 13.500000 29.000000 -0.723401
v 13.500000 29.083332 -0.468082
v 13.962703 29.000000 -1.063827
v 13.970324 29.000000 -0.723401
v 13.966876 29.000000 -0.893622
v 13.500000 29.000000 -1.063827
v 13.500000 29.000000 -0.723401
v 13.954106 29.083332 -1.319146
v 13.962703 29.000000 -1.063827
v 13.958611 29.041670 -1.191494
v 13.500000 29.083332 -1.319146
v 13.500000 29.000000 -1.063827
v 13.500000 29.083332 -1.319146
v 13.920447 30.791681 -1.574464
v 13.950411 30.791681 -0.297868
v 13.962759 30.000000 -0.297868
v 13.500000 30.000000 -0.297868
v 13.962759 30.000000 -0.297868
v 13.950411 30.791681 -0.297868
v 13.932805 30.000000 -1.574464
v 13.964203 29.875002 -0.340421
v 13.964203 29.875002 -0.340421
v 13.962759 30.000000 -0.297868
v 13.500000 30.000000 -0.297868
v 13.965556 29.750000 -0.382975
v 13.926373 31.583332 -0.936286
v 13.936252 31.583332 -0.297868
v 13.936252 31.583332 -0.297868
v 13.906277 31.583332 -1.574464
v 13.500000 31.583332 -0.297868
v 13.936252 31.583332 -0.297868
v 13.926373 31.583332 -0.936286
v 13.500000 31.583332 -0.297868
v 13.906277 31.583332 -1.574464
v 13.500000 31.583332 -1.574464
v 13.906277 31.583332 -1.574464
v 13.920447 30.791681 -1.574464
v 13.500000 31.583332 -1.574464
v 13.932805 30.000000 -1.574464
v 13.936247 29.875006 -1.531913
v 13.500000 29.750000 -1.489358
v 13.932805 30.000000 -1.574464
v 13.936247 29.875006 -1.531913
v 13.500000 30.000000 -1.574464
v 13.500000 30.000000 -1.574464
v 13.965556 29.750000 -0.382975
v 13.939599 29.750000 -1.489358
v 13.939599 29.750000 -1.489358
v 13.965783 29.666668 -0.468081
v 13.943820 29.666672 -1.404257
v 13.500000 29.583332 -1.319145
v 13.939599 29.750000 -1.489358
v 13.943820 29.666672 -1.404257
v 13.500000 29.750000 -1.489358
v 13.965809 29.583332 -0.553187
v 13.947840 29.583332 -1.319145
v 13.947840 29.583332 -1.319145
v 13.964385 29.541666 -0.680851
v 13.952406 29.541670 -1.191493
v 13.500000 29.500000 -1.063827
v 13.947840 29.583332 -1.319145
v 13.952406 29.541670 -1.191493
v 13.500000 29.583332 -1.319145
v 13.959757 29.500000 -0.936171
v 13.956558 29.500000 -1.063827
v 13.956558 29.500000 -1.063827
v 13.962547 29.500000 -0.808508
v 13.500000 29.500000 -0.808508
v 13.956558 29.500000 -1.063827
v 13.959757 29.500000 -0.936171
v 13.500000 29.500000 -1.063827
v 13.962547 29.500000 -0.808508
v 13.500000 29.583332 -0.553187
v 13.962547 29.500000 -0.808508
v 13.964385 29.541666 -0.680851
v 13.500000 29.500000 -0.808508
v 13.965809 29.583332 -0.553187
v 13.965556 29.750000 -0.382975
v 13.965809 29.583332 -0.553187
v 13.965783 29.666668 -0.468081
v 13.500000 29.750000 -0.382975
v 13.500000 29.583332 -0.553187
v 13.500000 29.750000 -0.382975
v 13.999304 25.583332 0.127663
v 13.968974 26.500010 1.489365
v 13.500000 25.250000 1.489365
v 13.972137 25.250000 1.489365
v 13.968974 26.500010 1.489365
v 13.500000 25.250000 1.489365
v 13.980884 27.750000 0.808631
v 13.961292 27.750000 1.489365
v 13.961292 27.750000 1.489365
v 13.988867 27.750000 0.127663
v 13.995782 26.666676 0.127663
v 13.500000 27.750000 1.489365
v 13.961292 27.750000 1.489365
v 13.980884 27.750000 0.808631
v 13.500000 27.750000 1.489365
v 13.988867 27.750000 0.127663
v 13.500000 27.750000 0.127663
v 13.988867 27.750000 0.127663
v 13.995782 26.666676 0.127663
v 13.500000 27.750000 0.127663
v 13.999304 25.583332 0.127663
v 13.500000 25.583332 0.127663
v 13.999304 25.583332 0.127663
v 13.999508 25.583332 0.006479
v 13.500000 25.583332 0.127663
v 13.999304 25.583332 -0.127659
v 13.999304 25.583332 -0.127659
v 13.995572 23.250000 0.006451
v 13.997672 25.583332 -0.382976
v 13.967265 23.916664 -1.574465
v 13.993737 23.250000 -0.383088
v 13.993737 23.250000 -0.383088
v 13.968974 26.500010 -1.489359
v 13.994150 26.666676 -0.382976
v 13.500000 25.583332 -0.382976
v 13.997672 25.583332 -0.382976
v 13.994150 26.666676 -0.382976
v 13.997672 25.583332 -0.382976
v 13.500000 25.583332 -0.382976
v 13.978096 27.750000 -0.936257
v 13.987235 27.750000 -0.382976
v 13.987235 27.750000 -0.382976
v 13.961292 27.750000 -1.489359
v 13.500000 27.750000 -0.382976
v 13.987235 27.750000 -0.382976
v 13.978096 27.750000 -0.936257
v 13.500000 27.750000 -0.382976
v 13.961292 27.750000 -1.489359
v 13.500000 27.750000 -1.489359
v 13.961292 27.750000 -1.489359
v 13.968974 26.500010 -1.489359
v 13.500000 27.750000 -1.489359
v 13.972137 25.250000 -1.489359
v 13.500000 25.250000 -1.489359
v 13.500000 24.583332 -1.574465
v 13.968711 24.583332 -1.574465
v 13.967265 23.916664 -1.574465
v 13.964533 23.250000 -1.574465
v 13.964533 23.250000 -1.574465
v 13.964533 23.250000 -1.574465
v 13.500000 23.250000 -1.574465
v 13.956659 22.083328 -1.574465
v 13.500000 22.750000 -1.574465
v 13.956659 22.083328 -1.574465
v 13.950392 21.416666 -1.574466
v 13.500000 21.416666 -1.574466
v 13.500000 21.416666 -1.574466
v 13.973893 20.750000 0.006476
v 13.990847 22.750000 -0.383088
v 13.961640 22.750000 -1.574465
v 13.992681 22.750000 0.006451
v 13.990847 22.750000 -0.383088
v 13.961640 22.750000 -1.574465
v 13.961640 22.750000 -1.574465
v 13.500000 22.750000 -1.574465
v 13.930655 18.083334 0.127662
v 13.920164 18.999960 1.489364
v 13.500000 17.750000 1.489364
v 13.896209 17.750000 1.489364
v 13.920164 18.999960 1.489364
v 13.930859 18.083334 0.006467
v 13.904308 17.083334 0.638300
v 13.899376 17.041664 0.851081
v 13.893302 17.000000 1.063832
v 13.886454 16.916658 1.234061
v 13.878860 16.833334 1.404257
v 13.500000 17.750000 1.489364
v 13.959202 20.250000 0.808630
v 13.939599 20.250000 1.489364
v 13.939599 20.250000 1.489364
v 13.967190 20.250000 0.127662
v 13.950619 19.166637 0.127662
v 13.500000 20.250000 1.489364
v 13.939599 20.250000 1.489364
v 13.959202 20.250000 0.808630
v 13.500000 20.250000 1.489364
v 13.967190 20.250000 0.127662
v 13.500000 20.250000 0.127662
v 13.967190 20.250000 0.127662
v 13.950619 19.166637 0.127662
v 13.500000 20.250000 0.127662
v 13.930655 18.083334 0.127662
v 13.500000 18.083334 0.127662
v 13.930655 18.083334 0.127662
v 13.930859 18.083334 0.006467
v 13.500000 18.083334 0.127662
v 13.930655 18.083334 -0.127660
v 13.930655 18.083334 -0.127660
v 13.500000 17.083334 -0.638296
v 13.909419 17.083334 0.000002
v 13.904308 17.083334 0.638300
v 13.929021 18.083334 -0.382977
v 13.500000 13.916666 -1.404253
v 13.500000 17.083334 0.638300
v 13.904308 17.083334 0.638300
v 13.899376 17.041664 0.851081
v 13.500000 17.083334 0.638300
v 13.893302 17.000000 1.063832
v 13.878860 16.833334 1.404257
v 13.893302 17.000000 1.063832
v 13.886454 16.916658 1.234061
v 13.500000 16.833334 1.404257
v 13.500000 17.000000 1.063832
v 13.500000 17.000000 1.063832
v 13.878860 16.833334 1.404257
v 13.920164 18.999960 -1.489360
v 13.948985 19.166637 -0.382977
v 13.500000 18.083334 -0.382977
v 13.929021 18.083334 -0.382977
v 13.948985 19.166637 -0.382977
v 13.929021 18.083334 -0.382977
v 13.500000 18.083334 -0.382977
v 13.956412 20.250000 -0.936258
v 13.965556 20.250000 -0.382977
v 13.965556 20.250000 -0.382977
v 13.939599 20.250000 -1.489360
v 13.500000 20.250000 -0.382977
v 13.965556 20.250000 -0.382977
v 13.956412 20.250000 -0.936258
v 13.500000 20.250000 -0.382977
v 13.939599 20.250000 -1.489360
v 13.500000 20.250000 -1.489360
v 13.939599 20.250000 -1.489360
v 13.920164 18.999960 -1.489360
v 13.500000 20.250000 -1.489360
v 13.896209 17.750000 -1.489360
v 13.500000 17.750000 -1.489360
v 13.878860 16.833334 -1.404253
v 13.500000 17.000000 -1.063828
v 13.878860 16.833334 -1.404253
v 13.886454 16.916658 -1.234057
v 13.500000 16.833334 -1.404253
v 13.500000 16.833334 -1.404253
v 13.893302 17.000000 -1.063828
v 13.500000 17.000000 -1.063828
v 13.893302 17.000000 -1.063828
v 13.899376 17.041664 -0.851077
v 13.904308 17.083334 -0.638296
v 13.904308 17.083334 -0.638296
v 13.500000 17.083334 -0.638296
v 13.897614 16.583334 0.006462
v 13.815698 14.083331 0.978725
v 13.500000 13.833334 0.978725
v 13.807714 13.833334 0.978725
v 13.815698 14.083331 0.978725
v 13.500000 13.916666 1.404257
v 13.803249 13.875003 1.191505
v 13.807714 13.833334 0.978725
v 13.500000 13.833334 0.978725
v 13.823502 14.333334 0.978725
v 13.823502 14.333334 0.978725
v 13.818960 14.416666 1.234045
v 13.823502 14.333334 0.978725
v 13.821438 14.375001 1.106389
v 13.821438 14.375001 1.106389
v 13.500000 14.416666 1.234045
v 13.500000 14.333334 0.978725
v 13.500000 14.333334 0.978725
v 13.818960 14.416666 1.234045
v 13.820033 14.541666 1.319151
v 13.500000 14.666666 1.404257
v 13.818960 14.416666 1.234045
v 13.820033 14.541666 1.319151
v 13.500000 14.416666 1.234045
v 13.820879 14.666666 1.404257
v 13.820879 14.666666 1.404257
v 13.824296 14.833332 1.446810
v 13.500000 14.666666 1.404257
v 13.820879 14.666666 1.404257
v 13.824296 14.833332 1.446810
v 13.827588 15.000000 1.489364
v 13.827588 15.000000 1.489364
v 13.838235 15.374994 1.489364
v 13.500000 15.000000 1.489364
v 13.827588 15.000000 1.489364
v 13.838235 15.374994 1.489364
v 13.500000 15.000000 1.489364
v 13.848474 15.750000 1.489364
v 13.848474 15.750000 1.489364
v 13.854464 15.916657 1.446813
v 13.500000 16.083334 1.404257
v 13.848474 15.750000 1.489364
v 13.854464 15.916657 1.446813
v 13.500000 15.750000 1.489364
v 13.500000 15.750000 1.489364
v 13.860327 16.083334 1.404257
v 13.860327 16.083334 1.404257
v 13.866439 16.208323 1.319158
v 13.500000 16.333334 1.234045
v 13.860327 16.083334 1.404257
v 13.866439 16.208323 1.319158
v 13.500000 16.083334 1.404257
v 13.872325 16.333334 1.234045
v 13.872325 16.333334 1.234045
v 13.878154 16.416660 1.106395
v 13.500000 16.500000 0.978725
v 13.872325 16.333334 1.234045
v 13.878154 16.416660 1.106395
v 13.500000 16.333334 1.234045
v 13.883555 16.500000 0.978725
v 13.883555 16.500000 0.978725
v 13.888394 16.541664 0.808522
v 13.500000 16.583334 0.638300
v 13.883555 16.500000 0.978725
v 13.888394 16.541664 0.808522
v 13.500000 16.500000 0.978725
v 13.892502 16.583334 0.638300
v 13.892502 16.583334 0.638300
v 13.500000 16.583334 0.638300
v 13.892502 16.583334 0.638300
v 13.897614 16.583334 0.006462
v 13.797584 13.166666 0.006447
v 13.500000 16.583334 0.638300
v 13.500000 16.583334 -0.638296
v 13.500000 16.833334 -1.404253
v 13.797584 13.166666 0.006447
v 13.888394 16.541664 -0.808518
v 13.892502 16.583334 -0.638296
v 13.883555 16.500000 -0.978721
v 13.878154 16.416660 -1.106391
v 13.872325 16.333334 -1.234041
v 13.866439 16.208323 -1.319154
v 13.860327 16.083334 -1.404253
v 13.854463 15.916657 -1.446809
v 13.848474 15.750000 -1.489360
v 13.838234 15.374994 -1.489360
v 13.827588 15.000000 -1.489360
v 13.823502 14.333334 -0.978721
v 13.815698 14.083331 -0.978721
v 13.807714 13.833334 -0.978721
v 13.803249 13.875003 -1.191501
v 13.797641 13.916666 -1.404253
v 13.797641 13.916666 1.404257
v 13.797641 13.916666 1.404257
v 13.500000 13.916666 1.404257
v 13.883555 16.500000 -0.978721
v 13.892502 16.583334 -0.638296
v 13.888394 16.541664 -0.808518
v 13.500000 16.500000 -0.978721
v 13.892502 16.583334 -0.638296
v 13.500000 16.583334 -0.638296
v 13.500000 16.583334 -0.638296
v 13.872325 16.333334 -1.234041
v 13.883555 16.500000 -0.978721
v 13.878154 16.416660 -1.106391
v 13.500000 16.333334 -1.234041
v 13.500000 16.500000 -0.978721
v 13.860327 16.083334 -1.404253
v 13.872325 16.333334 -1.234041
v 13.866439 16.208323 -1.319154
v 13.500000 16.083334 -1.404253
v 13.500000 16.333334 -1.234041
v 13.854463 15.916657 -1.446809
v 13.848474 15.750000 -1.489360
v 13.500000 15.750000 -1.489360
v 13.860327 16.083334 -1.404253
v 13.500000 16.083334 -1.404253
v 13.500000 15.750000 -1.489360
v 13.848474 15.750000 -1.489360
v 13.838234 15.374994 -1.489360
v 13.827588 15.000000 -1.489360
v 13.824296 14.833332 -1.446806
v 13.500000 15.000000 -1.489360
v 13.827588 15.000000 -1.489360
v 13.824296 14.833332 -1.446806
v 13.500000 15.000000 -1.489360
v 13.820879 14.666666 -1.404253
v 13.820879 14.666666 -1.404253
v 13.818960 14.416666 -1.234041
v 13.820879 14.666666 -1.404253
v 13.820033 14.541666 -1.319147
v 13.820033 14.541666 -1.319147
v 13.500000 14.416666 -1.234041
v 13.500000 14.666666 -1.404253
v 13.500000 14.666666 -1.404253
v 13.821438 14.375001 -1.106385
v 13.818960 14.416666 -1.234041
v 13.500000 14.333334 -0.978721
v 13.818960 14.416666 -1.234041
v 13.821438 14.375001 -1.106385
v 13.500000 14.416666 -1.234041
v 13.823502 14.333334 -0.978721
v 13.500000 14.333334 -0.978721
v 13.823502 14.333334 -0.978721
v 13.815698 14.083331 -0.978721
v 13.807714 13.833334 -0.978721
v 13.500000 13.833334 -0.978721
v 13.807714 13.833334 -0.978721
v 13.803249 13.875003 -1.191501
v 13.500000 13.833334 -0.978721
v 13.797641 13.916666 -1.404253
v 13.797641 13.916666 -1.404253
v 13.500000 13.916666 -1.404253
v 13.500000 12.666666 0.127662
v 13.779911 12.666666 0.127662
v 13.736324 11.499923 0.127661
v 13.779911 12.666666 0.127662
v 13.500000 12.666666 0.127662
v 13.688800 10.333334 0.127661
v 13.688800 10.333334 0.127661
v 13.688800 10.333334 0.127661
v 13.500000 10.333334 0.127661
v 13.687156 10.333334 -0.382978
v 13.500000 10.333334 -0.382978
v 13.687156 10.333334 -0.382978
v 13.734682 11.499923 -0.382978
v 13.500000 10.333334 -0.382978
v 13.778270 12.666666 -0.382977
v 13.778270 12.666666 -0.382977
v 13.778270 12.666666 -0.382977
v 13.500000 12.666666 -0.382977
v 12.057504 3.357750 7.588564
v 11.960491 3.323783 7.697995
v 10.241654 3.398410 9.404829
v 11.960491 3.323783 7.697995
v 10.327119 4.206774 9.072103
v 11.191527 3.333104 7.672015
v 12.057504 3.357750 7.588564
v 11.960491 3.323783 7.697995
v 11.856890 3.267168 7.822510
v 11.856890 3.267168 7.822510
v 9.000000 4.206774 9.072103
v 10.327119 4.206774 9.072103
v 10.497839 5.303295 8.598844
v 12.417766 3.378577 7.215625
v 12.285583 3.387287 7.347316
v 12.166212 3.379593 7.471124
v 9.000000 3.399896 9.404292
v 10.241654 3.398410 9.404829
v 10.327119 4.206774 9.072103
v 9.000000 4.206774 9.072103
v 9.000000 5.319905 8.592209
v 10.647987 6.430809 8.182421
v 9.000000 6.456820 8.173635
v 10.779141 7.585120 7.825580
v 9.000000 7.614955 7.817265
v 10.838050 8.170947 7.670244
v 10.892715 8.761818 7.530631
v 9.000000 8.790977 7.524179
v 10.943293 9.357138 7.406964
v 10.989921 9.956338 7.299429
v 9.000000 9.981170 7.295344
v 11.032700 10.558855 7.208184
v 11.071722 11.164115 7.133360
v 9.000000 11.181759 7.131445
v 11.107069 11.771505 7.075068
v 11.138802 12.380514 7.033379
v 9.000000 12.389264 7.032906
v 11.166949 12.990538 7.008347
v 11.191527 13.600989 7.000001
v 9.000000 13.600989 7.000001
v 11.191527 13.600989 7.000001
v 11.260081 15.881457 7.000002
v 9.000000 13.600989 7.000001
v 11.191527 3.373508 7.181889
v 12.417766 3.378577 7.215625
v 12.285583 3.387287 7.347316
v 11.191527 3.387287 7.347316
v 12.285583 3.387287 7.347316
v 12.166212 3.379593 7.471124
v 11.191527 3.387287 7.347316
v 11.191527 3.373679 7.511725
v 12.042716 -6.994441 -3.873203
v 11.191527 -6.927236 -3.805127
v 12.042716 -6.994441 -3.873203
v 11.895080 -7.090576 -3.999198
v 11.191527 -7.039185 -3.926737
v 11.895080 -7.090576 -3.999198
v 11.762720 -7.163297 -4.133599
v 11.191527 -7.128864 -4.063822
v 11.762720 -7.163297 -4.133599
v 11.647494 -7.212969 -4.271285
v 11.191527 -7.195354 -4.214848
v 11.647494 -7.212969 -4.271285
v 9.984237 -8.189820 -5.738192
v 11.549877 -7.241141 -4.408089
v 11.191527 -7.236221 -4.375464
v 11.549877 -7.241141 -4.408089
v 11.469434 -7.250000 -4.540892
v 11.469434 -7.250000 -4.540892
v 11.410048 -7.243227 -4.657077
v 11.191527 -7.250000 -4.540892
v 11.469434 -7.250000 -4.540892
v 11.410048 -7.243227 -4.657077
v 11.191527 -7.250000 -4.540892
v 11.363179 -7.224038 -4.767275
v 11.191527 -7.236392 -4.705301
v 11.363179 -7.224038 -4.767275
v 11.327866 -7.193925 -4.871049
v 11.191527 -7.195817 -4.865590
v 11.327866 -7.193925 -4.871049
v 11.303224 -7.154051 -4.968313
v 11.303224 -7.154051 -4.968313
v 11.288599 -7.105249 -5.059108
v 11.191527 -7.129458 -5.016865
v 11.288599 -7.105249 -5.059108
v 9.955980 -7.657513 -6.431368
v 11.283550 -7.047994 -5.143557
v 11.283550 -7.047994 -5.143557
v 11.287930 -6.982510 -5.221648
v 11.191527 -7.039557 -5.154567
v 11.287930 -6.982510 -5.221648
v 11.301863 -6.908891 -5.293130
v 11.191527 -6.926939 -5.276930
v 11.301863 -6.908891 -5.293130
v 11.325786 -6.826954 -5.357668
v 11.325786 -6.826954 -5.357668
v 11.360378 -6.736422 -5.414616
v 11.191527 -6.795781 -5.378818
v 11.360378 -6.736422 -5.414616
v 11.406603 -6.636981 -5.462979
v 11.191527 -6.649865 -5.457465
v 11.406603 -6.636981 -5.462979
v 11.465525 -6.528553 -5.501312
v 11.465525 -6.528553 -5.501312
v 11.538329 -6.411366 -5.527786
v 11.191527 -6.493300 -5.510842
v 11.538329 -6.411366 -5.527786
v 11.626074 -6.286162 -5.540238
v 11.191527 -6.330410 -5.537653
v 11.626074 -6.286162 -5.540238
v 11.729471 -6.154417 -5.536313
v 11.191527 -6.165586 -5.537322
v 11.729471 -6.154417 -5.536313
v 11.848567 -6.018505 -5.513728
v 11.848567 -6.018505 -5.513728
v 11.982505 -5.881728 -5.470610
v 11.191527 -6.003224 -5.509964
v 11.982505 -5.881728 -5.470610
v 11.191527 -5.847636 -5.456370
v 10.162597 2.565414 -9.665333
v 12.147330 1.570618 -7.924420
v 11.191527 1.507829 -7.823289
v 12.147330 1.570618 -7.924420
v 12.016579 1.662366 -8.036146
v 11.191527 1.597730 -7.960990
v 12.016579 1.662366 -8.036146
v 11.902857 1.764549 -8.129744
v 11.191527 1.710349 -8.083354
v 11.902857 1.764549 -8.129744
v 11.806697 1.873074 -8.204977
v 11.191527 1.841507 -8.185242
v 11.806697 1.873074 -8.204977
v 11.727587 1.984558 -8.262634
v 11.727587 1.984558 -8.262634
v 11.663766 2.097591 -8.304434
v 11.191527 1.987423 -8.263889
v 11.663766 2.097591 -8.304434
v 10.241654 3.398412 -9.404829
v 11.614343 2.209993 -8.331473
v 11.191527 2.143988 -8.317266
v 11.614343 2.209993 -8.331473
v 11.577991 2.320933 -8.345112
v 11.191527 2.306878 -8.344077
v 11.577991 2.320933 -8.345112
v 11.553585 2.430140 -8.346397
v 11.553585 2.430140 -8.346397
v 11.540476 2.536970 -8.336050
v 11.191527 2.471702 -8.343745
v 11.540476 2.536970 -8.336050
v 11.538199 2.642069 -8.314315
v 11.191527 2.634063 -8.316388
v 11.538199 2.642069 -8.314315
v 11.546716 2.744265 -8.281429
v 11.546716 2.744265 -8.281429
v 11.566232 2.843601 -8.237135
v 11.191527 2.789653 -8.262795
v 11.566232 2.843601 -8.237135
v 10.327119 4.206776 -9.072101
v 11.597285 2.939645 -8.180924
v 11.191527 2.934404 -8.184372
v 11.597285 2.939645 -8.180924
v 11.640712 3.031518 -8.112148
v 11.640712 3.031518 -8.112148
v 11.697706 3.118161 -8.029830
v 11.191527 3.064524 -8.083081
v 11.697706 3.118161 -8.029830
v 11.769286 3.197436 -7.933541
v 11.191527 3.176474 -7.961470
v 11.769286 3.197436 -7.933541
v 11.856597 3.266974 -7.822872
v 11.191527 3.266154 -7.824385
v 11.856597 3.266974 -7.822872
v 11.960491 3.323785 -7.697994
v 11.960491 3.323785 -7.697994
v 11.960491 3.323785 -7.697994
v 10.327119 4.206776 -9.072101
v 11.191527 3.332643 -7.673358
v 12.057605 3.357779 -7.588455
v 12.057605 3.357779 -7.588455
v 9.000000 4.206776 -9.072101
v 10.327119 4.206776 -9.072101
v 10.241654 3.398412 -9.404829
v 9.000000 5.319907 -8.592207
v 10.497837 5.303279 -8.598849
v 10.327119 4.206776 -9.072101
v 9.000000 4.206776 -9.072101
v 9.000000 2.568515 -9.664506
v 10.162597 2.565414 -9.665333
v 9.000000 3.400583 -9.404044
v 9.000000 1.717132 -9.851462
v 10.091359 1.714249 -9.851972
v 9.000000 0.853653 -9.963501
v 10.029041 0.851438 -9.963687
v 9.976447 -0.016696 -9.999986
v 9.000000 -0.017181 -9.999974
v 9.934081 -0.884073 -9.960844
v 9.000000 -0.888144 -9.960467
v 9.902132 -1.744448 -9.846669
v 9.000000 -1.751959 -9.845322
v 9.880538 -2.591532 -9.658362
v 9.000000 -2.601976 -9.655546
v 9.868890 -3.419795 -9.397074
v 9.000000 -3.432421 -9.392452
v 9.866547 -4.223008 -9.064558
v 9.000000 -4.237128 -9.057945
v 9.872634 -4.995221 -8.663012
v 9.000000 -5.009649 -8.654656
v 9.885976 -5.730341 -8.195316
v 9.000000 -5.743950 -8.185764
v 9.905294 -6.422778 -7.664719
v 9.000000 -6.434524 -7.654839
v 9.929144 -7.066900 -7.075233
v 9.000000 -7.076184 -7.065925
v 9.955980 -7.657513 -6.431368
v 9.000000 -7.663997 -6.423626
v 9.984237 -8.189820 -5.738192
v 9.000000 -8.193633 -5.732722
v 10.012369 -8.659561 -5.001199
v 9.000000 -8.661390 -4.998006
v 10.038920 -9.063044 -4.226253
v 9.000000 -9.063613 -4.225006
v 10.062574 -9.397217 -3.419405
v 9.000000 -9.659054 -2.588916
v 10.082201 -9.659581 -2.586987
v 9.000000 -9.397070 -3.419808
v 9.000000 -9.847967 -1.737092
v 10.096891 -9.848276 -1.735355
v 9.000000 -9.961930 -0.871753
v 10.105974 -9.962005 -0.870893
v 10.109048 -10.000000 -0.000012
v 9.000000 -10.000000 -0.000001
v 10.105974 -9.962005 0.870892
v 9.000000 -9.961993 0.871026
v 10.096891 -9.848277 1.735349
v 9.000000 -9.848255 1.735457
v 10.082201 -9.659581 2.586984
v 9.000000 -9.398102 3.416978
v 10.062567 -9.397215 3.419407
v 9.000000 -9.659705 2.586489
v 9.000000 -9.064852 4.222351
v 10.038920 -9.063084 4.226171
v 11.762713 -7.163290 4.133578
v 10.012373 -8.659604 5.001127
v 9.000000 -8.662616 4.995878
v 10.012373 -8.659604 5.001127
v 11.895078 -7.090577 3.999196
v 12.042717 -6.994443 3.873204
v 11.303202 -7.154099 4.968215
v 9.984236 -8.189870 5.738122
v 9.000000 -8.194768 5.731101
v 9.984236 -8.189870 5.738122
v 11.327840 -7.193984 4.870883
v 11.363149 -7.224088 4.767063
v 11.410018 -7.243255 4.656849
v 11.469429 -7.250000 4.540890
v 11.549859 -7.241126 4.407959
v 11.647482 -7.212954 4.271222
v 11.465558 -6.528536 5.501316
v 9.955988 -7.657565 6.431306
v 9.000000 -7.665018 6.422410
v 9.955988 -7.657565 6.431306
v 11.406623 -6.636840 5.463037
v 11.360398 -6.736235 5.414718
v 11.325805 -6.826800 5.357775
v 11.301878 -6.908805 5.293204
v 11.287938 -6.982486 5.221672
v 11.283547 -7.047997 5.143553
v 11.288585 -7.105271 5.059071
v 9.000000 -7.076987 7.065121
v 9.929147 -7.066960 7.075173
v 11.982616 -5.881644 5.470575
v 11.848666 -6.018452 5.513713
v 11.729558 -6.154408 5.536310
v 11.626147 -6.286200 5.540234
v 11.538384 -6.411412 5.527777
v 9.000000 -6.434995 7.654439
v 9.905295 -6.422837 7.664670
v 9.000000 -5.744145 8.185624
v 9.885966 -5.730419 8.195261
v 9.000000 -5.009858 8.654536
v 9.872615 -4.995264 8.662986
v 9.000000 -4.237689 9.057684
v 9.866548 -4.223099 9.064515
v 9.000000 -3.433488 9.392063
v 9.868889 -3.419888 9.397041
v 9.000000 -2.603508 9.655132
v 9.880535 -2.591657 9.658329
v 9.000000 -1.753906 9.844976
v 9.902134 -1.744445 9.846670
v 9.000000 -0.890590 9.960251
v 9.934077 -0.884071 9.960844
v 9.000000 -0.020111 9.999968
v 9.976447 -0.016674 9.999986
v 9.000000 0.850651 9.963754
v 10.029041 0.851378 9.963692
v 10.091361 1.714237 9.851974
v 11.725087 1.988514 8.264365
v 10.162596 2.565393 9.665338
v 9.000000 1.714656 9.851891
v 10.162596 2.565393 9.665338
v 11.803790 1.876758 8.207177
v 11.899446 1.768011 8.132489
v 12.013125 1.665140 8.039056
v 12.144213 1.572542 7.927136
v 11.546884 2.745472 8.280966
v 9.000000 2.566910 9.664931
v 11.538247 2.643626 8.313902
v 11.540342 2.538845 8.335764
v 11.553217 2.432272 8.346303
v 11.577269 2.323566 8.345283
v 11.613161 2.213089 8.332026
v 11.661978 2.101173 8.305511
v 11.769685 3.197813 7.933019
v 11.698181 3.118777 8.029167
v 11.641131 3.032271 8.111512
v 11.597665 2.940611 8.180281
v 11.566526 2.844748 8.236545
v 11.191527 3.266746 7.823289
v 11.769685 3.197813 7.933019
v 11.191527 3.176845 7.960990
v 11.698181 3.118777 8.029167
v 11.191527 3.064226 8.083354
v 11.641131 3.032271 8.111512
v 11.597665 2.940611 8.180281
v 11.191527 2.933068 8.185242
v 11.566526 2.844748 8.236545
v 11.191527 2.787152 8.263889
v 11.546884 2.745472 8.280966
v 11.538247 2.643626 8.313902
v 11.191527 2.630587 8.317266
v 11.540342 2.538845 8.335764
v 11.191527 2.467697 8.344077
v 11.553217 2.432272 8.346303
v 11.577269 2.323566 8.345283
v 11.191527 2.302873 8.343745
v 11.613161 2.213089 8.332026
v 11.191527 2.140512 8.316388
v 11.661978 2.101173 8.305511
v 11.725087 1.988514 8.264365
v 11.191527 1.984923 8.262795
v 11.803790 1.876758 8.207177
v 11.191527 1.840171 8.184372
v 11.899446 1.768011 8.132489
v 11.191527 1.710051 8.083081
v 12.013125 1.665140 8.039056
v 11.191527 1.598102 7.961470
v 12.144213 1.572542 7.927136
v 11.191527 1.508422 7.824385
v 11.191527 -5.850135 5.457464
v 11.982616 -5.881644 5.470575
v 11.191527 -6.006700 5.510840
v 11.848666 -6.018452 5.513713
v 11.729558 -6.154408 5.536310
v 11.191527 -6.169590 5.537651
v 11.626147 -6.286200 5.540234
v 11.191527 -6.334414 5.537320
v 11.538384 -6.411412 5.527777
v 11.191527 -6.496776 5.509962
v 11.465558 -6.528536 5.501316
v 11.406623 -6.636840 5.463037
v 11.191527 -6.652364 5.456369
v 11.360398 -6.736235 5.414718
v 11.191527 -6.797115 5.377946
v 11.325805 -6.826800 5.357775
v 11.301878 -6.908805 5.293204
v 11.191527 -6.927237 5.276655
v 11.287938 -6.982486 5.221672
v 11.191527 -7.039186 5.155045
v 11.283547 -7.047997 5.143553
v 11.288585 -7.105271 5.059071
v 11.191527 -7.128865 5.017960
v 11.303202 -7.154099 4.968215
v 11.327840 -7.193984 4.870883
v 11.191527 -7.195355 4.866933
v 11.363149 -7.224088 4.767063
v 11.191527 -7.236222 4.706317
v 11.410018 -7.243255 4.656849
v 11.469429 -7.250000 4.540890
v 11.191527 -7.250000 4.540890
v 11.469429 -7.250000 4.540890
v 11.549859 -7.241126 4.407959
v 11.191527 -7.250000 4.540890
v 11.191527 -7.236392 4.376480
v 11.647482 -7.212954 4.271222
v 11.191527 -7.195818 4.216192
v 11.762713 -7.163290 4.133578
v 11.191527 -7.129459 4.064916
v 11.895078 -7.090577 3.999196
v 11.191527 -7.039558 3.927215
v 12.042717 -6.994443 3.873204
v 11.191527 -6.926939 3.804852
v 11.191527 -7.250000 -4.540892
v 11.191527 -5.250000 -4.540892
v 11.191527 -5.263608 -4.376482
v 11.191527 -7.236392 -4.705301
v 11.191527 -5.263778 -4.706318
v 11.191527 -7.236221 -4.375464
v 11.191527 -5.304182 -4.216194
v 11.191527 -7.195354 -4.214848
v 11.191527 -5.370541 -4.064918
v 11.191527 -7.128864 -4.063822
v 11.191527 -5.460442 -3.927217
v 11.191527 -7.039185 -3.926737
v 11.191527 -5.573061 -3.804854
v 11.191527 -6.797114 -3.703835
v 11.191527 -5.704218 -3.702965
v 11.191527 -6.927236 -3.805127
v 11.191527 -6.652363 -3.625413
v 11.191527 -5.850134 -3.624319
v 11.191527 -6.496775 -3.571820
v 11.191527 -6.006699 -3.570942
v 11.191527 -6.334413 -3.544462
v 11.191527 -6.169590 -3.544131
v 11.191527 -7.195817 -4.865590
v 11.191527 -5.304645 -4.866934
v 11.191527 -7.129458 -5.016865
v 11.191527 -5.371135 -5.017962
v 11.191527 -7.039557 -5.154567
v 11.191527 -5.460814 -5.155046
v 11.191527 -6.926939 -5.276930
v 11.191527 -5.702885 -5.377947
v 11.191527 -6.795781 -5.378818
v 11.191527 -5.572763 -5.276657
v 11.191527 -5.847636 -5.456370
v 11.191527 -6.649865 -5.457465
v 11.191527 -6.003224 -5.509964
v 11.191527 -6.493300 -5.510842
v 11.191527 -6.165586 -5.537322
v 11.191527 -6.330410 -5.537653
v 11.191527 3.387289 -7.347315
v 11.191527 1.387289 -7.347316
v 11.191527 1.400896 -7.511725
v 11.191527 3.373681 -7.182906
v 11.191527 1.401067 -7.181888
v 11.191527 3.373510 -7.512743
v 11.191527 1.441471 -7.672014
v 11.191527 3.332643 -7.673358
v 11.191527 1.507829 -7.823289
v 11.191527 3.266154 -7.824385
v 11.191527 1.597730 -7.960990
v 11.191527 3.176474 -7.961470
v 11.191527 1.710349 -8.083354
v 11.191527 2.934404 -8.184372
v 11.191527 1.841507 -8.185242
v 11.191527 3.064524 -8.083081
v 11.191527 2.789653 -8.262795
v 11.191527 1.987423 -8.263889
v 11.191527 2.634063 -8.316388
v 11.191527 2.143988 -8.317266
v 11.191527 2.471702 -8.343745
v 11.191527 2.306878 -8.344077
v 11.191527 3.373510 -7.512743
v 12.285965 3.387289 -7.347315
v 11.191527 3.387289 -7.347315
v 12.166261 3.379603 -7.471061
v 12.418390 3.378499 -7.215022
v 11.191527 3.387289 -7.347315
v 12.285965 3.387289 -7.347315
v 11.191527 3.373681 -7.182906
v 12.285965 3.387289 -7.347315
v 12.166261 3.379603 -7.471061
v 12.418390 3.378499 -7.215022
v 11.191527 3.333106 -7.022617
v 11.191527 1.441934 -7.021272
v 11.191527 3.266748 -6.871342
v 11.191527 1.508424 -6.870246
v 11.191527 3.176847 -6.733641
v 11.191527 1.598104 -6.733161
v 11.191527 3.064228 -6.611278
v 11.191527 1.840173 -6.510259
v 11.191527 2.933070 -6.509388
v 11.191527 1.710053 -6.611550
v 11.191527 1.984925 -6.431837
v 11.191527 2.787154 -6.430743
v 11.191527 2.140514 -6.378243
v 11.191527 2.630589 -6.377366
v 11.191527 2.302875 -6.350885
v 11.191527 2.467699 -6.350554
v 9.000000 13.600991 -6.999999
v 11.191527 13.600991 -6.999999
v 11.166949 12.990561 -7.008344
v 9.000000 16.600990 -6.999998
v 11.260072 15.880971 -6.999998
v 11.191527 13.600991 -6.999999
v 9.000000 13.600991 -6.999999
v 9.000000 12.389266 -7.032903
v 11.138802 12.380553 -7.033373
v 11.107069 11.771544 -7.075062
v 9.000000 11.181761 -7.131443
v 11.071723 11.164134 -7.133357
v 11.032701 10.558875 -7.208179
v 9.000000 9.981172 -7.295342
v 10.989920 9.956350 -7.299425
v 10.943293 9.357145 -7.406961
v 9.000000 8.790979 -7.524177
v 10.892716 8.761834 -7.530626
v 9.000000 7.614957 -7.817263
v 10.779144 7.585150 -7.825570
v 9.000000 6.456822 -8.173633
v 10.647986 6.430799 -8.182423
v 9.000000 36.399010 -6.999996
v 11.191527 36.399010 -6.999996
v 11.260081 34.118542 -6.999996
v 9.000000 37.610737 -7.032900
v 11.166949 37.009460 -7.008341
v 11.191527 36.399010 -6.999996
v 9.000000 36.399010 -6.999996
v 9.000000 33.399010 -6.999996
v 11.313399 31.838312 -6.999996
v -11.269099 29.559464 -6.999997
v 11.351483 29.558325 -6.999997
v -11.231032 31.839182 -6.999996
v -9.000000 33.399010 -6.999996
v -11.291942 27.279943 -6.999997
v 11.374331 27.278641 -6.999997
v -11.299561 25.000677 -6.999997
v 11.381942 24.999323 -6.999997
v -11.291952 22.721359 -6.999997
v 11.374321 22.720057 -6.999997
v -11.269113 20.441675 -6.999998
v 11.351469 20.440536 -6.999998
v -11.231045 18.161686 -6.999998
v 11.313386 18.160818 -6.999998
v 12.057504 46.642250 -7.588558
v 11.960491 46.676216 -7.697989
v 10.241656 46.601582 -9.404820
v 11.960491 46.676216 -7.697989
v 10.327119 45.793224 -9.072096
v 11.191527 46.666897 -7.672009
v 12.057504 46.642250 -7.588558
v 11.960491 46.676216 -7.697989
v 11.856890 46.732830 -7.822504
v 11.856890 46.732830 -7.822504
v 9.000000 45.793224 -9.072096
v 10.327119 45.793224 -9.072096
v 10.497839 44.696705 -8.598837
v 12.417766 46.621422 -7.215619
v 12.285585 46.612713 -7.347310
v 12.166212 46.620407 -7.471117
v 9.000000 46.600101 -9.404286
v 10.241656 46.601582 -9.404820
v 10.327119 45.793224 -9.072096
v 9.000000 45.793224 -9.072096
v 9.000000 44.680096 -8.592202
v 10.647987 43.569191 -8.182415
v 9.000000 43.543179 -8.173629
v 10.779141 42.414879 -7.825574
v 9.000000 42.385044 -7.817259
v 10.838050 41.829052 -7.670238
v 10.892715 41.238182 -7.530625
v 9.000000 41.209023 -7.524173
v 10.943293 40.642860 -7.406958
v 10.989921 40.043659 -7.299423
v 9.000000 40.018829 -7.295338
v 11.032700 39.441143 -7.208178
v 11.071722 38.835884 -7.133354
v 9.000000 38.818241 -7.131439
v 11.107069 38.228493 -7.075062
v 11.138802 37.619484 -7.033373
v 11.191527 46.626492 -7.181882
v 12.417766 46.621422 -7.215619
v 12.285585 46.612713 -7.347310
v 11.191527 46.612713 -7.347310
v 12.285585 46.612713 -7.347310
v 12.166212 46.620407 -7.471117
v 11.191527 46.612713 -7.347310
v 11.191527 46.626320 -7.511719
v 12.042716 56.994442 3.873209
v 11.191527 56.927235 3.805133
v 12.042716 56.994442 3.873209
v 11.895080 57.090576 3.999204
v 11.191527 57.039185 3.926743
v 11.895080 57.090576 3.999204
v 11.762720 57.163296 4.133605
v 11.191527 57.128864 4.063828
v 11.762720 57.163296 4.133605
v 11.647494 57.212971 4.271291
v 11.191527 57.195354 4.214854
v 11.647494 57.212971 4.271291
v 9.984241 58.189831 5.738187
v 11.549877 57.241142 4.408095
v 11.191527 57.236221 4.375470
v 11.549877 57.241142 4.408095
v 11.469432 57.250000 4.540898
v 11.469432 57.250000 4.540898
v 11.410048 57.243229 4.657083
v 11.191527 57.250000 4.540898
v 11.469432 57.250000 4.540898
v 11.410048 57.243229 4.657083
v 11.191527 57.250000 4.540898
v 11.363179 57.224037 4.767281
v 11.191527 57.236393 4.705307
v 11.363179 57.224037 4.767281
v 11.327866 57.193928 4.871055
v 11.191527 57.195820 4.865596
v 11.327866 57.193928 4.871055
v 11.303224 57.154053 4.968318
v 11.303224 57.154053 4.968318
v 11.288599 57.105251 5.059114
v 11.191527 57.129459 5.016870
v 11.288599 57.105251 5.059114
v 9.955989 57.657520 6.431365
v 11.283550 57.047993 5.143563
v 11.283550 57.047993 5.143563
v 11.287930 56.982510 5.221653
v 11.191527 57.039558 5.154572
v 11.287930 56.982510 5.221653
v 11.301863 56.908890 5.293136
v 11.191527 56.926937 5.276936
v 11.301863 56.908890 5.293136
v 11.325786 56.826954 5.357674
v 11.325786 56.826954 5.357674
v 11.360378 56.736423 5.414622
v 11.191527 56.795780 5.378824
v 11.360378 56.736423 5.414622
v 11.406603 56.636982 5.462985
v 11.191527 56.649864 5.457471
v 11.406603 56.636982 5.462985
v 11.465525 56.528553 5.501318
v 11.465525 56.528553 5.501318
v 11.538329 56.411366 5.527792
v 11.191527 56.493301 5.510848
v 11.538329 56.411366 5.527792
v 11.626074 56.286163 5.540244
v 11.191527 56.330410 5.537659
v 11.626074 56.286163 5.540244
v 11.729471 56.154415 5.536319
v 11.191527 56.165588 5.537328
v 11.729471 56.154415 5.536319
v 11.848567 56.018505 5.513734
v 11.848567 56.018505 5.513734
v 11.982505 55.881729 5.470616
v 11.191527 56.003223 5.509970
v 11.982505 55.881729 5.470616
v 11.191527 55.847637 5.456377
v 10.162597 47.434589 9.665339
v 12.147330 48.429382 7.924426
v 11.191527 48.492172 7.823295
v 12.147330 48.429382 7.924426
v 12.016579 48.337635 8.036152
v 11.191527 48.402271 7.960996
v 12.016579 48.337635 8.036152
v 11.902857 48.235451 8.129749
v 11.191527 48.289654 8.083360
v 11.902857 48.235451 8.129749
v 11.806697 48.126926 8.204983
v 11.191527 48.158493 8.185247
v 11.806697 48.126926 8.204983
v 11.727587 48.015442 8.262640
v 11.727587 48.015442 8.262640
v 11.663766 47.902409 8.304440
v 11.191527 48.012577 8.263895
v 11.663766 47.902409 8.304440
v 10.241655 46.601589 9.404835
v 11.614343 47.790009 8.331479
v 11.191527 47.856014 8.317272
v 11.614343 47.790009 8.331479
v 11.577991 47.679070 8.345118
v 11.191527 47.693123 8.344083
v 11.577991 47.679070 8.345118
v 11.553585 47.569862 8.346403
v 11.553585 47.569862 8.346403
v 11.540476 47.463032 8.336056
v 11.191527 47.528297 8.343751
v 11.540476 47.463032 8.336056
v 11.538199 47.357933 8.314321
v 11.191527 47.365936 8.316394
v 11.538199 47.357933 8.314321
v 11.546716 47.255737 8.281435
v 11.546716 47.255737 8.281435
v 11.566232 47.156399 8.237141
v 11.191527 47.210346 8.262801
v 11.566232 47.156399 8.237141
v 10.327119 45.793224 9.072107
v 11.597285 47.060356 8.180930
v 11.191527 47.065598 8.184378
v 11.597285 47.060356 8.180930
v 11.640712 46.968483 8.112154
v 11.640712 46.968483 8.112154
v 11.697706 46.881840 8.029836
v 11.191527 46.935478 8.083087
v 11.697706 46.881840 8.029836
v 11.769286 46.802567 7.933547
v 11.191527 46.823528 7.961476
v 11.769286 46.802567 7.933547
v 11.856597 46.733028 7.822878
v 11.191527 46.733849 7.824391
v 11.856597 46.733028 7.822878
v 11.960491 46.676216 7.698000
v 11.960491 46.676216 7.698000
v 11.960491 46.676216 7.698000
v 10.327119 45.793224 9.072107
v 11.191527 46.667358 7.673365
v 12.057605 46.642223 7.588461
v 12.057605 46.642223 7.588461
v 9.000000 45.793224 9.072107
v 10.327119 45.793224 9.072107
v 10.241655 46.601589 9.404835
v 9.000000 44.680096 8.592214
v 10.497837 44.696720 8.598856
v 10.327119 45.793224 9.072107
v 9.000000 45.793224 9.072107
v 9.000000 47.431484 9.664512
v 10.162597 47.434589 9.665339
v 9.000000 46.599419 9.404050
v 9.000000 48.282867 9.851468
v 10.091358 48.285755 9.851978
v 9.000000 49.146347 9.963507
v 10.029040 49.148567 9.963693
v 9.976447 50.016701 9.999991
v 9.000000 50.017181 9.999980
v 9.934081 50.884079 9.960850
v 9.000000 50.888145 9.960473
v 9.902136 51.744442 9.846677
v 9.000000 51.751961 9.845327
v 9.880539 52.591537 9.658368
v 9.000000 52.601978 9.655553
v 9.868889 53.419804 9.397079
v 9.000000 53.432423 9.392459
v 9.866546 54.223019 9.064560
v 9.000000 54.237129 9.057951
v 9.872633 54.995220 8.663017
v 9.000000 55.009651 8.654662
v 9.885975 55.730347 8.195318
v 9.000000 55.743950 8.185770
v 9.905294 56.422779 7.664724
v 9.000000 56.434525 7.654845
v 9.929149 57.066910 7.075231
v 9.000000 57.076183 7.065931
v 9.955989 57.657520 6.431365
v 9.000000 57.663998 6.423632
v 9.984241 58.189831 5.738187
v 9.000000 58.193634 5.732728
v 10.012372 58.659569 5.001194
v 9.000000 58.661392 4.998012
v 10.038919 59.063049 4.226248
v 9.000000 59.063614 4.225012
v 10.062575 59.397224 3.419391
v 9.000000 59.659054 2.588922
v 10.082198 59.659588 2.586976
v 9.000000 59.397072 3.419814
v 9.000000 59.847965 1.737098
v 10.096888 59.848278 1.735344
v 9.000000 59.961929 0.871759
v 10.105975 59.962006 0.870884
v 10.109048 60.000000 0.000007
v 9.000000 60.000000 0.000007
v 10.105974 59.962009 -0.870853
v 9.000000 59.961994 -0.871020
v 10.096888 59.848286 -1.735301
v 9.000000 59.848255 -1.735451
v 10.082197 59.659599 -2.586908
v 9.000000 59.398102 -3.416972
v 10.062573 59.397240 -3.419333
v 9.000000 59.659706 -2.586483
v 9.000000 59.064850 -4.222345
v 10.038919 59.063084 -4.226163
v 11.762713 57.163288 -4.133572
v 10.012376 58.659611 -5.001108
v 9.000000 58.662617 -4.995872
v 10.012376 58.659611 -5.001108
v 11.895078 57.090576 -3.999190
v 12.042717 56.994442 -3.873198
v 11.303202 57.154099 -4.968209
v 9.984242 58.189880 -5.738097
v 9.000000 58.194767 -5.731095
v 9.984242 58.189880 -5.738097
v 11.327840 57.193981 -4.870877
v 11.363149 57.224087 -4.767057
v 11.410018 57.243256 -4.656843
v 11.469434 57.250000 -4.540884
v 11.549859 57.241123 -4.407953
v 11.647482 57.212952 -4.271216
v 11.465558 56.528538 -5.501310
v 9.955993 57.657585 -6.431276
v 9.000000 57.665016 -6.422404
v 9.955993 57.657585 -6.431276
v 11.406623 56.636841 -5.463031
v 11.360398 56.736233 -5.414712
v 11.325805 56.826801 -5.357769
v 11.301878 56.908806 -5.293198
v 11.287938 56.982487 -5.221666
v 11.283547 57.047997 -5.143548
v 11.288585 57.105270 -5.059065
v 9.000000 57.076984 -7.065115
v 9.929153 57.066986 -7.075140
v 11.982616 55.881645 -5.470569
v 11.848666 56.018452 -5.513707
v 11.729558 56.154408 -5.536304
v 11.626147 56.286198 -5.540228
v 11.538384 56.411411 -5.527771
v 9.000000 56.434994 -7.654433
v 9.905296 56.422871 -7.664636
v 9.000000 55.744144 -8.185618
v 9.885967 55.730461 -8.195223
v 9.000000 55.009857 -8.654531
v 9.872610 54.995213 -8.663010
v 9.000000 54.237686 -9.057678
v 9.866545 54.223068 -9.064524
v 9.000000 53.433487 -9.392056
v 9.868888 53.419865 -9.397042
v 9.000000 52.603508 -9.655126
v 9.880538 52.591576 -9.658343
v 9.000000 51.753906 -9.844971
v 9.902138 51.744370 -9.846679
v 9.000000 50.890591 -9.960245
v 9.934080 50.884014 -9.960843
v 9.000000 50.020111 -9.999962
v 9.976449 50.016636 -9.999980
v 9.000000 49.149349 -9.963748
v 10.029044 49.148598 -9.963684
v 10.091363 48.285732 -9.851963
v 11.725087 48.011486 -8.264359
v 10.162599 47.434570 -9.665323
v 9.000000 48.285343 -9.851885
v 10.162599 47.434570 -9.665323
v 11.803790 48.123241 -8.207171
v 11.899446 48.231987 -8.132483
v 12.013125 48.334858 -8.039050
v 12.144213 48.427456 -7.927130
v 11.546884 47.254528 -8.280960
v 9.000000 47.433090 -9.664926
v 11.538247 47.356373 -8.313896
v 11.540342 47.461155 -8.335758
v 11.553217 47.567726 -8.346297
v 11.577269 47.676434 -8.345277
v 11.613161 47.786911 -8.332020
v 11.661978 47.898827 -8.305506
v 11.769685 46.802185 -7.933012
v 11.698181 46.881222 -8.029161
v 11.641131 46.967728 -8.111506
v 11.597665 47.059387 -8.180275
v 11.566526 47.155251 -8.236539
v 11.191527 46.733253 -7.823283
v 11.769685 46.802185 -7.933012
v 11.191527 46.823154 -7.960984
v 11.698181 46.881222 -8.029161
v 11.191527 46.935772 -8.083348
v 11.641131 46.967728 -8.111506
v 11.597665 47.059387 -8.180275
v 11.191527 47.066933 -8.185236
v 11.566526 47.155251 -8.236539
v 11.191527 47.212849 -8.263884
v 11.546884 47.254528 -8.280960
v 11.538247 47.356373 -8.313896
v 11.191527 47.369411 -8.317261
v 11.540342 47.461155 -8.335758
v 11.191527 47.532303 -8.344071
v 11.553217 47.567726 -8.346297
v 11.577269 47.676434 -8.345277
v 11.191527 47.697124 -8.343740
v 11.613161 47.786911 -8.332020
v 11.191527 47.859486 -8.316382
v 11.661978 47.898827 -8.305506
v 11.725087 48.011486 -8.264359
v 11.191527 48.015076 -8.262790
v 11.803790 48.123241 -8.207171
v 11.191527 48.159828 -8.184366
v 11.899446 48.231987 -8.132483
v 11.191527 48.289948 -8.083076
v 12.013125 48.334858 -8.039050
v 11.191527 48.401897 -7.961464
v 12.144213 48.427456 -7.927130
v 11.191527 48.491577 -7.824379
v 11.191527 55.850136 -5.457458
v 11.982616 55.881645 -5.470569
v 11.191527 56.006699 -5.510834
v 11.848666 56.018452 -5.513707
v 11.729558 56.154408 -5.536304
v 11.191527 56.169590 -5.537645
v 11.626147 56.286198 -5.540228
v 11.191527 56.334412 -5.537314
v 11.538384 56.411411 -5.527771
v 11.191527 56.496777 -5.509956
v 11.465558 56.528538 -5.501310
v 11.406623 56.636841 -5.463031
v 11.191527 56.652363 -5.456363
v 11.360398 56.736233 -5.414712
v 11.191527 56.797115 -5.377940
v 11.325805 56.826801 -5.357769
v 11.301878 56.908806 -5.293198
v 11.191527 56.927235 -5.276649
v 11.287938 56.982487 -5.221666
v 11.191527 57.039185 -5.155039
v 11.283547 57.047997 -5.143548
v 11.288585 57.105270 -5.059065
v 11.191527 57.128864 -5.017954
v 11.303202 57.154099 -4.968209
v 11.327840 57.193981 -4.870877
v 11.191527 57.195354 -4.866927
v 11.363149 57.224087 -4.767057
v 11.191527 57.236221 -4.706311
v 11.410018 57.243256 -4.656843
v 11.469434 57.250000 -4.540884
v 11.191527 57.250000 -4.540884
v 11.469434 57.250000 -4.540884
v 11.549859 57.241123 -4.407953
v 11.191527 57.250000 -4.540884
v 11.191527 57.236393 -4.376474
v 11.647482 57.212952 -4.271216
v 11.191527 57.195820 -4.216187
v 11.762713 57.163288 -4.133572
v 11.191527 57.129459 -4.064910
v 11.895078 57.090576 -3.999190
v 11.191527 57.039558 -3.927209
v 12.042717 56.994442 -3.873198
v 11.191527 56.926937 -3.804846
v 11.191527 57.250000 4.540898
v 11.191527 55.250000 4.540898
v 11.191527 55.263607 4.376488
v 11.191527 57.236393 4.705307
v 11.191527 55.263779 4.706325
v 11.191527 57.236221 4.375470
v 11.191527 55.304180 4.216200
v 11.191527 57.195354 4.214854
v 11.191527 55.370541 4.064924
v 11.191527 57.128864 4.063828
v 11.191527 55.460442 3.927223
v 11.191527 57.039185 3.926743
v 11.191527 55.573063 3.804860
v 11.191527 56.797115 3.703841
v 11.191527 55.704220 3.702971
v 11.191527 56.927235 3.805133
v 11.191527 56.652363 3.625419
v 11.191527 55.850136 3.624325
v 11.191527 56.496777 3.571826
v 11.191527 56.006699 3.570948
v 11.191527 56.334412 3.544468
v 11.191527 56.169590 3.544137
v 11.191527 57.195820 4.865596
v 11.191527 55.304646 4.866940
v 11.191527 57.129459 5.016870
v 11.191527 55.371136 5.017968
v 11.191527 57.039558 5.154572
v 11.191527 55.460815 5.155053
v 11.191527 56.926937 5.276936
v 11.191527 55.702885 5.377954
v 11.191527 56.795780 5.378824
v 11.191527 55.572765 5.276663
v 11.191527 55.847637 5.456377
v 11.191527 56.649864 5.457471
v 11.191527 56.003223 5.509970
v 11.191527 56.493301 5.510848
v 11.191527 56.165588 5.537328
v 11.191527 56.330410 5.537659
v 11.191527 46.612713 7.347322
v 11.191527 48.612713 7.347322
v 11.191527 48.599106 7.511731
v 11.191527 46.626320 7.182912
v 11.191527 48.598934 7.181894
v 11.191527 46.626492 7.512749
v 11.191527 48.558529 7.672020
v 11.191527 46.667358 7.673365
v 11.191527 48.492172 7.823295
v 11.191527 46.733849 7.824391
v 11.191527 48.402271 7.960996
v 11.191527 46.823528 7.961476
v 11.191527 48.289654 8.083360
v 11.191527 47.065598 8.184378
v 11.191527 48.158493 8.185247
v 11.191527 46.935478 8.083087
v 11.191527 47.210346 8.262801
v 11.191527 48.012577 8.263895
v 11.191527 47.365936 8.316394
v 11.191527 47.856014 8.317272
v 11.191527 47.528297 8.343751
v 11.191527 47.693123 8.344083
v 11.191527 46.626492 7.512749
v 12.285556 46.612713 7.347322
v 11.191527 46.612713 7.347322
v 12.166276 46.620399 7.471067
v 12.418390 46.621502 7.215028
v 11.191527 46.612713 7.347322
v 12.285556 46.612713 7.347322
v 11.191527 46.626320 7.182912
v 12.285556 46.612713 7.347322
v 12.166276 46.620399 7.471067
v 12.418390 46.621502 7.215028
v 11.191527 46.666897 7.022624
v 11.191527 48.558067 7.021278
v 11.191527 46.733253 6.871348
v 11.191527 48.491577 6.870252
v 11.191527 46.823154 6.733647
v 11.191527 48.401897 6.733167
v 11.191527 46.935772 6.611284
v 11.191527 48.159828 6.510265
v 11.191527 47.066933 6.509395
v 11.191527 48.289948 6.611556
v 11.191527 48.015076 6.431843
v 11.191527 47.212849 6.430749
v 11.191527 47.859486 6.378250
v 11.191527 47.369411 6.377372
v 11.191527 47.697124 6.350892
v 11.191527 47.532303 6.350561
v 9.000000 36.399010 7.000004
v 11.191527 36.399010 7.000004
v 11.166949 37.009441 7.008349
v 9.000000 33.399010 7.000004
v 11.260072 34.119030 7.000004
v 11.191527 36.399010 7.000004
v 9.000000 36.399010 7.000004
v 9.000000 37.610737 7.032908
v 11.138802 37.619450 7.033379
v 11.107069 38.228458 7.075068
v 9.000000 38.818241 7.131449
v 11.071723 38.835869 7.133363
v 11.032701 39.441128 7.208185
v 9.000000 40.018829 7.295348
v 10.989920 40.043652 7.299431
v 10.943293 40.642857 7.406967
v 9.000000 41.209023 7.524183
v 10.892716 41.238167 7.530632
v 9.000000 42.385044 7.817269
v 10.779144 42.414852 7.825576
v 9.000000 43.543179 8.173638
v 10.647986 43.569202 8.182428
v 9.000000 16.600990 7.000002
v 11.313399 18.161688 7.000002
v -11.269115 20.440395 7.000002
v 11.351483 20.441675 7.000002
v -9.000000 16.600990 7.000002
v -11.231045 18.160595 7.000002
v -11.291957 22.720198 7.000003
v 11.374331 22.721359 7.000003
v -11.299571 25.000000 7.000003
v 11.381942 25.000677 7.000003
v -11.291957 27.279802 7.000003
v 11.374321 27.279943 7.000003
v 11.351469 29.559464 7.000003
v -11.269115 29.559605 7.000003
v 11.313386 31.839182 7.000004
v -11.231045 31.839405 7.000004
v -9.000000 16.239040 6.978087
v 9.000000 16.600990 7.000002
v -9.000000 16.600990 7.000002
v 9.000000 16.239080 6.978092
v 9.000000 13.600989 7.000001
v 9.000000 16.600990 7.000002
v 9.000000 16.239080 6.978092
v -11.109221 13.600989 7.000001
v -9.000000 13.600989 7.000001
v -9.000000 16.239040 6.978087
v -9.000000 16.600990 7.000002
v -9.000000 13.600989 7.000001
v -11.177747 15.880791 7.000002
v -11.084300 12.986541 7.008456
v -9.000000 13.600989 7.000001
v -11.109221 13.600989 7.000001
v -9.000000 13.622899 4.361910
v -9.000000 13.600990 4.000001
v -9.000000 12.389264 7.032906
v -9.000000 13.688257 4.718326
v -9.000000 13.796054 5.064116
v -9.000000 13.944703 5.394325
v -9.000000 14.132152 5.704360
v -9.000000 14.355618 5.989551
v -9.000000 14.611788 6.245681
v -9.000000 14.896915 6.469036
v -9.000000 15.206834 6.656377
v -9.000000 15.536936 6.804960
v -9.000000 15.882650 6.912731
v -9.000000 12.389264 7.032906
v -13.564496 13.518967 4.406741
v -11.109221 13.600989 7.000001
v -11.177747 15.880791 7.000002
v -13.512536 12.171172 4.444981
v -11.084300 12.986541 7.008456
v -11.109221 13.600989 7.000001
v -13.564496 13.518967 4.406741
v -13.633567 15.814951 4.406318
v -11.231045 18.160595 7.000002
v -13.687286 18.111172 4.405970
v -11.269115 20.440395 7.000002
v -13.725655 20.407526 4.405710
v -11.291957 22.720198 7.000003
v -13.748673 22.703854 4.405551
v -11.299571 25.000000 7.000003
v -13.756345 25.000000 4.405496
v -11.291957 27.279802 7.000003
v -13.748673 27.296146 4.405551
v -11.269115 29.559605 7.000003
v -13.725655 29.592474 4.405711
v -11.231045 31.839405 7.000004
v -9.000000 33.399010 7.000004
v -11.177747 34.119209 7.000004
v -13.687286 31.888828 4.405971
v -11.177747 34.119209 7.000004
v -9.000000 36.399010 7.000004
v -11.109221 36.399010 7.000004
v -13.633567 34.185047 4.406320
v -11.109221 36.399010 7.000004
v -9.000000 37.610737 7.032908
v -11.109221 36.399010 7.000004
v -9.000000 36.399010 7.000004
v -13.564496 36.481033 4.406744
v -11.084274 37.014435 7.008486
v -13.564496 36.481033 4.406744
v -11.109221 36.399010 7.000004
v -11.084274 37.014435 7.008486
v -9.000000 33.760918 6.978094
v -9.000000 36.399010 7.000004
v -9.000000 33.399010 7.000004
v -9.000000 36.399010 4.000004
v -9.000000 37.610737 -7.032900
v -9.000000 37.610737 7.032908
v -9.000000 36.377094 4.361954
v -9.000000 36.311741 4.718343
v -9.000000 36.203968 5.064057
v -9.000000 36.055386 5.394159
v -9.000000 35.868046 5.704078
v -9.000000 35.644688 5.989205
v -9.000000 35.388557 6.245375
v -9.000000 35.103367 6.468841
v -9.000000 34.793335 6.656290
v -9.000000 34.463123 6.804939
v -9.000000 34.117332 6.912736
v 9.000000 33.760960 6.978089
v -9.000000 33.399010 7.000004
v 9.000000 33.399010 7.000004
v -9.000000 33.760918 6.978094
v 9.000000 33.760960 6.978089
v 9.000000 33.399010 7.000004
v 9.000000 36.399010 7.000004
v 9.000000 36.399010 4.000004
v 9.000000 37.610737 7.032908
v 9.000000 34.117348 6.912733
v 9.000000 34.463062 6.804962
v 9.000000 34.793163 6.656379
v 9.000000 35.103085 6.469038
v 9.000000 35.388210 6.245683
v 9.000000 35.644382 5.989553
v 9.000000 35.867847 5.704362
v 9.000000 36.055298 5.394328
v 9.000000 36.203945 5.064118
v 9.000000 36.311741 4.718328
v 9.000000 36.377102 4.361913
v 9.000000 15.882665 6.912734
v 9.000000 15.536875 6.804937
v 9.000000 15.206665 6.656288
v 9.000000 14.896631 6.468839
v 9.000000 14.611440 6.245373
v 9.000000 14.355310 5.989203
v 9.000000 14.131955 5.704076
v 9.000000 13.944614 5.394156
v 9.000000 13.796031 5.064054
v 9.000000 13.688260 4.718340
v 9.000000 13.622904 4.361951
v 9.000000 13.600990 4.000001
v 9.000000 12.389266 -7.032903
v 9.000000 12.389264 7.032906
v 9.000000 13.622904 4.361951
v -9.000000 13.622899 4.361910
v -9.000000 13.600990 4.000001
v 9.000000 13.600990 4.000001
v 9.000000 13.600990 -3.999998
v 9.000000 13.600990 4.000001
v -9.000000 13.600990 4.000001
v -9.000000 13.600990 -3.999998
v -9.000000 13.600990 -3.999998
v -9.000000 13.688257 4.718326
v 9.000000 13.796031 5.064054
v -9.000000 13.796054 5.064116
v 9.000000 13.688260 4.718340
v 9.000000 13.944614 5.394156
v -9.000000 13.944703 5.394325
v 9.000000 14.131955 5.704076
v -9.000000 14.132152 5.704360
v 9.000000 14.355310 5.989203
v -9.000000 14.355618 5.989551
v 9.000000 14.611440 6.245373
v -9.000000 14.611788 6.245681
v 9.000000 14.896631 6.468839
v -9.000000 14.896915 6.469036
v 9.000000 15.206665 6.656288
v -9.000000 15.206834 6.656377
v 9.000000 15.536875 6.804937
v -9.000000 15.536936 6.804960
v 9.000000 15.882665 6.912734
v -9.000000 15.882650 6.912731
v 9.000000 13.600990 -3.999998
v -9.000000 5.319907 -8.592207
v -9.000000 5.319905 8.592209
v -9.000000 4.206774 9.072103
v -10.249154 4.206774 9.072103
v -9.000000 4.206774 9.072103
v -9.000000 5.319905 8.592209
v -9.000000 4.206776 -9.072101
v -9.000000 3.400581 9.404044
v -10.167836 3.398762 9.404701
v -9.000000 3.400581 9.404044
v -9.000000 4.206774 9.072103
v -10.249154 4.206774 9.072103
v -9.000000 6.456822 -8.173633
v -9.000000 6.456820 8.173635
v -10.570119 6.449482 8.176099
v -9.000000 6.456820 8.173635
v -10.420165 5.314648 8.594304
v -9.000000 7.614957 -7.817263
v -9.000000 7.614955 7.817265
v -10.700113 7.603783 7.820368
v -9.000000 7.614955 7.817265
v -9.000000 8.790979 -7.524177
v -9.000000 8.790977 7.524179
v -10.811744 8.771253 7.528538
v -9.000000 8.790977 7.524179
v -9.000000 9.981172 -7.295342
v -9.000000 9.981170 7.295344
v -10.907789 9.959016 7.298986
v -9.000000 9.981170 7.295344
v -9.000000 11.181761 -7.131443
v -9.000000 11.181759 7.131445
v -10.988955 11.160386 7.133770
v -9.000000 11.181759 7.131445
v -9.000000 12.389266 -7.032903
v -11.024128 11.765587 7.075555
v -9.000000 13.600991 -6.999999
v -11.055932 12.374570 7.033704
v -9.000000 13.622906 -4.361948
v 9.000000 13.600990 -3.999998
v -9.000000 13.600990 -3.999998
v -9.000000 13.622906 -4.361948
v -9.000000 13.688262 -4.718338
v 9.000000 13.688259 -4.718323
v -9.000000 13.688262 -4.718338
v 9.000000 13.622901 -4.361907
v -9.000000 13.796033 -5.064052
v -9.000000 13.796033 -5.064052
v -9.000000 13.944616 -5.394154
v 9.000000 13.796056 -5.064113
v -9.000000 13.944616 -5.394154
v -9.000000 14.131957 -5.704072
v 9.000000 13.944705 -5.394322
v -9.000000 14.131957 -5.704072
v -9.000000 14.355312 -5.989199
v 9.000000 14.132154 -5.704356
v -9.000000 14.355312 -5.989199
v -9.000000 14.611442 -6.245369
v 9.000000 14.355620 -5.989547
v -9.000000 14.611442 -6.245369
v -9.000000 14.896633 -6.468835
v 9.000000 14.611790 -6.245677
v -9.000000 14.896633 -6.468835
v -9.000000 15.206667 -6.656284
v 9.000000 14.896917 -6.469032
v -9.000000 15.206667 -6.656284
v -9.000000 15.536877 -6.804933
v 9.000000 15.206836 -6.656373
v -9.000000 15.536877 -6.804933
v -9.000000 15.882667 -6.912730
v 9.000000 15.536938 -6.804956
v -9.000000 15.882667 -6.912730
v -9.000000 16.239080 -6.978088
v 9.000000 16.239040 -6.978083
v -9.000000 16.239080 -6.978088
v 9.000000 15.882652 -6.912727
v -9.000000 16.600990 -6.999998
v -9.000000 16.600990 -6.999998
v -11.177748 15.881458 -6.999998
v -9.000000 16.600990 -6.999998
v -9.000000 13.600991 -6.999999
v 9.000000 16.600990 -6.999998
v -11.109221 13.600991 -6.999999
v -9.000000 13.600991 -6.999999
v -9.000000 12.389266 -7.032903
v -11.109221 13.600991 -6.999999
v -11.056199 12.380312 -7.033387
v -9.000000 11.181761 -7.131443
v -11.084459 12.990437 -7.008347
v -10.989103 11.163725 -7.133400
v -9.000000 9.981172 -7.295342
v -11.024424 11.771207 -7.075089
v -10.907555 9.955790 -7.299518
v -9.000000 8.790979 -7.524177
v -10.950175 10.558382 -7.208247
v -10.810852 8.761157 -7.530776
v -9.000000 7.614957 -7.817263
v -10.861149 9.356526 -7.407080
v -10.698006 7.584425 -7.825773
v -9.000000 6.456822 -8.173633
v -10.756525 8.170252 -7.670416
v -10.567767 6.430191 -8.182629
v -9.000000 5.319907 -8.592207
v -10.418691 5.302904 -8.599000
v -9.000000 4.206776 -9.072101
v -9.000000 3.399898 -9.404292
v -10.249154 4.206776 -9.072101
v -9.000000 4.206776 -9.072101
v -9.000000 3.399898 -9.404292
v -10.249154 4.206776 -9.072101
v -9.000000 2.568513 9.664506
v -9.000000 2.566912 -9.664931
v -10.167826 3.398655 -9.404741
v -9.000000 2.566912 -9.664931
v -9.000000 1.717130 9.851462
v -9.000000 1.714658 -9.851891
v -10.092439 2.565676 -9.665263
v -9.000000 1.714658 -9.851891
v -9.000000 0.853651 9.963501
v -9.000000 0.850653 -9.963754
v -10.024344 1.714419 -9.851943
v -9.000000 0.850653 -9.963754
v -9.000000 -0.017183 9.999974
v -9.000000 -0.020109 -9.999968
v -9.913903 -0.017185 -9.999985
v -9.000000 -0.020109 -9.999968
v -9.964576 0.851289 -9.963700
v -9.000000 -0.888146 9.960467
v -9.000000 -0.890588 -9.960251
v -9.872818 -0.884972 -9.960764
v -9.000000 -0.890588 -9.960251
v -9.000000 -1.751961 9.845322
v -9.000000 -1.753904 -9.844976
v -9.841515 -1.745761 -9.846437
v -9.000000 -1.753904 -9.844976
v -9.000000 -2.601978 9.655546
v -9.000000 -2.603506 -9.655132
v -9.819921 -2.593679 -9.657786
v -9.000000 -2.603506 -9.655132
v -9.000000 -3.432423 9.392452
v -9.000000 -3.433486 -9.392063
v -9.807687 -3.422169 -9.396209
v -9.000000 -3.433486 -9.392063
v -9.000000 -4.237130 9.057943
v -9.000000 -4.237687 -9.057686
v -9.804218 -4.225374 -9.063455
v -9.000000 -4.237687 -9.057686
v -9.000000 -5.009651 8.654655
v -9.000000 -5.009856 -8.654538
v -9.808668 -4.997368 -8.661773
v -9.000000 -5.009856 -8.654538
v -9.000000 -5.743952 8.185762
v -9.000000 -5.744143 -8.185626
v -9.819997 -5.732270 -8.193966
v -9.000000 -5.744143 -8.185626
v -9.000000 -6.434526 7.654837
v -9.000000 -6.434993 -7.654441
v -9.836983 -6.424332 -7.663417
v -9.000000 -6.434993 -7.654441
v -9.000000 -7.076186 7.065923
v -9.000000 -7.076985 -7.065123
v -9.858280 -7.068060 -7.074074
v -9.000000 -7.076985 -7.065123
v -9.000000 -7.663999 6.423624
v -9.000000 -7.665016 -6.422412
v -9.882454 -7.658286 -6.430448
v -9.000000 -7.665016 -6.422412
v -9.000000 -8.193635 5.732720
v -9.000000 -8.194766 -5.731103
v -9.908039 -8.190244 -5.737587
v -9.000000 -8.194766 -5.731103
v -9.000000 -8.661392 4.998004
v -9.000000 -8.662614 -4.995880
v -9.933621 -8.659721 -5.000923
v -9.000000 -8.662614 -4.995880
v -9.000000 -9.063615 4.225004
v -9.000000 -9.064850 -4.222353
v -9.957827 -9.063061 -4.226219
v -9.000000 -9.064850 -4.222353
v -9.000000 -9.397070 3.419806
v -9.000000 -9.398102 -3.416980
v -9.979442 -9.397165 -3.419545
v -9.000000 -9.398102 -3.416980
v -9.000000 -9.659054 2.588914
v -9.000000 -9.659705 -2.586491
v -9.997403 -9.659512 -2.587245
v -9.000000 -9.659705 -2.586491
v -9.000000 -9.847967 1.737090
v -9.000000 -9.848255 -1.735459
v -10.010866 -9.848232 -1.735607
v -9.000000 -9.848255 -1.735459
v -9.000000 -9.961930 0.871751
v -9.000000 -9.961993 -0.871028
v -9.000000 -9.961993 -0.871028
v -9.000000 -10.000000 -0.000001
v -10.019197 -9.961998 -0.870981
v -9.000000 -10.000000 -0.000001
v -10.022017 -10.000000 -0.000001
v -9.000000 -9.961930 0.871751
v -10.010871 -9.848304 1.735196
v -9.000000 -9.847967 1.737090
v -10.019199 -9.962011 0.870829
v -9.997416 -9.659651 2.586725
v -9.000000 -9.659054 2.588914
v -9.979461 -9.397398 3.418904
v -9.000000 -9.397070 3.419806
v -9.000000 -9.063615 4.225004
v -9.957848 -9.063388 4.225519
v -9.000000 -8.661392 4.998004
v -9.933642 -8.660102 5.000264
v -9.000000 -8.193635 5.732720
v -9.908062 -8.190645 5.737015
v -9.000000 -7.663999 6.423624
v -9.882462 -7.658470 6.430228
v -9.000000 -7.076186 7.065923
v -9.858284 -7.068163 7.073971
v -9.000000 -6.434526 7.654837
v -9.836982 -6.424275 7.663464
v -9.000000 -5.743952 8.185762
v -9.819991 -5.732027 8.194136
v -9.000000 -5.009651 8.654655
v -9.808664 -4.996834 8.662081
v -9.000000 -4.237130 9.057943
v -9.804218 -4.224473 9.063874
v -9.000000 -3.432423 9.392452
v -9.807701 -3.421068 9.396611
v -9.000000 -2.601978 9.655546
v -9.819942 -2.592573 9.658083
v -9.000000 -1.751961 9.845322
v -9.841545 -1.744810 9.846606
v -9.000000 -0.888146 9.960467
v -9.872861 -0.884045 9.960847
v -9.000000 -0.017183 9.999974
v -9.913947 -0.016374 9.999987
v -9.000000 0.853651 9.963501
v -10.024375 1.714854 9.851866
v -9.000000 1.717130 9.851462
v -9.964615 0.851979 9.963640
v -10.092463 2.565954 9.665189
v -9.000000 2.568513 9.664506
v -11.424213 2.860851 8.228075
v -10.167836 3.398762 9.404701
v -10.249154 4.206774 9.072103
v -11.809051 3.330295 7.680085
v -10.249154 4.206774 9.072103
v -10.420165 5.314648 8.594304
v -11.709893 3.276539 7.804732
v -11.809051 3.330295 7.680085
v -11.625618 3.209669 7.916251
v -11.555795 3.132569 8.014065
v -11.499451 3.047391 8.098490
v -11.455948 2.956450 8.169540
v -11.809051 3.330297 -7.680084
v -10.249154 4.206776 -9.072101
v -10.167826 3.398655 -9.404741
v -11.946319 3.372235 -7.520177
v -10.249154 4.206776 -9.072101
v -11.809051 3.330297 -7.680084
v -12.022763 3.383446 -7.434896
v -12.103471 3.387289 -7.347315
v -12.254761 3.374709 -7.189198
v -12.413641 3.335919 -7.030929
v -10.418691 5.302904 -8.599000
v -11.403283 2.759903 -8.275302
v -10.092439 2.565676 -9.665263
v -11.709647 3.276378 -7.805048
v -11.625205 3.209283 -7.916811
v -11.555275 3.131899 -8.014815
v -11.499074 3.046729 -8.099073
v -11.455533 2.955431 -8.170246
v -11.423884 2.859635 -8.228729
v -11.559772 2.002084 -8.270147
v -10.024344 1.714419 -9.851943
v -11.393324 2.657211 -8.310198
v -11.393696 2.552852 -8.333515
v -11.404247 2.446489 -8.345562
v -11.425318 2.337872 -8.346094
v -11.457702 2.226877 -8.334366
v -11.502328 2.114304 -8.309334
v -12.410095 0.715786 -7.553670
v -9.964576 0.851289 -9.963700
v -11.631529 1.890765 -8.215339
v -11.718522 1.782589 -8.143769
v -11.821599 1.680170 -8.054410
v -11.940463 1.587279 -7.947302
v -12.071354 1.509204 -7.825820
v -12.208822 1.449782 -7.695284
v -12.444762 1.053907 -7.499653
v -12.378250 0.375563 -7.590498
v -9.913903 -0.017185 -9.999985
v -12.323752 -0.303267 -7.612838
v -9.872818 -0.884972 -9.960764
v -12.349410 0.035211 -7.610212
v -12.281707 -0.976950 -7.567527
v -9.841515 -1.745761 -9.846437
v -12.301206 -0.640606 -7.598539
v -12.251849 -1.646517 -7.454654
v -9.819921 -2.593679 -9.657786
v -12.265272 -1.312064 -7.519648
v -12.234074 -2.304466 -7.275095
v -9.807687 -3.422169 -9.396209
v -12.241446 -1.978046 -7.373011
v -12.227873 -2.942946 -7.030476
v -9.804218 -4.225374 -9.063455
v -12.229592 -2.626126 -7.160907
v -12.228785 -3.254020 -6.884096
v -9.808668 -4.997368 -8.661773
v -12.237896 -3.856132 -6.544376
v -9.819997 -5.732270 -8.193966
v -12.232180 -3.558505 -6.722056
v -12.255551 -4.429164 -6.142409
v -9.836983 -6.424332 -7.663417
v -12.245761 -4.146752 -6.350939
v -12.280020 -4.965609 -5.681942
v -9.858280 -7.068060 -7.074074
v -12.267024 -4.701982 -5.919640
v -12.268249 -4.728576 -5.896716
v -11.900903 -5.785904 -5.426676
v -9.882454 -7.658286 -6.430448
v -12.294348 -5.219982 -5.428867
v -12.179896 -5.553864 -5.258801
v -12.041321 -5.661948 -5.349714
v -11.288542 -6.574505 -5.486776
v -9.908039 -8.190244 -5.737587
v -11.765342 -5.920662 -5.485104
v -11.640273 -6.060067 -5.522689
v -11.529695 -6.198026 -5.539540
v -11.434544 -6.330958 -5.537609
v -11.354423 -6.456878 -5.519259
v -11.155537 -7.144209 -4.988540
v -9.933621 -8.659721 -5.000923
v -11.236054 -6.683054 -5.442259
v -11.195873 -6.782523 -5.387308
v -11.167027 -6.873127 -5.323012
v -11.148926 -6.954698 -5.250399
v -11.141072 -7.027554 -5.169708
v -11.143314 -7.090723 -5.082357
v -11.583099 -7.169761 -4.148413
v -9.957827 -9.063061 -4.226219
v -11.178039 -7.187836 -4.887969
v -11.211409 -7.220850 -4.780578
v -11.256466 -7.242077 -4.666515
v -11.317166 -7.250000 -4.540892
v -11.388428 -7.242198 -4.416227
v -11.478040 -7.216049 -4.282532
v -12.423540 -6.819328 -2.910874
v -9.979442 -9.397165 -3.419545
v -12.409400 -6.678419 -3.249261
v -12.262742 -6.653564 -3.625941
v -11.703239 -7.102018 -4.017381
v -11.836596 -7.012733 -3.894179
v -11.978501 -6.904582 -3.784901
v -12.122436 -6.782928 -3.694732
v -12.436666 -6.945671 -2.562405
v -9.997403 -9.659512 -2.587245
v -12.458661 -7.149522 -1.848819
v -10.010866 -9.848232 -1.735607
v -12.437969 -6.958028 -2.525411
v -12.448441 -7.056159 -2.207304
v -12.474021 -7.286089 -1.120662
v -10.019197 -9.961998 -0.870981
v -12.467228 -7.226155 -1.486379
v -12.482027 -7.355139 -0.377583
v -10.022017 -10.000000 -0.000001
v -12.477893 -7.319783 -0.845847
v -12.478982 -7.329146 -0.751165
v -12.483037 -7.364130 -0.000001
v -10.019199 -9.962011 0.870829
v -12.479031 -7.329503 0.746914
v -10.010871 -9.848304 1.735196
v -12.482036 -7.355342 0.374703
v -12.467298 -7.226883 1.482810
v -9.997416 -9.659651 2.586725
v -12.478042 -7.320957 0.833968
v -12.474089 -7.286603 1.116691
v -12.448525 -7.056768 2.204856
v -9.979461 -9.397398 3.418904
v -12.458753 -7.150322 1.845348
v -12.423646 -6.820402 2.908156
v -9.957848 -9.063388 4.225519
v -12.438372 -6.961910 2.513764
v -12.436769 -6.946732 2.559374
v -12.409461 -6.679011 3.247892
v -9.933642 -8.660102 5.000264
v -11.478020 -7.216080 4.282643
v -9.908062 -8.190645 5.737015
v -12.122928 -6.782495 3.694456
v -11.979293 -6.903943 3.784345
v -11.837112 -7.012362 3.893738
v -11.703538 -7.101840 4.017086
v -11.583132 -7.169758 4.148405
v -11.143182 -7.089550 5.084174
v -9.882462 -7.658470 6.430228
v -11.388412 -7.242223 4.416416
v -11.317165 -7.250000 4.540890
v -11.256521 -7.242056 4.666683
v -11.211579 -7.220895 4.780394
v -11.178013 -7.187708 4.888314
v -11.155415 -7.143768 4.989420
v -11.354478 -6.456654 5.519304
v -9.858284 -7.068163 7.073971
v -11.141131 -7.026053 5.171558
v -11.149054 -6.953927 5.251163
v -11.167075 -6.873036 5.323083
v -11.195755 -6.782999 5.387006
v -11.235969 -6.683398 5.442093
v -11.288649 -6.574317 5.486839
v -12.294386 -5.220792 5.428100
v -9.836982 -6.424275 7.663464
v -11.434654 -6.330629 5.537634
v -11.529909 -6.197610 5.539517
v -11.640370 -6.059875 5.522650
v -11.765432 -5.920536 5.485058
v -11.900806 -5.785985 5.426716
v -12.040462 -5.662657 5.350228
v -12.178481 -5.554898 5.259801
v -12.268874 -4.741921 5.885101
v -9.819991 -5.732027 8.194136
v -12.280077 -4.966693 5.680915
v -12.245731 -4.145627 6.351703
v -9.808664 -4.996834 8.662081
v -12.267063 -4.702753 5.918959
v -12.255552 -4.429192 6.142389
v -12.232128 -3.555452 6.723812
v -9.804218 -4.224473 9.063874
v -12.237840 -3.853796 6.545856
v -12.227880 -2.937696 7.032784
v -9.807701 -3.421068 9.396611
v -12.228758 -3.250154 6.886031
v -12.229660 -2.619130 7.163585
v -9.819942 -2.592573 9.658083
v -12.241755 -1.966634 7.376117
v -9.841545 -1.744810 9.846606
v -12.234254 -2.295133 7.278096
v -12.265830 -1.299602 7.521731
v -9.872861 -0.884045 9.960847
v -12.252284 -1.634290 7.457355
v -12.301972 -0.628365 7.599351
v -9.913947 -0.016374 9.999987
v -12.282376 -0.964475 7.568985
v -12.350319 0.046533 7.609839
v -9.964615 0.851979 9.963640
v -12.324608 -0.291320 7.613026
v -12.410923 0.724225 7.552537
v -10.024375 1.714854 9.851866
v -12.379180 0.385912 7.589600
v -12.445266 1.058820 7.498851
v -10.092463 2.565954 9.665189
v -11.501882 2.115293 8.309615
v -11.559231 2.003040 8.270546
v -11.630642 1.891993 8.216042
v -11.717276 1.783969 8.144817
v -11.819928 1.681634 8.055874
v -11.938559 1.588578 7.949033
v -12.069784 1.509998 7.827279
v -11.403506 2.761380 8.274707
v -11.393419 2.659203 8.309636
v -11.393642 2.553947 8.333330
v -11.404199 2.446809 8.345543
v -11.425352 2.337738 8.346087
v -11.457680 2.226955 8.334379
v 9.000000 4.206774 9.072103
v 9.000000 4.206776 -9.072101
v 9.000000 3.400583 -9.404044
v 9.000000 5.319905 8.592209
v 9.000000 5.319907 -8.592207
v 9.000000 3.399896 9.404292
v 9.000000 2.568515 -9.664506
v 9.000000 2.566910 9.664931
v 9.000000 1.717132 -9.851462
v 9.000000 1.714656 9.851891
v 9.000000 0.853653 -9.963501
v 9.000000 0.850651 9.963754
v 9.000000 -0.017181 -9.999974
v 9.000000 -0.020111 9.999968
v 9.000000 -0.888144 -9.960467
v 9.000000 -0.890590 9.960251
v 9.000000 -1.751959 -9.845322
v 9.000000 -1.753906 9.844976
v 9.000000 -2.601976 -9.655546
v 9.000000 -2.603508 9.655132
v 9.000000 -3.432421 -9.392452
v 9.000000 -3.433488 9.392063
v 9.000000 -4.237128 -9.057945
v 9.000000 -4.237689 9.057684
v 9.000000 -5.009649 -8.654656
v 9.000000 -5.009858 8.654536
v 9.000000 -5.743950 -8.185764
v 9.000000 -5.744145 8.185624
v 9.000000 -6.434524 -7.654839
v 9.000000 -6.434995 7.654439
v 9.000000 -7.076184 -7.065925
v 9.000000 -7.076987 7.065121
v 9.000000 -7.663997 -6.423626
v 9.000000 -7.665018 6.422410
v 9.000000 -8.193633 -5.732722
v 9.000000 -8.194768 5.731101
v 9.000000 -8.661390 -4.998006
v 9.000000 -8.662616 4.995878
v 9.000000 -9.063613 -4.225006
v 9.000000 -9.064852 4.222351
v 9.000000 -9.397070 -3.419808
v 9.000000 -9.398102 3.416978
v 9.000000 -9.659054 -2.588916
v 9.000000 -9.659705 2.586489
v 9.000000 -9.847967 -1.737092
v 9.000000 -9.848255 1.735457
v 9.000000 -9.961930 -0.871753
v 9.000000 -9.961993 0.871026
v 9.000000 -10.000000 -0.000001
v -12.894512 4.406063 6.202406
v -10.570119 6.449482 8.176099
v -12.255032 3.374663 7.188923
v -12.103472 3.387287 7.347316
v -12.022634 3.383431 7.435040
v -12.414426 3.335662 7.030167
v -12.574720 3.270562 6.878461
v -12.728410 3.182530 6.741026
v -11.946276 3.372224 7.520227
v -13.039914 5.657268 5.731347
v -10.700113 7.603783 7.820368
v -12.962399 4.965993 5.981898
v -13.165864 6.924928 5.331623
v -10.811744 8.771253 7.528538
v -13.274632 8.209844 5.002744
v -10.907789 9.959016 7.298986
v -13.368078 9.514506 4.744396
v -10.988955 11.160386 7.133770
v -13.447213 10.836610 4.557879
v -11.024128 11.765587 7.075555
v -11.055932 12.374570 7.033704
v 9.000000 6.456820 8.173635
v 9.000000 6.456822 -8.173633
v 9.000000 7.614955 7.817265
v 9.000000 7.614957 -7.817263
v 9.000000 8.790977 7.524179
v 9.000000 8.790979 -7.524177
v 9.000000 9.981170 7.295344
v 9.000000 9.981172 -7.295342
v 9.000000 11.181759 7.131445
v 9.000000 11.181761 -7.131443
v -10.249154 3.387287 7.347316
v -12.103472 3.387287 7.347316
v -12.255032 3.374663 7.188923
v -10.249154 3.373508 7.512743
v -12.022634 3.383431 7.435040
v -12.103472 3.387287 7.347316
v -10.249154 3.387287 7.347316
v -10.249154 3.373679 7.182907
v -12.414426 3.335662 7.030167
v -10.249154 3.333104 7.022618
v -12.574720 3.270562 6.878461
v -10.249154 3.266746 6.871343
v -12.728410 3.182530 6.741026
v -12.741709 3.079668 6.625784
v -12.728410 3.182530 6.741026
v -12.894512 4.406063 6.202406
v -10.249154 3.176845 6.733642
v -12.741709 3.079668 6.625784
v -12.760523 1.730309 5.959847
v -12.962399 4.965993 5.981898
v -12.750648 2.960540 6.527938
v -12.755168 2.827910 6.449624
v -13.208763 5.372537 4.288087
v -13.039914 5.657268 5.731347
v -12.989140 1.808849 4.264037
v -13.165864 6.924928 5.331623
v -13.274632 8.209844 5.002744
v -13.391817 8.938315 4.308133
v -13.368078 9.514506 4.744396
v -13.447213 10.836610 4.557879
v -13.512536 12.171172 4.444981
v -13.538284 12.505804 4.324173
v -13.564496 13.518967 4.406741
v -13.633567 15.814951 4.406318
v -10.249154 3.332641 7.673359
v -11.809051 3.330295 7.680085
v -11.946276 3.372224 7.520227
v -10.249154 3.266152 7.824386
v -11.709893 3.276539 7.804732
v -10.249154 1.387287 7.347316
v -10.249154 3.387287 7.347316
v -10.249154 3.373679 7.182907
v -10.249154 1.400894 7.511725
v -10.249154 3.373508 7.512743
v -10.249154 1.401065 7.181888
v -10.249154 3.333104 7.022618
v -10.249154 1.441932 7.021272
v -10.249154 3.266746 6.871343
v -10.249154 1.508422 6.870246
v -10.249154 3.176845 6.733642
v -10.249154 1.598102 6.733161
v -10.249154 3.064226 6.611279
v -10.249154 3.064226 6.611279
v -10.249154 1.840171 6.510259
v -10.249154 2.933068 6.509389
v -12.750648 2.960540 6.527938
v -10.249154 2.933068 6.509389
v -10.249154 1.710051 6.611550
v -10.249154 1.984923 6.431837
v -10.249154 2.787152 6.430744
v -12.755168 2.827910 6.449624
v -10.249154 2.787152 6.430744
v -10.249154 2.140512 6.378244
v -10.249154 2.630587 6.377367
v -12.755284 2.684822 6.392605
v -10.249154 2.630587 6.377367
v -10.249154 2.302873 6.350886
v -10.249154 2.467697 6.350555
v -12.751072 2.534545 6.358219
v -10.249154 2.467697 6.350555
v -12.742667 2.380528 6.347339
v -10.249154 2.302873 6.350886
v -12.730260 2.226360 6.360350
v -10.249154 2.140512 6.378244
v -12.714097 2.075736 6.397087
v -10.249154 1.984923 6.431837
v -12.694478 1.932283 6.456826
v -10.249154 1.840171 6.510259
v -12.671752 1.799498 6.538301
v -10.249154 1.710051 6.611550
v -12.646326 1.680688 6.639701
v -10.249154 1.598102 6.733161
v -12.618671 1.578883 6.758687
v -10.249154 1.508422 6.870246
v -12.589327 1.496744 6.892415
v -10.249154 1.441932 7.021272
v -12.558903 1.436461 7.037588
v -10.249154 1.401065 7.181888
v -12.497587 1.387287 7.347316
v -10.249154 1.387287 7.347316
v -12.528080 1.399654 7.190529
v -12.489863 1.388111 7.387919
v -10.249154 1.387287 7.347316
v -12.497587 1.387287 7.347316
v -12.482230 1.390580 7.428414
v -10.249154 1.400894 7.511725
v -12.529795 -1.506668 5.924324
v -12.497587 1.387287 7.347316
v -12.528080 1.399654 7.190529
v -12.445266 1.058820 7.498851
v -12.489863 1.388111 7.387919
v -12.558903 1.436461 7.037588
v -12.589327 1.496744 6.892415
v -12.618671 1.578883 6.758687
v -12.646326 1.680688 6.639701
v -12.671752 1.799498 6.538301
v -12.694478 1.932283 6.456826
v -12.714097 2.075736 6.397087
v -12.730260 2.226360 6.360350
v -12.742667 2.380528 6.347339
v -12.751072 2.534545 6.358219
v -12.755284 2.684822 6.392605
v -12.482230 1.390580 7.428414
v -12.348234 1.410234 7.560315
v -12.348234 1.410234 7.560315
v -12.482230 1.390580 7.428414
v -10.249154 1.441469 7.672014
v -10.249154 1.441469 7.672014
v -10.249154 3.332641 7.673359
v -10.249154 1.507827 7.823289
v -12.208510 1.449888 7.695575
v -10.249154 1.507827 7.823289
v -10.249154 3.266152 7.824386
v -10.249154 1.597728 7.960990
v -11.938559 1.588578 7.949033
v -10.249154 1.597728 7.960990
v -12.069784 1.509998 7.827279
v -10.249154 3.176472 7.961471
v -10.249154 1.710347 8.083354
v -11.819928 1.681634 8.055874
v -10.249154 1.710347 8.083354
v -10.249154 2.934402 8.184372
v -10.249154 1.841505 8.185242
v -11.717276 1.783969 8.144817
v -10.249154 1.841505 8.185242
v -10.249154 3.064522 8.083081
v -10.249154 2.789651 8.262795
v -10.249154 1.987421 8.263889
v -11.630642 1.891993 8.216042
v -10.249154 1.987421 8.263889
v -10.249154 2.634061 8.316388
v -10.249154 2.143986 8.317266
v -11.501882 2.115293 8.309615
v -10.249154 2.143986 8.317266
v -11.559231 2.003040 8.270546
v -10.249154 2.471700 8.343745
v -10.249154 2.306876 8.344077
v -11.457680 2.226955 8.334379
v -10.249154 2.306876 8.344077
v -11.404199 2.446809 8.345543
v -10.249154 2.471700 8.343745
v -11.425352 2.337738 8.346087
v -11.393642 2.553947 8.333330
v -10.249154 2.634061 8.316388
v -11.403506 2.761380 8.274707
v -10.249154 2.789651 8.262795
v -11.393419 2.659203 8.309636
v -11.424213 2.860851 8.228075
v -10.249154 2.934402 8.184372
v -11.499451 3.047391 8.098490
v -10.249154 3.064522 8.083081
v -11.455948 2.956450 8.169540
v -11.555795 3.132569 8.014065
v -10.249154 3.176472 7.961471
v -11.625618 3.209669 7.916251
v -12.208510 1.449888 7.695575
v -12.394426 -6.522510 -3.578739
v -12.747576 -3.415397 -2.545580
v -12.394426 -6.522510 -3.578739
v -12.409400 -6.678419 -3.249261
v -10.249154 -6.649865 -3.624319
v -12.262742 -6.653564 -3.625941
v -12.394426 -6.522510 -3.578739
v -12.411128 -6.371192 -3.548263
v -10.249154 -6.493300 -3.570942
v -12.411128 -6.371192 -3.548263
v -12.423540 -6.819328 -2.910874
v -12.436666 -6.945671 -2.562405
v -12.437969 -6.958028 -2.525411
v -12.785706 -3.850527 -0.852223
v -12.448441 -7.056159 -2.207304
v -12.458661 -7.149522 -1.848819
v -12.467228 -7.226155 -1.486379
v -12.474021 -7.286089 -1.120662
v -12.477893 -7.319783 -0.845847
v -12.478042 -7.320957 0.833968
v -12.478982 -7.329146 -0.751165
v -12.785840 -3.852020 0.840385
v -12.479031 -7.329503 0.746914
v -12.482027 -7.355139 -0.377583
v -12.482036 -7.355342 0.374703
v -12.483037 -7.364130 -0.000001
v -12.467298 -7.226883 1.482810
v -12.474089 -7.286603 1.116691
v -12.458753 -7.150322 1.845348
v -12.448525 -7.056768 2.204856
v -12.438372 -6.961910 2.513764
v -12.423646 -6.820402 2.908156
v -12.436769 -6.946732 2.559374
v -12.409461 -6.679011 3.247892
v -12.394426 -6.522511 3.578737
v -12.411126 -6.371210 3.548263
v -12.458091 -5.645998 3.743908
v -12.458276 -5.531262 3.845608
v -12.748080 -3.418709 2.533739
v -12.454543 -5.775047 3.660879
v -12.447814 -5.915467 3.598506
v -12.438142 -6.064017 3.558337
v -12.425808 -6.217158 3.541429
v -12.262711 -6.653597 3.625953
v -12.394426 -6.522511 3.578737
v -10.249154 -6.652364 3.625411
v -12.394426 -6.522511 3.578737
v -12.262711 -6.653597 3.625953
v -10.249154 -6.496776 3.571818
v -12.411126 -6.371210 3.548263
v -12.122928 -6.782495 3.694456
v -10.249154 -6.797115 3.703833
v -11.979293 -6.903943 3.784345
v -10.249154 -6.927237 3.805125
v -11.837112 -7.012362 3.893738
v -10.249154 -7.039186 3.926735
v -11.703538 -7.101840 4.017086
v -10.249154 -7.128865 4.063820
v -11.583132 -7.169758 4.148405
v -10.249154 -7.195355 4.214846
v -11.478020 -7.216080 4.282643
v -10.249154 -7.236222 4.375462
v -11.388412 -7.242223 4.416416
v -11.317165 -7.250000 4.540890
v -10.249154 -7.250000 4.540890
v -11.317165 -7.250000 4.540890
v -11.256521 -7.242056 4.666683
v -10.249154 -7.250000 4.540890
v -10.249154 -7.236392 4.705299
v -11.211579 -7.220895 4.780394
v -10.249154 -7.195818 4.865588
v -11.178013 -7.187708 4.888314
v -11.155415 -7.143768 4.989420
v -10.249154 -7.129459 5.016863
v -11.143182 -7.089550 5.084174
v -10.249154 -7.039558 5.154565
v -11.141131 -7.026053 5.171558
v -11.149054 -6.953927 5.251163
v -10.249154 -6.926939 5.276928
v -11.167075 -6.873036 5.323083
v -10.249154 -6.795782 5.378816
v -11.195755 -6.782999 5.387006
v -11.235969 -6.683398 5.442093
v -10.249154 -6.649866 5.457463
v -11.288649 -6.574317 5.486839
v -10.249154 -6.493301 5.510840
v -11.354478 -6.456654 5.519304
v -11.434654 -6.330629 5.537634
v -10.249154 -6.330410 5.537651
v -11.529909 -6.197610 5.539517
v -10.249154 -6.165587 5.537320
v -11.640370 -6.059875 5.522650
v -10.249154 -6.003225 5.509962
v -11.765432 -5.920536 5.485058
v -10.249154 -5.847637 5.456369
v -11.900806 -5.785985 5.426716
v -10.249154 -5.702886 5.377946
v -12.040462 -5.662657 5.350228
v -10.249154 -5.572764 5.276656
v -12.178481 -5.554898 5.259801
v -12.309702 -5.465125 5.160543
v -12.309702 -5.465125 5.160543
v -12.331189 -5.389348 5.050082
v -12.309702 -5.465125 5.160543
v -12.294386 -5.220792 5.428100
v -10.249154 -5.460815 5.155046
v -12.331189 -5.389348 5.050082
v -12.407265 -5.250000 4.540891
v -12.280077 -4.966693 5.680915
v -12.352112 -5.329069 4.930614
v -12.372029 -5.285333 4.804358
v -12.390532 -5.258852 4.673649
v -12.424100 -5.261883 4.387189
v -12.268874 -4.741921 5.885101
v -12.255552 -4.429192 6.142389
v -12.267063 -4.702753 5.918959
v -12.245731 -4.145627 6.351703
v -12.237840 -3.853796 6.545856
v -12.232128 -3.555452 6.723812
v -12.228758 -3.250154 6.886031
v -12.227880 -2.937696 7.032784
v -12.229660 -2.619130 7.163585
v -12.234254 -2.295133 7.278096
v -12.241755 -1.966634 7.376117
v -12.252284 -1.634290 7.457355
v -12.732973 -1.752370 4.235985
v -12.437802 -5.297132 4.237507
v -12.265830 -1.299602 7.521731
v -12.282376 -0.964475 7.568985
v -12.301972 -0.628365 7.599351
v -12.324608 -0.291320 7.613026
v -12.350319 0.046533 7.609839
v -12.379180 0.385912 7.589600
v -12.410923 0.724225 7.552537
v -10.249154 3.333106 -7.672014
v -11.809051 3.330297 -7.680084
v -11.709647 3.276378 -7.805048
v -11.946319 3.372235 -7.520177
v -10.249154 3.266748 -7.823288
v -11.625205 3.209283 -7.916811
v -10.249154 3.176847 -7.960989
v -11.555275 3.131899 -8.014815
v -10.249154 3.064228 -8.083354
v -11.499074 3.046729 -8.099073
v -11.455533 2.955431 -8.170246
v -10.249154 2.933070 -8.185242
v -11.423884 2.859635 -8.228729
v -10.249154 2.787154 -8.263889
v -11.403283 2.759903 -8.275302
v -11.393324 2.657211 -8.310198
v -10.249154 2.630589 -8.317266
v -11.393696 2.552852 -8.333515
v -10.249154 2.467699 -8.344077
v -11.404247 2.446489 -8.345562
v -11.425318 2.337872 -8.346094
v -10.249154 2.302875 -8.343745
v -11.457702 2.226877 -8.334366
v -10.249154 2.140514 -8.316388
v -11.502328 2.114304 -8.309334
v -11.559772 2.002084 -8.270147
v -10.249154 1.984925 -8.262795
v -11.631529 1.890765 -8.215339
v -10.249154 1.840173 -8.184372
v -11.718522 1.782589 -8.143769
v -10.249154 1.710053 -8.083081
v -11.821599 1.680170 -8.054410
v -10.249154 1.598104 -7.961470
v -11.940463 1.587279 -7.947302
v -12.071354 1.509204 -7.825820
v -10.249154 1.508424 -7.824385
v -12.208822 1.449782 -7.695284
v -12.347401 1.410414 -7.561131
v -10.249154 1.441934 -7.673359
v -12.347401 1.410414 -7.561131
v -12.482230 1.390582 -7.428414
v -10.249154 1.401067 -7.512743
v -12.482230 1.390582 -7.428414
v -12.489860 1.388114 -7.387936
v -12.482230 1.390582 -7.428414
v -12.444762 1.053907 -7.499653
v -12.489860 1.388114 -7.387936
v -12.757611 1.713968 -5.971506
v -12.410095 0.715786 -7.553670
v -12.558903 1.436464 -7.037586
v -12.497589 1.387289 -7.347316
v -12.528080 1.399656 -7.190528
v -12.378250 0.375563 -7.590498
v -12.349410 0.035211 -7.610212
v -12.323752 -0.303267 -7.612838
v -12.301206 -0.640606 -7.598539
v -12.281707 -0.976950 -7.567527
v -12.265272 -1.312064 -7.519648
v -12.527863 -1.508253 -5.936061
v -12.251849 -1.646517 -7.454654
v -12.241446 -1.978046 -7.373011
v -12.234074 -2.304466 -7.275095
v -12.229592 -2.626126 -7.160907
v -12.227873 -2.942946 -7.030476
v -12.228785 -3.254020 -6.884096
v -12.232180 -3.558505 -6.722056
v -12.237896 -3.856132 -6.544376
v -12.245761 -4.146752 -6.350939
v -12.255551 -4.429164 -6.142409
v -12.267024 -4.701982 -5.919640
v -12.268249 -4.728576 -5.896716
v -12.732002 -1.748155 -4.247838
v -12.280020 -4.965609 -5.681942
v -12.294348 -5.219982 -5.428867
v -12.309702 -5.465125 -5.160545
v -12.331187 -5.389350 -5.050090
v -12.309702 -5.465125 -5.160545
v -12.407265 -5.250000 -4.540892
v -12.390531 -5.258852 -4.673659
v -12.372027 -5.285334 -4.804368
v -12.352111 -5.329072 -4.930624
v -10.249154 -5.460442 -5.154566
v -12.309702 -5.465125 -5.160545
v -12.179896 -5.553864 -5.258801
v -12.331187 -5.389350 -5.050090
v -10.249154 -5.573061 -5.276929
v -12.041321 -5.661948 -5.349714
v -10.249154 -5.704218 -5.378818
v -11.900903 -5.785904 -5.426676
v -10.249154 -5.850134 -5.457465
v -11.765342 -5.920662 -5.485104
v -10.249154 -6.006699 -5.510842
v -11.640273 -6.060067 -5.522689
v -10.249154 -6.169590 -5.537653
v -11.529695 -6.198026 -5.539540
v -11.434544 -6.330958 -5.537609
v -10.249154 -6.334413 -5.537322
v -11.354423 -6.456878 -5.519259
v -10.249154 -6.496775 -5.509964
v -11.288542 -6.574505 -5.486776
v -10.249154 -6.652363 -5.456371
v -11.236054 -6.683054 -5.442259
v -11.195873 -6.782523 -5.387308
v -10.249154 -6.797114 -5.377948
v -11.167027 -6.873127 -5.323012
v -10.249154 -6.927236 -5.276657
v -11.148926 -6.954698 -5.250399
v -11.141072 -7.027554 -5.169708
v -10.249154 -7.039185 -5.155047
v -11.143314 -7.090723 -5.082357
v -10.249154 -7.128864 -5.017962
v -11.155537 -7.144209 -4.988540
v -11.178039 -7.187836 -4.887969
v -10.249154 -7.195354 -4.866935
v -11.211409 -7.220850 -4.780578
v -10.249154 -7.236221 -4.706319
v -11.256466 -7.242077 -4.666515
v -11.317166 -7.250000 -4.540892
v -10.249154 -7.250000 -4.540892
v -11.317166 -7.250000 -4.540892
v -11.388428 -7.242198 -4.416227
v -10.249154 -7.250000 -4.540892
v -10.249154 -7.236392 -4.376482
v -11.478040 -7.216049 -4.282532
v -10.249154 -7.195817 -4.216194
v -11.583099 -7.169761 -4.148413
v -10.249154 -7.129458 -4.064918
v -11.703239 -7.102018 -4.017381
v -10.249154 -7.039557 -3.927217
v -11.836596 -7.012733 -3.894179
v -10.249154 -6.926939 -3.804854
v -11.978501 -6.904582 -3.784901
v -10.249154 -6.795781 -3.702965
v -12.122436 -6.782928 -3.694732
v -10.249154 -5.371136 5.017961
v -12.352112 -5.329069 4.930614
v -10.249154 -5.304646 4.866933
v -12.372029 -5.285333 4.804358
v -10.249154 -5.263779 4.706317
v -12.390532 -5.258852 4.673649
v -12.407265 -5.250000 4.540891
v -10.249154 -5.250000 4.540891
v -12.407265 -5.250000 4.540891
v -12.424100 -5.261883 4.387189
v -10.249154 -5.250000 4.540891
v -10.249154 -5.263608 4.376481
v -12.437802 -5.297132 4.237507
v -12.440550 -5.308763 4.203146
v -10.249154 -5.304183 4.216193
v -12.440550 -5.308763 4.203146
v -12.448137 -5.354793 4.095243
v -12.448137 -5.354793 4.095243
v -13.021339 0.126565 2.551631
v -13.258228 3.674465 2.567142
v -13.458721 7.224617 2.580270
v -13.622797 10.776648 2.591013
v -13.648148 16.074625 4.336204
v -13.750438 14.330181 2.599371
v -13.687286 18.111172 4.405970
v -13.721397 19.644396 4.344226
v -13.841632 17.884840 2.605342
v -13.748673 22.703854 4.405551
v -13.758023 23.214735 4.348238
v -13.896369 21.440250 2.608927
v -13.725655 20.407526 4.405710
v -13.756345 25.000000 4.405496
v -13.758023 26.785267 4.348238
v -13.914642 24.996037 2.610124
v -13.725655 29.592474 4.405711
v -13.721397 30.355606 4.344228
v -13.896450 28.551825 2.608932
v -13.748673 27.296146 4.405551
v -13.687286 31.888828 4.405971
v -13.648148 33.925377 4.336206
v -13.841795 32.107239 2.605355
v -13.564496 36.481033 4.406744
v -13.538284 37.494198 4.324176
v -13.750682 35.661900 2.599389
v -13.633567 34.185047 4.406320
v -13.447335 39.161018 4.557676
v -13.391817 41.061684 4.308137
v -13.623122 39.215431 2.591038
v -13.512793 37.823017 4.444631
v -13.039804 44.343876 5.731662
v -13.208763 44.627464 4.288092
v -13.459127 42.767467 2.580301
v -13.165709 43.076736 5.332120
v -13.274616 41.790337 5.002801
v -13.368119 40.484882 4.744293
v -12.962484 45.033409 5.981579
v -12.989140 48.191151 4.264043
v -13.258715 46.317623 2.567178
v -12.530371 51.499081 5.924419
v -12.732973 51.752373 4.235991
v -13.021907 49.865528 2.551674
v -12.760767 48.266022 5.959891
v -12.437800 55.297127 4.237529
v -12.440550 55.308762 4.203153
v -12.748729 53.410809 2.533788
v -12.424098 55.261879 4.387213
v -12.407265 55.250000 4.540898
v -12.294348 55.219982 5.428874
v -12.280020 54.965611 5.681949
v -12.268516 54.734337 5.891727
v -10.249154 55.304646 4.214854
v -12.440550 55.308762 4.203153
v -12.437800 55.297127 4.237529
v -12.448136 55.354786 4.095263
v -10.249154 55.371136 4.063828
v -12.448136 55.354786 4.095263
v -10.249154 55.263779 4.375470
v -12.424098 55.261879 4.387213
v -12.407265 55.250000 4.540898
v -12.390531 55.258854 4.673665
v -10.249154 55.250000 4.540898
v -12.407265 55.250000 4.540898
v -12.390531 55.258854 4.673665
v -10.249154 55.250000 4.540898
v -12.372028 55.285336 4.804372
v -10.249154 55.263607 4.705307
v -12.372028 55.285336 4.804372
v -12.352111 55.329071 4.930627
v -10.249154 55.304180 4.865596
v -12.352111 55.329071 4.930627
v -12.331188 55.389351 5.050093
v -10.249154 55.370541 5.016870
v -12.331188 55.389351 5.050093
v -12.309702 55.465126 5.160552
v -10.249154 55.460442 5.154572
v -12.309702 55.465126 5.160552
v -12.179896 55.553864 5.258807
v -12.309702 55.465126 5.160552
v -12.294348 55.219982 5.428874
v -12.179896 55.553864 5.258807
v -9.858284 57.068165 7.073976
v -12.280020 54.965611 5.681949
v -9.836986 56.424435 7.663339
v -12.268516 54.734337 5.891727
v -12.255551 54.429165 6.142416
v -12.255551 54.429165 6.142416
v -12.265272 51.312065 7.519654
v -12.245761 54.146751 6.350945
v -12.237896 53.856133 6.544382
v -12.232180 53.558506 6.722062
v -12.228785 53.254021 6.884101
v -12.227873 52.942947 7.030481
v -12.229592 52.626125 7.160913
v -12.234074 52.304466 7.275100
v -12.241446 51.978046 7.373017
v -12.251849 51.646519 7.454660
v -12.730260 47.773632 6.360354
v -12.589327 48.503254 6.892419
v -12.558903 48.563538 7.037592
v -12.444762 48.946095 7.499659
v -12.618672 48.421116 6.758690
v -12.646327 48.319309 6.639705
v -12.671753 48.200497 6.538304
v -12.694479 48.067711 6.456830
v -12.714098 47.924255 6.397090
v -12.281707 50.976952 7.567533
v -12.301206 50.640606 7.598545
v -12.323752 50.303268 7.612844
v -12.349410 49.964790 7.610218
v -12.378250 49.624439 7.590504
v -12.410095 49.284214 7.553676
v -10.568971 43.560383 8.179440
v -12.962484 45.033409 5.981579
v -13.039804 44.343876 5.731662
v -12.742668 47.619465 6.347344
v -12.751072 47.465446 6.358225
v -12.755284 47.315170 6.392613
v -12.755168 47.172081 6.449633
v -12.750648 47.039452 6.527949
v -12.741709 46.920322 6.625798
v -12.894895 45.590858 6.201177
v -10.419799 44.687866 8.595315
v -12.894895 45.590858 6.201177
v -10.698507 42.411556 7.824654
v -13.165709 43.076736 5.332120
v -10.810570 41.242073 7.531499
v -13.274616 41.790337 5.002801
v -10.906626 40.056774 7.301606
v -13.368119 40.484882 4.744293
v -10.988267 38.850121 7.134932
v -13.447335 39.161018 4.557676
v -11.023790 38.240173 7.076035
v -13.512793 37.823017 4.444631
v -11.055796 37.628284 7.033864
v -12.454974 -5.433448 3.963617
v -10.249154 -5.370542 4.064917
v -12.454974 -5.433448 3.963617
v -10.249154 -5.460443 3.927215
v -12.458276 -5.531262 3.845608
v -10.249154 -5.573061 3.804852
v -12.458091 -5.645998 3.743908
v -10.249154 -5.704219 3.702963
v -12.454543 -5.775047 3.660879
v -10.249154 -5.850135 3.624317
v -12.447814 -5.915467 3.598506
v -10.249154 -6.006700 3.570940
v -12.438142 -6.064017 3.558337
v -10.249154 -6.169590 3.544129
v -12.425808 -6.217158 3.541429
v -10.249154 -6.334414 3.544460
v -13.058596 -0.381687 0.846304
v -13.296434 3.091215 0.851464
v -13.499327 6.566335 0.855866
v -13.664026 10.083333 1.063831
v -13.667368 10.041668 0.851072
v -13.679549 11.333333 2.000001
v -13.662677 10.166669 1.234048
v -13.660576 10.250000 1.404256
v -13.661253 10.416668 1.574470
v -13.661118 10.583333 1.744682
v -13.664195 10.749998 1.829787
v -13.667010 10.916667 1.914895
v -13.673365 11.124998 1.957447
v -13.804510 14.833333 1.914896
v -13.694187 11.708325 2.000001
v -13.708418 12.083333 2.000001
v -13.718270 12.291650 1.957451
v -13.727950 12.500000 1.914896
v -13.737956 12.666644 1.829801
v -13.747700 12.833333 1.744683
v -13.760642 12.999970 1.574501
v -13.772775 13.166667 1.404257
v -13.781149 13.208329 1.191513
v -13.788379 13.250000 0.978725
v -13.810871 14.000000 1.063832
v -13.808594 14.083336 1.234051
v -13.805568 14.166667 1.404257
v -13.804376 14.333339 1.574476
v -13.802374 14.500000 1.744683
v -13.803573 14.666668 1.829790
v -13.877301 17.916668 2.000002
v -13.808506 15.041668 1.957449
v -13.812331 15.250000 2.000002
v -13.821579 15.583329 2.000002
v -13.830505 15.916667 2.000002
v -13.838036 16.124987 1.957452
v -13.845396 16.333332 1.914896
v -13.853539 16.499981 1.829799
v -13.861421 16.666668 1.744683
v -13.872492 16.833307 1.574497
v -13.882757 17.000000 1.404257
v -13.890311 17.083324 1.234061
v -13.897118 17.166668 1.063832
v -13.902820 17.205679 0.864621
v -13.934622 21.750000 2.000003
v -13.882336 18.166664 2.000002
v -13.887190 18.416668 2.000002
v -13.922009 18.416668 1.106663
v -13.927979 18.416668 0.865186
v -13.920604 20.500000 2.000002
v -13.924280 20.791664 2.000002
v -13.927709 21.083332 2.000003
v -13.960312 20.708431 1.021536
v -13.963247 20.648809 0.865928
v -13.945474 26.750000 2.000003
v -13.945474 23.249983 2.000003
v -13.949815 24.750000 2.000003
v -13.961793 24.750000 1.744720
v -13.972137 24.750000 1.489365
v -13.923770 29.250000 2.000004
v -13.944118 27.000002 2.000003
v -13.942580 27.250000 2.000003
v -13.983287 27.250000 0.866368
v -13.873844 32.250000 2.000004
v -13.902063 30.750055 2.000004
v -13.794686 35.750000 1.744685
v -13.885845 32.250000 1.744721
v -13.896209 32.250000 1.489366
v -13.841175 33.833336 1.914898
v -13.833714 34.041679 1.957454
v -13.826082 34.250000 2.000004
v -13.815837 34.625008 2.000004
v -13.805184 35.000000 2.000004
v -13.801208 35.208332 1.957451
v -13.797062 35.416664 1.914898
v -13.796005 35.583332 1.829792
v -13.638518 39.666664 2.000005
v -13.747238 36.833336 2.000004
v -13.738582 37.083336 2.000005
v -13.729744 37.333336 2.000005
v -13.765863 37.333336 1.064129
v -13.770769 37.333336 0.861776
v -13.490350 43.601200 0.855676
v -13.627807 39.916672 2.000005
v -13.616914 40.166664 2.000005
v -13.658111 40.166664 0.859309
v -13.288475 47.033901 0.851297
v -13.052502 50.464420 0.846177
v -12.423540 56.819328 2.910880
v -12.438276 56.960934 2.516630
v -12.782457 53.892429 0.840318
v -12.409400 56.678417 3.249267
v -12.394426 56.522511 3.578745
v -12.411128 56.371193 3.548269
v -12.425809 56.217144 3.541438
v -12.438143 56.064007 3.558347
v -12.447815 55.915459 3.598517
v -12.454543 55.775040 3.660891
v -12.458091 55.645988 3.743922
v -12.458276 55.531254 3.845625
v -12.454973 55.433441 3.963636
v -9.979446 59.397224 3.419385
v -12.438276 56.960934 2.516630
v -12.423540 56.819328 2.910880
v -12.448441 57.056160 2.207310
v -9.997402 59.659500 2.587296
v -12.448441 57.056160 2.207310
v -9.957835 59.063198 4.225930
v -12.409400 56.678417 3.249267
v -12.262742 56.653564 3.625947
v -12.394426 56.522511 3.578745
v -10.249154 56.493301 3.570948
v -12.394426 56.522511 3.578745
v -12.411128 56.371193 3.548269
v -10.249154 56.649864 3.624325
v -12.262742 56.653564 3.625947
v -10.249154 56.330410 3.544137
v -12.425809 56.217144 3.541438
v -10.249154 56.165588 3.544468
v -12.438143 56.064007 3.558347
v -10.249154 56.003223 3.571826
v -12.447815 55.915459 3.598517
v -10.249154 55.847637 3.625419
v -12.454543 55.775040 3.660891
v -10.249154 55.702885 3.703841
v -12.458091 55.645988 3.743922
v -10.249154 55.572765 3.805133
v -12.458276 55.531254 3.845625
v -10.249154 55.460815 3.926743
v -12.454973 55.433441 3.963636
v -13.058462 -0.379975 -0.858224
v -13.296294 3.093147 -0.863457
v -13.499179 6.568486 -0.867919
v -13.500000 10.000000 0.638299
v -13.667368 10.041668 0.851072
v -13.664026 10.083333 1.063831
v 13.500000 17.000000 -1.063828
v 13.500000 17.083334 -0.638296
v 13.500000 17.000000 1.063832
v -13.500000 10.083333 1.063831
v -13.664026 10.083333 1.063831
v -13.662677 10.166669 1.234048
v -13.500000 10.083333 1.063831
v -13.660576 10.250000 1.404256
v -13.500000 10.250000 1.404256
v -13.660576 10.250000 1.404256
v -13.661253 10.416668 1.574470
v -13.500000 10.250000 1.404256
v -13.661118 10.583333 1.744682
v -13.500000 10.583333 1.744682
v -13.661118 10.583333 1.744682
v -13.664195 10.749998 1.829787
v -13.500000 10.583333 1.744682
v -13.667010 10.916667 1.914895
v -13.500000 10.916667 1.914895
v -13.667010 10.916667 1.914895
v -13.673365 11.124998 1.957447
v -13.500000 10.916667 1.914895
v -13.679549 11.333333 2.000001
v -13.500000 11.333333 2.000001
v -13.679549 11.333333 2.000001
v -13.694187 11.708325 2.000001
v -13.500000 11.333333 2.000001
v -13.708418 12.083333 2.000001
v -13.500000 12.083333 2.000001
v -13.708418 12.083333 2.000001
v -13.718270 12.291650 1.957451
v -13.500000 12.083333 2.000001
v -13.727950 12.500000 1.914896
v -13.500000 12.500000 1.914896
v -13.727950 12.500000 1.914896
v -13.737956 12.666644 1.829801
v -13.500000 12.500000 1.914896
v -13.747700 12.833333 1.744683
v -13.500000 12.833333 1.744683
v -13.747700 12.833333 1.744683
v -13.760642 12.999970 1.574501
v -13.500000 12.833333 1.744683
v -13.772775 13.166667 1.404257
v -13.500000 13.166667 1.404257
v -13.772775 13.166667 1.404257
v -13.781149 13.208329 1.191513
v -13.500000 13.166667 1.404257
v -13.788379 13.250000 0.978725
v -13.688981 10.554266 0.859982
v -13.779791 12.999997 0.978725
v -13.500000 13.250000 0.978725
v -13.788379 13.250000 0.978725
v -13.779791 12.999997 0.978725
v -13.814488 13.960613 0.862705
v -13.500000 13.250000 0.978725
v -13.771022 12.750000 0.978724
v -13.771022 12.750000 0.978724
v -13.760946 12.666667 1.234045
v -13.771022 12.750000 0.978724
v -13.766192 12.708331 1.106393
v -13.766192 12.708331 1.106393
v -13.500000 12.666667 1.234045
v -13.500000 12.750000 0.978724
v -13.500000 12.750000 0.978724
v -13.760946 12.666667 1.234045
v -13.753726 12.541654 1.319160
v -13.500000 12.666667 1.234045
v -13.760946 12.666667 1.234045
v -13.753726 12.541654 1.319160
v -13.746279 12.416667 1.404256
v -13.746279 12.416667 1.404256
v -13.738640 12.249988 1.446813
v -13.500000 12.416667 1.404256
v -13.746279 12.416667 1.404256
v -13.738640 12.249988 1.446813
v -13.500000 12.416667 1.404256
v -13.730876 12.083333 1.489363
v -13.730876 12.083333 1.489363
v -13.716653 11.708325 1.489363
v -13.500000 12.083333 1.489363
v -13.730876 12.083333 1.489363
v -13.716653 11.708325 1.489363
v -13.500000 12.083333 1.489363
v -13.702023 11.333333 1.489363
v -13.702023 11.333333 1.489363
v -13.696966 11.166663 1.446809
v -13.500000 11.333333 1.489363
v -13.702023 11.333333 1.489363
v -13.696966 11.166663 1.446809
v -13.500000 11.333333 1.489363
v -13.691783 11.000000 1.404256
v -13.691783 11.000000 1.404256
v -13.689618 10.874997 1.319148
v -13.500000 11.000000 1.404256
v -13.691783 11.000000 1.404256
v -13.689618 10.874997 1.319148
v -13.500000 11.000000 1.404256
v -13.687227 10.750000 1.234044
v -13.687227 10.750000 1.234044
v -13.687549 10.666667 1.106385
v -13.500000 10.750000 1.234044
v -13.687227 10.750000 1.234044
v -13.687549 10.666667 1.106385
v -13.500000 10.750000 1.234044
v -13.687441 10.583333 0.978724
v -13.687441 10.583333 0.978724
v -13.500000 10.583333 0.978724
v -13.687441 10.583333 0.978724
v -13.688981 10.554266 0.859982
v -13.500000 10.583333 0.978724
v -13.688840 10.557231 -0.872093
v -13.689537 10.541668 -0.808513
v -13.689537 10.541668 0.808516
v -13.689537 10.541668 0.808516
v -13.500000 13.916667 0.638300
v -13.814488 13.960613 0.862705
v -13.810871 14.000000 1.063832
v -13.814666 13.958335 0.851075
v -13.814666 13.958335 0.851075
v -13.500000 14.000000 1.063832
v -13.810871 14.000000 1.063832
v -13.808594 14.083336 1.234051
v -13.500000 14.000000 1.063832
v -13.805568 14.166667 1.404257
v -13.500000 14.166667 1.404257
v -13.805568 14.166667 1.404257
v -13.804376 14.333339 1.574476
v -13.500000 14.166667 1.404257
v -13.802374 14.500000 1.744683
v -13.500000 14.500000 1.744683
v -13.802374 14.500000 1.744683
v -13.803573 14.666668 1.829790
v -13.500000 14.500000 1.744683
v -13.804510 14.833333 1.914896
v -13.500000 14.833333 1.914896
v -13.804510 14.833333 1.914896
v -13.808506 15.041668 1.957449
v -13.500000 14.833333 1.914896
v -13.812331 15.250000 2.000002
v -13.500000 15.250000 2.000002
v -13.812331 15.250000 2.000002
v -13.821579 15.583329 2.000002
v -13.500000 15.250000 2.000002
v -13.830505 15.916667 2.000002
v -13.500000 15.916667 2.000002
v -13.830505 15.916667 2.000002
v -13.838036 16.124987 1.957452
v -13.500000 15.916667 2.000002
v -13.845396 16.333332 1.914896
v -13.500000 16.333332 1.914896
v -13.845396 16.333332 1.914896
v -13.853539 16.499981 1.829799
v -13.500000 16.333332 1.914896
v -13.861421 16.666668 1.744683
v -13.500000 16.666668 1.744683
v -13.861421 16.666668 1.744683
v -13.872492 16.833307 1.574497
v -13.500000 16.666668 1.744683
v -13.882757 17.000000 1.404257
v -13.500000 17.166668 1.063832
v -13.882757 17.000000 1.404257
v -13.890311 17.083324 1.234061
v -13.500000 17.000000 1.404257
v -13.500000 17.000000 1.404257
v -13.897118 17.166668 1.063832
v -13.500000 17.166668 1.063832
v -13.897118 17.166668 1.063832
v -13.902820 17.205679 0.864621
v -13.918107 17.916668 0.864947
v -13.903171 17.208330 0.851081
v -13.903171 17.208330 0.851081
v -13.500000 17.916668 -1.999998
v -13.918107 17.916668 0.864947
v -13.877301 17.916668 2.000002
v -13.903171 17.208330 -0.851077
v -13.902500 17.203295 -0.876792
v -13.921907 17.916668 0.667074
v -13.913194 17.250000 0.000002
v -13.908083 17.250000 0.638300
v -13.908083 17.250000 -0.638296
v -13.921907 17.916668 0.667074
v -13.500000 17.916668 2.000002
v -13.877301 17.916668 2.000002
v -13.882336 18.166664 2.000002
v -13.500000 17.916668 2.000002
v -13.887190 18.416668 2.000002
v -13.500000 18.416668 2.000002
v -13.887190 18.416668 2.000002
v -13.922009 18.416668 1.106663
v -13.500000 18.416668 2.000002
v -13.927979 18.416668 0.865186
v -13.955583 20.076916 0.865778
v -13.936796 18.416668 0.212768
v -13.936796 18.416668 0.212768
v -13.950898 20.166758 1.106627
v -13.500000 19.833332 0.212768
v -13.955583 20.076916 0.865778
v -13.950898 20.166758 1.106627
v -13.949551 19.124989 0.212768
v -13.960855 19.833332 0.212768
v -13.960855 19.833332 0.212768
v -13.920604 20.500000 2.000002
v -13.500000 20.500000 2.000002
v -13.920604 20.500000 2.000002
v -13.924280 20.791664 2.000002
v -13.500000 20.500000 2.000002
v -13.927709 21.083332 2.000003
v -13.500000 21.083332 2.000003
v -13.927709 21.083332 2.000003
v -13.960312 20.708431 1.021536
v -13.500000 21.083332 2.000003
v -13.963247 20.648809 0.865928
v -13.975342 21.750000 0.866189
v -13.972659 20.666668 -0.127658
v -13.970713 20.499996 -0.042549
v -13.968505 20.333332 0.042555
v -13.968505 20.333332 0.042555
v -13.500000 21.750000 -1.999997
v -13.975342 21.750000 0.866189
v -13.934622 21.750000 2.000003
v -13.970324 21.000000 -0.723401
v -13.967218 21.000000 -0.878215
v -13.979164 21.750000 0.667074
v -13.973295 20.791668 -0.297870
v -13.973160 20.916668 -0.468082
v -13.971949 20.958334 -0.595744
v -13.979164 21.750000 0.667074
v -13.500000 21.750000 2.000003
v -13.934622 21.750000 2.000003
v -13.945474 23.249983 2.000003
v -13.500000 21.750000 2.000003
v -13.949815 24.750000 2.000003
v -13.500000 24.750000 2.000003
v -13.949815 24.750000 2.000003
v -13.961793 24.750000 1.744720
v -13.500000 24.750000 2.000003
v -13.972137 24.750000 1.489365
v -13.990240 24.499989 0.866519
v -13.968974 23.499990 1.489365
v -13.500000 24.750000 1.489365
v -13.972137 24.750000 1.489365
v -13.968974 23.499990 1.489365
v -13.500000 24.750000 1.489365
v -13.979675 22.250000 0.866287
v -13.961292 22.250000 1.489365
v -13.961292 22.250000 1.489365
v -13.500000 22.250000 1.489365
v -13.961292 22.250000 1.489365
v -13.979675 22.250000 0.866287
v -13.500000 22.250000 1.489365
v -13.980884 22.250000 0.808631
v -13.980884 22.250000 0.808631
v -13.986177 26.750000 0.866431
v -13.989973 24.499989 -0.878716
v -13.997672 24.416668 -0.382976
v -13.988867 22.250000 0.127663
v -13.995782 23.333324 0.127663
v -13.999304 24.416668 0.127663
v -13.999304 24.416668 -0.127659
v -13.500000 26.750000 -1.574465
v -13.986177 26.750000 0.866431
v -13.945474 26.750000 2.000003
v -13.987381 26.750000 0.809005
v -13.987381 26.750000 0.809005
v -13.500000 26.750000 2.000003
v -13.945474 26.750000 2.000003
v -13.944118 27.000002 2.000003
v -13.500000 26.750000 2.000003
v -13.942580 27.250000 2.000003
v -13.500000 27.250000 2.000003
v -13.942580 27.250000 2.000003
v -13.983287 27.250000 0.866368
v -13.500000 27.250000 2.000003
v -13.964506 29.250000 0.865955
v -13.984490 27.250000 0.809005
v -13.984490 27.250000 0.809005
v -13.500000 29.250000 -1.999997
v -13.964506 29.250000 0.865955
v -13.923770 29.250000 2.000004
v -13.990847 27.250000 -0.383088
v -13.983022 27.250000 -0.878547
v -13.968324 29.250000 0.667076
v -13.968324 29.250000 0.667076
v -13.500000 29.250000 2.000004
v -13.923770 29.250000 2.000004
v -13.902063 30.750055 2.000004
v -13.500000 29.250000 2.000004
v -13.873844 32.250000 2.000004
v -13.500000 32.250000 2.000004
v -13.873844 32.250000 2.000004
v -13.885845 32.250000 1.744721
v -13.500000 32.250000 2.000004
v -13.896209 32.250000 1.489366
v -13.958003 29.750000 0.865818
v -13.920164 31.000040 1.489366
v -13.500000 32.250000 1.489366
v -13.896209 32.250000 1.489366
v -13.920164 31.000040 1.489366
v -13.899025 32.960972 0.864541
v -13.893302 33.000000 1.063834
v -13.878860 33.166664 1.404259
v -13.857362 33.500000 1.744685
v -13.849399 33.666687 1.829801
v -13.500000 32.250000 1.489366
v -13.939599 29.750000 1.489366
v -13.939599 29.750000 1.489366
v -13.500000 29.750000 1.489366
v -13.939599 29.750000 1.489366
v -13.958003 29.750000 0.865818
v -13.500000 29.750000 1.489366
v -13.959202 29.750000 0.808632
v -13.959202 29.750000 0.808632
v -13.500000 32.916664 0.638302
v -13.899025 32.960972 0.864541
v -13.893302 33.000000 1.063834
v -13.967190 29.750000 0.127664
v -13.950619 30.833363 0.127664
v -13.930655 31.916666 0.127664
v -13.930655 31.916666 -0.127658
v -13.929021 31.916666 -0.382975
v -13.899376 32.958336 0.851083
v -13.899376 32.958336 0.851083
v -13.500000 33.166664 1.404259
v -13.893302 33.000000 1.063834
v -13.878860 33.166664 1.404259
v -13.500000 33.000000 1.063834
v -13.500000 33.000000 1.063834
v -13.868514 33.333359 1.574499
v -13.500000 33.166664 1.404259
v -13.878860 33.166664 1.404259
v -13.868514 33.333359 1.574499
v -13.857362 33.500000 1.744685
v -13.500000 33.500000 1.744685
v -13.857362 33.500000 1.744685
v -13.849399 33.666687 1.829801
v -13.500000 33.500000 1.744685
v -13.841175 33.833336 1.914898
v -13.500000 33.833336 1.914898
v -13.841175 33.833336 1.914898
v -13.833714 34.041679 1.957454
v -13.500000 33.833336 1.914898
v -13.826082 34.250000 2.000004
v -13.500000 34.250000 2.000004
v -13.826082 34.250000 2.000004
v -13.815837 34.625008 2.000004
v -13.500000 34.250000 2.000004
v -13.805184 35.000000 2.000004
v -13.500000 35.000000 2.000004
v -13.805184 35.000000 2.000004
v -13.801208 35.208332 1.957451
v -13.500000 35.000000 2.000004
v -13.797062 35.416664 1.914898
v -13.500000 35.416664 1.914898
v -13.797062 35.416664 1.914898
v -13.796005 35.583332 1.829792
v -13.500000 35.416664 1.914898
v -13.794686 35.750000 1.744685
v -13.796568 35.916660 1.574477
v -13.500000 35.750000 1.744685
v -13.794686 35.750000 1.744685
v -13.796568 35.916660 1.574477
v -13.500000 35.750000 1.744685
v -13.797641 36.083336 1.404259
v -13.797641 36.083336 1.404259
v -13.803249 36.124996 1.191507
v -13.500000 36.083336 1.404259
v -13.797641 36.083336 1.404259
v -13.803249 36.124996 1.191507
v -13.500000 36.083336 1.404259
v -13.807714 36.166664 0.978727
v -13.807714 36.166664 0.978727
v -13.886890 33.471985 0.864277
v -13.815698 35.916668 0.978727
v -13.500000 36.166664 0.978727
v -13.807714 36.166664 0.978727
v -13.815698 35.916668 0.978727
v -13.788238 36.833336 0.862131
v -13.500000 36.166664 0.978727
v -13.823502 35.666664 0.978727
v -13.823502 35.666664 0.978727
v -13.818960 35.583336 1.234047
v -13.823502 35.666664 0.978727
v -13.821438 35.625000 1.106391
v -13.821438 35.625000 1.106391
v -13.500000 35.583336 1.234047
v -13.500000 35.666664 0.978727
v -13.500000 35.666664 0.978727
v -13.818960 35.583336 1.234047
v -13.820033 35.458336 1.319153
v -13.500000 35.333336 1.404259
v -13.818960 35.583336 1.234047
v -13.820033 35.458336 1.319153
v -13.500000 35.583336 1.234047
v -13.820879 35.333336 1.404259
v -13.820879 35.333336 1.404259
v -13.824296 35.166668 1.446812
v -13.500000 35.333336 1.404259
v -13.820879 35.333336 1.404259
v -13.824296 35.166668 1.446812
v -13.827588 35.000000 1.489366
v -13.827588 35.000000 1.489366
v -13.838235 34.625008 1.489366
v -13.500000 35.000000 1.489366
v -13.827588 35.000000 1.489366
v -13.838235 34.625008 1.489366
v -13.500000 35.000000 1.489366
v -13.848474 34.250000 1.489366
v -13.848474 34.250000 1.489366
v -13.854464 34.083344 1.446815
v -13.500000 33.916664 1.404259
v -13.848474 34.250000 1.489366
v -13.854464 34.083344 1.446815
v -13.500000 34.250000 1.489366
v -13.500000 34.250000 1.489366
v -13.860327 33.916664 1.404259
v -13.860327 33.916664 1.404259
v -13.866439 33.791676 1.319160
v -13.500000 33.666664 1.234047
v -13.860327 33.916664 1.404259
v -13.866439 33.791676 1.319160
v -13.500000 33.916664 1.404259
v -13.872325 33.666664 1.234047
v -13.872325 33.666664 1.234047
v -13.878154 33.583340 1.106397
v -13.500000 33.500000 0.978727
v -13.872325 33.666664 1.234047
v -13.878154 33.583340 1.106397
v -13.500000 33.666664 1.234047
v -13.883555 33.500000 0.978727
v -13.883555 33.500000 0.978727
v -13.500000 33.416664 0.638302
v -13.883555 33.500000 0.978727
v -13.886890 33.471985 0.864277
v -13.500000 33.500000 0.978727
v -13.886551 33.474960 -0.876438
v -13.888394 33.458336 -0.808516
v -13.888394 33.458336 0.808525
v -13.888394 33.458336 0.808525
v -13.500000 36.833336 -1.999996
v -13.788238 36.833336 0.862131
v -13.747238 36.833336 2.000004
v -13.791990 36.833336 0.667079
v -13.791990 36.833336 0.667079
v -13.500000 36.833336 2.000004
v -13.747238 36.833336 2.000004
v -13.738582 37.083336 2.000005
v -13.500000 36.833336 2.000004
v -13.729744 37.333336 2.000005
v -13.500000 37.333336 2.000005
v -13.729744 37.333336 2.000005
v -13.765863 37.333336 1.064129
v -13.500000 37.333336 2.000005
v -13.770769 37.333336 0.861776
v -13.674720 39.666664 1.064132
v -13.679680 39.666664 0.859801
v -13.779911 37.333336 0.127664
v -13.779911 37.333336 0.127664
v -13.500000 39.666664 0.127665
v -13.679680 39.666664 0.859801
v -13.674720 39.666664 1.064132
v -13.736324 38.500076 0.127665
v -13.688800 39.666664 0.127665
v -13.688800 39.666664 0.127665
v -13.638518 39.666664 2.000005
v -13.500000 39.666664 2.000005
v -13.638518 39.666664 2.000005
v -13.627807 39.916672 2.000005
v -13.500000 39.666664 2.000005
v -13.616914 40.166664 2.000005
v -13.500000 40.166664 2.000005
v -13.616914 40.166664 2.000005
v -13.658111 40.166664 0.859309
v -13.500000 40.166664 2.000005
v -13.661814 40.166664 0.667083
v -13.661814 40.166664 0.667083
v -13.288259 47.033169 -0.863274
v -13.490107 43.600838 -0.867716
v -13.657846 40.166664 -0.871400
v -13.661814 40.166664 -0.667073
v -13.052323 50.463326 -0.858083
v -12.782320 53.890972 -0.852143
v -12.467228 57.226154 1.486385
v -12.478030 57.320965 0.834506
v -12.477894 57.319675 -0.846226
v -12.458661 57.149521 1.848825
v -10.010865 59.848225 1.735665
v -12.478030 57.320965 0.834506
v -12.467228 57.226154 1.486385
v -12.478982 57.329147 0.751171
v -10.019197 59.961994 0.871031
v -12.478982 57.329147 0.751171
v -12.458661 57.149521 1.848825
v -13.020765 0.129448 -2.563551
v -13.257593 3.676920 -2.579129
v -13.667368 10.041668 -0.851070
v -13.667095 10.045691 -0.871614
v -13.458035 7.226644 -2.592315
v -13.669561 10.000000 -0.638297
v -13.674703 10.000000 0.000001
v -13.669561 10.000000 0.638299
v -13.500000 10.083333 -1.063829
v -13.667095 10.045691 -0.871614
v -13.667368 10.041668 -0.851070
v -13.664026 10.083333 -1.063829
v -13.664026 10.083333 -1.063829
v -13.669561 10.000000 -0.638297
v -13.500000 10.000000 -0.638297
v -13.669561 10.000000 -0.638297
v -13.674703 10.000000 0.000001
v -13.500000 10.000000 -0.638297
v -13.669561 10.000000 0.638299
v -13.669561 10.000000 0.638299
v -13.500000 10.000000 0.638299
v -12.425809 -6.217144 -3.541432
v -10.249154 -6.330410 -3.544131
v -12.425809 -6.217144 -3.541432
v -12.438143 -6.064006 -3.558341
v -10.249154 -6.165586 -3.544462
v -12.438143 -6.064006 -3.558341
v -12.447815 -5.915459 -3.598511
v -10.249154 -6.003224 -3.571820
v -12.447815 -5.915459 -3.598511
v -12.454543 -5.775037 -3.660885
v -10.249154 -5.847636 -3.625413
v -12.454543 -5.775037 -3.660885
v -12.458091 -5.645988 -3.743916
v -10.249154 -5.702885 -3.703835
v -12.458091 -5.645988 -3.743916
v -12.458276 -5.531254 -3.845618
v -10.249154 -5.572763 -3.805127
v -12.458276 -5.531254 -3.845618
v -12.454973 -5.433442 -3.963629
v -10.249154 -5.460814 -3.926737
v -12.454973 -5.433442 -3.963629
v -12.448136 -5.354785 -4.095255
v -10.249154 -5.371135 -4.063821
v -12.448136 -5.354785 -4.095255
v -12.439607 -5.304541 -4.215149
v -10.249154 -5.304645 -4.214848
v -12.439607 -5.304541 -4.215149
v -12.437801 -5.297126 -4.237523
v -12.437801 -5.297126 -4.237523
v -12.988080 1.812505 -4.275960
v -12.424098 -5.261879 -4.387206
v -13.207625 5.375632 -4.300069
v -12.958868 4.935763 -5.993301
v -13.390616 8.940850 -4.320164
v -13.039804 5.656124 -5.731657
v -13.622069 10.778242 -2.603105
v -13.537032 12.507777 -4.336243
v -13.447335 10.838982 -4.557670
v -13.165709 6.923263 -5.332114
v -13.274616 8.209663 -5.002795
v -13.368119 9.515120 -4.744287
v -13.749678 14.331344 -2.611499
v -13.646857 16.076033 -4.348302
v -13.564496 13.518969 -4.406738
v -13.512793 12.176985 -4.444625
v -13.840849 17.885571 -2.617496
v -13.720081 19.645241 -4.356343
v -13.687286 18.111172 -4.405965
v -13.633567 15.814953 -4.406314
v -13.895573 21.440550 -2.621095
v -13.756694 23.215017 -4.360363
v -13.725655 20.407526 -4.405705
v -13.913843 24.995905 -2.622297
v -13.756694 26.784985 -4.360363
v -13.756345 25.000000 -4.405490
v -13.748673 22.703854 -4.405545
v -13.895657 28.551260 -2.621101
v -13.720081 30.354761 -4.356341
v -13.748673 27.296146 -4.405545
v -13.841017 32.106239 -2.617505
v -13.646857 33.923969 -4.348300
v -13.687286 31.888828 -4.405963
v -13.725655 29.592474 -4.405704
v -13.749930 35.660473 -2.611513
v -13.537032 37.492226 -4.336240
v -13.633567 34.185047 -4.406312
v -13.622405 39.213573 -2.603123
v -13.390616 41.059151 -4.320160
v -13.512536 37.828827 -4.444975
v -13.564496 36.481033 -4.406735
v -13.458454 42.765179 -2.592338
v -13.207625 44.624371 -4.300065
v -13.274632 41.790154 -5.002738
v -13.447213 39.163387 -4.557873
v -13.368078 40.485493 -4.744390
v -13.258096 46.314907 -2.579158
v -12.988080 48.187496 -4.275954
v -12.958782 45.064854 -5.993625
v -13.165864 43.075073 -5.331617
v -13.039914 44.342731 -5.731341
v -13.021352 49.862385 -2.563584
v -12.732002 51.748158 -4.247832
v -12.757894 48.281784 -5.971543
v -12.748247 53.407234 -2.545618
v -12.439607 55.304543 -4.215142
v -12.437799 55.297119 -4.237535
v -12.528488 51.500015 -5.936152
v -12.267889 54.720726 -5.903477
v -12.448136 55.354778 -4.095260
v -10.249154 55.304180 -4.216187
v -12.439607 55.304543 -4.215142
v -12.448136 55.354778 -4.095260
v -12.437799 55.297119 -4.237535
v -12.454973 55.433437 -3.963626
v -10.249154 55.370541 -4.064910
v -12.454973 55.433437 -3.963626
v -12.458276 55.531254 -3.845610
v -10.249154 55.460442 -3.927209
v -12.458276 55.531254 -3.845610
v -12.437872 56.957176 -2.528080
v -12.458091 55.645996 -3.743902
v -10.249154 55.573063 -3.804846
v -12.458091 55.645996 -3.743902
v -12.454542 55.775055 -3.660869
v -10.249154 55.704220 -3.702957
v -12.454542 55.775055 -3.660869
v -12.447813 55.915485 -3.598494
v -10.249154 55.850136 -3.624311
v -12.447813 55.915485 -3.598494
v -12.438140 56.064041 -3.558326
v -10.249154 56.006699 -3.570934
v -12.438140 56.064041 -3.558326
v -12.425805 56.217182 -3.541422
v -10.249154 56.169590 -3.544123
v -12.425805 56.217182 -3.541422
v -12.411124 56.371227 -3.548259
v -10.249154 56.334412 -3.544454
v -12.411124 56.371227 -3.548259
v -12.394426 56.522511 -3.578731
v -10.249154 56.496777 -3.571812
v -12.394426 56.522511 -3.578731
v -12.409461 56.679012 -3.247887
v -12.262711 56.653599 -3.625947
v -12.394426 56.522511 -3.578731
v -12.409461 56.679012 -3.247887
v -10.249154 56.652363 -3.625405
v -12.262711 56.653599 -3.625947
v -12.423646 56.820400 -2.908149
v -9.957848 59.063389 -4.225513
v -12.423646 56.820400 -2.908149
v -9.933642 58.660103 -5.000258
v -12.122928 56.782494 -3.694450
v -9.979461 59.397400 -3.418898
v -12.437872 56.957176 -2.528080
v -12.448525 57.056767 -2.204850
v -12.448525 57.056767 -2.204850
v -13.616914 40.166664 -1.999995
v -13.729744 37.333336 -1.999996
v -13.627807 39.916672 -1.999995
v -13.638518 39.666664 -1.999995
v -13.671087 39.666664 -1.191732
v -13.679415 39.666664 -0.871900
v -13.797062 35.416664 -1.914890
v -13.738582 37.083336 -1.999996
v -13.747238 36.833336 -1.999996
v -13.787973 36.833336 -0.874263
v -13.797641 36.083336 -1.404251
v -13.796568 35.916660 -1.574470
v -13.794686 35.750000 -1.744677
v -13.796005 35.583332 -1.829784
v -13.902063 30.750055 -1.999996
v -13.801208 35.208332 -1.957443
v -13.805184 35.000000 -1.999996
v -13.815837 34.625008 -1.999996
v -13.826082 34.250000 -1.999996
v -13.833714 34.041679 -1.957446
v -13.841175 33.833336 -1.914890
v -13.849399 33.666687 -1.829793
v -13.857362 33.500000 -1.744677
v -13.868514 33.333359 -1.574491
v -13.878860 33.166664 -1.404251
v -13.886454 33.083340 -1.234055
v -13.893302 33.000000 -1.063826
v -13.898704 32.963356 -0.876706
v -13.873844 32.250000 -1.999996
v -13.944118 27.000023 -1.999997
v -13.923770 29.250000 -1.999997
v -13.964239 29.250000 -0.878142
v -13.931326 28.583334 -1.999997
v -13.949815 24.750000 -1.999997
v -13.949654 25.416668 -1.999997
v -13.959750 25.416668 -1.787256
v -13.968711 25.416668 -1.574465
v -13.922572 20.333332 -1.914892
v -13.945474 23.249983 -1.999997
v -13.934622 21.750000 -1.999997
v -13.975075 21.750000 -0.878381
v -13.962703 21.000000 -1.063828
v -13.958611 20.958330 -1.191494
v -13.954106 20.916668 -1.319147
v -13.946616 20.791653 -1.489378
v -13.938354 20.666668 -1.659572
v -13.930707 20.499981 -1.787248
v -13.845396 16.333332 -1.914892
v -13.917629 20.124989 -1.957447
v -13.912515 19.916668 -1.999998
v -13.896355 18.916639 -1.999998
v -13.877301 17.916668 -1.999998
v -13.917841 17.916668 -0.877123
v -13.897118 17.166668 -1.063828
v -13.890311 17.083324 -1.234057
v -13.882757 17.000000 -1.404253
v -13.861421 16.666668 -1.744679
v -13.853539 16.499981 -1.829795
v -13.805568 14.166667 -1.404253
v -13.838036 16.124987 -1.957448
v -13.830505 15.916667 -1.999998
v -13.821579 15.583329 -1.999998
v -13.812331 15.250000 -1.999998
v -13.808506 15.041667 -1.957445
v -13.804510 14.833333 -1.914892
v -13.803573 14.666668 -1.829786
v -13.802374 14.500000 -1.744679
v -13.804376 14.333339 -1.574472
v -13.664195 10.749997 -1.829785
v -13.727950 12.500000 -1.914892
v -13.718270 12.291650 -1.957449
v -13.708418 12.083333 -1.999999
v -13.694187 11.708325 -1.999999
v -13.679549 11.333333 -1.999999
v -13.673365 11.124998 -1.957445
v -13.667010 10.916667 -1.914893
v -13.661118 10.583333 -1.744680
v -13.661252 10.416668 -1.574468
v -13.660576 10.250000 -1.404254
v -13.662677 10.166669 -1.234046
v -12.458753 57.150322 -1.845342
v -9.997416 59.659653 -2.586719
v -12.458753 57.150322 -1.845342
v -12.467298 57.226883 -1.482804
v -12.467298 57.226883 -1.482804
v -10.010871 59.848305 -1.735190
v -12.477894 57.319675 -0.846226
v -12.479031 57.329502 -0.746908
v -12.479031 57.329502 -0.746908
v -13.657846 40.166664 -0.871400
v -13.616914 40.166664 -1.999995
v -13.661814 40.166664 -0.667073
v -13.500000 40.166664 -1.999995
v -13.616914 40.166664 -1.999995
v -13.627807 39.916672 -1.999995
v -13.500000 40.166664 -1.999995
v -13.638518 39.666664 -1.999995
v -13.500000 39.666664 -1.999995
v -13.638518 39.666664 -1.999995
v -13.671087 39.666664 -1.191732
v -13.500000 39.666664 -1.999995
v -13.679415 39.666664 -0.871900
v -13.762239 37.333336 -1.191732
v -13.770504 37.333336 -0.873905
v -13.687156 39.666664 -0.382974
v -13.687156 39.666664 -0.382974
v -13.500000 37.333336 -0.382975
v -13.770504 37.333336 -0.873905
v -13.762239 37.333336 -1.191732
v -13.734682 38.500076 -0.382974
v -13.778270 37.333336 -0.382975
v -13.778270 37.333336 -0.382975
v -13.729744 37.333336 -1.999996
v -13.500000 37.333336 -1.999996
v -13.729744 37.333336 -1.999996
v -13.738582 37.083336 -1.999996
v -13.500000 37.333336 -1.999996
v -13.747238 36.833336 -1.999996
v -13.747238 36.833336 -1.999996
v -13.787973 36.833336 -0.874263
v -13.500000 36.833336 -1.999996
v -13.883555 33.500000 -0.978719
v -13.791990 36.833336 -0.667071
v -13.878154 33.583340 -1.106389
v -13.823502 35.666664 -0.978719
v -13.815698 35.916668 -0.978719
v -13.807714 36.166664 -0.978719
v -13.803249 36.124996 -1.191499
v -13.791990 36.833336 -0.667071
v -13.892502 33.416664 -0.638294
v -13.886551 33.474960 -0.876438
v -13.883555 33.500000 -0.978719
v -13.888394 33.458336 -0.808516
v -13.872325 33.666664 -1.234039
v -13.883555 33.500000 -0.978719
v -13.878154 33.583340 -1.106389
v -13.500000 33.666664 -1.234039
v -13.500000 33.500000 -0.978719
v -13.500000 33.500000 -0.978719
v -13.872325 33.666664 -1.234039
v -13.860327 33.916664 -1.404251
v -13.872325 33.666664 -1.234039
v -13.866439 33.791676 -1.319152
v -13.866439 33.791676 -1.319152
v -13.500000 33.916664 -1.404251
v -13.500000 33.666664 -1.234039
v -13.860327 33.916664 -1.404251
v -13.854463 34.083344 -1.446807
v -13.848474 34.250000 -1.489358
v -13.500000 34.250000 -1.489358
v -13.854463 34.083344 -1.446807
v -13.860327 33.916664 -1.404251
v -13.500000 33.916664 -1.404251
v -13.848474 34.250000 -1.489358
v -13.838234 34.625008 -1.489358
v -13.500000 34.250000 -1.489358
v -13.848474 34.250000 -1.489358
v -13.838234 34.625008 -1.489358
v -13.827588 35.000000 -1.489358
v -13.827588 35.000000 -1.489358
v -13.824296 35.166668 -1.446804
v -13.500000 35.000000 -1.489358
v -13.827588 35.000000 -1.489358
v -13.824296 35.166668 -1.446804
v -13.500000 35.000000 -1.489358
v -13.820879 35.333336 -1.404251
v -13.820879 35.333336 -1.404251
v -13.818960 35.583336 -1.234039
v -13.820879 35.333336 -1.404251
v -13.820033 35.458336 -1.319145
v -13.820033 35.458336 -1.319145
v -13.500000 35.583336 -1.234039
v -13.500000 35.333336 -1.404251
v -13.500000 35.333336 -1.404251
v -13.821438 35.625000 -1.106383
v -13.818960 35.583336 -1.234039
v -13.500000 35.666664 -0.978719
v -13.818960 35.583336 -1.234039
v -13.821438 35.625000 -1.106383
v -13.500000 35.583336 -1.234039
v -13.823502 35.666664 -0.978719
v -13.500000 35.666664 -0.978719
v -13.823502 35.666664 -0.978719
v -13.815698 35.916668 -0.978719
v -13.807714 36.166664 -0.978719
v -13.500000 36.166664 -0.978719
v -13.807714 36.166664 -0.978719
v -13.803249 36.124996 -1.191499
v -13.500000 36.166664 -0.978719
v -13.797641 36.083336 -1.404251
v -13.500000 36.083336 -1.404251
v -13.797641 36.083336 -1.404251
v -13.796568 35.916660 -1.574470
v -13.500000 36.083336 -1.404251
v -13.794686 35.750000 -1.744677
v -13.500000 35.750000 -1.744677
v -13.794686 35.750000 -1.744677
v -13.796005 35.583332 -1.829784
v -13.500000 35.750000 -1.744677
v -13.797062 35.416664 -1.914890
v -13.500000 35.416664 -1.914890
v -13.797062 35.416664 -1.914890
v -13.801208 35.208332 -1.957443
v -13.500000 35.416664 -1.914890
v -13.805184 35.000000 -1.999996
v -13.500000 35.000000 -1.999996
v -13.805184 35.000000 -1.999996
v -13.815837 34.625008 -1.999996
v -13.500000 35.000000 -1.999996
v -13.826082 34.250000 -1.999996
v -13.500000 34.250000 -1.999996
v -13.826082 34.250000 -1.999996
v -13.833714 34.041679 -1.957446
v -13.500000 34.250000 -1.999996
v -13.841175 33.833336 -1.914890
v -13.500000 33.833336 -1.914890
v -13.841175 33.833336 -1.914890
v -13.849399 33.666687 -1.829793
v -13.500000 33.833336 -1.914890
v -13.857362 33.500000 -1.744677
v -13.500000 33.500000 -1.744677
v -13.857362 33.500000 -1.744677
v -13.868514 33.333359 -1.574491
v -13.500000 33.500000 -1.744677
v -13.878860 33.166664 -1.404251
v -13.500000 33.000000 -1.063826
v -13.878860 33.166664 -1.404251
v -13.886454 33.083340 -1.234055
v -13.500000 33.166664 -1.404251
v -13.500000 33.166664 -1.404251
v -13.893302 33.000000 -1.063826
v -13.500000 33.000000 -1.063826
v -13.893302 33.000000 -1.063826
v -13.898704 32.963356 -0.876706
v -13.956412 29.750000 -0.936256
v -13.957736 29.750000 -0.878007
v -13.899376 32.958336 -0.851075
v -13.939599 29.750000 -1.489358
v -13.920164 31.000040 -1.489358
v -13.896209 32.250000 -1.489358
v -13.885845 32.250000 -1.744713
v -13.899376 32.958336 -0.851075
v -13.500000 29.750000 -0.382975
v -13.957736 29.750000 -0.878007
v -13.956412 29.750000 -0.936256
v -13.948985 30.833363 -0.382975
v -13.904308 32.916664 -0.638294
v -13.965556 29.750000 -0.382975
v -13.965556 29.750000 -0.382975
v -13.939599 29.750000 -1.489358
v -13.500000 29.750000 -1.489358
v -13.939599 29.750000 -1.489358
v -13.920164 31.000040 -1.489358
v -13.500000 29.750000 -1.489358
v -13.896209 32.250000 -1.489358
v -13.500000 32.250000 -1.489358
v -13.896209 32.250000 -1.489358
v -13.885845 32.250000 -1.744713
v -13.500000 32.250000 -1.489358
v -13.873844 32.250000 -1.999996
v -13.500000 32.250000 -1.999996
v -13.873844 32.250000 -1.999996
v -13.902063 30.750055 -1.999996
v -13.500000 32.250000 -1.999996
v -13.923770 29.250000 -1.999997
v -13.923770 29.250000 -1.999997
v -13.964239 29.250000 -0.878142
v -13.500000 29.250000 -1.999997
v -13.961640 27.250000 -1.574465
v -13.968324 29.250000 -0.667068
v -13.956659 27.916674 -1.574465
v -13.950392 28.583334 -1.574465
v -13.941426 28.583334 -1.787256
v -13.968324 29.250000 -0.667068
v -13.983022 27.250000 -0.878547
v -13.961640 27.250000 -1.574465
v -13.990847 27.250000 -0.383088
v -13.500000 27.250000 -1.574465
v -13.961640 27.250000 -1.574465
v -13.956659 27.916674 -1.574465
v -13.500000 27.250000 -1.574465
v -13.950392 28.583334 -1.574465
v -13.931326 28.583334 -1.999997
v -13.950392 28.583334 -1.574465
v -13.941426 28.583334 -1.787256
v -13.500000 28.583334 -1.999997
v -13.500000 28.583334 -1.574465
v -13.500000 28.583334 -1.574465
v -13.500000 28.583334 -1.999997
v -13.931326 28.583334 -1.999997
v -13.944118 27.000023 -1.999997
v -13.949654 25.416668 -1.999997
v -13.500000 25.416668 -1.574465
v -13.949654 25.416668 -1.999997
v -13.959750 25.416668 -1.787256
v -13.500000 25.416668 -1.999997
v -13.500000 25.416668 -1.999997
v -13.968711 25.416668 -1.574465
v -13.985912 26.750000 -0.878611
v -13.967265 26.083336 -1.574465
v -13.500000 25.416668 -1.574465
v -13.968711 25.416668 -1.574465
v -13.967265 26.083336 -1.574465
v -13.961793 24.750000 -1.744714
v -13.964533 26.750000 -1.574465
v -13.964533 26.750000 -1.574465
v -13.964533 26.750000 -1.574465
v -13.985912 26.750000 -0.878611
v -13.500000 26.750000 -1.574465
v -13.972137 24.750000 -1.489359
v -13.993737 26.750000 -0.383088
v -13.993737 26.750000 -0.383088
v -13.978096 22.250000 -0.936257
v -13.979409 22.250000 -0.878485
v -13.961292 22.250000 -1.489359
v -13.968974 23.499990 -1.489359
v -13.500000 22.250000 -0.382976
v -13.979409 22.250000 -0.878485
v -13.978096 22.250000 -0.936257
v -13.994150 23.333324 -0.382976
v -13.987235 22.250000 -0.382976
v -13.987235 22.250000 -0.382976
v -13.961292 22.250000 -1.489359
v -13.500000 22.250000 -1.489359
v -13.961292 22.250000 -1.489359
v -13.968974 23.499990 -1.489359
v -13.500000 22.250000 -1.489359
v -13.972137 24.750000 -1.489359
v -13.500000 24.750000 -1.489359
v -13.972137 24.750000 -1.489359
v -13.961793 24.750000 -1.744714
v -13.500000 24.750000 -1.489359
v -13.949815 24.750000 -1.999997
v -13.500000 24.750000 -1.999997
v -13.949815 24.750000 -1.999997
v -13.945474 23.249983 -1.999997
v -13.500000 24.750000 -1.999997
v -13.934622 21.750000 -1.999997
v -13.934622 21.750000 -1.999997
v -13.975075 21.750000 -0.878381
v -13.500000 21.750000 -1.999997
v -13.966876 21.000000 -0.893623
v -13.979164 21.750000 -0.667068
v -13.979164 21.750000 -0.667068
v -13.962703 21.000000 -1.063828
v -13.967218 21.000000 -0.878215
v -13.966876 21.000000 -0.893623
v -13.970324 21.000000 -0.723401
v -13.954106 20.916668 -1.319147
v -13.962703 21.000000 -1.063828
v -13.958611 20.958330 -1.191494
v -13.500000 20.916668 -1.319147
v -13.500000 21.000000 -1.063828
v -13.500000 21.000000 -1.063828
v -13.938354 20.666668 -1.659572
v -13.954106 20.916668 -1.319147
v -13.946616 20.791653 -1.489378
v -13.500000 20.666668 -1.659572
v -13.500000 20.916668 -1.319147
v -13.922572 20.333332 -1.914892
v -13.938354 20.666668 -1.659572
v -13.930707 20.499981 -1.787248
v -13.500000 20.333332 -1.914892
v -13.500000 20.666668 -1.659572
v -13.500000 20.333332 -1.914892
v -13.922572 20.333332 -1.914892
v -13.917629 20.124989 -1.957447
v -13.912515 19.916668 -1.999998
v -13.500000 19.916668 -1.999998
v -13.912515 19.916668 -1.999998
v -13.896355 18.916639 -1.999998
v -13.500000 19.916668 -1.999998
v -13.877301 17.916668 -1.999998
v -13.877301 17.916668 -1.999998
v -13.917841 17.916668 -0.877123
v -13.500000 17.916668 -1.999998
v -13.921907 17.916668 -0.667070
v -13.921907 17.916668 -0.667070
v -13.500000 17.250000 -0.638296
v -13.902500 17.203295 -0.876792
v -13.897118 17.166668 -1.063828
v -13.903171 17.208330 -0.851077
v -13.882757 17.000000 -1.404253
v -13.897118 17.166668 -1.063828
v -13.890311 17.083324 -1.234057
v -13.500000 17.000000 -1.404253
v -13.500000 17.166668 -1.063828
v -13.500000 17.166668 -1.063828
v -13.872492 16.833307 -1.574493
v -13.500000 17.000000 -1.404253
v -13.882757 17.000000 -1.404253
v -13.872492 16.833307 -1.574493
v -13.861421 16.666668 -1.744679
v -13.500000 16.666668 -1.744679
v -13.861421 16.666668 -1.744679
v -13.853539 16.499981 -1.829795
v -13.500000 16.666668 -1.744679
v -13.845396 16.333332 -1.914892
v -13.500000 16.333332 -1.914892
v -13.845396 16.333332 -1.914892
v -13.838036 16.124987 -1.957448
v -13.500000 16.333332 -1.914892
v -13.830505 15.916667 -1.999998
v -13.500000 15.916667 -1.999998
v -13.830505 15.916667 -1.999998
v -13.821579 15.583329 -1.999998
v -13.500000 15.916667 -1.999998
v -13.812331 15.250000 -1.999998
v -13.500000 15.250000 -1.999998
v -13.812331 15.250000 -1.999998
v -13.808506 15.041667 -1.957445
v -13.500000 15.250000 -1.999998
v -13.804510 14.833333 -1.914892
v -13.500000 14.833333 -1.914892
v -13.804510 14.833333 -1.914892
v -13.803573 14.666668 -1.829786
v -13.500000 14.833333 -1.914892
v -13.802374 14.500000 -1.744679
v -13.500000 14.500000 -1.744679
v -13.802374 14.500000 -1.744679
v -13.804376 14.333339 -1.574472
v -13.500000 14.500000 -1.744679
v -13.805568 14.166667 -1.404253
v -13.808594 14.083336 -1.234047
v -13.500000 14.166667 -1.404253
v -13.805568 14.166667 -1.404253
v -13.808594 14.083336 -1.234047
v -13.500000 14.166667 -1.404253
v -13.747700 12.833333 -1.744679
v -13.810871 14.000000 -1.063828
v -13.810871 14.000000 -1.063828
v -13.737956 12.666644 -1.829798
v -13.814298 13.962992 -0.874852
v -13.500000 14.000000 -1.063828
v -13.810871 14.000000 -1.063828
v -13.814298 13.962992 -0.874852
v -13.500000 14.000000 -1.063828
v -13.687441 10.583333 -0.978722
v -13.814666 13.958335 -0.851071
v -13.687549 10.666667 -1.106383
v -13.771022 12.750000 -0.978721
v -13.779791 12.999997 -0.978721
v -13.788379 13.250000 -0.978721
v -13.781149 13.208329 -1.191508
v -13.772775 13.166667 -1.404253
v -13.760642 12.999970 -1.574497
v -13.814666 13.958335 -0.851071
v -13.500000 10.500000 -0.638297
v -13.688840 10.557231 -0.872093
v -13.687441 10.583333 -0.978722
v -13.689537 10.541668 -0.808513
v -13.817317 13.916667 -0.638296
v -13.822440 13.916667 0.000002
v -13.817317 13.916667 0.638300
v -13.500000 10.583333 -0.978722
v -13.687441 10.583333 -0.978722
v -13.687549 10.666667 -1.106383
v -13.500000 10.583333 -0.978722
v -13.687227 10.750000 -1.234042
v -13.687227 10.750000 -1.234042
v -13.689618 10.874997 -1.319146
v -13.500000 10.750000 -1.234042
v -13.687227 10.750000 -1.234042
v -13.689618 10.874997 -1.319146
v -13.500000 10.750000 -1.234042
v -13.691783 11.000000 -1.404254
v -13.691783 11.000000 -1.404254
v -13.696966 11.166663 -1.446807
v -13.500000 11.000000 -1.404254
v -13.691783 11.000000 -1.404254
v -13.696966 11.166663 -1.446807
v -13.500000 11.000000 -1.404254
v -13.702023 11.333333 -1.489361
v -13.702023 11.333333 -1.489361
v -13.716653 11.708325 -1.489361
v -13.500000 11.333333 -1.489361
v -13.702023 11.333333 -1.489361
v -13.716653 11.708325 -1.489361
v -13.500000 11.333333 -1.489361
v -13.730876 12.083333 -1.489361
v -13.730876 12.083333 -1.489361
v -13.738640 12.249988 -1.446811
v -13.500000 12.083333 -1.489361
v -13.730876 12.083333 -1.489361
v -13.738640 12.249988 -1.446811
v -13.500000 12.083333 -1.489361
v -13.746279 12.416667 -1.404254
v -13.746279 12.416667 -1.404254
v -13.753726 12.541654 -1.319156
v -13.500000 12.416667 -1.404254
v -13.746279 12.416667 -1.404254
v -13.753726 12.541654 -1.319156
v -13.500000 12.416667 -1.404254
v -13.766192 12.708331 -1.106389
v -13.760946 12.666667 -1.234041
v -13.760946 12.666667 -1.234041
v -13.500000 12.750000 -0.978721
v -13.760946 12.666667 -1.234041
v -13.766192 12.708331 -1.106389
v -13.500000 12.666667 -1.234041
v -13.500000 12.666667 -1.234041
v -13.771022 12.750000 -0.978721
v -13.500000 12.750000 -0.978721
v -13.771022 12.750000 -0.978721
v -13.779791 12.999997 -0.978721
v -13.788379 13.250000 -0.978721
v -13.500000 13.250000 -0.978721
v -13.788379 13.250000 -0.978721
v -13.781149 13.208329 -1.191508
v -13.500000 13.250000 -0.978721
v -13.772775 13.166667 -1.404253
v -13.500000 13.166667 -1.404253
v -13.772775 13.166667 -1.404253
v -13.760642 12.999970 -1.574497
v -13.500000 13.166667 -1.404253
v -13.747700 12.833333 -1.744679
v -13.500000 12.833333 -1.744679
v -13.747700 12.833333 -1.744679
v -13.737956 12.666644 -1.829798
v -13.500000 12.833333 -1.744679
v -13.727950 12.500000 -1.914892
v -13.500000 12.500000 -1.914892
v -13.727950 12.500000 -1.914892
v -13.718270 12.291650 -1.957449
v -13.500000 12.500000 -1.914892
v -13.708418 12.083333 -1.999999
v -13.500000 12.083333 -1.999999
v -13.708418 12.083333 -1.999999
v -13.694187 11.708325 -1.999999
v -13.500000 12.083333 -1.999999
v -13.679549 11.333333 -1.999999
v -13.500000 11.333333 -1.999999
v -13.679549 11.333333 -1.999999
v -13.673365 11.124998 -1.957445
v -13.500000 11.333333 -1.999999
v -13.667010 10.916667 -1.914893
v -13.500000 10.916667 -1.914893
v -13.667010 10.916667 -1.914893
v -13.664195 10.749997 -1.829785
v -13.500000 10.916667 -1.914893
v -13.661118 10.583333 -1.744680
v -13.500000 10.583333 -1.744680
v -13.661118 10.583333 -1.744680
v -13.661252 10.416668 -1.574468
v -13.500000 10.583333 -1.744680
v -13.660576 10.250000 -1.404254
v -13.500000 10.250000 -1.404254
v -13.660576 10.250000 -1.404254
v -13.662677 10.166669 -1.234046
v -13.500000 10.250000 -1.404254
v -13.664026 10.083333 -1.063829
v -13.500000 10.083333 -1.063829
v -10.249154 -5.263778 -4.375463
v -12.424098 -5.261879 -4.387206
v -12.407265 -5.250000 -4.540892
v -10.249154 -5.250000 -4.540892
v -12.407265 -5.250000 -4.540892
v -12.390531 -5.258852 -4.673659
v -10.249154 -5.250000 -4.540892
v -10.249154 -5.263608 -4.705300
v -12.372027 -5.285334 -4.804368
v -10.249154 -5.304182 -4.865590
v -12.352111 -5.329072 -4.930624
v -10.249154 -5.370541 -5.016864
v -12.730260 2.226368 -6.360348
v -12.589327 1.496747 -6.892413
v -12.618672 1.578887 -6.758684
v -12.646327 1.680693 -6.639699
v -12.671753 1.799504 -6.538298
v -12.694479 1.932290 -6.456824
v -12.714098 2.075744 -6.397084
v -10.567767 6.430191 -8.182629
v -12.958868 4.935763 -5.993301
v -13.039804 5.656124 -5.731657
v -12.742668 2.380537 -6.347338
v -12.751072 2.534555 -6.358219
v -12.755284 2.684832 -6.392607
v -12.755168 2.827920 -6.449626
v -12.750648 2.960550 -6.527943
v -12.741709 3.079678 -6.625792
v -12.894895 4.409142 -6.201171
v -12.894895 4.409142 -6.201171
v -10.698006 7.584425 -7.825773
v -13.165709 6.923263 -5.332114
v -10.756525 8.170252 -7.670416
v -13.274616 8.209663 -5.002795
v -10.861149 9.356526 -7.407080
v -13.368119 9.515120 -4.744287
v -10.810852 8.761157 -7.530776
v -10.950175 10.558382 -7.208247
v -13.447335 10.838982 -4.557670
v -10.907555 9.955790 -7.299518
v -11.024424 11.771207 -7.075089
v -13.512793 12.176985 -4.444625
v -10.989103 11.163725 -7.133400
v -11.084459 12.990437 -7.008347
v -13.564496 13.518969 -4.406738
v -11.056199 12.380312 -7.033387
v -11.109221 13.600991 -6.999999
v -13.564496 13.518969 -4.406738
v -13.633567 15.814953 -4.406314
v -11.109221 13.600991 -6.999999
v -11.177748 15.881458 -6.999998
v -13.687286 18.111172 -4.405965
v -11.231045 18.161686 -6.999998
v -13.725655 20.407526 -4.405705
v -11.269113 20.441675 -6.999998
v -13.748673 22.703854 -4.405545
v -11.291952 22.721359 -6.999997
v -13.756345 25.000000 -4.405490
v -11.299561 25.000677 -6.999997
v -13.748673 27.296146 -4.405545
v -11.291942 27.279943 -6.999997
v -13.725655 29.592474 -4.405704
v -11.231032 31.839182 -6.999996
v -13.687286 31.888828 -4.405963
v -11.269099 29.559464 -6.999997
v -11.177739 34.119030 -6.999996
v -13.633567 34.185047 -4.406312
v -13.564496 36.481033 -4.406735
v -11.109221 36.399010 -6.999996
v -13.564496 36.481033 -4.406735
v -13.512536 37.828827 -4.444975
v -11.109221 36.399010 -6.999996
v -11.056199 37.619659 -7.033382
v -13.447213 39.163387 -4.557873
v -11.084459 37.009556 -7.008344
v -10.989103 38.836266 -7.133397
v -13.368078 40.485493 -4.744390
v -11.024424 38.228764 -7.075084
v -10.907556 40.044209 -7.299513
v -13.274632 41.790154 -5.002738
v -10.950176 39.441616 -7.208242
v -10.810853 41.238838 -7.530770
v -13.165864 43.075073 -5.331617
v -10.861149 40.643471 -7.407076
v -10.698007 42.415562 -7.825764
v -13.039914 44.342731 -5.731341
v -10.567765 43.569832 -8.182633
v -12.958782 45.064854 -5.993625
v -12.894512 45.593937 -6.202401
v -12.894512 45.593937 -6.202401
v -12.646326 48.319309 -6.639695
v -12.755284 47.315178 -6.392599
v -12.755168 47.172089 -6.449617
v -12.751072 47.465454 -6.358212
v -12.742667 47.619473 -6.347332
v -12.730260 47.773640 -6.360343
v -12.714097 47.924263 -6.397080
v -12.694478 48.067715 -6.456820
v -12.671752 48.200500 -6.538295
v -12.252284 51.634289 -7.457349
v -12.618671 48.421116 -6.758681
v -12.589327 48.503254 -6.892409
v -12.558903 48.563538 -7.037582
v -12.528080 48.600346 -7.190523
v -12.497587 48.612713 -7.347310
v -12.445266 48.941177 -7.498845
v -12.410923 49.275772 -7.552531
v -12.379180 49.614086 -7.589594
v -12.350319 49.953465 -7.609833
v -12.324608 50.291321 -7.613020
v -12.301972 50.628365 -7.599345
v -12.282376 50.964474 -7.568979
v -12.265830 51.299603 -7.521725
v -12.424096 55.261875 -4.387226
v -12.280077 54.966694 -5.680909
v -9.836982 56.424274 -7.663458
v -12.267889 54.720726 -5.903477
v -12.280077 54.966694 -5.680909
v -12.241755 51.966633 -7.376111
v -12.234254 52.295132 -7.278090
v -12.229660 52.619129 -7.163579
v -12.227880 52.937695 -7.032778
v -12.228758 53.250153 -6.886025
v -12.232128 53.555450 -6.723806
v -12.237840 53.853794 -6.545850
v -12.245731 54.145626 -6.351696
v -12.255552 54.429192 -6.142383
v -9.819991 55.732025 -8.194130
v -12.255552 54.429192 -6.142383
v -12.407265 55.250000 -4.540884
v -12.294386 55.220791 -5.428093
v -12.294386 55.220791 -5.428093
v -12.331184 55.389362 -5.050102
v -12.309702 55.465122 -5.160537
v -12.178481 55.554897 -5.259795
v -12.309702 55.465122 -5.160537
v -12.352107 55.329082 -4.930637
v -12.372024 55.285339 -4.804385
v -12.390526 55.258858 -4.673683
v -9.858284 57.068161 -7.073966
v -10.249154 55.460815 -5.155039
v -12.309702 55.465122 -5.160537
v -12.331184 55.389362 -5.050102
v -10.249154 55.572765 -5.276649
v -12.178481 55.554897 -5.259795
v -10.249154 55.371136 -5.017954
v -12.352107 55.329082 -4.930637
v -10.249154 55.304646 -4.866927
v -12.372024 55.285339 -4.804385
v -10.249154 55.263779 -4.706311
v -12.390526 55.258858 -4.673683
v -12.407265 55.250000 -4.540884
v -10.249154 55.250000 -4.540884
v -12.407265 55.250000 -4.540884
v -12.424096 55.261875 -4.387226
v -10.249154 55.250000 -4.540884
v -10.249154 55.263607 -4.376474
v -12.497589 1.387289 -7.347316
v -10.249154 1.387289 -7.347316
v -12.497589 1.387289 -7.347316
v -12.528080 1.399656 -7.190528
v -10.249154 1.387289 -7.347316
v -10.249154 1.400896 -7.182906
v -12.558903 1.436464 -7.037586
v -10.249154 1.441471 -7.022618
v -12.589327 1.496747 -6.892413
v -10.249154 1.507829 -6.871342
v -12.618672 1.578887 -6.758684
v -10.249154 1.597730 -6.733641
v -12.646327 1.680693 -6.639699
v -10.249154 1.710349 -6.611278
v -12.671753 1.799504 -6.538298
v -10.249154 1.841507 -6.509389
v -12.694479 1.932290 -6.456824
v -10.249154 1.987423 -6.430743
v -12.714098 2.075744 -6.397084
v -10.249154 2.143988 -6.377366
v -12.730260 2.226368 -6.360348
v -10.249154 2.306878 -6.350554
v -12.742668 2.380537 -6.347338
v -10.249154 2.471702 -6.350885
v -12.751072 2.534555 -6.358219
v -10.249154 2.634063 -6.378243
v -12.755284 2.684832 -6.392607
v -10.249154 2.789653 -6.431837
v -12.755168 2.827920 -6.449626
v -10.249154 2.934404 -6.510259
v -12.750648 2.960550 -6.527943
v -10.249154 3.064524 -6.611549
v -12.741709 3.079678 -6.625792
v -12.728410 3.182532 -6.741024
v -10.249154 3.176474 -6.733160
v -12.728410 3.182532 -6.741024
v -12.574187 3.270824 -6.878951
v -12.728410 3.182532 -6.741024
v -10.249154 3.266154 -6.870245
v -12.574187 3.270824 -6.878951
v -12.741709 46.920330 -6.625778
v -12.728410 46.817471 -6.741020
v -10.249154 46.823154 -6.733635
v -12.728410 46.817471 -6.741020
v -12.741709 46.920330 -6.625778
v -10.418686 44.697128 -8.599008
v -12.728410 46.817471 -6.741020
v -12.574717 46.729439 -6.878450
v -10.249154 46.733253 -6.871336
v -12.574717 46.729439 -6.878450
v -12.750648 47.039459 -6.527932
v -10.249154 46.935772 -6.611272
v -12.750648 47.039459 -6.527932
v -10.249154 47.066933 -6.509383
v -12.755168 47.172089 -6.449617
v -10.249154 47.212849 -6.430737
v -12.755284 47.315178 -6.392599
v -10.249154 47.369411 -6.377360
v -12.751072 47.465454 -6.358212
v -10.249154 47.532303 -6.350549
v -12.742667 47.619473 -6.347332
v -10.249154 47.697124 -6.350880
v -12.730260 47.773640 -6.360343
v -10.249154 47.859486 -6.378238
v -12.714097 47.924263 -6.397080
v -10.249154 48.015076 -6.431831
v -12.694478 48.067715 -6.456820
v -10.249154 48.159828 -6.510253
v -12.671752 48.200500 -6.538295
v -10.249154 48.289948 -6.611544
v -12.646326 48.319309 -6.639695
v -10.249154 48.401897 -6.733155
v -12.618671 48.421116 -6.758681
v -10.249154 48.491577 -6.870240
v -12.589327 48.503254 -6.892409
v -10.249154 48.558067 -7.021266
v -12.558903 48.563538 -7.037582
v -10.249154 48.598934 -7.181882
v -12.528080 48.600346 -7.190523
v -12.497587 48.612713 -7.347310
v -12.489861 48.611889 -7.387927
v -10.249154 48.612713 -7.347310
v -12.497587 48.612713 -7.347310
v -12.489861 48.611889 -7.387927
v -10.249154 48.612713 -7.347310
v -12.482230 48.609421 -7.428408
v -12.482230 48.609421 -7.428408
v -12.348235 48.589764 -7.560308
v -12.482230 48.609421 -7.428408
v -12.445266 48.941177 -7.498845
v -10.249154 48.599106 -7.511719
v -12.348235 48.589764 -7.560308
v -10.024375 48.285145 -9.851860
v -12.410923 49.275772 -7.552531
v -10.092463 47.434044 -9.665183
v -12.069785 48.490002 -7.827273
v -12.208511 48.550110 -7.695568
v -9.964615 49.148018 -9.963634
v -12.379180 49.614086 -7.589594
v -12.350319 49.953465 -7.609833
v -9.913947 50.016373 -9.999981
v -12.324608 50.291321 -7.613020
v -12.301972 50.628365 -7.599345
v -9.872861 50.884045 -9.960841
v -12.282376 50.964474 -7.568979
v -12.265830 51.299603 -7.521725
v -9.841545 51.744808 -9.846601
v -12.252284 51.634289 -7.457349
v -12.241755 51.966633 -7.376111
v -9.819942 52.592571 -9.658076
v -12.234254 52.295132 -7.278090
v -12.229660 52.619129 -7.163579
v -9.807701 53.421066 -9.396605
v -12.227880 52.937695 -7.032778
v -9.804218 54.224472 -9.063869
v -12.228758 53.250153 -6.886025
v -12.232128 53.555450 -6.723806
v -9.808664 54.996834 -8.662075
v -12.237840 53.853794 -6.545850
v -12.245731 54.145626 -6.351696
v -12.482027 57.355141 0.377589
v -12.482036 57.355343 -0.374697
v -10.019199 59.962009 -0.870823
v -12.482036 57.355343 -0.374697
v -12.483037 57.364128 0.000007
v -12.483037 57.364128 0.000007
v -10.022017 60.000000 0.000007
v -12.482027 57.355141 0.377589
v -12.489860 48.611889 7.387942
v -12.482230 48.609421 7.428420
v -10.249154 48.598934 7.512749
v -12.482230 48.609421 7.428420
v -12.489860 48.611889 7.387942
v -12.347401 48.589588 7.561137
v -12.444762 48.946095 7.499659
v -12.482230 48.609421 7.428420
v -12.347401 48.589588 7.561137
v -12.497587 48.612713 7.347322
v -12.497587 48.612713 7.347322
v -12.528080 48.600346 7.190534
v -10.249154 48.612713 7.347322
v -12.497587 48.612713 7.347322
v -12.528080 48.600346 7.190534
v -10.249154 48.612713 7.347322
v -10.249154 48.599106 7.182912
v -12.558903 48.563538 7.037592
v -10.249154 48.558529 7.022624
v -12.589327 48.503254 6.892419
v -10.249154 48.492172 6.871348
v -12.618672 48.421116 6.758690
v -10.249154 48.402271 6.733647
v -12.646327 48.319309 6.639705
v -10.249154 48.289654 6.611284
v -12.671753 48.200497 6.538304
v -10.249154 48.158493 6.509395
v -12.694479 48.067711 6.456830
v -10.249154 48.012577 6.430749
v -12.714098 47.924255 6.397090
v -10.249154 47.856014 6.377372
v -12.730260 47.773632 6.360354
v -10.249154 47.693123 6.350561
v -12.742668 47.619465 6.347344
v -10.249154 47.528297 6.350892
v -12.751072 47.465446 6.358225
v -10.249154 47.365936 6.378250
v -12.755284 47.315170 6.392613
v -10.249154 47.210346 6.431843
v -12.755168 47.172081 6.449633
v -10.249154 47.065598 6.510265
v -12.750648 47.039452 6.527949
v -10.249154 46.935478 6.611556
v -12.741709 46.920322 6.625798
v -12.728410 46.817471 6.741031
v -10.249154 46.823528 6.733167
v -12.728410 46.817471 6.741031
v -12.574187 46.729176 6.878957
v -12.728410 46.817471 6.741031
v -10.249154 46.733849 6.870252
v -12.574187 46.729176 6.878957
v -9.819999 55.732349 8.193915
v -12.245761 54.146751 6.350945
v -12.237896 53.856133 6.544382
v -9.808669 54.997478 8.661716
v -12.232180 53.558506 6.722062
v -12.228785 53.254021 6.884101
v -9.804218 54.225452 9.063425
v -12.227873 52.942947 7.030481
v -9.807687 53.422176 9.396214
v -12.229592 52.626125 7.160913
v -12.234074 52.304466 7.275100
v -9.819920 52.593723 9.657781
v -12.241446 51.978046 7.373017
v -12.251849 51.646519 7.454660
v -9.841508 51.746014 9.846397
v -12.265272 51.312065 7.519654
v -12.281707 50.976952 7.567533
v -9.872807 50.885223 9.960748
v -12.301206 50.640606 7.598545
v -12.323752 50.303268 7.612844
v -9.913890 50.017433 9.999990
v -12.349410 49.964790 7.610218
v -12.378250 49.624439 7.590504
v -9.964571 49.148788 9.963712
v -12.410095 49.284214 7.553676
v -10.024343 48.285595 9.851951
v -12.208822 48.550220 7.695290
v -13.696037 10.500000 0.000001
v -13.690898 10.500000 0.638299
v -13.500000 10.500000 0.638299
v -13.690898 10.500000 0.638299
v -13.696037 10.500000 0.000001
v -13.690898 10.500000 0.638299
v -13.500000 10.500000 0.638299
v -13.690898 10.500000 -0.638297
v -13.690898 10.500000 -0.638297
v -13.690898 10.500000 -0.638297
v -13.500000 10.500000 -0.638297
v -13.817317 13.916667 -0.638296
v -13.500000 13.916667 -0.638296
v -13.817317 13.916667 -0.638296
v -13.822440 13.916667 0.000002
v -13.500000 13.916667 -0.638296
v -13.817317 13.916667 0.638300
v -13.817317 13.916667 0.638300
v -13.500000 13.916667 0.638300
v -13.500000 17.250000 0.638300
v -13.908083 17.250000 0.638300
v -13.913194 17.250000 0.000002
v -13.908083 17.250000 0.638300
v -13.500000 17.250000 0.638300
v -13.908083 17.250000 -0.638296
v -13.908083 17.250000 -0.638296
v -13.500000 17.250000 -0.638296
v -13.890593 16.691683 -0.876529
v -13.858803 16.083324 -1.446809
v -13.852894 15.916667 -1.489360
v -13.500000 16.250000 -1.404253
v -13.852894 15.916667 -1.489360
v -13.858803 16.083324 -1.446809
v -13.843973 15.583329 -1.489360
v -13.500000 15.250000 -1.489360
v -13.843973 15.583329 -1.489360
v -13.852894 15.916667 -1.489360
v -13.500000 15.916667 -1.489360
v -13.500000 15.916667 -1.489360
v -13.864586 16.250000 -1.404253
v -13.864586 16.250000 -1.404253
v -13.870638 16.374989 -1.319154
v -13.500000 16.500000 -1.234041
v -13.864586 16.250000 -1.404253
v -13.870638 16.374989 -1.319154
v -13.500000 16.250000 -1.404253
v -13.876462 16.500000 -1.234041
v -13.876462 16.500000 -1.234041
v -13.882251 16.583326 -1.106391
v -13.500000 16.666668 -0.978721
v -13.876462 16.500000 -1.234041
v -13.882251 16.583326 -1.106391
v -13.500000 16.500000 -1.234041
v -13.887611 16.666668 -0.978721
v -13.887611 16.666668 -0.978721
v -13.500000 16.750000 -0.638296
v -13.887611 16.666668 -0.978721
v -13.890593 16.691683 -0.876529
v -13.500000 16.666668 -0.978721
v -13.828604 14.500000 -0.978721
v -13.830246 14.474659 -0.875203
v -13.890930 16.694662 0.864363
v -13.827779 14.583335 -1.106383
v -13.826524 14.666667 -1.234041
v -13.827507 14.791666 -1.319147
v -13.828262 14.916667 -1.404253
v -13.831560 15.083332 -1.446806
v -13.834731 15.250000 -1.489360
v -13.892431 16.708330 0.808522
v -13.892431 16.708330 -0.808518
v -13.892431 16.708330 -0.808518
v -13.500000 14.416667 -0.638296
v -13.830246 14.474659 -0.875203
v -13.828604 14.500000 -0.978721
v -13.830421 14.471684 0.863051
v -13.831160 14.458334 -0.808513
v -13.831160 14.458334 -0.808513
v -13.826524 14.666667 -1.234041
v -13.828604 14.500000 -0.978721
v -13.827779 14.583335 -1.106383
v -13.500000 14.666667 -1.234041
v -13.500000 14.500000 -0.978721
v -13.500000 14.500000 -0.978721
v -13.500000 14.916667 -1.404253
v -13.826524 14.666667 -1.234041
v -13.827507 14.791666 -1.319147
v -13.500000 14.666667 -1.234041
v -13.828262 14.916667 -1.404253
v -13.500000 14.916667 -1.404253
v -13.828262 14.916667 -1.404253
v -13.831560 15.083332 -1.446806
v -13.834731 15.250000 -1.489360
v -13.834731 15.250000 -1.489360
v -13.500000 15.250000 -1.489360
v -13.901630 16.750000 0.000002
v -13.896518 16.750000 -0.638296
v -13.500000 16.750000 -0.638296
v -13.896518 16.750000 -0.638296
v -13.901630 16.750000 0.000002
v -13.896518 16.750000 -0.638296
v -13.896518 16.750000 0.638300
v -13.896518 16.750000 0.638300
v -13.890930 16.694662 0.864363
v -13.896518 16.750000 0.638300
v -13.892431 16.708330 0.808522
v -13.887611 16.666668 0.978725
v -13.500000 16.666668 0.978725
v -13.500000 16.750000 0.638300
v -13.500000 16.750000 0.638300
v -13.887611 16.666668 0.978725
v -13.831160 14.458334 0.808518
v -13.500000 14.500000 0.978725
v -13.830421 14.471684 0.863051
v -13.831160 14.458334 0.808518
v -13.882251 16.583326 1.106395
v -13.876462 16.500000 1.234045
v -13.870638 16.374989 1.319158
v -13.864586 16.250000 1.404257
v -13.858803 16.083324 1.446813
v -13.852894 15.916667 1.489364
v -13.843973 15.583329 1.489364
v -13.834731 15.250000 1.489364
v -13.831560 15.083332 1.446810
v -13.828262 14.916667 1.404257
v -13.827507 14.791666 1.319151
v -13.826524 14.666667 1.234045
v -13.827779 14.583335 1.106387
v -13.828604 14.500000 0.978725
v -13.828604 14.500000 0.978725
v -13.838102 14.416667 0.000002
v -13.832982 14.416667 0.638300
v -13.832982 14.416667 0.638300
v -13.832982 14.416667 -0.638296
v -13.500000 14.416667 0.638300
v -13.832982 14.416667 0.638300
v -13.838102 14.416667 0.000002
v -13.500000 14.416667 0.638300
v -13.832982 14.416667 -0.638296
v -13.832982 14.416667 -0.638296
v -13.500000 14.416667 -0.638296
v -13.876462 16.500000 1.234045
v -13.887611 16.666668 0.978725
v -13.882251 16.583326 1.106395
v -13.500000 16.500000 1.234045
v -13.500000 16.666668 0.978725
v -13.864586 16.250000 1.404257
v -13.876462 16.500000 1.234045
v -13.870638 16.374989 1.319158
v -13.500000 16.250000 1.404257
v -13.500000 16.500000 1.234045
v -13.858803 16.083324 1.446813
v -13.852894 15.916667 1.489364
v -13.500000 15.916667 1.489364
v -13.864586 16.250000 1.404257
v -13.500000 16.250000 1.404257
v -13.500000 15.916667 1.489364
v -13.852894 15.916667 1.489364
v -13.843973 15.583329 1.489364
v -13.834731 15.250000 1.489364
v -13.500000 15.250000 1.489364
v -13.834731 15.250000 1.489364
v -13.831560 15.083332 1.446810
v -13.500000 15.250000 1.489364
v -13.828262 14.916667 1.404257
v -13.826524 14.666667 1.234045
v -13.828262 14.916667 1.404257
v -13.827507 14.791666 1.319151
v -13.500000 14.666667 1.234045
v -13.500000 14.916667 1.404257
v -13.500000 14.916667 1.404257
v -13.500000 14.500000 0.978725
v -13.826524 14.666667 1.234045
v -13.827779 14.583335 1.106387
v -13.500000 14.666667 1.234045
v -13.828604 14.500000 0.978725
v -13.500000 18.416668 0.212768
v -13.949551 19.124989 0.212768
v -13.960855 19.833332 0.212768
v -13.500000 19.833332 0.212768
v -13.936796 18.416668 0.212768
v -13.500000 18.416668 0.212768
v -13.500000 20.666668 -0.127658
v -13.968505 20.333332 0.042555
v -13.970713 20.499996 -0.042549
v -13.500000 20.333332 0.042555
v -13.500000 20.333332 0.042555
v -13.972659 20.666668 -0.127658
v -13.973160 20.916668 -0.468082
v -13.972659 20.666668 -0.127658
v -13.973295 20.791668 -0.297870
v -13.500000 20.916668 -0.468082
v -13.500000 20.666668 -0.127658
v -13.970324 21.000000 -0.723401
v -13.973160 20.916668 -0.468082
v -13.971949 20.958334 -0.595744
v -13.500000 21.000000 -0.723401
v -13.500000 20.916668 -0.468082
v -13.500000 21.000000 -0.723401
v -13.950411 19.208319 -0.297870
v -13.927714 18.416668 -0.877349
v -13.936252 18.416668 -0.297870
v -13.500000 18.416668 -0.297870
v -13.936252 18.416668 -0.297870
v -13.927714 18.416668 -0.877349
v -13.500000 20.000000 -0.297870
v -13.950411 19.208319 -0.297870
v -13.936252 18.416668 -0.297870
v -13.500000 18.416668 -0.297870
v -13.962547 20.500000 -0.808509
v -13.961077 20.500000 -0.878081
v -13.926373 18.416668 -0.936288
v -13.964385 20.458334 -0.680852
v -13.965809 20.416668 -0.553189
v -13.965783 20.333332 -0.468083
v -13.965556 20.250000 -0.382977
v -13.964203 20.124998 -0.340423
v -13.962759 20.000000 -0.297870
v -13.926373 18.416668 -0.936288
v -13.500000 20.500000 -0.808509
v -13.961077 20.500000 -0.878081
v -13.962547 20.500000 -0.808509
v -13.906277 18.416668 -1.574466
v -13.920447 19.208319 -1.574466
v -13.932805 20.000000 -1.574466
v -13.936247 20.124994 -1.531915
v -13.939599 20.250000 -1.489360
v -13.943820 20.333328 -1.404259
v -13.947840 20.416668 -1.319147
v -13.952406 20.458330 -1.191495
v -13.959757 20.500000 -0.936173
v -13.959757 20.500000 -0.936173
v -13.500000 20.416668 -0.553189
v -13.962547 20.500000 -0.808509
v -13.964385 20.458334 -0.680852
v -13.500000 20.500000 -0.808509
v -13.965809 20.416668 -0.553189
v -13.965556 20.250000 -0.382977
v -13.965809 20.416668 -0.553189
v -13.965783 20.333332 -0.468083
v -13.500000 20.250000 -0.382977
v -13.500000 20.416668 -0.553189
v -13.964203 20.124998 -0.340423
v -13.962759 20.000000 -0.297870
v -13.500000 20.000000 -0.297870
v -13.965556 20.250000 -0.382977
v -13.500000 20.250000 -0.382977
v -13.962759 20.000000 -0.297870
v -13.906277 18.416668 -1.574466
v -13.500000 18.416668 -1.574466
v -13.906277 18.416668 -1.574466
v -13.920447 19.208319 -1.574466
v -13.500000 18.416668 -1.574466
v -13.932805 20.000000 -1.574466
v -13.500000 20.250000 -1.489360
v -13.932805 20.000000 -1.574466
v -13.936247 20.124994 -1.531915
v -13.500000 20.000000 -1.574466
v -13.500000 20.000000 -1.574466
v -13.939599 20.250000 -1.489360
v -13.500000 20.416668 -1.319147
v -13.939599 20.250000 -1.489360
v -13.943820 20.333328 -1.404259
v -13.500000 20.250000 -1.489360
v -13.947840 20.416668 -1.319147
v -13.500000 20.500000 -1.063828
v -13.947840 20.416668 -1.319147
v -13.952406 20.458330 -1.191495
v -13.500000 20.416668 -1.319147
v -13.956558 20.500000 -1.063828
v -13.956558 20.500000 -1.063828
v -13.956558 20.500000 -1.063828
v -13.500000 20.500000 -1.063828
v -13.988867 22.250000 0.127663
v -13.500000 22.250000 0.127663
v -13.988867 22.250000 0.127663
v -13.995782 23.333324 0.127663
v -13.500000 22.250000 0.127663
v -13.999304 24.416668 0.127663
v -13.500000 24.416668 0.127663
v -13.999304 24.416668 0.127663
v -13.999304 24.416668 -0.127659
v -13.500000 24.416668 0.127663
v -13.997672 24.416668 -0.382976
v -13.500000 24.416668 -0.382976
v -13.997672 24.416668 -0.382976
v -13.994150 23.333324 -0.382976
v -13.500000 24.416668 -0.382976
v -13.987235 22.250000 -0.382976
v -13.500000 22.250000 -0.382976
v -13.967190 29.750000 0.127664
v -13.500000 29.750000 0.127664
v -13.967190 29.750000 0.127664
v -13.950619 30.833363 0.127664
v -13.500000 29.750000 0.127664
v -13.930655 31.916666 0.127664
v -13.500000 31.916666 0.127664
v -13.930655 31.916666 0.127664
v -13.930655 31.916666 -0.127658
v -13.500000 31.916666 0.127664
v -13.929021 31.916666 -0.382975
v -13.500000 31.916666 -0.382975
v -13.929021 31.916666 -0.382975
v -13.948985 30.833363 -0.382975
v -13.909419 32.916664 0.000004
v -13.904308 32.916664 0.638302
v -13.500000 31.916666 -0.382975
v -13.965556 29.750000 -0.382975
v -13.500000 29.750000 -0.382975
v -13.904308 32.916664 -0.638294
v -13.500000 32.916664 -0.638294
v -13.904308 32.916664 -0.638294
v -13.909419 32.916664 0.000004
v -13.500000 32.916664 -0.638294
v -13.904308 32.916664 0.638302
v -13.904308 32.916664 0.638302
v -13.500000 32.916664 0.638302
v -13.897615 33.416664 0.000004
v -13.892502 33.416664 0.638302
v -13.500000 33.416664 0.638302
v -13.892502 33.416664 0.638302
v -13.897615 33.416664 0.000004
v -13.892502 33.416664 0.638302
v -13.892502 33.416664 -0.638294
v -13.892502 33.416664 -0.638294
v -13.500000 33.416664 -0.638294
v -13.500000 33.416664 -0.638294
v -13.500000 37.333336 0.127664
v -13.779911 37.333336 0.127664
v -13.736324 38.500076 0.127665
v -13.500000 37.333336 0.127664
v -13.688800 39.666664 0.127665
v -13.500000 39.666664 0.127665
v -13.500000 39.666664 -0.382974
v -13.687156 39.666664 -0.382974
v -13.734682 38.500076 -0.382974
v -13.500000 39.666664 -0.382974
v -13.778270 37.333336 -0.382975
v -13.500000 37.333336 -0.382975
v -10.249154 -5.250000 4.540891
v -10.249154 -7.250000 4.540890
v -10.249154 -7.236392 4.705299
v -10.249154 -5.263608 4.376481
v -10.249154 -7.236222 4.375462
v -10.249154 -5.263779 4.706317
v -10.249154 -7.195818 4.865588
v -10.249154 -5.304646 4.866933
v -10.249154 -7.129459 5.016863
v -10.249154 -5.371136 5.017961
v -10.249154 -7.039558 5.154565
v -10.249154 -5.460815 5.155046
v -10.249154 -6.926939 5.276928
v -10.249154 -5.702886 5.377946
v -10.249154 -6.795782 5.378816
v -10.249154 -5.572764 5.276656
v -10.249154 -5.847637 5.456369
v -10.249154 -6.649866 5.457463
v -10.249154 -6.003225 5.509962
v -10.249154 -6.493301 5.510840
v -10.249154 -6.165587 5.537320
v -10.249154 -6.330410 5.537651
v -10.249154 -5.304183 4.216193
v -10.249154 -7.195355 4.214846
v -10.249154 -5.370542 4.064917
v -10.249154 -7.128865 4.063820
v -10.249154 -5.460443 3.927215
v -10.249154 -7.039186 3.926735
v -10.249154 -5.573061 3.804852
v -10.249154 -6.797115 3.703833
v -10.249154 -5.704219 3.702963
v -10.249154 -6.927237 3.805125
v -10.249154 -6.652364 3.625411
v -10.249154 -5.850135 3.624317
v -10.249154 -6.496776 3.571818
v -10.249154 -6.006700 3.570940
v -10.249154 -6.334414 3.544460
v -10.249154 -6.169590 3.544129
v -10.249154 -5.250000 -4.540892
v -10.249154 -7.250000 -4.540892
v -10.249154 -7.236392 -4.376482
v -10.249154 -5.263608 -4.705300
v -10.249154 -7.236221 -4.706319
v -10.249154 -5.263778 -4.375463
v -10.249154 -7.195817 -4.216194
v -10.249154 -5.304645 -4.214848
v -10.249154 -7.129458 -4.064918
v -10.249154 -5.371135 -4.063821
v -10.249154 -7.039557 -3.927217
v -10.249154 -5.460814 -3.926737
v -10.249154 -6.926939 -3.804854
v -10.249154 -5.702885 -3.703835
v -10.249154 -6.795781 -3.702965
v -10.249154 -5.572763 -3.805127
v -10.249154 -5.847636 -3.625413
v -10.249154 -6.649865 -3.624319
v -10.249154 -6.003224 -3.571820
v -10.249154 -6.493300 -3.570942
v -10.249154 -6.165586 -3.544462
v -10.249154 -6.330410 -3.544131
v -10.249154 -5.304182 -4.865590
v -10.249154 -7.195354 -4.866935
v -10.249154 -5.370541 -5.016864
v -10.249154 -7.128864 -5.017962
v -10.249154 -5.460442 -5.154566
v -10.249154 -7.039185 -5.155047
v -10.249154 -5.573061 -5.276929
v -10.249154 -6.797114 -5.377948
v -10.249154 -5.704218 -5.378818
v -10.249154 -6.927236 -5.276657
v -10.249154 -6.652363 -5.456371
v -10.249154 -5.850134 -5.457465
v -10.249154 -6.496775 -5.509964
v -10.249154 -6.006699 -5.510842
v -10.249154 -6.334413 -5.537322
v -10.249154 -6.169590 -5.537653
v -12.022763 3.383446 -7.434896
v -10.249154 3.387289 -7.347315
v -12.103471 3.387289 -7.347315
v -10.249154 3.373510 -7.181888
v -12.103471 3.387289 -7.347315
v -10.249154 3.387289 -7.347315
v -12.254761 3.374709 -7.189198
v -10.249154 1.387289 -7.347316
v -10.249154 3.387289 -7.347315
v -10.249154 3.373681 -7.511724
v -10.249154 3.373681 -7.511724
v -10.249154 1.400896 -7.182906
v -10.249154 3.373510 -7.181888
v -10.249154 1.401067 -7.512743
v -10.249154 3.333106 -7.672014
v -10.249154 1.441934 -7.673359
v -10.249154 3.266748 -7.823288
v -10.249154 1.508424 -7.824385
v -10.249154 3.176847 -7.960989
v -10.249154 1.598104 -7.961470
v -10.249154 3.064228 -8.083354
v -10.249154 1.840173 -8.184372
v -10.249154 2.933070 -8.185242
v -10.249154 1.710053 -8.083081
v -10.249154 1.984925 -8.262795
v -10.249154 2.787154 -8.263889
v -10.249154 2.140514 -8.316388
v -10.249154 2.630589 -8.317266
v -10.249154 2.302875 -8.343745
v -10.249154 2.467699 -8.344077
v -10.249154 3.332643 -7.021272
v -12.413641 3.335919 -7.030929
v 9.000000 13.600991 -6.999999
v 9.000000 16.239040 -6.978083
v 9.000000 16.600990 -6.999998
v 9.000000 13.622901 -4.361907
v 9.000000 13.688259 -4.718323
v 9.000000 13.796056 -5.064113
v 9.000000 13.944705 -5.394322
v 9.000000 14.132154 -5.704356
v 9.000000 14.355620 -5.989547
v 9.000000 14.611790 -6.245677
v 9.000000 14.896917 -6.469032
v 9.000000 15.206836 -6.656373
v 9.000000 15.536938 -6.804956
v 9.000000 15.882652 -6.912727
v -11.109221 36.399010 -6.999996
v -9.000000 36.399010 -6.999996
v -11.084459 37.009556 -7.008344
v -9.000000 36.399010 -6.999996
v -11.109221 36.399010 -6.999996
v -9.000000 33.760960 -6.978081
v -9.000000 33.399010 -6.999996
v -9.000000 36.399010 -6.999996
v -9.000000 37.610737 -7.032900
v -9.000000 36.399010 -3.999996
v -9.000000 34.117348 -6.912724
v -9.000000 34.463062 -6.804954
v -9.000000 34.793163 -6.656371
v -9.000000 35.103085 -6.469030
v -9.000000 35.388210 -6.245675
v -9.000000 35.644382 -5.989545
v -9.000000 35.867847 -5.704354
v -9.000000 36.055298 -5.394320
v -9.000000 36.203945 -5.064110
v -9.000000 36.311741 -4.718320
v -9.000000 36.377102 -4.361905
v -11.177739 34.119030 -6.999996
v 9.000000 33.760918 -6.978086
v 9.000000 36.399010 -6.999996
v 9.000000 33.399010 -6.999996
v 9.000000 37.610737 -7.032900
v 9.000000 36.399010 -3.999996
v 9.000000 36.377094 -4.361946
v 9.000000 36.311741 -4.718335
v 9.000000 36.203968 -5.064049
v 9.000000 36.055386 -5.394151
v 9.000000 35.868046 -5.704070
v 9.000000 35.644688 -5.989197
v 9.000000 35.388557 -6.245367
v 9.000000 35.103367 -6.468832
v 9.000000 34.793335 -6.656281
v 9.000000 34.463123 -6.804931
v 9.000000 34.117332 -6.912728
v -9.000000 33.760960 -6.978081
v 9.000000 33.399010 -6.999996
v -9.000000 33.399010 -6.999996
v 9.000000 33.760918 -6.978086
v -11.024424 38.228764 -7.075084
v -9.000000 38.818241 -7.131439
v -9.000000 38.818241 -7.131439
v -11.056199 37.619659 -7.033382
v -10.950176 39.441616 -7.208242
v -9.000000 40.018829 -7.295338
v -9.000000 38.818241 7.131449
v -9.000000 40.018829 -7.295338
v -10.989103 38.836266 -7.133397
v -10.861149 40.643471 -7.407076
v -9.000000 41.209023 -7.524173
v -9.000000 40.018829 7.295348
v -9.000000 41.209023 -7.524173
v -10.907556 40.044209 -7.299513
v -10.810853 41.238838 -7.530770
v -9.000000 42.385044 -7.817259
v -9.000000 41.209023 7.524183
v -9.000000 42.385044 -7.817259
v -10.698007 42.415562 -7.825764
v -9.000000 43.543179 -8.173629
v -9.000000 42.385044 7.817269
v -9.000000 43.543179 -8.173629
v -10.567765 43.569832 -8.182633
v -9.000000 44.680096 -8.592202
v -9.000000 43.543179 8.173638
v -9.000000 44.680096 -8.592202
v -10.249154 45.793224 -9.072096
v -9.000000 45.793224 -9.072096
v -9.000000 44.680096 8.592214
v -9.000000 45.793224 -9.072096
v -10.418686 44.697128 -8.599008
v -10.167836 46.601238 -9.404696
v -9.000000 45.793224 -9.072096
v -10.249154 45.793224 -9.072096
v -9.000000 45.793224 9.072107
v -9.000000 46.599419 -9.404038
v -9.000000 46.599419 -9.404038
v -11.809051 46.669704 -7.680079
v -10.249154 45.793224 -9.072096
v -11.424212 47.139149 -8.228069
v -10.167836 46.601238 -9.404696
v -10.249154 45.793224 -9.072096
v -11.455947 47.043549 -8.169535
v -11.499450 46.952610 -8.098484
v -11.555794 46.867432 -8.014059
v -11.625618 46.790329 -7.916245
v -11.709893 46.723461 -7.804726
v -11.809051 46.669704 -7.680079
v -11.946275 46.627777 -7.520225
v -12.022634 46.616570 -7.435039
v -12.103472 46.612713 -7.347310
v -12.255030 46.625336 -7.188923
v -12.414424 46.664337 -7.030162
v 9.000000 45.793224 9.072107
v 9.000000 45.793224 -9.072096
v 9.000000 44.680096 -8.592202
v 9.000000 46.599419 9.404050
v 9.000000 46.600101 -9.404286
v 9.000000 44.680096 8.592214
v 9.000000 43.543179 -8.173629
v 9.000000 43.543179 8.173638
v 9.000000 42.385044 -7.817259
v 9.000000 42.385044 7.817269
v 9.000000 41.209023 -7.524173
v 9.000000 41.209023 7.524183
v 9.000000 40.018829 -7.295338
v 9.000000 40.018829 7.295348
v 9.000000 38.818241 -7.131439
v 9.000000 38.818241 7.131449
v 9.000000 34.117332 -6.912728
v -9.000000 34.117348 -6.912724
v -9.000000 34.463062 -6.804954
v 9.000000 34.463123 -6.804931
v -9.000000 34.793163 -6.656371
v 9.000000 34.793335 -6.656281
v -9.000000 35.103085 -6.469030
v 9.000000 35.103367 -6.468832
v -9.000000 35.388210 -6.245675
v 9.000000 35.388557 -6.245367
v -9.000000 35.644382 -5.989545
v 9.000000 35.644688 -5.989197
v -9.000000 35.867847 -5.704354
v 9.000000 35.868046 -5.704070
v -9.000000 36.055298 -5.394320
v 9.000000 36.055386 -5.394151
v -9.000000 36.203945 -5.064110
v 9.000000 36.203968 -5.064049
v -9.000000 36.311741 -4.718320
v 9.000000 36.377094 -4.361946
v -9.000000 36.377102 -4.361905
v 9.000000 36.311741 -4.718335
v -9.000000 36.399010 -3.999996
v 9.000000 36.399010 4.000004
v -9.000000 36.399010 -3.999996
v -9.000000 36.399010 4.000004
v 9.000000 36.399010 -3.999996
v 9.000000 36.399010 -3.999996
v 9.000000 36.399010 4.000004
v -9.000000 36.399010 4.000004
v -9.000000 36.377094 4.361954
v 9.000000 36.311741 4.718328
v -9.000000 36.311741 4.718343
v 9.000000 36.377102 4.361913
v -9.000000 36.203968 5.064057
v 9.000000 36.203945 5.064118
v -9.000000 36.055386 5.394159
v 9.000000 36.055298 5.394328
v -9.000000 35.868046 5.704078
v 9.000000 35.867847 5.704362
v -9.000000 35.644688 5.989205
v 9.000000 35.644382 5.989553
v -9.000000 35.388557 6.245375
v 9.000000 35.388210 6.245683
v -9.000000 35.103367 6.468841
v 9.000000 35.103085 6.469038
v -9.000000 34.793335 6.656290
v 9.000000 34.793163 6.656379
v -9.000000 34.463123 6.804939
v 9.000000 34.463062 6.804962
v -9.000000 34.117332 6.912736
v 9.000000 34.117348 6.912733
v -11.055796 37.628284 7.033864
v -9.000000 38.818241 7.131449
v -10.988267 38.850121 7.134932
v -9.000000 40.018829 7.295348
v -11.023790 38.240173 7.076035
v -10.906626 40.056774 7.301606
v -9.000000 41.209023 7.524183
v -10.810570 41.242073 7.531499
v -9.000000 42.385044 7.817269
v -10.698507 42.411556 7.824654
v -9.000000 43.543179 8.173638
v -10.568971 43.560383 8.179440
v -9.000000 44.680096 8.592214
v -10.419799 44.687866 8.595315
v -9.000000 45.793224 9.072107
v -9.000000 46.600101 9.404298
v -10.249154 45.793224 9.072107
v -9.000000 45.793224 9.072107
v -9.000000 46.600101 9.404298
v -10.249154 45.793224 9.072107
v -9.000000 47.431484 -9.664500
v -9.000000 47.433090 9.664937
v -10.167825 46.601349 9.404748
v -9.000000 47.433090 9.664937
v -9.000000 48.282867 -9.851457
v -9.000000 48.285343 9.851896
v -10.092439 47.434330 9.665271
v -9.000000 48.285343 9.851896
v -9.000000 49.146347 -9.963495
v -9.000000 49.149349 9.963759
v -10.024343 48.285595 9.851951
v -9.000000 49.149349 9.963759
v -9.000000 50.017181 -9.999969
v -9.000000 50.020111 9.999973
v -9.913890 50.017433 9.999990
v -9.000000 50.020111 9.999973
v -9.964571 49.148788 9.963712
v -9.000000 50.888145 -9.960462
v -9.000000 50.890591 9.960257
v -9.872807 50.885223 9.960748
v -9.000000 50.890591 9.960257
v -9.000000 51.751961 -9.845316
v -9.000000 51.753906 9.844982
v -9.841508 51.746014 9.846397
v -9.000000 51.753906 9.844982
v -9.000000 52.601978 -9.655540
v -9.000000 52.603508 9.655139
v -9.819920 52.593723 9.657781
v -9.000000 52.603508 9.655139
v -9.000000 53.432423 -9.392446
v -9.000000 53.433487 9.392070
v -9.807687 53.422176 9.396214
v -9.000000 53.433487 9.392070
v -9.000000 54.237129 -9.057938
v -9.000000 54.237686 9.057692
v -9.804218 54.225452 9.063425
v -9.000000 54.237686 9.057692
v -9.000000 55.009651 -8.654649
v -9.000000 55.009857 8.654544
v -9.808669 54.997478 8.661716
v -9.000000 55.009857 8.654544
v -9.000000 55.743950 -8.185757
v -9.000000 55.744144 8.185632
v -9.819999 55.732349 8.193915
v -9.000000 55.744144 8.185632
v -9.000000 56.434525 -7.654831
v -9.000000 56.434994 7.654447
v -9.836986 56.424435 7.663339
v -9.000000 56.434994 7.654447
v -9.000000 57.076183 -7.065917
v -9.000000 57.076984 7.065129
v -9.858284 57.068165 7.073976
v -9.000000 57.076984 7.065129
v -9.000000 57.663998 -6.423618
v -9.000000 57.665016 6.422418
v -9.882459 57.658401 6.430315
v -9.000000 57.665016 6.422418
v -9.000000 58.193634 -5.732714
v -9.000000 58.194767 5.731109
v -9.908046 58.190380 5.737398
v -9.000000 58.194767 5.731109
v -9.000000 58.661392 -4.997998
v -9.000000 58.662617 4.995886
v -9.933630 58.659874 5.000665
v -9.000000 58.662617 4.995886
v -9.000000 59.063614 -4.224998
v -9.000000 59.064850 4.222359
v -9.957835 59.063198 4.225930
v -9.000000 59.064850 4.222359
v -9.000000 59.397072 -3.419800
v -9.000000 59.398102 3.416986
v -9.979446 59.397224 3.419385
v -9.000000 59.398102 3.416986
v -9.000000 59.659054 -2.588908
v -9.000000 59.659706 2.586497
v -9.997402 59.659500 2.587296
v -9.000000 59.659706 2.586497
v -9.000000 59.847965 -1.737084
v -9.000000 59.848255 1.735465
v -10.010865 59.848225 1.735665
v -9.000000 59.848255 1.735465
v -9.000000 59.961929 -0.871745
v -9.000000 59.961994 0.871034
v -10.019197 59.961994 0.871031
v -9.000000 59.961994 0.871034
v -9.000000 60.000000 0.000007
v -9.000000 60.000000 0.000007
v -10.022017 60.000000 0.000007
v -9.000000 59.961929 -0.871745
v -10.010871 59.848305 -1.735190
v -9.000000 59.847965 -1.737084
v -10.019199 59.962009 -0.870823
v -9.997416 59.659653 -2.586719
v -9.000000 59.659054 -2.588908
v -9.979461 59.397400 -3.418898
v -9.000000 59.397072 -3.419800
v -9.000000 59.063614 -4.224998
v -9.957848 59.063389 -4.225513
v -9.000000 58.661392 -4.997998
v -9.933642 58.660103 -5.000258
v -9.000000 58.193634 -5.732714
v -9.908062 58.190643 -5.737009
v -9.000000 57.663998 -6.423618
v -9.882462 57.658470 -6.430223
v -9.000000 57.076183 -7.065917
v -9.858284 57.068161 -7.073966
v -9.000000 56.434525 -7.654831
v -9.836982 56.424274 -7.663458
v -9.000000 55.743950 -8.185757
v -9.819991 55.732025 -8.194130
v -9.000000 55.009651 -8.654649
v -9.808664 54.996834 -8.662075
v -9.000000 54.237129 -9.057938
v -9.804218 54.224472 -9.063869
v -9.000000 53.432423 -9.392446
v -9.807701 53.421066 -9.396605
v -9.000000 52.601978 -9.655540
v -9.819942 52.592571 -9.658076
v -9.000000 51.751961 -9.845316
v -9.841545 51.744808 -9.846601
v -9.000000 50.888145 -9.960462
v -9.872861 50.884045 -9.960841
v -9.000000 50.017181 -9.999969
v -9.913947 50.016373 -9.999981
v -9.000000 49.146347 -9.963495
v -10.024375 48.285145 -9.851860
v -9.000000 48.282867 -9.851457
v -9.964615 49.148018 -9.963634
v -10.092463 47.434044 -9.665183
v -9.000000 47.431484 -9.664500
v -11.809051 46.669704 7.680090
v -10.249154 45.793224 9.072107
v -10.167825 46.601349 9.404748
v -12.413641 46.664082 7.030935
v -10.249154 45.793224 9.072107
v -12.022763 46.616554 7.434903
v -12.103471 46.612713 7.347322
v -12.254761 46.625294 7.189205
v -11.946319 46.627766 7.520184
v -11.809051 46.669704 7.680090
v -11.403283 47.240097 8.275308
v -10.092439 47.434330 9.665271
v -11.709647 46.723621 7.805054
v -11.423884 47.140366 8.228735
v -11.455533 47.044571 8.170252
v -11.499074 46.953274 8.099079
v -11.555275 46.868103 8.014821
v -11.625205 46.790718 7.916817
v -11.559772 47.997917 8.270153
v -11.502328 47.885696 8.309340
v -11.457702 47.773125 8.334372
v -11.425318 47.662128 8.346100
v -11.404247 47.553513 8.345568
v -11.393696 47.447147 8.333521
v -11.393324 47.342789 8.310204
v -12.071354 48.490795 7.825826
v -11.940463 48.412724 7.947308
v -11.821599 48.319832 8.054416
v -11.718522 48.217411 8.143775
v -11.631529 48.109238 8.215344
v -11.900903 55.785904 5.426682
v -9.882459 57.658401 6.430315
v -12.041321 55.661949 5.349720
v -11.288542 56.574505 5.486782
v -9.908046 58.190380 5.737398
v -11.765342 55.920662 5.485110
v -11.640273 56.060066 5.522695
v -11.529695 56.198025 5.539546
v -11.434544 56.330959 5.537615
v -11.354423 56.456879 5.519265
v -11.155537 57.144211 4.988546
v -9.933630 58.659874 5.000665
v -11.236054 56.683056 5.442265
v -11.195873 56.782524 5.387314
v -11.167027 56.873127 5.323018
v -11.148926 56.954697 5.250405
v -11.141072 57.027554 5.169713
v -11.143314 57.090721 5.082363
v -11.583099 57.169762 4.148419
v -11.178039 57.187836 4.887975
v -11.211409 57.220852 4.780584
v -11.256466 57.242077 4.666521
v -11.317164 57.250000 4.540898
v -11.388428 57.242199 4.416233
v -11.478040 57.216049 4.282537
v -11.703239 57.102020 4.017387
v -11.836596 57.012733 3.894185
v -11.978501 56.904583 3.784907
v -12.122436 56.782928 3.694738
v -11.478020 57.216080 -4.282637
v -9.908062 58.190643 -5.737009
v -11.979293 56.903942 -3.784339
v -11.837112 57.012360 -3.893732
v -11.703538 57.101837 -4.017080
v -11.583132 57.169758 -4.148399
v -11.143182 57.089550 -5.084168
v -9.882462 57.658470 -6.430223
v -11.388412 57.242222 -4.416410
v -11.317167 57.250000 -4.540884
v -11.256521 57.242058 -4.666677
v -11.211579 57.220894 -4.780388
v -11.178013 57.187710 -4.888309
v -11.155415 57.143768 -4.989414
v -11.354478 56.456654 -5.519299
v -11.141131 57.026054 -5.171552
v -11.149054 56.953926 -5.251157
v -11.167075 56.873035 -5.323077
v -11.195755 56.782997 -5.387001
v -11.235969 56.683399 -5.442087
v -11.288649 56.574314 -5.486833
v -11.434654 56.330627 -5.537628
v -11.529909 56.197609 -5.539511
v -11.640370 56.059875 -5.522645
v -11.765432 55.920536 -5.485052
v -11.900806 55.785984 -5.426710
v -12.040462 55.662659 -5.350222
v -11.501883 47.884708 -8.309609
v -11.938560 48.411423 -7.949027
v -11.819929 48.318363 -8.055867
v -11.717276 48.216030 -8.144812
v -11.630642 48.108006 -8.216036
v -11.559231 47.996960 -8.270540
v -11.457681 47.773045 -8.334373
v -11.425352 47.662262 -8.346082
v -11.404199 47.553188 -8.345537
v -11.393641 47.446053 -8.333324
v -11.393418 47.340797 -8.309630
v -11.403504 47.238621 -8.274701
v 9.000000 47.431484 9.664512
v 9.000000 47.433090 -9.664926
v 9.000000 48.282867 9.851468
v 9.000000 48.285343 -9.851885
v 9.000000 49.146347 9.963507
v 9.000000 49.149349 -9.963748
v 9.000000 50.017181 9.999980
v 9.000000 50.020111 -9.999962
v 9.000000 50.888145 9.960473
v 9.000000 50.890591 -9.960245
v 9.000000 51.751961 9.845327
v 9.000000 51.753906 -9.844971
v 9.000000 52.601978 9.655553
v 9.000000 52.603508 -9.655126
v 9.000000 53.432423 9.392459
v 9.000000 53.433487 -9.392056
v 9.000000 54.237129 9.057951
v 9.000000 54.237686 -9.057678
v 9.000000 55.009651 8.654662
v 9.000000 55.009857 -8.654531
v 9.000000 55.743950 8.185770
v 9.000000 55.744144 -8.185618
v 9.000000 56.434525 7.654845
v 9.000000 56.434994 -7.654433
v 9.000000 57.076183 7.065931
v 9.000000 57.076984 -7.065115
v 9.000000 57.663998 6.423632
v 9.000000 57.665016 -6.422404
v 9.000000 58.193634 5.732728
v 9.000000 58.194767 -5.731095
v 9.000000 58.661392 4.998012
v 9.000000 58.662617 -4.995872
v 9.000000 59.063614 4.225012
v 9.000000 59.064850 -4.222345
v 9.000000 59.397072 3.419814
v 9.000000 59.398102 -3.416972
v 9.000000 59.659054 2.588922
v 9.000000 59.659706 -2.586483
v 9.000000 59.847965 1.737098
v 9.000000 59.848255 -1.735451
v 9.000000 59.961929 0.871759
v 9.000000 59.961994 -0.871020
v 9.000000 60.000000 0.000007
v -10.249154 46.612713 7.347322
v -12.103471 46.612713 7.347322
v -12.022763 46.616554 7.434903
v -10.249154 46.626492 7.181894
v -12.254761 46.625294 7.189205
v -12.103471 46.612713 7.347322
v -10.249154 46.612713 7.347322
v -10.249154 46.626320 7.511731
v -11.946319 46.627766 7.520184
v -10.249154 46.666897 7.672020
v -11.809051 46.669704 7.680090
v -11.709647 46.723621 7.805054
v -10.249154 46.667358 7.021278
v -12.413641 46.664082 7.030935
v -10.249154 48.612713 7.347322
v -10.249154 46.612713 7.347322
v -10.249154 46.626320 7.511731
v -10.249154 48.599106 7.182912
v -10.249154 46.626492 7.181894
v -10.249154 48.598934 7.512749
v -10.249154 46.666897 7.672020
v -10.249154 48.558067 7.673365
v -10.249154 46.733253 7.823295
v -10.249154 46.733253 7.823295
v -10.249154 48.491577 7.824391
v -10.249154 46.823154 7.960996
v -11.625205 46.790718 7.916817
v -10.249154 46.823154 7.960996
v -10.249154 48.401897 7.961476
v -10.249154 46.935772 8.083360
v -11.555275 46.868103 8.014821
v -10.249154 46.935772 8.083360
v -10.249154 48.159828 8.184378
v -10.249154 47.066933 8.185247
v -11.455533 47.044571 8.170252
v -10.249154 47.066933 8.185247
v -10.249154 48.289948 8.083087
v -11.499074 46.953274 8.099079
v -10.249154 48.015076 8.262801
v -10.249154 47.212849 8.263895
v -11.423884 47.140366 8.228735
v -10.249154 47.212849 8.263895
v -10.249154 47.859486 8.316394
v -10.249154 47.369411 8.317272
v -11.393324 47.342789 8.310204
v -10.249154 47.369411 8.317272
v -11.403283 47.240097 8.275308
v -10.249154 47.697124 8.343751
v -10.249154 47.532303 8.344083
v -11.393696 47.447147 8.333521
v -10.249154 47.532303 8.344083
v -11.425318 47.662128 8.346100
v -10.249154 47.697124 8.343751
v -11.404247 47.553513 8.345568
v -11.457702 47.773125 8.334372
v -10.249154 47.859486 8.316394
v -11.559772 47.997917 8.270153
v -10.249154 48.015076 8.262801
v -11.502328 47.885696 8.309340
v -11.631529 48.109238 8.215344
v -10.249154 48.159828 8.184378
v -11.718522 48.217411 8.143775
v -10.249154 48.289948 8.083087
v -11.821599 48.319832 8.054416
v -10.249154 48.401897 7.961476
v -12.071354 48.490795 7.825826
v -10.249154 48.491577 7.824391
v -11.940463 48.412724 7.947308
v -12.208822 48.550220 7.695290
v -10.249154 48.558067 7.673365
v -10.249154 48.558529 7.022624
v -10.249154 46.667358 7.021278
v -10.249154 48.492172 6.871348
v -10.249154 46.733849 6.870252
v -10.249154 48.402271 6.733647
v -10.249154 46.823528 6.733167
v -10.249154 48.289654 6.611284
v -10.249154 47.065598 6.510265
v -10.249154 48.158493 6.509395
v -10.249154 46.935478 6.611556
v -10.249154 47.210346 6.431843
v -10.249154 48.012577 6.430749
v -10.249154 47.365936 6.378250
v -10.249154 47.856014 6.377372
v -10.249154 47.528297 6.350892
v -10.249154 47.693123 6.350561
v -12.122928 56.782494 -3.694450
v -10.249154 56.797115 -3.703827
v -11.979293 56.903942 -3.784339
v -10.249154 56.927235 -3.805119
v -11.837112 57.012360 -3.893732
v -10.249154 57.039185 -3.926729
v -11.703538 57.101837 -4.017080
v -10.249154 57.128864 -4.063814
v -11.583132 57.169758 -4.148399
v -10.249154 57.195354 -4.214840
v -11.478020 57.216080 -4.282637
v -10.249154 57.236221 -4.375456
v -11.388412 57.242222 -4.416410
v -11.317167 57.250000 -4.540884
v -10.249154 57.250000 -4.540884
v -11.317167 57.250000 -4.540884
v -11.256521 57.242058 -4.666677
v -10.249154 57.250000 -4.540884
v -10.249154 57.236393 -4.705293
v -11.211579 57.220894 -4.780388
v -10.249154 57.195820 -4.865582
v -11.178013 57.187710 -4.888309
v -11.155415 57.143768 -4.989414
v -10.249154 57.129459 -5.016857
v -11.143182 57.089550 -5.084168
v -10.249154 57.039558 -5.154559
v -11.141131 57.026054 -5.171552
v -11.149054 56.953926 -5.251157
v -10.249154 56.926937 -5.276922
v -11.167075 56.873035 -5.323077
v -10.249154 56.795780 -5.378810
v -11.195755 56.782997 -5.387001
v -11.235969 56.683399 -5.442087
v -10.249154 56.649864 -5.457458
v -11.288649 56.574314 -5.486833
v -10.249154 56.493301 -5.510834
v -11.354478 56.456654 -5.519299
v -11.434654 56.330627 -5.537628
v -10.249154 56.330410 -5.537645
v -11.529909 56.197609 -5.539511
v -10.249154 56.165588 -5.537314
v -11.640370 56.059875 -5.522645
v -10.249154 56.003223 -5.509956
v -11.765432 55.920536 -5.485052
v -10.249154 55.847637 -5.456363
v -11.900806 55.785984 -5.426710
v -10.249154 55.702885 -5.377940
v -12.040462 55.662659 -5.350222
v -10.249154 48.558529 -7.672009
v -12.208511 48.550110 -7.695568
v -10.249154 48.492172 -7.823283
v -12.069785 48.490002 -7.827273
v -11.938560 48.411423 -7.949027
v -10.249154 48.402271 -7.960984
v -11.819929 48.318363 -8.055867
v -10.249154 48.289654 -8.083348
v -11.717276 48.216030 -8.144812
v -10.249154 48.158493 -8.185236
v -11.630642 48.108006 -8.216036
v -10.249154 48.012577 -8.263884
v -11.559231 47.996960 -8.270540
v -11.501883 47.884708 -8.309609
v -10.249154 47.856014 -8.317261
v -11.457681 47.773045 -8.334373
v -10.249154 47.693123 -8.344071
v -11.425352 47.662262 -8.346082
v -11.404199 47.553188 -8.345537
v -10.249154 47.528297 -8.343740
v -11.393641 47.446053 -8.333324
v -10.249154 47.365936 -8.316382
v -11.393418 47.340797 -8.309630
v -11.403504 47.238621 -8.274701
v -10.249154 47.210346 -8.262790
v -11.424212 47.139149 -8.228069
v -10.249154 47.065598 -8.184366
v -11.455947 47.043549 -8.169535
v -11.499450 46.952610 -8.098484
v -10.249154 46.935478 -8.083076
v -11.555794 46.867432 -8.014059
v -10.249154 46.823528 -7.961464
v -11.625618 46.790329 -7.916245
v -10.249154 46.733849 -7.824379
v -11.709893 46.723461 -7.804726
v -11.809051 46.669704 -7.680079
v -10.249154 46.667358 -7.673353
v -11.946275 46.627777 -7.520225
v -10.249154 55.573063 5.276936
v -12.041321 55.661949 5.349720
v -10.249154 55.704220 5.378824
v -11.900903 55.785904 5.426682
v -10.249154 55.850136 5.457471
v -11.765342 55.920662 5.485110
v -10.249154 56.006699 5.510848
v -11.640273 56.060066 5.522695
v -10.249154 56.169590 5.537659
v -11.529695 56.198025 5.539546
v -11.434544 56.330959 5.537615
v -10.249154 56.334412 5.537328
v -11.354423 56.456879 5.519265
v -10.249154 56.496777 5.509970
v -11.288542 56.574505 5.486782
v -10.249154 56.652363 5.456377
v -11.236054 56.683056 5.442265
v -11.195873 56.782524 5.387314
v -10.249154 56.797115 5.377954
v -11.167027 56.873127 5.323018
v -10.249154 56.927235 5.276663
v -11.148926 56.954697 5.250405
v -11.141072 57.027554 5.169713
v -10.249154 57.039185 5.155053
v -11.143314 57.090721 5.082363
v -10.249154 57.128864 5.017968
v -11.155537 57.144211 4.988546
v -11.178039 57.187836 4.887975
v -10.249154 57.195354 4.866940
v -11.211409 57.220852 4.780584
v -10.249154 57.236221 4.706325
v -11.256466 57.242077 4.666521
v -11.317164 57.250000 4.540898
v -10.249154 57.250000 4.540898
v -11.317164 57.250000 4.540898
v -11.388428 57.242199 4.416233
v -10.249154 57.250000 4.540898
v -10.249154 57.236393 4.376488
v -11.478040 57.216049 4.282537
v -10.249154 57.195820 4.216200
v -11.583099 57.169762 4.148419
v -10.249154 57.129459 4.064924
v -11.703239 57.102020 4.017387
v -10.249154 57.039558 3.927223
v -11.836596 57.012733 3.894185
v -10.249154 56.926937 3.804860
v -11.978501 56.904583 3.784907
v -10.249154 56.795780 3.702971
v -12.122436 56.782928 3.694738
v -10.249154 57.250000 -4.540884
v -10.249154 55.250000 -4.540884
v -10.249154 55.263607 -4.376474
v -10.249154 57.236393 -4.705293
v -10.249154 55.263779 -4.706311
v -10.249154 57.236221 -4.375456
v -10.249154 55.304180 -4.216187
v -10.249154 57.195354 -4.214840
v -10.249154 55.370541 -4.064910
v -10.249154 57.128864 -4.063814
v -10.249154 55.460442 -3.927209
v -10.249154 57.039185 -3.926729
v -10.249154 55.573063 -3.804846
v -10.249154 56.797115 -3.703827
v -10.249154 55.704220 -3.702957
v -10.249154 56.927235 -3.805119
v -10.249154 56.652363 -3.625405
v -10.249154 55.850136 -3.624311
v -10.249154 56.496777 -3.571812
v -10.249154 56.006699 -3.570934
v -10.249154 56.334412 -3.544454
v -10.249154 56.169590 -3.544123
v -10.249154 57.195820 -4.865582
v -10.249154 55.304646 -4.866927
v -10.249154 57.129459 -5.016857
v -10.249154 55.371136 -5.017954
v -10.249154 57.039558 -5.154559
v -10.249154 55.460815 -5.155039
v -10.249154 56.926937 -5.276922
v -10.249154 55.702885 -5.377940
v -10.249154 56.795780 -5.378810
v -10.249154 55.572765 -5.276649
v -10.249154 55.847637 -5.456363
v -10.249154 56.649864 -5.457458
v -10.249154 56.003223 -5.509956
v -10.249154 56.493301 -5.510834
v -10.249154 56.165588 -5.537314
v -10.249154 56.330410 -5.537645
v -10.249154 46.612713 -7.347310
v -10.249154 48.612713 -7.347310
v -10.249154 48.599106 -7.511719
v -10.249154 46.626320 -7.182900
v -10.249154 48.598934 -7.181882
v -10.249154 46.626492 -7.512737
v -10.249154 48.558529 -7.672009
v -10.249154 46.667358 -7.673353
v -10.249154 48.492172 -7.823283
v -10.249154 46.733849 -7.824379
v -10.249154 48.402271 -7.960984
v -10.249154 46.823528 -7.961464
v -10.249154 48.289654 -8.083348
v -10.249154 47.065598 -8.184366
v -10.249154 48.158493 -8.185236
v -10.249154 46.935478 -8.083076
v -10.249154 47.210346 -8.262790
v -10.249154 48.012577 -8.263884
v -10.249154 47.365936 -8.316382
v -10.249154 47.856014 -8.317261
v -10.249154 47.528297 -8.343740
v -10.249154 47.693123 -8.344071
v -10.249154 46.626492 -7.512737
v -12.103472 46.612713 -7.347310
v -10.249154 46.612713 -7.347310
v -12.022634 46.616570 -7.435039
v -12.255030 46.625336 -7.188923
v -10.249154 46.612713 -7.347310
v -12.103472 46.612713 -7.347310
v -10.249154 46.626320 -7.182900
v -10.249154 46.666897 -7.022612
v -12.414424 46.664337 -7.030162
v -10.249154 46.666897 -7.022612
v -10.249154 48.558067 -7.021266
v -10.249154 46.733253 -6.871336
v -10.249154 48.491577 -6.870240
v -10.249154 46.823154 -6.733635
v -10.249154 48.401897 -6.733155
v -10.249154 46.935772 -6.611272
v -10.249154 48.159828 -6.510253
v -10.249154 47.066933 -6.509383
v -10.249154 48.289948 -6.611544
v -10.249154 48.015076 -6.431831
v -10.249154 47.212849 -6.430737
v -10.249154 47.859486 -6.378238
v -10.249154 47.369411 -6.377360
v -10.249154 47.697124 -6.350880
v -10.249154 47.532303 -6.350549
v -10.249154 57.250000 4.540898
v -10.249154 55.250000 4.540898
v -10.249154 55.263607 4.705307
v -10.249154 57.236393 4.376488
v -10.249154 55.263779 4.375470
v -10.249154 57.236221 4.706325
v -10.249154 55.304180 4.865596
v -10.249154 57.195354 4.866940
v -10.249154 55.370541 5.016870
v -10.249154 57.128864 5.017968
v -10.249154 55.460442 5.154572
v -10.249154 57.039185 5.155053
v -10.249154 55.573063 5.276936
v -10.249154 56.797115 5.377954
v -10.249154 55.704220 5.378824
v -10.249154 56.927235 5.276663
v -10.249154 56.652363 5.456377
v -10.249154 55.850136 5.457471
v -10.249154 56.496777 5.509970
v -10.249154 56.006699 5.510848
v -10.249154 56.334412 5.537328
v -10.249154 56.169590 5.537659
v -10.249154 57.195820 4.216200
v -10.249154 55.304646 4.214854
v -10.249154 57.129459 4.064924
v -10.249154 55.371136 4.063828
v -10.249154 57.039558 3.927223
v -10.249154 55.460815 3.926743
v -10.249154 56.926937 3.804860
v -10.249154 55.702885 3.703841
v -10.249154 56.795780 3.702971
v -10.249154 55.572765 3.805133
v -10.249154 55.847637 3.625419
v -10.249154 56.649864 3.624325
v -10.249154 56.003223 3.571826
v -10.249154 56.493301 3.570948
v -10.249154 56.165588 3.544468
v -10.249154 56.330410 3.544137
v -10.249154 1.441471 -7.022618
v -10.249154 3.332643 -7.021272
v -10.249154 1.507829 -6.871342
v -10.249154 3.266154 -6.870245
v -10.249154 1.597730 -6.733641
v -10.249154 3.176474 -6.733160
v -10.249154 1.710349 -6.611278
v -10.249154 2.934404 -6.510259
v -10.249154 1.841507 -6.509389
v -10.249154 3.064524 -6.611549
v -10.249154 2.789653 -6.431837
v -10.249154 1.987423 -6.430743
v -10.249154 2.634063 -6.378243
v -10.249154 2.143988 -6.377366
v -10.249154 2.471702 -6.350885
v -10.249154 2.306878 -6.350554
v 11.191527 48.612713 -7.347310
v 11.191527 46.612713 -7.347310
v 11.191527 46.626320 -7.511719
v 11.191527 48.599106 -7.182900
v 11.191527 46.626492 -7.181882
v 11.191527 48.598934 -7.512737
v 11.191527 46.666897 -7.672009
v 11.191527 48.558067 -7.673353
v 11.191527 46.733253 -7.823283
v 11.191527 48.491577 -7.824379
v 11.191527 46.823154 -7.960984
v 11.191527 48.401897 -7.961464
v 11.191527 46.935772 -8.083348
v 11.191527 48.159828 -8.184366
v 11.191527 47.066933 -8.185236
v 11.191527 48.289948 -8.083076
v 11.191527 48.015076 -8.262790
v 11.191527 47.212849 -8.263884
v 11.191527 47.859486 -8.316382
v 11.191527 47.369411 -8.317261
v 11.191527 47.697124 -8.343740
v 11.191527 47.532303 -8.344071
v 11.191527 48.558529 -7.022612
v 11.191527 46.667358 -7.021266
v 11.191527 48.492172 -6.871336
v 11.191527 46.733849 -6.870240
v 11.191527 48.402271 -6.733635
v 11.191527 46.823528 -6.733155
v 11.191527 48.289654 -6.611272
v 11.191527 47.065598 -6.510253
v 11.191527 48.158493 -6.509383
v 11.191527 46.935478 -6.611544
v 11.191527 47.210346 -6.431831
v 11.191527 48.012577 -6.430737
v 11.191527 47.365936 -6.378238
v 11.191527 47.856014 -6.377360
v 11.191527 47.528297 -6.350880
v 11.191527 47.693123 -6.350549
v 11.191527 57.250000 -4.540884
v 11.191527 55.250000 -4.540884
v 11.191527 55.263607 -4.705293
v 11.191527 57.236393 -4.376474
v 11.191527 55.263779 -4.375456
v 11.191527 57.236221 -4.706311
v 11.191527 55.304180 -4.865582
v 11.191527 57.195354 -4.866927
v 11.191527 55.370541 -5.016857
v 11.191527 57.128864 -5.017954
v 11.191527 55.460442 -5.154559
v 11.191527 57.039185 -5.155039
v 11.191527 55.573063 -5.276922
v 11.191527 56.797115 -5.377940
v 11.191527 55.704220 -5.378810
v 11.191527 56.927235 -5.276649
v 11.191527 56.652363 -5.456363
v 11.191527 55.850136 -5.457458
v 11.191527 56.496777 -5.509956
v 11.191527 56.006699 -5.510834
v 11.191527 56.334412 -5.537314
v 11.191527 56.169590 -5.537645
v 11.191527 57.195820 -4.216187
v 11.191527 55.304646 -4.214840
v 11.191527 57.129459 -4.064910
v 11.191527 55.371136 -4.063814
v 11.191527 57.039558 -3.927209
v 11.191527 55.460815 -3.926729
v 11.191527 56.926937 -3.804846
v 11.191527 55.702885 -3.703827
v 11.191527 56.795780 -3.702957
v 11.191527 55.572765 -3.805119
v 11.191527 55.847637 -3.625405
v 11.191527 56.649864 -3.624311
v 11.191527 56.003223 -3.571812
v 11.191527 56.493301 -3.570934
v 11.191527 56.165588 -3.544454
v 11.191527 56.330410 -3.544123
v 11.191527 1.387287 7.347316
v 11.191527 3.387287 7.347316
v 11.191527 3.373679 7.511725
v 11.191527 1.400894 7.182906
v 11.191527 3.373508 7.181889
v 11.191527 1.401065 7.512743
v 11.191527 3.333104 7.672015
v 11.191527 1.441932 7.673359
v 11.191527 3.266746 7.823289
v 11.191527 1.508422 7.824385
v 11.191527 3.176845 7.960990
v 11.191527 1.598102 7.961470
v 11.191527 3.064226 8.083354
v 11.191527 1.840171 8.184372
v 11.191527 2.933068 8.185242
v 11.191527 1.710051 8.083081
v 11.191527 1.984923 8.262795
v 11.191527 2.787152 8.263889
v 11.191527 2.140512 8.316388
v 11.191527 2.630587 8.317266
v 11.191527 2.302873 8.343745
v 11.191527 2.467697 8.344077
v 11.191527 1.441469 7.022618
v 11.191527 3.332641 7.021273
v 11.191527 1.507827 6.871342
v 11.191527 3.266152 6.870246
v 11.191527 1.597728 6.733641
v 11.191527 3.176472 6.733161
v 11.191527 1.710347 6.611278
v 11.191527 2.934402 6.510260
v 11.191527 1.841505 6.509389
v 11.191527 3.064522 6.611550
v 11.191527 2.789651 6.431838
v 11.191527 1.987421 6.430743
v 11.191527 2.634061 6.378244
v 11.191527 2.143986 6.377367
v 11.191527 2.471700 6.350886
v 11.191527 2.306876 6.350555
v 11.191527 -7.250000 4.540890
v 11.191527 -5.250000 4.540891
v 11.191527 -5.263608 4.705299
v 11.191527 -7.236392 4.376480
v 11.191527 -5.263779 4.375463
v 11.191527 -7.236222 4.706317
v 11.191527 -5.304183 4.865589
v 11.191527 -7.195355 4.866933
v 11.191527 -5.370542 5.016863
v 11.191527 -7.128865 5.017960
v 11.191527 -5.460443 5.154565
v 11.191527 -7.039186 5.155045
v 11.191527 -5.573061 5.276928
v 11.191527 -6.797115 5.377946
v 11.191527 -5.704219 5.378817
v 11.191527 -6.927237 5.276655
v 11.191527 -6.652364 5.456369
v 11.191527 -5.850135 5.457464
v 11.191527 -6.496776 5.509962
v 11.191527 -6.006700 5.510840
v 11.191527 -6.334414 5.537320
v 11.191527 -6.169590 5.537651
v 11.191527 -7.195818 4.216192
v 11.191527 -5.304646 4.214847
v 11.191527 -7.129459 4.064916
v 11.191527 -5.371136 4.063820
v 11.191527 -7.039558 3.927215
v 11.191527 -5.460815 3.926735
v 11.191527 -6.926939 3.804852
v 11.191527 -5.702886 3.703833
v 11.191527 -6.795782 3.702963
v 11.191527 -5.572764 3.805125
v 11.191527 -5.847637 3.625411
v 11.191527 -6.649866 3.624317
v 11.191527 -6.003225 3.571818
v 11.191527 -6.493301 3.570940
v 11.191527 -6.165587 3.544460
v 11.191527 -6.330410 3.544129
v -13.500000 12.750000 0.978724
v -13.500000 13.166667 1.404257
v -13.500000 13.250000 0.978725
v -13.500000 12.833333 1.744683
v -13.500000 12.666667 1.234045
v -13.500000 12.500000 1.914896
v -13.500000 12.083333 1.489363
v -13.500000 12.083333 2.000001
v -13.500000 12.416667 1.404256
v -13.500000 11.333333 1.489363
v -13.500000 11.333333 2.000001
v -13.500000 11.000000 1.404256
v -13.500000 10.916667 1.914895
v -13.500000 10.583333 0.978724
v -13.500000 10.583333 1.744682
v -13.500000 10.750000 1.234044
v -13.500000 10.250000 -1.404254
v -13.500000 10.250000 1.404256
v -13.500000 10.500000 0.638299
v -13.500000 10.083333 -1.063829
v -13.500000 10.083333 1.063831
v -13.500000 10.000000 -0.638297
v -13.500000 10.000000 0.638299
v -13.500000 10.583333 -0.978722
v -13.500000 10.583333 -1.744680
v -13.500000 10.500000 -0.638297
v -13.500000 10.750000 -1.234042
v -13.500000 10.916667 -1.914893
v -13.500000 11.333333 -1.489361
v -13.500000 11.333333 -1.999999
v -13.500000 11.000000 -1.404254
v -13.500000 12.083333 -1.489361
v -13.500000 12.083333 -1.999999
v -13.500000 12.416667 -1.404254
v -13.500000 12.500000 -1.914892
v -13.500000 12.750000 -0.978721
v -13.500000 12.833333 -1.744679
v -13.500000 12.666667 -1.234041
v -13.500000 13.250000 -0.978721
v -13.500000 13.166667 -1.404253
v -13.500000 15.916667 -1.489360
v -13.500000 15.916667 -1.999998
v -13.500000 15.250000 -1.999998
v -13.500000 15.250000 -1.489360
v -13.500000 14.833333 -1.914892
v -13.500000 16.250000 -1.404253
v -13.500000 16.333332 -1.914892
v -13.500000 16.666668 -0.978721
v -13.500000 16.666668 -1.744679
v -13.500000 16.500000 -1.234041
v -13.500000 17.000000 1.404257
v -13.500000 17.000000 -1.404253
v -13.500000 16.750000 -0.638296
v -13.500000 17.166668 1.063832
v -13.500000 17.166668 -1.063828
v -13.500000 17.250000 0.638300
v -13.500000 17.250000 -0.638296
v -13.500000 16.666668 0.978725
v -13.500000 16.666668 1.744683
v -13.500000 16.750000 0.638300
v -13.500000 16.500000 1.234045
v -13.500000 16.333332 1.914896
v -13.500000 15.916667 1.489364
v -13.500000 15.916667 2.000002
v -13.500000 16.250000 1.404257
v -13.500000 15.250000 1.489364
v -13.500000 15.250000 2.000002
v -13.500000 14.916667 1.404257
v -13.500000 14.833333 1.914896
v -13.500000 14.500000 0.978725
v -13.500000 14.500000 1.744683
v -13.500000 14.666667 1.234045
v -13.500000 14.166667 -1.404253
v -13.500000 14.166667 1.404257
v -13.500000 14.416667 0.638300
v -13.500000 14.000000 -1.063828
v -13.500000 14.000000 1.063832
v -13.500000 13.916667 -0.638296
v -13.500000 13.916667 0.638300
v -13.500000 14.500000 -0.978721
v -13.500000 14.500000 -1.744679
v -13.500000 14.416667 -0.638296
v -13.500000 14.666667 -1.234041
v -13.500000 14.916667 -1.404253
v -13.500000 17.916668 -1.999998
v -13.500000 18.416668 2.000002
v -13.500000 18.416668 0.212768
v -13.500000 18.416668 -0.297870
v -13.500000 19.833332 0.212768
v -13.500000 17.916668 2.000002
v -13.500000 18.416668 -1.574466
v -13.500000 19.916668 -1.999998
v -13.500000 20.250000 -1.489360
v -13.500000 20.333332 -1.914892
v -13.500000 20.000000 -1.574466
v -13.500000 20.500000 -1.063828
v -13.500000 20.666668 -1.659572
v -13.500000 20.416668 -1.319147
v -13.500000 20.916668 -0.468082
v -13.500000 20.916668 -1.319147
v -13.500000 20.666668 -0.127658
v -13.500000 21.000000 -0.723401
v -13.500000 21.000000 -1.063828
v -13.500000 20.416668 -0.553189
v -13.500000 20.333332 0.042555
v -13.500000 20.500000 -0.808509
v -13.500000 20.500000 2.000002
v -13.500000 21.083332 2.000003
v -13.500000 20.250000 -0.382977
v -13.500000 20.000000 -0.297870
v -13.500000 22.250000 1.489365
v -13.500000 24.750000 2.000003
v -13.500000 24.750000 1.489365
v -13.500000 21.750000 2.000003
v -13.500000 21.750000 -1.999997
v -13.500000 24.750000 -1.489359
v -13.500000 24.750000 -1.999997
v -13.500000 22.250000 -1.489359
v -13.500000 22.250000 -0.382976
v -13.500000 22.250000 0.127663
v -13.500000 24.416668 0.127663
v -13.500000 24.416668 -0.382976
v -13.500000 25.416668 -1.999997
v -13.500000 28.583334 -1.574465
v -13.500000 28.583334 -1.999997
v -13.500000 27.250000 -1.574465
v -13.500000 26.750000 -1.574465
v -13.500000 27.250000 2.000003
v -13.500000 26.750000 2.000003
v -13.500000 25.416668 -1.574465
v -13.500000 29.750000 1.489366
v -13.500000 32.250000 2.000004
v -13.500000 32.250000 1.489366
v -13.500000 29.250000 2.000004
v -13.500000 29.250000 -1.999997
v -13.500000 32.250000 -1.489358
v -13.500000 32.250000 -1.999996
v -13.500000 29.750000 -1.489358
v -13.500000 29.750000 -0.382975
v -13.500000 29.750000 0.127664
v -13.500000 31.916666 0.127664
v -13.500000 31.916666 -0.382975
v -13.500000 35.666664 0.978727
v -13.500000 36.083336 1.404259
v -13.500000 36.166664 0.978727
v -13.500000 35.750000 1.744685
v -13.500000 35.583336 1.234047
v -13.500000 35.416664 1.914898
v -13.500000 35.000000 1.489366
v -13.500000 35.000000 2.000004
v -13.500000 35.333336 1.404259
v -13.500000 34.250000 1.489366
v -13.500000 34.250000 2.000004
v -13.500000 33.916664 1.404259
v -13.500000 33.833336 1.914898
v -13.500000 33.500000 0.978727
v -13.500000 33.500000 1.744685
v -13.500000 33.666664 1.234047
v -13.500000 33.166664 -1.404251
v -13.500000 33.166664 1.404259
v -13.500000 33.416664 0.638302
v -13.500000 33.000000 -1.063826
v -13.500000 33.000000 1.063834
v -13.500000 32.916664 -0.638294
v -13.500000 32.916664 0.638302
v -13.500000 33.500000 -0.978719
v -13.500000 33.500000 -1.744677
v -13.500000 33.416664 -0.638294
v -13.500000 33.666664 -1.234039
v -13.500000 33.833336 -1.914890
v -13.500000 34.250000 -1.489358
v -13.500000 34.250000 -1.999996
v -13.500000 33.916664 -1.404251
v -13.500000 35.000000 -1.489358
v -13.500000 35.000000 -1.999996
v -13.500000 35.333336 -1.404251
v -13.500000 35.416664 -1.914890
v -13.500000 35.666664 -0.978719
v -13.500000 35.750000 -1.744677
v -13.500000 35.583336 -1.234039
v -13.500000 36.166664 -0.978719
v -13.500000 36.083336 -1.404251
v -13.500000 36.833336 -1.999996
v -13.500000 36.833336 2.000004
v -13.500000 37.333336 2.000005
v -13.500000 37.333336 0.127664
v -13.500000 37.333336 -0.382975
v -13.500000 37.333336 -1.999996
v -13.500000 39.666664 0.127665
v -13.500000 39.666664 -0.382974
v -13.500000 40.166664 2.000005
v -13.500000 39.666664 -1.999995
v -13.500000 40.166664 -1.999995
v -13.500000 39.666664 2.000005
v 13.500000 37.250000 0.978727
v 13.500000 36.833332 1.404259
v 13.500000 36.750000 0.978727
v 13.500000 37.166668 1.744685
v 13.500000 37.333332 1.234047
v 13.500000 37.500000 1.914898
v 13.500000 37.916668 1.489367
v 13.500000 37.916668 2.000005
v 13.500000 37.583332 1.404260
v 13.500000 38.666668 1.489367
v 13.500000 38.666668 2.000005
v 13.500000 39.000000 1.404260
v 13.500000 39.083332 1.914899
v 13.500000 39.416668 0.978728
v 13.500000 39.416668 1.744686
v 13.500000 39.250000 1.234048
v 13.500000 39.750000 -1.404250
v 13.500000 39.750000 1.404260
v 13.500000 39.500000 0.638303
v 13.500000 39.916668 -1.063825
v 13.500000 39.916668 1.063835
v 13.500000 40.000000 -0.638293
v 13.500000 40.000000 0.638303
v 13.500000 39.416668 -0.978718
v 13.500000 39.416668 -1.744676
v 13.500000 39.500000 -0.638293
v 13.500000 39.250000 -1.234038
v 13.500000 39.083332 -1.914889
v 13.500000 38.666668 -1.489357
v 13.500000 38.666668 -1.999995
v 13.500000 39.000000 -1.404250
v 13.500000 37.916668 -1.489357
v 13.500000 37.916668 -1.999995
v 13.500000 37.583332 -1.404251
v 13.500000 37.500000 -1.914890
v 13.500000 37.250000 -0.978719
v 13.500000 37.166668 -1.744677
v 13.500000 37.333332 -1.234039
v 13.500000 36.750000 -0.978719
v 13.500000 36.833332 -1.404251
v 13.500000 34.083332 -1.489358
v 13.500000 34.083332 -1.999996
v 13.500000 34.750000 -1.999996
v 13.500000 34.750000 -1.489358
v 13.500000 35.166668 -1.914890
v 13.500000 33.750000 -1.404251
v 13.500000 33.666668 -1.914890
v 13.500000 33.333332 -0.978719
v 13.500000 33.333332 -1.744677
v 13.500000 33.500000 -1.234039
v 13.500000 33.000000 1.404259
v 13.500000 33.000000 -1.404251
v 13.500000 33.250000 -0.638294
v 13.500000 32.833332 1.063834
v 13.500000 32.833332 -1.063826
v 13.500000 32.750000 0.638302
v 13.500000 32.750000 -0.638294
v 13.500000 33.333332 0.978727
v 13.500000 33.333332 1.744685
v 13.500000 33.250000 0.638302
v 13.500000 33.500000 1.234047
v 13.500000 33.666668 1.914898
v 13.500000 34.083332 1.489366
v 13.500000 34.083332 2.000004
v 13.500000 33.750000 1.404259
v 13.500000 34.750000 1.489366
v 13.500000 34.750000 2.000004
v 13.500000 35.083332 1.404259
v 13.500000 35.166668 1.914898
v 13.500000 35.500000 0.978727
v 13.500000 35.500000 1.744685
v 13.500000 35.333332 1.234047
v 13.500000 35.833332 -1.404251
v 13.500000 35.833332 1.404259
v 13.500000 35.583332 0.638302
v 13.500000 36.000000 -1.063826
v 13.500000 36.000000 1.063834
v 13.500000 36.083332 -0.638294
v 13.500000 36.083332 0.638302
v 13.500000 35.500000 -0.978719
v 13.500000 35.500000 -1.744677
v 13.500000 35.583332 -0.638294
v 13.500000 35.333332 -1.234039
v 13.500000 35.083332 -1.404251
v 13.500000 32.083332 -1.999996
v 13.500000 31.583332 2.000004
v 13.500000 31.583332 0.212770
v 13.500000 31.583332 -0.297868
v 13.500000 30.166668 0.212770
v 13.500000 32.083332 2.000004
v 13.500000 31.583332 -1.574464
v 13.500000 30.083332 -1.999996
v 13.500000 29.750000 -1.489358
v 13.500000 29.666668 -1.914890
v 13.500000 30.000000 -1.574464
v 13.500000 29.500000 -1.063827
v 13.500000 29.333332 -1.659572
v 13.500000 29.583332 -1.319145
v 13.500000 29.083332 -0.468082
v 13.500000 29.083332 -1.319146
v 13.500000 29.333332 -0.127657
v 13.500000 29.000000 -0.723401
v 13.500000 29.000000 -1.063827
v 13.500000 29.583332 -0.553187
v 13.500000 29.666668 0.042557
v 13.500000 29.500000 -0.808508
v 13.500000 29.500000 2.000004
v 13.500000 28.916668 2.000003
v 13.500000 29.750000 -0.382975
v 13.500000 30.000000 -0.297868
v 13.500000 27.750000 1.489365
v 13.500000 25.250000 2.000003
v 13.500000 25.250000 1.489365
v 13.500000 28.250000 2.000003
v 13.500000 28.250000 -1.999997
v 13.500000 25.250000 -1.489359
v 13.500000 25.250000 -1.999997
v 13.500000 27.750000 -1.489359
v 13.500000 27.750000 -0.382976
v 13.500000 27.750000 0.127663
v 13.500000 25.583332 0.127663
v 13.500000 25.583332 -0.382976
v 13.500000 24.583332 -1.999997
v 13.500000 21.416666 -1.574466
v 13.500000 21.416666 -1.999997
v 13.500000 22.750000 -1.574465
v 13.500000 23.250000 -1.574465
v 13.500000 22.750000 2.000003
v 13.500000 23.250000 2.000003
v 13.500000 24.583332 -1.574465
v 13.500000 20.250000 1.489364
v 13.500000 17.750000 2.000002
v 13.500000 17.750000 1.489364
v 13.500000 20.750000 2.000002
v 13.500000 20.750000 -1.999997
v 13.500000 17.750000 -1.489360
v 13.500000 17.750000 -1.999998
v 13.500000 20.250000 -1.489360
v 13.500000 20.250000 -0.382977
v 13.500000 20.250000 0.127662
v 13.500000 18.083334 0.127662
v 13.500000 18.083334 -0.382977
v 13.500000 14.333334 0.978725
v 13.500000 13.916666 1.404257
v 13.500000 13.833334 0.978725
v 13.500000 14.250000 1.744683
v 13.500000 14.416666 1.234045
v 13.500000 14.583334 1.914896
v 13.500000 15.000000 1.489364
v 13.500000 15.000000 2.000002
v 13.500000 14.666666 1.404257
v 13.500000 15.750000 1.489364
v 13.500000 15.750000 2.000002
v 13.500000 16.083334 1.404257
v 13.500000 16.166666 1.914896
v 13.500000 16.500000 0.978725
v 13.500000 16.500000 1.744683
v 13.500000 16.333334 1.234045
v 13.500000 16.833334 1.404257
v 13.500000 17.083334 0.638300
vt 0.463148 0.722174
vt 0.447535 0.739408
vt 0.447282 0.705765
vt 0.411042 0.724959
vt 0.446702 0.683616
vt 0.410799 0.715075
vt 0.463301 0.769374
vt 0.447730 0.768214
vt 0.411478 0.758068
vt 0.463393 0.806691
vt 0.447869 0.793027
vt 0.411815 0.786125
vt 0.447952 0.814555
vt 0.412054 0.810090
vt 0.463423 0.836738
vt 0.447980 0.833374
vt 0.412197 0.830737
vt 0.463393 0.861401
vt 0.447952 0.849954
vt 0.412245 0.848685
vt 0.447869 0.864674
vt 0.412197 0.864424
vt 0.463302 0.882018
vt 0.447730 0.877835
vt 0.411815 0.890744
vt 0.412054 0.878342
vt 0.447535 0.889681
vt 0.411478 0.901877
vt 0.463148 0.899547
vt 0.447282 0.900411
vt 0.462929 0.914676
vt 0.446697 0.906111
vt 0.411042 0.911935
vt 0.445288 0.911306
vt 0.410362 0.916835
vt 0.410799 0.914453
vt 0.445114 0.911766
vt 0.408908 0.921202
vt 0.409732 0.919084
vt 0.462642 0.927914
vt 0.444713 0.923914
vt 0.443058 0.916030
vt 0.407893 0.923190
vt 0.444262 0.934797
vt 0.436226 0.924101
vt 0.440022 0.920302
vt 0.462282 0.939637
vt 0.443720 0.944625
vt 0.426331 0.939858
vt 0.427019 0.930051
vt 0.431644 0.927470
vt 0.461843 0.950131
vt 0.443081 0.953571
vt 0.425571 0.948808
vt 0.442525 0.961794
vt 0.442337 0.961771
vt 0.424640 0.957016
vt 0.444161 0.962018
vt 0.461316 0.959615
vt 0.436645 0.970192
vt 0.428909 0.959061
vt 0.441056 0.961628
vt 0.446048 0.962326
vt 0.438654 0.970651
vt 0.447882 0.962680
vt 0.440672 0.971139
vt 0.449615 0.963070
vt 0.442659 0.971646
vt 0.451205 0.963488
vt 0.444551 0.972156
vt 0.452611 0.963924
vt 0.446288 0.972657
vt 0.453798 0.964371
vt 0.447842 0.973144
vt 0.454732 0.964819
vt 0.449145 0.973603
vt 0.460654 0.968269
vt 0.455388 0.965258
vt 0.450155 0.974022
vt 0.455745 0.965678
vt 0.450843 0.974396
vt 0.455793 0.966070
vt 0.451189 0.974715
vt 0.455526 0.966422
vt 0.451185 0.974973
vt 0.454951 0.966727
vt 0.450831 0.975165
vt 0.454082 0.966974
vt 0.450141 0.975284
vt 0.436582 0.985186
vt 0.426272 0.982460
vt 0.452412 0.968163
vt 0.449133 0.975327
vt 0.480423 0.962214
vt 0.480086 0.970786
vt 0.462438 0.968579
vt 0.480702 0.952821
vt 0.480936 0.942435
vt 0.481127 0.930838
vt 0.481279 0.917745
vt 0.477845 0.915683
vt 0.479784 0.917143
vt 0.478813 0.916417
vt 0.478063 0.898921
vt 0.477370 0.914815
vt 0.476895 0.913939
vt 0.476919 0.912419
vt 0.476943 0.910876
vt 0.477443 0.910051
vt 0.477942 0.909217
vt 0.478926 0.908592
vt 0.479910 0.907959
vt 0.481364 0.907535
vt 0.481405 0.901271
vt 0.479988 0.900611
vt 0.479025 0.899771
vt 0.477219 0.883575
vt 0.477588 0.897911
vt 0.477114 0.896891
vt 0.477129 0.895310
vt 0.477143 0.893706
vt 0.477635 0.892736
vt 0.478127 0.891756
vt 0.479100 0.891014
vt 0.480073 0.890263
vt 0.481462 0.889773
vt 0.477312 0.861316
vt 0.477228 0.882243
vt 0.477235 0.880896
vt 0.481492 0.881267
vt 0.477289 0.869034
vt 0.477295 0.867276
vt 0.477301 0.865492
vt 0.477329 0.824820
vt 0.477329 0.851383
vt 0.477336 0.840628
vt 0.480214 0.840923
vt 0.481545 0.841045
vt 0.477294 0.802266
vt 0.477327 0.822713
vt 0.477325 0.820575
vt 0.481539 0.821016
vt 0.477214 0.770103
vt 0.477259 0.786962
vt 0.445290 0.659195
vt 0.462929 0.661666
vt 0.479977 0.723774
vt 0.480107 0.770444
vt 0.481480 0.770590
vt 0.480067 0.755054
vt 0.479093 0.752789
vt 0.478120 0.750495
vt 0.477628 0.747676
vt 0.477136 0.744816
vt 0.477119 0.739675
vt 0.477102 0.734398
vt 0.477576 0.731469
vt 0.478051 0.728493
vt 0.479013 0.726151
vt 0.444713 0.588098
vt 0.462642 0.584082
vt 0.476826 0.655454
vt 0.445114 0.656772
vt 0.481398 0.722086
vt 0.477007 0.706487
vt 0.476993 0.702390
vt 0.476978 0.698219
vt 0.481356 0.698738
vt 0.444262 0.504392
vt 0.462282 0.487236
vt 0.481103 0.565182
vt 0.476808 0.650433
vt 0.476790 0.645323
vt 0.481256 0.645830
vt 0.443720 0.407354
vt 0.461843 0.374459
vt 0.480913 0.465809
vt 0.443081 0.303708
vt 0.461316 0.257123
vt 0.480685 0.352454
vt 0.455526 0.165960
vt 0.460656 0.149380
vt 0.480412 0.237277
vt 0.455793 0.170508
vt 0.455746 0.175177
vt 0.455388 0.179840
vt 0.454732 0.184368
vt 0.453798 0.188641
vt 0.452611 0.192546
vt 0.451205 0.195979
vt 0.449615 0.198852
vt 0.447882 0.201090
vt 0.446048 0.202633
vt 0.444161 0.203440
vt 0.442393 0.203509
vt 0.498495 0.659884
vt 0.476592 0.657579
vt 0.476592 0.647091
vt 0.454951 0.161652
vt 0.454082 0.157698
vt 0.436583 0.063715
vt 0.462403 0.147451
vt 0.447865 0.050424
vt 0.450155 0.143140
vt 0.452412 0.152216
vt 0.449145 0.139400
vt 0.450843 0.147368
vt 0.451189 0.151967
vt 0.451185 0.156810
vt 0.450831 0.161761
vt 0.450141 0.166679
vt 0.449133 0.171426
vt 0.447839 0.175868
vt 0.446294 0.179873
vt 0.444565 0.183286
vt 0.442675 0.186064
vt 0.440684 0.188112
vt 0.438654 0.189361
vt 0.523408 0.647091
vt 0.523408 0.657579
vt 0.428897 0.211235
vt 0.431747 0.202716
vt 0.440658 0.202916
vt 0.436657 0.189780
vt 0.425571 0.321851
vt 0.424639 0.225921
vt 0.426331 0.419244
vt 0.427020 0.509843
vt 0.443059 0.632511
vt 0.440031 0.603676
vt 0.431644 0.539888
vt 0.436219 0.572721
vt 0.408908 0.681940
vt 0.407893 0.669704
vt 0.409732 0.693576
vt 0.410362 0.704618
vt 0.405300 0.643451
vt 0.406689 0.656872
vt 0.438996 0.201675
vt 0.434730 0.189376
vt 0.437445 0.199819
vt 0.432929 0.188170
vt 0.436040 0.197395
vt 0.431306 0.186216
vt 0.434811 0.194464
vt 0.429877 0.183542
vt 0.401466 0.138356
vt 0.433242 0.189942
vt 0.428695 0.180251
vt 0.395187 0.161126
vt 0.423823 0.229060
vt 0.409978 0.329661
vt 0.421577 0.238374
vt 0.419527 0.247910
vt 0.417674 0.257626
vt 0.416015 0.267516
vt 0.414544 0.277573
vt 0.413261 0.287771
vt 0.412165 0.298084
vt 0.411254 0.308510
vt 0.410525 0.319058
vt 0.426454 0.444695
vt 0.409617 0.340248
vt 0.409436 0.350842
vt 0.409432 0.361435
vt 0.409608 0.372036
vt 0.409964 0.382670
vt 0.410500 0.393275
vt 0.411215 0.403793
vt 0.416900 0.413460
vt 0.418417 0.414532
vt 0.419882 0.416212
vt 0.421264 0.418466
vt 0.422531 0.421243
vt 0.423656 0.424478
vt 0.424615 0.428097
vt 0.425387 0.432019
vt 0.425958 0.436154
vt 0.426315 0.440411
vt 0.395721 0.568432
vt 0.421709 0.468370
vt 0.426322 0.505530
vt 0.390775 0.535664
vt 0.426372 0.448915
vt 0.426072 0.452981
vt 0.425563 0.456812
vt 0.424856 0.460330
vt 0.423965 0.463468
vt 0.422909 0.466165
vt 0.400057 0.599865
vt 0.401979 0.614916
vt 0.403728 0.629457
vt 0.420278 0.470151
vt 0.389839 0.185074
vt 0.385372 0.209992
vt 0.381739 0.235694
vt 0.378897 0.262003
vt 0.376810 0.288760
vt 0.375447 0.315815
vt 0.374786 0.343035
vt 0.374812 0.370284
vt 0.375520 0.397423
vt 0.413728 0.413253
vt 0.412111 0.414247
vt 0.376910 0.424330
vt 0.415413 0.413022
vt 0.405908 0.416636
vt 0.409984 0.416121
vt 0.404344 0.417652
vt 0.407541 0.416497
vt 0.409186 0.417250
vt 0.410811 0.418893
vt 0.412364 0.421391
vt 0.413794 0.424669
vt 0.415078 0.428699
vt 0.416156 0.433326
vt 0.416994 0.438409
vt 0.417566 0.443790
vt 0.417854 0.449302
vt 0.417851 0.454780
vt 0.417557 0.460061
vt 0.416983 0.464990
vt 0.416147 0.469429
vt 0.415075 0.473259
vt 0.413799 0.476376
vt 0.412375 0.478675
vt 0.385282 0.502223
vt 0.418261 0.471887
vt 0.410825 0.480146
vt 0.426311 0.930392
vt 0.421692 0.933444
vt 0.420278 0.932845
vt 0.412364 0.944662
vt 0.390775 0.935454
vt 0.410811 0.943798
vt 0.418257 0.933252
vt 0.422892 0.934021
vt 0.413794 0.945510
vt 0.423950 0.934606
vt 0.415078 0.946334
vt 0.424844 0.935188
vt 0.425554 0.935755
vt 0.416156 0.947101
vt 0.426067 0.936298
vt 0.416994 0.947794
vt 0.426369 0.936808
vt 0.417566 0.948397
vt 0.426454 0.937274
vt 0.417854 0.948896
vt 0.426319 0.937689
vt 0.417851 0.949280
vt 0.425964 0.938042
vt 0.417557 0.949541
vt 0.425393 0.938328
vt 0.416983 0.949672
vt 0.424620 0.938538
vt 0.423662 0.938666
vt 0.416147 0.949669
vt 0.422538 0.938709
vt 0.415075 0.949531
vt 0.421271 0.938664
vt 0.413799 0.949257
vt 0.419889 0.938531
vt 0.412375 0.948857
vt 0.418424 0.938311
vt 0.410825 0.948334
vt 0.416907 0.938007
vt 0.409196 0.947699
vt 0.415413 0.937637
vt 0.411224 0.937371
vt 0.413728 0.937133
vt 0.407541 0.946968
vt 0.412111 0.936558
vt 0.405918 0.946168
vt 0.376910 0.940138
vt 0.410007 0.936879
vt 0.404357 0.945311
vt 0.410513 0.938233
vt 0.409976 0.939147
vt 0.375520 0.941949
vt 0.409616 0.940105
vt 0.409435 0.941101
vt 0.374812 0.944087
vt 0.409433 0.942134
vt 0.409608 0.943205
vt 0.374786 0.946528
vt 0.409964 0.944313
vt 0.410504 0.945460
vt 0.375447 0.949243
vt 0.411229 0.946636
vt 0.412141 0.947838
vt 0.376810 0.952198
vt 0.413239 0.949060
vt 0.414525 0.950298
vt 0.378897 0.955361
vt 0.415999 0.951548
vt 0.381738 0.958691
vt 0.417660 0.952804
vt 0.419514 0.954064
vt 0.385372 0.962144
vt 0.421571 0.955329
vt 0.423825 0.956588
vt 0.389838 0.965674
vt 0.395187 0.969227
vt 0.395721 0.933586
vt 0.400057 0.931234
vt 0.439627 0.961503
vt 0.431755 0.960270
vt 0.435838 0.961396
vt 0.434811 0.961456
vt 0.401465 0.972746
vt 0.436996 0.961385
vt 0.438266 0.961421
vt 0.429880 0.968944
vt 0.433241 0.962428
vt 0.428705 0.968834
vt 0.431301 0.969145
vt 0.432916 0.969425
vt 0.434714 0.969778
vt 0.406689 0.925050
vt 0.403728 0.928391
vt 0.405300 0.926783
vt 0.466847 0.969272
vt 0.447866 0.987538
vt 0.471364 0.969881
vt 0.460025 0.989450
vt 0.499922 0.963245
vt 0.500000 0.971612
vt 0.480662 0.970833
vt 0.499923 0.954095
vt 0.499924 0.944001
vt 0.499925 0.932763
vt 0.481738 0.917927
vt 0.492574 0.920023
vt 0.490102 0.919788
vt 0.487634 0.919532
vt 0.485664 0.919120
vt 0.483697 0.918692
vt 0.483504 0.920283
vt 0.479545 0.918744
vt 0.477574 0.917350
vt 0.476592 0.915744
vt 0.476592 0.913003
vt 0.477574 0.911565
vt 0.479545 0.910532
vt 0.481868 0.907386
vt 0.483504 0.905664
vt 0.481926 0.901511
vt 0.488722 0.906686
vt 0.486274 0.906752
vt 0.483829 0.906794
vt 0.479545 0.903861
vt 0.477574 0.902210
vt 0.476592 0.900290
vt 0.476592 0.897353
vt 0.477574 0.895604
vt 0.479545 0.894327
vt 0.481484 0.883942
vt 0.482013 0.889576
vt 0.523408 0.887917
vt 0.485897 0.888564
vt 0.483956 0.888868
vt 0.487840 0.888243
vt 0.490270 0.888139
vt 0.492701 0.888011
vt 0.499926 0.888120
vt 0.492380 0.884535
vt 0.476592 0.887917
vt 0.476592 0.885400
vt 0.481519 0.870250
vt 0.487375 0.881652
vt 0.497492 0.879666
vt 0.497573 0.878087
vt 0.497570 0.881975
vt 0.497575 0.874067
vt 0.487402 0.871794
vt 0.476592 0.874148
vt 0.481525 0.866760
vt 0.476592 0.870759
vt 0.481533 0.861710
vt 0.499926 0.870740
vt 0.488375 0.868622
vt 0.523408 0.866746
vt 0.492411 0.862351
vt 0.476592 0.866746
vt 0.476592 0.846620
vt 0.481542 0.825256
vt 0.483099 0.841178
vt 0.518478 0.831799
vt 0.499926 0.844324
vt 0.490805 0.825899
vt 0.476592 0.831008
vt 0.476592 0.826786
vt 0.481524 0.802725
vt 0.490803 0.821665
vt 0.523408 0.808450
vt 0.499927 0.821880
vt 0.492405 0.803472
vt 0.476592 0.808450
vt 0.476592 0.775840
vt 0.481458 0.756731
vt 0.483007 0.770740
vt 0.483504 0.765614
vt 0.482008 0.757387
vt 0.479545 0.760651
vt 0.477574 0.755844
vt 0.476592 0.749941
vt 0.476592 0.739223
vt 0.477574 0.733209
vt 0.479545 0.728472
vt 0.481371 0.707005
vt 0.481915 0.721465
vt 0.523408 0.710414
vt 0.492308 0.707825
vt 0.488738 0.718201
vt 0.486296 0.718671
vt 0.483858 0.719106
vt 0.476592 0.710414
vt 0.476592 0.701862
vt 0.481275 0.655966
vt 0.487721 0.699298
vt 0.498521 0.679224
vt 0.498526 0.699720
vt 0.487640 0.656510
vt 0.492235 0.646619
vt 0.499925 0.565185
vt 0.499925 0.646783
vt 0.499924 0.464358
vt 0.499923 0.349297
vt 0.471331 0.139216
vt 0.480086 0.133543
vt 0.499922 0.232751
vt 0.466806 0.143064
vt 0.460025 0.039780
vt 0.480614 0.133271
vt 0.472911 0.032002
vt 0.485416 0.971171
vt 0.472911 0.990863
vt 0.490235 0.971415
vt 0.495059 0.971562
vt 0.486319 0.991731
vt 0.504939 0.971561
vt 0.504514 0.659808
vt 0.519423 0.962234
vt 0.509821 0.971413
vt 0.514637 0.971168
vt 0.519386 0.970829
vt 0.519756 0.970799
vt 0.519145 0.952849
vt 0.518914 0.942471
vt 0.500000 0.920119
vt 0.518724 0.930884
vt 0.507519 0.921702
vt 0.498495 0.704248
vt 0.504514 0.704169
vt 0.492481 0.921702
vt 0.487484 0.921156
vt 0.500000 0.992023
vt 0.513681 0.991731
vt 0.527089 0.990863
vt 0.524250 0.970380
vt 0.538533 0.959644
vt 0.539189 0.968297
vt 0.537597 0.968573
vt 0.533194 0.969266
vt 0.528669 0.969877
vt 0.538009 0.950160
vt 0.537571 0.939666
vt 0.518262 0.917927
vt 0.518573 0.917803
vt 0.537212 0.927943
vt 0.516303 0.918692
vt 0.514336 0.919120
vt 0.512366 0.919532
vt 0.509898 0.919788
vt 0.507426 0.920023
vt 0.520455 0.918744
vt 0.520216 0.917143
vt 0.516496 0.920283
vt 0.512516 0.921156
vt 0.545049 0.966727
vt 0.545918 0.966974
vt 0.549845 0.975283
vt 0.563417 0.985186
vt 0.547588 0.968163
vt 0.550855 0.975327
vt 0.544474 0.966422
vt 0.549157 0.975162
vt 0.544207 0.966070
vt 0.548811 0.974968
vt 0.544254 0.965678
vt 0.548815 0.974708
vt 0.544612 0.965258
vt 0.549169 0.974388
vt 0.545268 0.964819
vt 0.549859 0.974016
vt 0.546202 0.964371
vt 0.550867 0.973598
vt 0.547389 0.963924
vt 0.552161 0.973143
vt 0.548795 0.963488
vt 0.553706 0.972658
vt 0.550385 0.963070
vt 0.555435 0.972160
vt 0.552118 0.962680
vt 0.557325 0.971650
vt 0.553952 0.962326
vt 0.559316 0.971142
vt 0.555839 0.962018
vt 0.557519 0.961788
vt 0.561346 0.970651
vt 0.556771 0.953542
vt 0.571103 0.959056
vt 0.523408 0.701862
vt 0.556130 0.944542
vt 0.574291 0.948835
vt 0.575232 0.957082
vt 0.555588 0.934647
vt 0.573529 0.939838
vt 0.555137 0.923684
vt 0.572831 0.929977
vt 0.536926 0.914706
vt 0.554760 0.911430
vt 0.556941 0.916029
vt 0.568356 0.927471
vt 0.563781 0.924106
vt 0.559969 0.920292
vt 0.536708 0.899576
vt 0.554710 0.911294
vt 0.591092 0.921202
vt 0.592107 0.923190
vt 0.553298 0.906088
vt 0.590268 0.919084
vt 0.552718 0.900411
vt 0.589201 0.914453
vt 0.589638 0.916835
vt 0.552465 0.889681
vt 0.588958 0.911935
vt 0.536555 0.882048
vt 0.552270 0.877835
vt 0.588522 0.901874
vt 0.536464 0.861429
vt 0.552131 0.864674
vt 0.588185 0.890740
vt 0.552048 0.849954
vt 0.587946 0.878335
vt 0.536434 0.836765
vt 0.552020 0.833374
vt 0.587803 0.864415
vt 0.536464 0.806714
vt 0.552048 0.814555
vt 0.587755 0.848675
vt 0.552131 0.793027
vt 0.587803 0.830727
vt 0.536555 0.769391
vt 0.552270 0.768214
vt 0.588185 0.786116
vt 0.587946 0.810079
vt 0.552465 0.739408
vt 0.588522 0.758061
vt 0.536708 0.722178
vt 0.552718 0.705765
vt 0.536926 0.661651
vt 0.553303 0.683520
vt 0.588958 0.724959
vt 0.554712 0.659136
vt 0.589638 0.704619
vt 0.589201 0.715075
vt 0.554761 0.658465
vt 0.590268 0.693577
vt 0.555137 0.589772
vt 0.556942 0.632504
vt 0.591092 0.681940
vt 0.537212 0.584035
vt 0.555588 0.505900
vt 0.563774 0.572769
vt 0.559978 0.603604
vt 0.537571 0.487146
vt 0.556130 0.408486
vt 0.573529 0.419777
vt 0.572833 0.510760
vt 0.568356 0.539899
vt 0.538009 0.374321
vt 0.556771 0.304293
vt 0.574291 0.321874
vt 0.555839 0.203440
vt 0.557607 0.203509
vt 0.575232 0.225435
vt 0.538533 0.256951
vt 0.563355 0.189780
vt 0.571091 0.211200
vt 0.554078 0.202711
vt 0.561346 0.189361
vt 0.552502 0.201478
vt 0.559328 0.188122
vt 0.550987 0.199724
vt 0.557341 0.186085
vt 0.549567 0.197486
vt 0.555449 0.183309
vt 0.548266 0.194805
vt 0.553712 0.179887
vt 0.547111 0.191735
vt 0.552158 0.175857
vt 0.546124 0.188335
vt 0.545323 0.184670
vt 0.550855 0.171382
vt 0.539191 0.149206
vt 0.544726 0.180811
vt 0.549845 0.166599
vt 0.544346 0.176834
vt 0.549157 0.161653
vt 0.544192 0.172820
vt 0.548811 0.156691
vt 0.544267 0.168849
vt 0.548815 0.151852
vt 0.544573 0.164999
vt 0.545102 0.161355
vt 0.549169 0.147272
vt 0.545918 0.157698
vt 0.549859 0.143074
vt 0.563418 0.063717
vt 0.573728 0.079413
vt 0.547588 0.152216
vt 0.550867 0.139367
vt 0.519433 0.237195
vt 0.519756 0.133459
vt 0.537562 0.147413
vt 0.519163 0.352396
vt 0.518935 0.465780
vt 0.518748 0.565180
vt 0.523210 0.645323
vt 0.523022 0.698219
vt 0.523192 0.650433
vt 0.523174 0.655454
vt 0.518577 0.655981
vt 0.521949 0.728493
vt 0.523007 0.702390
vt 0.522993 0.706487
vt 0.518481 0.707020
vt 0.518455 0.721910
vt 0.520023 0.723774
vt 0.520987 0.726151
vt 0.522741 0.786962
vt 0.522424 0.731469
vt 0.522898 0.734398
vt 0.522881 0.739675
vt 0.522864 0.744816
vt 0.522372 0.747676
vt 0.521880 0.750495
vt 0.520907 0.752789
vt 0.519933 0.755054
vt 0.518394 0.756907
vt 0.522786 0.770103
vt 0.522673 0.822713
vt 0.522706 0.802266
vt 0.518330 0.802739
vt 0.522693 0.808618
vt 0.522664 0.840628
vt 0.522664 0.835556
vt 0.520266 0.835808
vt 0.518309 0.835993
vt 0.521753 0.870121
vt 0.522671 0.851383
vt 0.522688 0.861316
vt 0.518321 0.861722
vt 0.518331 0.868222
vt 0.518861 0.868386
vt 0.520308 0.869262
vt 0.519927 0.890263
vt 0.522239 0.871305
vt 0.522724 0.872475
vt 0.522750 0.878155
vt 0.522781 0.883575
vt 0.518369 0.883953
vt 0.518391 0.889721
vt 0.520090 0.907959
vt 0.520900 0.891014
vt 0.521873 0.891756
vt 0.522365 0.892736
vt 0.522857 0.893706
vt 0.522871 0.895310
vt 0.522886 0.896891
vt 0.522412 0.897911
vt 0.521937 0.898921
vt 0.520975 0.899771
vt 0.520012 0.900611
vt 0.518448 0.901339
vt 0.518488 0.907491
vt 0.521187 0.916417
vt 0.521074 0.908592
vt 0.522058 0.909217
vt 0.522557 0.910051
vt 0.523057 0.910876
vt 0.523081 0.912419
vt 0.523105 0.913939
vt 0.522630 0.914815
vt 0.522155 0.915683
vt 0.552134 0.987538
vt 0.533153 0.143025
vt 0.552135 0.050424
vt 0.528636 0.139193
vt 0.524227 0.136058
vt 0.539975 0.039780
vt 0.500000 0.128423
vt 0.519338 0.133245
vt 0.518595 0.645845
vt 0.507765 0.646619
vt 0.518497 0.698754
vt 0.513839 0.656403
vt 0.504452 0.656875
vt 0.504437 0.679175
vt 0.513748 0.699189
vt 0.507692 0.707825
vt 0.516496 0.723880
vt 0.518085 0.721465
vt 0.520455 0.728472
vt 0.522426 0.733209
vt 0.523408 0.739223
vt 0.523408 0.749941
vt 0.522426 0.755844
vt 0.520455 0.760651
vt 0.519893 0.770444
vt 0.518373 0.770605
vt 0.517992 0.757387
vt 0.517488 0.776867
vt 0.516993 0.770740
vt 0.500000 0.763503
vt 0.511518 0.731011
vt 0.511518 0.723162
vt 0.516049 0.759676
vt 0.514107 0.760882
vt 0.512163 0.762061
vt 0.509733 0.762725
vt 0.507301 0.763355
vt 0.523408 0.775840
vt 0.520293 0.808887
vt 0.518324 0.809085
vt 0.507595 0.803472
vt 0.517887 0.809126
vt 0.499926 0.803624
vt 0.523408 0.814833
vt 0.518478 0.842400
vt 0.523408 0.841631
vt 0.519786 0.840923
vt 0.518308 0.841058
vt 0.517864 0.836032
vt 0.517488 0.847508
vt 0.516901 0.841178
vt 0.499927 0.826111
vt 0.523408 0.846620
vt 0.507589 0.862351
vt 0.515001 0.867160
vt 0.516932 0.867783
vt 0.522426 0.875247
vt 0.519467 0.873759
vt 0.523408 0.877429
vt 0.507620 0.884535
vt 0.516496 0.893217
vt 0.517987 0.889576
vt 0.520455 0.894327
vt 0.522426 0.895604
vt 0.523408 0.897353
vt 0.523408 0.900290
vt 0.522426 0.902210
vt 0.520455 0.903861
vt 0.518074 0.901511
vt 0.516496 0.909657
vt 0.507347 0.903903
vt 0.518132 0.907386
vt 0.516133 0.902391
vt 0.514186 0.902878
vt 0.512235 0.903349
vt 0.509793 0.903637
vt 0.520455 0.910532
vt 0.522426 0.911565
vt 0.523408 0.913003
vt 0.523408 0.915744
vt 0.522426 0.917350
vt 0.539974 0.989450
vt 0.568253 0.960266
vt 0.559342 0.961590
vt 0.563343 0.970194
vt 0.561004 0.961460
vt 0.565270 0.969782
vt 0.562555 0.961392
vt 0.567071 0.969428
vt 0.563961 0.961391
vt 0.568694 0.969146
vt 0.565189 0.961456
vt 0.570123 0.968943
vt 0.598534 0.972746
vt 0.566758 0.962428
vt 0.571305 0.968833
vt 0.604812 0.969227
vt 0.576177 0.956588
vt 0.590022 0.944350
vt 0.578423 0.955332
vt 0.580473 0.954072
vt 0.582326 0.952814
vt 0.583985 0.951561
vt 0.585456 0.950316
vt 0.586739 0.949083
vt 0.587835 0.947868
vt 0.588746 0.946672
vt 0.589475 0.945497
vt 0.573546 0.937280
vt 0.581583 0.938310
vt 0.583100 0.938006
vt 0.588785 0.937382
vt 0.580118 0.938530
vt 0.578736 0.938664
vt 0.577469 0.938709
vt 0.576344 0.938667
vt 0.575385 0.938539
vt 0.574613 0.938330
vt 0.574042 0.938046
vt 0.573685 0.937694
vt 0.590383 0.943241
vt 0.590564 0.942168
vt 0.590568 0.941132
vt 0.590392 0.940134
vt 0.590036 0.939172
vt 0.589500 0.938253
vt 0.604279 0.933586
vt 0.573628 0.936815
vt 0.573928 0.936306
vt 0.574437 0.935763
vt 0.575144 0.935196
vt 0.576035 0.934615
vt 0.577091 0.934030
vt 0.578291 0.933452
vt 0.573678 0.930386
vt 0.609225 0.935453
vt 0.599943 0.931234
vt 0.598021 0.929874
vt 0.594700 0.926783
vt 0.596272 0.928391
vt 0.593311 0.925050
vt 0.586272 0.937133
vt 0.587889 0.936558
vt 0.594092 0.946162
vt 0.623090 0.940138
vt 0.590016 0.936882
vt 0.595656 0.945304
vt 0.584587 0.937637
vt 0.592459 0.946968
vt 0.590814 0.947695
vt 0.589189 0.948329
vt 0.587636 0.948853
vt 0.586206 0.949255
vt 0.584922 0.949531
vt 0.583844 0.949670
vt 0.583006 0.949671
vt 0.582434 0.949537
vt 0.582146 0.949272
vt 0.582149 0.948885
vt 0.582443 0.948385
vt 0.583017 0.947783
vt 0.583853 0.947094
vt 0.584925 0.946332
vt 0.586201 0.945513
vt 0.579722 0.932845
vt 0.587625 0.944669
vt 0.614718 0.936843
vt 0.581739 0.933251
vt 0.589175 0.943805
vt 0.610161 0.965674
vt 0.614629 0.962145
vt 0.618261 0.958691
vt 0.621103 0.955361
vt 0.623190 0.952198
vt 0.624553 0.949242
vt 0.625214 0.946528
vt 0.625188 0.944087
vt 0.624480 0.941949
vt 0.573689 0.505460
vt 0.578308 0.468396
vt 0.579722 0.470151
vt 0.587636 0.478689
vt 0.609225 0.535664
vt 0.589189 0.480155
vt 0.581743 0.471890
vt 0.577108 0.466203
vt 0.586206 0.476386
vt 0.576050 0.463512
vt 0.584922 0.473250
vt 0.575156 0.460380
vt 0.574446 0.456865
vt 0.583844 0.469389
vt 0.573933 0.453038
vt 0.583006 0.464912
vt 0.573631 0.448972
vt 0.582434 0.459949
vt 0.573546 0.444754
vt 0.582146 0.454648
vt 0.573681 0.440470
vt 0.582149 0.449168
vt 0.574036 0.436211
vt 0.582443 0.443671
vt 0.574607 0.432054
vt 0.583017 0.438323
vt 0.575380 0.428120
vt 0.576338 0.424497
vt 0.583853 0.433280
vt 0.577462 0.421259
vt 0.584925 0.428688
vt 0.578729 0.418479
vt 0.586201 0.424682
vt 0.580111 0.416221
vt 0.587625 0.421413
vt 0.581576 0.414538
vt 0.589175 0.418911
vt 0.583093 0.413463
vt 0.590804 0.417258
vt 0.584587 0.413022
vt 0.588776 0.403929
vt 0.586272 0.413253
vt 0.592459 0.416497
vt 0.587889 0.414247
vt 0.594082 0.416633
vt 0.623090 0.424330
vt 0.589993 0.416096
vt 0.595643 0.417640
vt 0.589487 0.393508
vt 0.590024 0.382955
vt 0.624480 0.397425
vt 0.590384 0.372347
vt 0.590565 0.361763
vt 0.625188 0.370284
vt 0.590567 0.351178
vt 0.590392 0.340592
vt 0.625214 0.343035
vt 0.590036 0.330005
vt 0.589496 0.319396
vt 0.624553 0.315815
vt 0.588771 0.308826
vt 0.587859 0.298342
vt 0.623190 0.288764
vt 0.586761 0.287962
vt 0.585475 0.277714
vt 0.621103 0.262006
vt 0.584001 0.267617
vt 0.618262 0.235697
vt 0.582340 0.257704
vt 0.580486 0.247970
vt 0.614628 0.209994
vt 0.578429 0.238400
vt 0.576175 0.229055
vt 0.610162 0.185077
vt 0.604813 0.161128
vt 0.604279 0.568432
vt 0.599943 0.599866
vt 0.561003 0.201675
vt 0.568245 0.202690
vt 0.559341 0.202916
vt 0.563961 0.197394
vt 0.565189 0.194464
vt 0.598535 0.138358
vt 0.562555 0.199819
vt 0.570120 0.183549
vt 0.566759 0.189940
vt 0.571295 0.180286
vt 0.568699 0.186208
vt 0.567084 0.188158
vt 0.565286 0.189369
vt 0.593311 0.656872
vt 0.592107 0.669705
vt 0.596272 0.629457
vt 0.594700 0.643451
vt 0.514584 0.131149
vt 0.527089 0.032002
vt 0.509765 0.129641
vt 0.504901 0.128731
vt 0.513682 0.027261
vt 0.516496 0.735476
vt 0.514508 0.731951
vt 0.500000 0.025668
vt 0.495021 0.128743
vt 0.485363 0.131168
vt 0.490179 0.129654
vt 0.486318 0.027261
vt 0.499925 0.918194
vt 0.488715 0.907762
vt 0.488482 0.909728
vt 0.492653 0.903903
vt 0.490207 0.903637
vt 0.487765 0.903349
vt 0.485814 0.902878
vt 0.483867 0.902391
vt 0.483504 0.909657
vt 0.488708 0.908828
vt 0.485766 0.909041
vt 0.487236 0.908939
vt 0.485492 0.911757
vt 0.488482 0.911658
vt 0.484782 0.909515
vt 0.483798 0.909983
vt 0.483301 0.910649
vt 0.483504 0.912529
vt 0.482804 0.911310
vt 0.482786 0.912850
vt 0.482512 0.913679
vt 0.482768 0.914368
vt 0.483251 0.915065
vt 0.482512 0.916410
vt 0.483734 0.915758
vt 0.484711 0.916308
vt 0.483504 0.917686
vt 0.485689 0.916853
vt 0.487163 0.917251
vt 0.485492 0.918728
vt 0.488639 0.917640
vt 0.490611 0.917875
vt 0.488482 0.919515
vt 0.492585 0.918096
vt 0.492481 0.920006
vt 0.500000 0.904005
vt 0.517488 0.740282
vt 0.507519 0.907302
vt 0.509389 0.917875
vt 0.507415 0.918096
vt 0.511361 0.917640
vt 0.512837 0.917251
vt 0.514311 0.916853
vt 0.515289 0.916308
vt 0.516266 0.915758
vt 0.516749 0.915065
vt 0.517232 0.914368
vt 0.517214 0.912850
vt 0.517196 0.911310
vt 0.511292 0.908828
vt 0.511285 0.907762
vt 0.511278 0.906686
vt 0.513726 0.906752
vt 0.516171 0.906794
vt 0.517488 0.750994
vt 0.492481 0.907302
vt 0.487484 0.906677
vt 0.507519 0.920006
vt 0.511518 0.919515
vt 0.514508 0.918728
vt 0.516496 0.917686
vt 0.517488 0.916410
vt 0.516699 0.910649
vt 0.517488 0.913679
vt 0.516202 0.909983
vt 0.515218 0.909515
vt 0.516496 0.912529
vt 0.512764 0.908939
vt 0.514234 0.909041
vt 0.511518 0.911658
vt 0.514508 0.911757
vt 0.511518 0.909728
vt 0.516496 0.905664
vt 0.512516 0.906677
vt 0.487484 0.892784
vt 0.483504 0.893217
vt 0.492481 0.892696
vt 0.499926 0.884655
vt 0.514508 0.759340
vt 0.516496 0.755715
vt 0.509730 0.888139
vt 0.507299 0.888011
vt 0.512160 0.888243
vt 0.514103 0.888564
vt 0.516044 0.888868
vt 0.507519 0.892696
vt 0.512516 0.892784
vt 0.500000 0.890651
vt 0.517057 0.895770
vt 0.517068 0.897349
vt 0.517488 0.901013
vt 0.516588 0.898162
vt 0.516496 0.902539
vt 0.517046 0.894169
vt 0.516555 0.893393
vt 0.516496 0.896687
vt 0.517488 0.898086
vt 0.516065 0.892609
vt 0.515091 0.892055
vt 0.514508 0.895733
vt 0.514117 0.891494
vt 0.512658 0.891159
vt 0.511518 0.895202
vt 0.511198 0.890814
vt 0.509252 0.890686
vt 0.507519 0.895048
vt 0.507305 0.890543
vt 0.511518 0.761880
vt 0.492695 0.890543
vt 0.499926 0.901763
vt 0.507339 0.901659
vt 0.509293 0.901408
vt 0.511245 0.901141
vt 0.512707 0.900693
vt 0.514167 0.900235
vt 0.515138 0.899605
vt 0.516107 0.898968
vt 0.490748 0.890686
vt 0.488802 0.890814
vt 0.487342 0.891159
vt 0.485883 0.891494
vt 0.484909 0.892055
vt 0.483935 0.892609
vt 0.483445 0.893393
vt 0.482954 0.894169
vt 0.482943 0.895770
vt 0.482932 0.897349
vt 0.483412 0.898162
vt 0.483893 0.898968
vt 0.484862 0.899605
vt 0.485833 0.900235
vt 0.487293 0.900693
vt 0.488755 0.901141
vt 0.490707 0.901408
vt 0.492661 0.901659
vt 0.492481 0.905263
vt 0.507519 0.905263
vt 0.514508 0.903775
vt 0.511518 0.904697
vt 0.488482 0.895202
vt 0.492481 0.895048
vt 0.485492 0.895733
vt 0.483504 0.896687
vt 0.482512 0.898086
vt 0.482512 0.901013
vt 0.485492 0.903775
vt 0.483504 0.902539
vt 0.488482 0.904697
vt 0.497492 0.887122
vt 0.499515 0.871158
vt 0.501505 0.875014
vt 0.499498 0.876913
vt 0.499926 0.862481
vt 0.500485 0.870169
vt 0.503392 0.868393
vt 0.501454 0.869167
vt 0.505330 0.867597
vt 0.506782 0.867304
vt 0.508234 0.867001
vt 0.510169 0.866922
vt 0.512103 0.866826
vt 0.513552 0.866998
vt 0.505516 0.873478
vt 0.508520 0.872851
vt 0.512516 0.872570
vt 0.515503 0.872775
vt 0.517925 0.876947
vt 0.503398 0.877609
vt 0.503395 0.873089
vt 0.503511 0.878731
vt 0.517909 0.872416
vt 0.503879 0.872352
vt 0.504363 0.871609
vt 0.510684 0.881747
vt 0.503401 0.881963
vt 0.517943 0.881310
vt 0.503511 0.887103
vt 0.518478 0.886059
vt 0.517425 0.871722
vt 0.517488 0.876372
vt 0.518478 0.877650
vt 0.516940 0.871023
vt 0.505332 0.871097
vt 0.515974 0.870600
vt 0.515503 0.875649
vt 0.506301 0.870578
vt 0.515008 0.870171
vt 0.507754 0.870286
vt 0.513558 0.870014
vt 0.512516 0.875454
vt 0.510657 0.869920
vt 0.512108 0.869847
vt 0.509206 0.869983
vt 0.509520 0.875672
vt 0.506518 0.876304
vt 0.504514 0.877314
vt 0.498549 0.844319
vt 0.483095 0.850187
vt 0.482512 0.847508
vt 0.490805 0.859074
vt 0.483086 0.858613
vt 0.498548 0.859262
vt 0.498548 0.852006
vt 0.482512 0.864474
vt 0.498495 0.865522
vt 0.498495 0.851019
vt 0.501451 0.844319
vt 0.504353 0.844279
vt 0.517865 0.830773
vt 0.504356 0.826063
vt 0.516905 0.850187
vt 0.504355 0.851967
vt 0.504514 0.850954
vt 0.510644 0.859008
vt 0.504357 0.859224
vt 0.516914 0.858613
vt 0.504514 0.865459
vt 0.517488 0.864474
vt 0.517869 0.825309
vt 0.517879 0.815218
vt 0.518478 0.827586
vt 0.518478 0.815655
vt 0.504357 0.821832
vt 0.517873 0.821070
vt 0.498542 0.775416
vt 0.483036 0.784890
vt 0.482512 0.776867
vt 0.499926 0.775422
vt 0.492699 0.763355
vt 0.490267 0.762725
vt 0.487837 0.762061
vt 0.485893 0.760882
vt 0.483951 0.759676
vt 0.490791 0.798472
vt 0.483060 0.797935
vt 0.498545 0.798691
vt 0.498544 0.787463
vt 0.482512 0.804456
vt 0.498495 0.805684
vt 0.498495 0.782106
vt 0.501458 0.775416
vt 0.507519 0.769716
vt 0.504375 0.775369
vt 0.492481 0.769716
vt 0.487484 0.768235
vt 0.516964 0.784890
vt 0.504369 0.787417
vt 0.504514 0.782030
vt 0.510661 0.798395
vt 0.504363 0.798646
vt 0.516940 0.797935
vt 0.504514 0.805611
vt 0.517488 0.804456
vt 0.512516 0.768235
vt 0.516496 0.765614
vt 0.499926 0.757234
vt 0.488744 0.722036
vt 0.488482 0.723162
vt 0.483504 0.723880
vt 0.488750 0.725804
vt 0.485825 0.726833
vt 0.487287 0.726325
vt 0.485492 0.731951
vt 0.488482 0.731011
vt 0.484854 0.728600
vt 0.483504 0.735476
vt 0.483885 0.730345
vt 0.483404 0.732717
vt 0.482923 0.735060
vt 0.482936 0.740334
vt 0.482512 0.740282
vt 0.482949 0.745472
vt 0.483440 0.747759
vt 0.483504 0.755715
vt 0.482512 0.750994
vt 0.483930 0.750018
vt 0.484905 0.751748
vt 0.485492 0.759340
vt 0.485879 0.753458
vt 0.487339 0.754646
vt 0.488482 0.761880
vt 0.488799 0.755816
vt 0.490745 0.756462
vt 0.492481 0.763299
vt 0.492693 0.757085
vt 0.499926 0.707993
vt 0.507519 0.763299
vt 0.509255 0.756462
vt 0.507307 0.757085
vt 0.511201 0.755816
vt 0.512661 0.754646
vt 0.514121 0.753458
vt 0.515095 0.751748
vt 0.516070 0.750018
vt 0.516560 0.747759
vt 0.517051 0.745472
vt 0.517064 0.740334
vt 0.517077 0.735060
vt 0.511250 0.725804
vt 0.511256 0.722036
vt 0.511262 0.718201
vt 0.513704 0.718671
vt 0.516142 0.719106
vt 0.516596 0.732717
vt 0.516115 0.730345
vt 0.514175 0.726833
vt 0.515146 0.728600
vt 0.512713 0.726325
vt 0.498516 0.656924
vt 0.504423 0.699671
vt 0.410598 0.473228
vt 0.408983 0.472387
vt 0.381775 0.476877
vt 0.404357 0.477395
vt 0.407182 0.470843
vt 0.374365 0.511531
vt 0.416223 0.473044
vt 0.414219 0.473622
vt 0.412351 0.473660
vt 0.371504 0.483858
vt 0.378689 0.549587
vt 0.382652 0.586840
vt 0.386175 0.622346
vt 0.389177 0.655383
vt 0.391589 0.685490
vt 0.393354 0.712466
vt 0.394430 0.736311
vt 0.394792 0.757167
vt 0.409196 0.480745
vt 0.407541 0.480464
vt 0.405918 0.479333
vt 0.549525 0.147311
vt 0.552161 0.136246
vt 0.551619 0.143230
vt 0.553706 0.133791
vt 0.553784 0.140048
vt 0.555435 0.132082
vt 0.555941 0.137769
vt 0.557325 0.131127
vt 0.583020 0.097256
vt 0.558027 0.136341
vt 0.559316 0.130958
vt 0.559998 0.135685
vt 0.561675 0.135682
vt 0.561346 0.131579
vt 0.563222 0.136176
vt 0.563343 0.132956
vt 0.564633 0.137107
vt 0.565270 0.135053
vt 0.565911 0.138428
vt 0.567056 0.140103
vt 0.567071 0.137804
vt 0.591282 0.116988
vt 0.568071 0.142110
vt 0.568957 0.144436
vt 0.568694 0.141120
vt 0.569710 0.147078
vt 0.570123 0.144972
vt 0.570324 0.150039
vt 0.570788 0.153329
vt 0.571305 0.149218
vt 0.571087 0.156960
vt 0.572211 0.153746
vt 0.571201 0.160935
vt 0.571106 0.165247
vt 0.572823 0.158440
vt 0.570776 0.169873
vt 0.573129 0.163180
vt 0.570187 0.174762
vt 0.573126 0.167850
vt 0.569319 0.179834
vt 0.568164 0.184974
vt 0.572813 0.172332
vt 0.572198 0.176513
vt 0.621009 0.450863
vt 0.591997 0.418540
vt 0.597097 0.419472
vt 0.593813 0.421469
vt 0.598405 0.422053
vt 0.595371 0.424708
vt 0.599554 0.425350
vt 0.596659 0.428131
vt 0.600503 0.429235
vt 0.597685 0.431634
vt 0.598473 0.435175
vt 0.601229 0.433596
vt 0.618225 0.476877
vt 0.599038 0.438686
vt 0.601719 0.438317
vt 0.599397 0.442142
vt 0.601964 0.443276
vt 0.599568 0.445534
vt 0.599560 0.448843
vt 0.601961 0.448353
vt 0.599378 0.452086
vt 0.601711 0.453427
vt 0.599024 0.455227
vt 0.598493 0.458264
vt 0.601219 0.458380
vt 0.614718 0.502223
vt 0.597777 0.461183
vt 0.600495 0.463097
vt 0.596866 0.463951
vt 0.595743 0.466531
vt 0.599552 0.467466
vt 0.594399 0.468853
vt 0.598410 0.471379
vt 0.592823 0.470838
vt 0.597108 0.474693
vt 0.591017 0.472387
vt 0.595656 0.477375
vt 0.589401 0.473229
vt 0.625635 0.511531
vt 0.621311 0.549587
vt 0.630664 0.455809
vt 0.628494 0.483881
vt 0.632184 0.427439
vt 0.633079 0.398903
vt 0.633369 0.370241
vt 0.633055 0.341574
vt 0.632134 0.313019
vt 0.630590 0.284683
vt 0.628395 0.256649
vt 0.625511 0.229031
vt 0.621887 0.201968
vt 0.617465 0.175615
vt 0.612173 0.150137
vt 0.605932 0.125726
vt 0.598658 0.102610
vt 0.590266 0.081042
vt 0.580680 0.061300
vt 0.569854 0.043713
vt 0.544579 0.016428
vt 0.557794 0.028635
vt 0.530345 0.007406
vt 0.515368 0.001867
vt 0.500000 0.000000
vt 0.484645 0.001864
vt 0.469682 0.007392
vt 0.442250 0.028588
vt 0.455461 0.016397
vt 0.430184 0.043658
vt 0.446216 0.140048
vt 0.426273 0.079411
vt 0.419348 0.061248
vt 0.448381 0.143230
vt 0.450475 0.147311
vt 0.434090 0.138426
vt 0.416981 0.097254
vt 0.409754 0.080995
vt 0.435369 0.137104
vt 0.436781 0.136173
vt 0.438327 0.135679
vt 0.440002 0.135685
vt 0.441975 0.136341
vt 0.444060 0.137769
vt 0.428799 0.160935
vt 0.408718 0.116986
vt 0.401356 0.102570
vt 0.428913 0.156964
vt 0.429211 0.153335
vt 0.429675 0.150044
vt 0.430289 0.147081
vt 0.431042 0.144437
vt 0.431929 0.142110
vt 0.432945 0.140102
vt 0.394077 0.125695
vt 0.431837 0.184978
vt 0.430681 0.179837
vt 0.429813 0.174764
vt 0.429224 0.169873
vt 0.428894 0.165246
vt 0.387831 0.150119
vt 0.382536 0.175608
vt 0.378114 0.201961
vt 0.374492 0.229011
vt 0.371608 0.256613
vt 0.369413 0.284632
vt 0.367869 0.312955
vt 0.366946 0.341493
vt 0.366631 0.370145
vt 0.366919 0.398804
vt 0.402284 0.431758
vt 0.378991 0.450863
vt 0.367813 0.427357
vt 0.403303 0.428247
vt 0.404583 0.424817
vt 0.406139 0.421557
vt 0.407960 0.418601
vt 0.400982 0.455264
vt 0.369333 0.455755
vt 0.400626 0.452134
vt 0.400441 0.448901
vt 0.400430 0.445601
vt 0.400596 0.442224
vt 0.400950 0.438783
vt 0.401506 0.435287
vt 0.405609 0.468864
vt 0.404266 0.466550
vt 0.403143 0.463973
vt 0.402231 0.461212
vt 0.401515 0.458300
vt 0.402903 0.474716
vt 0.401595 0.471392
vt 0.400446 0.467456
vt 0.399497 0.463053
vt 0.398771 0.458300
vt 0.398281 0.453318
vt 0.398036 0.448229
vt 0.398039 0.443153
vt 0.398289 0.438211
vt 0.398781 0.433521
vt 0.399505 0.429195
vt 0.400448 0.425341
vt 0.401590 0.422064
vt 0.402892 0.419489
vt 0.427789 0.176447
vt 0.427177 0.172237
vt 0.426871 0.167738
vt 0.426874 0.163065
vt 0.427187 0.158337
vt 0.427802 0.153670
vt 0.428705 0.149176
vt 0.429880 0.144962
vt 0.431301 0.141133
vt 0.432916 0.137827
vt 0.434714 0.135074
vt 0.436645 0.132967
vt 0.438654 0.131579
vt 0.440672 0.130960
vt 0.442659 0.131122
vt 0.444551 0.132072
vt 0.446288 0.133784
vt 0.447842 0.136253
vt 0.592459 0.480464
vt 0.590814 0.480746
vt 0.594092 0.479323
vt 0.585779 0.473620
vt 0.587648 0.473660
vt 0.583768 0.473040
vt 0.605208 0.757167
vt 0.605208 0.799579
vt 0.605570 0.736311
vt 0.606646 0.712466
vt 0.608411 0.685490
vt 0.610823 0.655383
vt 0.613825 0.622346
vt 0.617348 0.586840
vt 0.605208 0.931558
vt 0.605570 0.935418
vt 0.605208 0.920312
vt 0.911536 0.879214
vt 0.911294 0.891573
vt 0.894792 0.920312
vt 0.911680 0.865342
vt 0.911728 0.849651
vt 0.911680 0.831753
vt 0.911536 0.811155
vt 0.911294 0.787237
vt 0.589402 0.934706
vt 0.591017 0.934996
vt 0.618225 0.937574
vt 0.595643 0.940676
vt 0.592818 0.935309
vt 0.625635 0.945464
vt 0.583777 0.933651
vt 0.585781 0.934036
vt 0.587649 0.934385
vt 0.628496 0.945351
vt 0.621311 0.945698
vt 0.617348 0.945402
vt 0.613825 0.944563
vt 0.610823 0.943165
vt 0.608411 0.941189
vt 0.606646 0.938616
vt 0.590804 0.942948
vt 0.592459 0.942123
vt 0.594082 0.941361
vt 0.450475 0.969235
vt 0.447839 0.975288
vt 0.448381 0.970138
vt 0.446294 0.975165
vt 0.446216 0.970858
vt 0.444565 0.974962
vt 0.444059 0.971396
vt 0.442675 0.974676
vt 0.416981 0.979430
vt 0.441973 0.971762
vt 0.440684 0.974313
vt 0.440002 0.971974
vt 0.438325 0.972050
vt 0.438654 0.973881
vt 0.436778 0.972029
vt 0.436657 0.973396
vt 0.435367 0.971921
vt 0.434730 0.972866
vt 0.434089 0.971738
vt 0.432944 0.971486
vt 0.432929 0.972308
vt 0.408718 0.976169
vt 0.431929 0.971170
vt 0.431043 0.970794
vt 0.431306 0.971743
vt 0.430290 0.970357
vt 0.429877 0.971178
vt 0.429676 0.969859
vt 0.429212 0.969296
vt 0.428695 0.970641
vt 0.428913 0.968666
vt 0.427789 0.970147
vt 0.428799 0.967966
vt 0.428894 0.967194
vt 0.427177 0.969715
vt 0.429224 0.966350
vt 0.426871 0.969357
vt 0.429813 0.965438
vt 0.426874 0.969083
vt 0.430681 0.964466
vt 0.431836 0.963449
vt 0.427187 0.968903
vt 0.427802 0.968819
vt 0.378991 0.938675
vt 0.408003 0.937126
vt 0.402903 0.944426
vt 0.406187 0.937294
vt 0.401595 0.943540
vt 0.404629 0.937389
vt 0.400446 0.942665
vt 0.403341 0.937423
vt 0.399497 0.941838
vt 0.402315 0.937410
vt 0.401527 0.937361
vt 0.398771 0.941084
vt 0.381775 0.937574
vt 0.400962 0.937283
vt 0.398281 0.940427
vt 0.400603 0.937184
vt 0.398036 0.939884
vt 0.400432 0.937068
vt 0.400440 0.936936
vt 0.398039 0.939472
vt 0.400622 0.936791
vt 0.398289 0.939203
vt 0.400976 0.936633
vt 0.401507 0.936461
vt 0.398781 0.939083
vt 0.385282 0.936843
vt 0.402223 0.936273
vt 0.399505 0.939115
vt 0.403134 0.936068
vt 0.404257 0.935841
vt 0.400448 0.939300
vt 0.405601 0.935590
vt 0.401590 0.939629
vt 0.407177 0.935310
vt 0.402892 0.940089
vt 0.408983 0.934996
vt 0.404344 0.940671
vt 0.410599 0.934706
vt 0.374365 0.945464
vt 0.378689 0.945698
vt 0.369336 0.945724
vt 0.371506 0.945351
vt 0.367816 0.946571
vt 0.366921 0.947875
vt 0.366631 0.949612
vt 0.366945 0.951753
vt 0.367866 0.954259
vt 0.369410 0.957092
vt 0.371605 0.960211
vt 0.374489 0.963570
vt 0.378113 0.967118
vt 0.382535 0.970802
vt 0.387827 0.974561
vt 0.394068 0.978334
vt 0.401342 0.982051
vt 0.409734 0.985636
vt 0.419320 0.989011
vt 0.430146 0.992088
vt 0.455421 0.996985
vt 0.442206 0.994776
vt 0.469655 0.998635
vt 0.484632 0.999655
vt 0.500000 1.000000
vt 0.515355 0.999655
vt 0.530318 0.998637
vt 0.557750 0.994785
vt 0.544539 0.996990
vt 0.569816 0.992098
vt 0.553784 0.970858
vt 0.573727 0.982460
vt 0.580652 0.989020
vt 0.551619 0.970138
vt 0.549525 0.969235
vt 0.565910 0.971738
vt 0.583019 0.979431
vt 0.590246 0.985644
vt 0.564631 0.971922
vt 0.563219 0.972029
vt 0.561673 0.972051
vt 0.559998 0.971974
vt 0.558025 0.971762
vt 0.555940 0.971396
vt 0.571201 0.967966
vt 0.591281 0.976170
vt 0.598644 0.982057
vt 0.571087 0.968666
vt 0.570789 0.969295
vt 0.570325 0.969858
vt 0.569711 0.970357
vt 0.568958 0.970794
vt 0.568071 0.971170
vt 0.567055 0.971486
vt 0.605923 0.978339
vt 0.568163 0.963448
vt 0.569319 0.964465
vt 0.570187 0.965437
vt 0.570776 0.966350
vt 0.571106 0.967194
vt 0.612169 0.974564
vt 0.617464 0.970803
vt 0.621886 0.967119
vt 0.625508 0.963572
vt 0.628392 0.960215
vt 0.630587 0.957097
vt 0.632131 0.954265
vt 0.633054 0.951759
vt 0.633369 0.949619
vt 0.633081 0.947880
vt 0.597716 0.937409
vt 0.621009 0.938675
vt 0.632187 0.946574
vt 0.596697 0.937423
vt 0.595417 0.937391
vt 0.593861 0.937298
vt 0.592040 0.937130
vt 0.599018 0.936631
vt 0.630667 0.945725
vt 0.599374 0.936789
vt 0.599559 0.936934
vt 0.599570 0.937065
vt 0.599404 0.937182
vt 0.599050 0.937281
vt 0.598494 0.937359
vt 0.594391 0.935589
vt 0.595734 0.935840
vt 0.596857 0.936066
vt 0.597769 0.936271
vt 0.598485 0.936459
vt 0.597097 0.940093
vt 0.598405 0.939631
vt 0.599554 0.939299
vt 0.600503 0.939114
vt 0.601229 0.939083
vt 0.601719 0.939207
vt 0.601964 0.939481
vt 0.601961 0.939896
vt 0.601711 0.940440
vt 0.601219 0.941096
vt 0.600495 0.941846
vt 0.599552 0.942667
vt 0.598410 0.943537
vt 0.597108 0.944419
vt 0.572211 0.968820
vt 0.572823 0.968906
vt 0.573129 0.969089
vt 0.573126 0.969364
vt 0.572813 0.969724
vt 0.572198 0.970155
vt 0.571295 0.970646
vt 0.570120 0.971180
vt 0.568699 0.971741
vt 0.567084 0.972304
vt 0.565286 0.972861
vt 0.563355 0.973393
vt 0.561346 0.973881
vt 0.559328 0.974311
vt 0.557341 0.974673
vt 0.555449 0.974960
vt 0.553712 0.975165
vt 0.552158 0.975288
vt 0.407541 0.942123
vt 0.409186 0.942943
vt 0.405908 0.941356
vt 0.414219 0.934036
vt 0.412352 0.934385
vt 0.416232 0.933650
vt 0.394792 0.931558
vt 0.394792 0.920312
vt 0.394430 0.935418
vt 0.393354 0.938616
vt 0.391589 0.941189
vt 0.389177 0.943165
vt 0.386175 0.944563
vt 0.382652 0.945402
vt 0.394792 0.799579
vt 0.088464 0.811143
vt 0.105208 0.799579
vt 0.088706 0.787224
vt 0.088320 0.831743
vt 0.088272 0.849646
vt 0.088320 0.865341
vt 0.088464 0.879214
vt 0.088706 0.891574
vt 0.104967 0.795254
vt 0.395033 0.795255
vt 0.089487 0.726130
vt 0.105208 0.757167
vt 0.089046 0.759208
vt 0.089735 0.716182
vt 0.071826 0.785656
vt 0.066562 0.788553
vt 0.105570 0.736311
vt 0.076850 0.783302
vt 0.081571 0.781548
vt 0.085937 0.780440
vt 0.089909 0.780007
vt 0.093455 0.780265
vt 0.096554 0.781212
vt 0.099189 0.782831
vt 0.101351 0.785091
vt 0.103037 0.787950
vt 0.104242 0.791356
vt 0.049993 0.706507
vt 0.050580 0.683987
vt 0.049752 0.740157
vt 0.049565 0.768954
vt 0.049433 0.793749
vt 0.049353 0.815254
vt 0.049327 0.834048
vt 0.049353 0.850604
vt 0.049433 0.865299
vt 0.105208 0.920312
vt 0.089046 0.902665
vt 0.049565 0.878437
vt 0.105208 0.931558
vt 0.089487 0.912685
vt 0.049752 0.890261
vt 0.105570 0.935418
vt 0.049993 0.900972
vt 0.089736 0.915213
vt 0.104967 0.921922
vt 0.066562 0.948952
vt 0.894430 0.935418
vt 0.071827 0.947159
vt 0.076851 0.945139
vt 0.081570 0.942929
vt 0.085934 0.940570
vt 0.089905 0.938104
vt 0.093451 0.935580
vt 0.096550 0.933046
vt 0.099186 0.930552
vt 0.101350 0.928147
vt 0.103036 0.925878
vt 0.104242 0.923790
vt 0.395033 0.921923
vt 0.433438 0.948952
vt 0.395758 0.923790
vt 0.396963 0.925878
vt 0.398649 0.928145
vt 0.400811 0.930549
vt 0.403446 0.933043
vt 0.406545 0.935577
vt 0.410091 0.938102
vt 0.414063 0.940569
vt 0.418429 0.942929
vt 0.423150 0.945139
vt 0.428174 0.947159
vt 0.395758 0.791357
vt 0.396964 0.787949
vt 0.398650 0.785090
vt 0.400814 0.782829
vt 0.403450 0.781211
vt 0.406549 0.780264
vt 0.410095 0.780007
vt 0.414066 0.780440
vt 0.418430 0.781548
vt 0.423149 0.783302
vt 0.428173 0.785656
vt 0.433438 0.788553
vt 0.566562 0.788553
vt 0.933438 0.788553
vt 0.878689 0.549587
vt 0.121311 0.549587
vt 0.125635 0.511531
vt 0.115316 0.502751
vt 0.874365 0.511531
vt 0.128494 0.483881
vt 0.118798 0.477288
vt 0.882652 0.586840
vt 0.117348 0.586840
vt 0.104784 0.569779
vt 0.109764 0.536684
vt 0.886175 0.622346
vt 0.113825 0.622346
vt 0.100450 0.601295
vt 0.889177 0.655383
vt 0.110823 0.655383
vt 0.096807 0.630721
vt 0.891589 0.685490
vt 0.108411 0.685490
vt 0.093857 0.658039
vt 0.893354 0.712466
vt 0.106646 0.712466
vt 0.091641 0.683018
vt 0.894430 0.736311
vt 0.090815 0.694631
vt 0.894792 0.757167
vt 0.090178 0.705686
vt 0.928173 0.785656
vt 0.923149 0.783302
vt 0.576850 0.783302
vt 0.571826 0.785656
vt 0.918430 0.781548
vt 0.914066 0.780440
vt 0.581571 0.781548
vt 0.910095 0.780007
vt 0.585937 0.780440
vt 0.906549 0.780264
vt 0.589909 0.780007
vt 0.903450 0.781211
vt 0.593455 0.780265
vt 0.900814 0.782829
vt 0.596554 0.781212
vt 0.898650 0.785090
vt 0.599189 0.782831
vt 0.896964 0.787949
vt 0.601351 0.785091
vt 0.895758 0.791357
vt 0.603037 0.787950
vt 0.895033 0.795255
vt 0.604967 0.795254
vt 0.604242 0.791356
vt 0.894792 0.799579
vt 0.910954 0.759217
vt 0.910513 0.726130
vt 0.909827 0.705787
vt 0.910267 0.716247
vt 0.908364 0.683085
vt 0.909192 0.694736
vt 0.906136 0.657968
vt 0.907344 0.670828
vt 0.903164 0.630478
vt 0.904741 0.644513
vt 0.899483 0.600786
vt 0.901410 0.615890
vt 0.895137 0.569233
vt 0.890182 0.536330
vt 0.871504 0.483858
vt 0.884684 0.502751
vt 0.130664 0.455809
vt 0.869333 0.455755
vt 0.881202 0.477285
vt 0.132184 0.427439
vt 0.867813 0.427357
vt 0.878441 0.451156
vt 0.133079 0.398903
vt 0.866919 0.398804
vt 0.876380 0.424516
vt 0.133369 0.370241
vt 0.866631 0.370145
vt 0.874312 0.370267
vt 0.875007 0.397506
vt 0.133055 0.341574
vt 0.866946 0.341493
vt 0.874294 0.342921
vt 0.132134 0.313019
vt 0.867869 0.312955
vt 0.874960 0.315605
vt 0.130590 0.284683
vt 0.869413 0.284632
vt 0.876325 0.288443
vt 0.128395 0.256649
vt 0.871608 0.256613
vt 0.878410 0.261589
vt 0.125511 0.229031
vt 0.874492 0.229011
vt 0.881245 0.235183
vt 0.121887 0.201968
vt 0.878114 0.201961
vt 0.884870 0.209382
vt 0.117465 0.175615
vt 0.882536 0.175608
vt 0.889327 0.184357
vt 0.112173 0.150137
vt 0.887831 0.150119
vt 0.894666 0.160297
vt 0.105932 0.125726
vt 0.894077 0.125695
vt 0.900938 0.137405
vt 0.098658 0.102610
vt 0.901356 0.102570
vt 0.908189 0.115905
vt 0.090266 0.081042
vt 0.909754 0.080995
vt 0.916460 0.096037
vt 0.080680 0.061300
vt 0.919348 0.061248
vt 0.925772 0.078054
vt 0.069854 0.043713
vt 0.930184 0.043658
vt 0.936120 0.062218
vt 0.057794 0.028635
vt 0.942250 0.028588
vt 0.947460 0.048794
vt 0.044579 0.016428
vt 0.955461 0.016397
vt 0.959696 0.038035
vt 0.030345 0.007406
vt 0.969682 0.007392
vt 0.972679 0.030167
vt 0.015368 0.001867
vt 0.984645 0.001864
vt 0.000000 0.000000
vt 0.986199 0.025368
vt 0.000000 0.023755
vt 0.027315 0.030164
vt 0.013798 0.025367
vt 0.040296 0.038030
vt 0.052531 0.048785
vt 0.063871 0.062205
vt 0.074220 0.078039
vt 0.083533 0.096022
vt 0.091808 0.115898
vt 0.099061 0.137401
vt 0.105334 0.160299
vt 0.110674 0.184366
vt 0.115133 0.209400
vt 0.118758 0.235213
vt 0.121594 0.261625
vt 0.123677 0.288479
vt 0.125041 0.315635
vt 0.125706 0.342951
vt 0.125688 0.370292
vt 0.123619 0.424530
vt 0.124992 0.397528
vt 0.121559 0.451165
vt 0.099341 0.459516
vt 0.091773 0.473533
vt 0.093566 0.472032
vt 0.095145 0.470087
vt 0.096505 0.467793
vt 0.097653 0.465222
vt 0.098594 0.462450
vt 0.908227 0.473533
vt 0.910582 0.474571
vt 0.911854 0.474764
vt 0.913168 0.474714
vt 0.915562 0.473999
vt 0.917981 0.472450
vt 0.900088 0.456401
vt 0.906429 0.472027
vt 0.904847 0.470075
vt 0.903485 0.467773
vt 0.902339 0.465202
vt 0.901397 0.462419
vt 0.900651 0.459478
vt 0.901164 0.432729
vt 0.899704 0.453219
vt 0.899494 0.449976
vt 0.899454 0.446661
vt 0.899589 0.443267
vt 0.899910 0.439791
vt 0.900432 0.436259
vt 0.912979 0.392590
vt 0.902129 0.429218
vt 0.903341 0.425797
vt 0.904812 0.422544
vt 0.906537 0.419576
vt 0.908458 0.417059
vt 0.910490 0.415111
vt 0.913682 0.402847
vt 0.912452 0.382249
vt 0.911930 0.361544
vt 0.912103 0.371881
vt 0.912112 0.340885
vt 0.911934 0.351214
vt 0.913004 0.320226
vt 0.912467 0.330562
vt 0.914616 0.299781
vt 0.913721 0.309943
vt 0.916953 0.279786
vt 0.915693 0.289728
vt 0.918397 0.269982
vt 0.921844 0.250878
vt 0.920026 0.260343
vt 0.926056 0.232523
vt 0.923855 0.241591
vt 0.931028 0.215168
vt 0.928444 0.223719
vt 0.928691 0.222859
vt 0.931910 0.186515
vt 0.933819 0.206874
vt 0.935131 0.195371
vt 0.933459 0.191217
vt 0.927994 0.157295
vt 0.930569 0.181455
vt 0.929495 0.176260
vt 0.928716 0.171147
vt 0.928221 0.166241
vt 0.927989 0.161610
vt 0.933074 0.136707
vt 0.928212 0.153323
vt 0.928622 0.149696
vt 0.929206 0.146403
vt 0.929952 0.143453
vt 0.930855 0.140834
vt 0.931896 0.138584
vt 0.945265 0.137330
vt 0.934392 0.135213
vt 0.935851 0.134135
vt 0.937453 0.133523
vt 0.939271 0.133450
vt 0.941124 0.133986
vt 0.943164 0.135261
vt 0.963370 0.153623
vt 0.959242 0.158402
vt 0.954244 0.158510
vt 0.947373 0.140239
vt 0.949414 0.143978
vt 0.951291 0.148424
vt 0.952916 0.153349
vt 0.967661 0.149321
vt 0.976553 0.142349
vt 0.968119 0.148900
vt 0.972070 0.145548
vt 0.985740 0.137654
vt 0.981114 0.139717
vt 0.995187 0.135271
vt 0.989228 0.136493
vt 0.990431 0.136169
vt 0.000000 0.134962
vt 0.009515 0.136157
vt 0.004776 0.135265
vt 0.018841 0.139692
vt 0.010621 0.136452
vt 0.014210 0.137636
vt 0.027900 0.145526
vt 0.023403 0.142322
vt 0.036596 0.153586
vt 0.031737 0.148767
vt 0.032302 0.149285
vt 0.040741 0.158382
vt 0.056837 0.135260
vt 0.047079 0.153366
vt 0.048699 0.148450
vt 0.050579 0.143993
vt 0.052623 0.140246
vt 0.054735 0.137331
vt 0.068126 0.138626
vt 0.058878 0.133986
vt 0.060729 0.133450
vt 0.062549 0.133525
vt 0.064146 0.134135
vt 0.065612 0.135218
vt 0.066937 0.136723
vt 0.072011 0.161617
vt 0.069167 0.140888
vt 0.070056 0.143481
vt 0.070795 0.146407
vt 0.071376 0.149679
vt 0.071786 0.153312
vt 0.072006 0.157302
vt 0.066172 0.206848
vt 0.071778 0.166252
vt 0.071283 0.171161
vt 0.070504 0.176266
vt 0.069431 0.181459
vt 0.068091 0.186512
vt 0.066550 0.191190
vt 0.064887 0.195331
vt 0.071183 0.222426
vt 0.068961 0.215133
vt 0.076153 0.241627
vt 0.071549 0.223694
vt 0.073944 0.232522
vt 0.079991 0.260440
vt 0.078171 0.250952
vt 0.083070 0.279951
vt 0.081622 0.270104
vt 0.084333 0.289948
vt 0.086307 0.310298
vt 0.085412 0.300073
vt 0.087549 0.330947
vt 0.087019 0.320604
vt 0.088070 0.351590
vt 0.087898 0.341269
vt 0.087889 0.372226
vt 0.088067 0.361909
vt 0.087006 0.392847
vt 0.087534 0.382564
vt 0.086308 0.402996
vt 0.099574 0.436290
vt 0.098843 0.432759
vt 0.097883 0.429257
vt 0.096677 0.425840
vt 0.095212 0.422591
vt 0.093491 0.419618
vt 0.091565 0.417085
vt 0.099905 0.456447
vt 0.100291 0.453281
vt 0.100505 0.450010
vt 0.100546 0.446671
vt 0.100410 0.443263
vt 0.100090 0.439794
vt 0.071356 0.502988
vt 0.084434 0.473997
vt 0.086832 0.474714
vt 0.088149 0.474763
vt 0.082007 0.472440
vt 0.079664 0.470078
vt 0.077516 0.467035
vt 0.089418 0.474571
vt 0.065907 0.538101
vt 0.068812 0.518939
vt 0.061239 0.571530
vt 0.057360 0.602956
vt 0.054278 0.632244
vt 0.052011 0.659274
vt 0.098988 0.486924
vt 0.100672 0.485628
vt 0.097289 0.487317
vt 0.095607 0.486787
vt 0.093997 0.485327
vt 0.076319 0.464280
vt 0.092513 0.482972
vt 0.069542 0.424901
vt 0.075308 0.460991
vt 0.074509 0.457240
vt 0.049960 0.534147
vt 0.050483 0.429016
vt 0.049536 0.621274
vt 0.049205 0.690124
vt 0.102282 0.483487
vt 0.103774 0.480583
vt 0.098988 0.419291
vt 0.100661 0.419394
vt 0.097278 0.420140
vt 0.095593 0.421937
vt 0.093986 0.424635
vt 0.092508 0.428150
vt 0.091179 0.479725
vt 0.090066 0.437363
vt 0.090056 0.475693
vt 0.091182 0.432446
vt 0.089195 0.442754
vt 0.089183 0.470989
vt 0.088597 0.448462
vt 0.088587 0.465752
vt 0.073941 0.453112
vt 0.088290 0.454316
vt 0.088286 0.460138
vt 0.073619 0.448705
vt 0.073552 0.444123
vt 0.073744 0.439478
vt 0.074192 0.434890
vt 0.074887 0.430478
vt 0.075813 0.426356
vt 0.076947 0.422636
vt 0.078261 0.419417
vt 0.079722 0.416786
vt 0.081291 0.414814
vt 0.084587 0.413022
vt 0.082927 0.413550
vt 0.085014 0.413007
vt 0.085438 0.413040
vt 0.070294 0.322892
vt 0.087437 0.413770
vt 0.102269 0.420420
vt 0.103764 0.422320
vt 0.089514 0.415114
vt 0.105106 0.425011
vt 0.105111 0.477023
vt 0.106284 0.428459
vt 0.107247 0.468202
vt 0.107255 0.432528
vt 0.106282 0.472847
vt 0.107988 0.463205
vt 0.107998 0.437103
vt 0.108491 0.457971
vt 0.108499 0.442060
vt 0.108746 0.452619
vt 0.108750 0.447274
vt 0.955263 0.163668
vt 0.968631 0.257115
vt 0.945904 0.127883
vt 0.955681 0.167925
vt 0.946642 0.132234
vt 0.989407 0.241637
vt 0.010446 0.241584
vt 0.044737 0.163667
vt 0.044319 0.167924
vt 0.046463 0.189608
vt 0.047651 0.193267
vt 0.031226 0.256994
vt 0.045500 0.185585
vt 0.044789 0.181298
vt 0.044347 0.176850
vt 0.044189 0.172354
vt 0.045757 0.158509
vt 0.054111 0.127816
vt 0.053371 0.132135
vt 0.055191 0.124037
vt 0.056578 0.120893
vt 0.058231 0.118463
vt 0.060079 0.116825
vt 0.062095 0.115983
vt 0.064217 0.115968
vt 0.066377 0.116776
vt 0.068498 0.118365
vt 0.070542 0.120696
vt 0.072448 0.123696
vt 0.074164 0.127269
vt 0.075673 0.131382
vt 0.076919 0.135887
vt 0.077873 0.140663
vt 0.078518 0.145590
vt 0.078840 0.150545
vt 0.078836 0.155404
vt 0.078507 0.160049
vt 0.077860 0.164361
vt 0.076908 0.168229
vt 0.075670 0.171550
vt 0.063180 0.198842
vt 0.061864 0.200739
vt 0.074170 0.174224
vt 0.055839 0.203440
vt 0.060446 0.202171
vt 0.058951 0.203109
vt 0.057406 0.203535
vt 0.054025 0.202679
vt 0.051114 0.313347
vt 0.052260 0.201238
vt 0.897731 0.483508
vt 0.896236 0.480607
vt 0.894894 0.477038
vt 0.893716 0.472836
vt 0.892745 0.468155
vt 0.892002 0.463120
vt 0.891501 0.457855
vt 0.891250 0.452488
vt 0.891254 0.447145
vt 0.891509 0.441950
vt 0.892012 0.437024
vt 0.892753 0.432487
vt 0.893718 0.428449
vt 0.894889 0.425023
vt 0.896226 0.422337
vt 0.912550 0.413777
vt 0.897718 0.420433
vt 0.914562 0.413040
vt 0.899328 0.419397
vt 0.914986 0.413007
vt 0.930325 0.424386
vt 0.918709 0.414814
vt 0.915413 0.413022
vt 0.917073 0.413550
vt 0.929575 0.322853
vt 0.948749 0.313495
vt 0.936820 0.198842
vt 0.938136 0.200739
vt 0.944161 0.203440
vt 0.942594 0.203534
vt 0.941049 0.203109
vt 0.939554 0.202171
vt 0.925836 0.174232
vt 0.924327 0.171542
vt 0.923081 0.168194
vt 0.922127 0.164293
vt 0.921482 0.159951
vt 0.921160 0.155288
vt 0.921164 0.150425
vt 0.921493 0.145483
vt 0.922140 0.140583
vt 0.923092 0.135842
vt 0.924330 0.131372
vt 0.925830 0.127283
vt 0.927538 0.123721
vt 0.929441 0.120719
vt 0.931488 0.118378
vt 0.933623 0.116776
vt 0.935770 0.115970
vt 0.937887 0.115980
vt 0.939906 0.116815
vt 0.941762 0.118456
vt 0.943426 0.120899
vt 0.944821 0.124071
vt 0.072462 0.176146
vt 0.070559 0.177284
vt 0.068512 0.177577
vt 0.066377 0.176995
vt 0.064230 0.175554
vt 0.051856 0.200802
vt 0.062113 0.173279
vt 0.050584 0.199153
vt 0.030797 0.375027
vt 0.030440 0.488362
vt 0.030147 0.585493
vt 0.029913 0.663143
vt 0.048960 0.743855
vt 0.029736 0.723597
vt 0.048800 0.786086
vt 0.029610 0.770699
vt 0.048720 0.819807
vt 0.029536 0.807905
vt 0.048720 0.847238
vt 0.029511 0.837848
vt 0.048800 0.869970
vt 0.029536 0.862418
vt 0.048960 0.889138
vt 0.029610 0.882954
vt 0.049205 0.905560
vt 0.029735 0.900411
vt 0.052008 0.911969
vt 0.049536 0.919829
vt 0.029913 0.915480
vt 0.050575 0.906704
vt 0.065911 0.928353
vt 0.049960 0.932388
vt 0.030146 0.928665
vt 0.061244 0.924938
vt 0.057361 0.921075
vt 0.054277 0.916756
vt 0.068809 0.930042
vt 0.050483 0.943567
vt 0.030439 0.940343
vt 0.070292 0.949547
vt 0.051114 0.953618
vt 0.030797 0.950799
vt 0.069541 0.940251
vt 0.052261 0.962650
vt 0.051856 0.962735
vt 0.031225 0.960250
vt 0.054026 0.962313
vt 0.055839 0.962018
vt 0.066181 0.960241
vt 0.068972 0.959078
vt 0.071255 0.958042
vt 0.062095 0.978374
vt 0.050585 0.963022
vt 0.060079 0.978911
vt 0.064217 0.977834
vt 0.057406 0.961802
vt 0.066377 0.977305
vt 0.058951 0.961628
vt 0.068498 0.976806
vt 0.060446 0.961497
vt 0.070542 0.976349
vt 0.061864 0.961415
vt 0.072448 0.975950
vt 0.063180 0.961383
vt 0.074164 0.975623
vt 0.064869 0.962154
vt 0.099061 0.973181
vt 0.105333 0.969639
vt 0.073944 0.956705
vt 0.087533 0.944922
vt 0.076145 0.955499
vt 0.078156 0.954286
vt 0.079974 0.953076
vt 0.081603 0.951870
vt 0.083047 0.950670
vt 0.084307 0.949483
vt 0.085384 0.948312
vt 0.086279 0.947160
vt 0.086996 0.946027
vt 0.073744 0.937776
vt 0.079722 0.938577
vt 0.081291 0.938360
vt 0.086318 0.938192
vt 0.078261 0.938691
vt 0.076947 0.938701
vt 0.075813 0.938609
vt 0.074887 0.938420
vt 0.074192 0.938140
vt 0.087888 0.943852
vt 0.088066 0.942816
vt 0.088070 0.941817
vt 0.087897 0.940853
vt 0.087548 0.939924
vt 0.087021 0.939035
vt 0.104824 0.934158
vt 0.073552 0.937339
vt 0.073619 0.936839
vt 0.073941 0.936288
vt 0.074509 0.935698
vt 0.075309 0.935081
vt 0.076319 0.934449
vt 0.071342 0.931315
vt 0.109776 0.935996
vt 0.100503 0.931848
vt 0.096845 0.929055
vt 0.093891 0.925772
vt 0.091657 0.921958
vt 0.090822 0.919847
vt 0.090181 0.917600
vt 0.049036 0.196474
vt 0.060094 0.170237
vt 0.058238 0.166529
vt 0.056574 0.162199
vt 0.055179 0.157423
vt 0.054096 0.152349
vt 0.053358 0.147132
vt 0.052987 0.141926
vt 0.052991 0.136881
vt 0.010300 0.357904
vt 0.010178 0.471686
vt 0.010077 0.570788
vt 0.012366 0.651484
vt 0.009898 0.650788
vt 0.023105 0.674663
vt 0.014336 0.653025
vt 0.016303 0.654535
vt 0.018262 0.657667
vt 0.020216 0.660738
vt 0.021187 0.663866
vt 0.022155 0.666950
vt 0.022630 0.670836
vt 0.021937 0.732132
vt 0.023081 0.681518
vt 0.023057 0.688191
vt 0.022557 0.691884
vt 0.022058 0.695522
vt 0.021074 0.698463
vt 0.020090 0.701367
vt 0.018132 0.704334
vt 0.016171 0.707248
vt 0.013726 0.708132
vt 0.011278 0.708980
vt 0.012235 0.720700
vt 0.014186 0.721824
vt 0.016133 0.722919
vt 0.018074 0.725234
vt 0.020012 0.727498
vt 0.020975 0.729832
vt 0.022781 0.772060
vt 0.022412 0.735054
vt 0.022886 0.737932
vt 0.022871 0.742548
vt 0.022857 0.747058
vt 0.022365 0.749886
vt 0.021873 0.752673
vt 0.020900 0.754942
vt 0.019927 0.757182
vt 0.017987 0.759491
vt 0.016044 0.761756
vt 0.014103 0.762949
vt 0.012160 0.764116
vt 0.009885 0.764733
vt 0.022688 0.811698
vt 0.022772 0.774954
vt 0.022765 0.777802
vt 0.012625 0.778785
vt 0.009874 0.778954
vt 0.022711 0.799815
vt 0.022705 0.802670
vt 0.022699 0.805475
vt 0.011625 0.802864
vt 0.009857 0.802383
vt 0.022671 0.851383
vt 0.022671 0.824820
vt 0.022664 0.836842
vt 0.019786 0.837140
vt 0.016901 0.837398
vt 0.022706 0.867528
vt 0.022673 0.853093
vt 0.022675 0.854781
vt 0.009848 0.855745
vt 0.022786 0.884454
vt 0.022741 0.876292
vt 0.020023 0.901745
vt 0.019893 0.884711
vt 0.016993 0.884933
vt 0.021880 0.892575
vt 0.022372 0.893548
vt 0.022864 0.894511
vt 0.022881 0.896301
vt 0.022898 0.898063
vt 0.022424 0.899072
vt 0.021949 0.900072
vt 0.020987 0.900913
vt 0.023174 0.917889
vt 0.022993 0.906291
vt 0.023007 0.907367
vt 0.023022 0.908432
vt 0.012279 0.909137
vt 0.009947 0.909234
vt 0.010081 0.932856
vt 0.023192 0.918854
vt 0.023210 0.919810
vt 0.010000 0.920579
vt 0.010182 0.943803
vt 0.010303 0.953662
vt 0.036630 0.968133
vt 0.031773 0.968884
vt 0.010448 0.962619
vt 0.040758 0.967394
vt 0.044737 0.966588
vt 0.044319 0.966274
vt 0.044189 0.965918
vt 0.044347 0.965531
vt 0.044789 0.965120
vt 0.045500 0.964695
vt 0.046463 0.964264
vt 0.047651 0.963837
vt 0.049036 0.963420
vt 0.052538 0.988106
vt 0.027930 0.969393
vt 0.040304 0.990041
vt 0.063876 0.985728
vt 0.045756 0.967651
vt 0.053358 0.981895
vt 0.054096 0.981988
vt 0.052987 0.981724
vt 0.052991 0.981482
vt 0.053371 0.981175
vt 0.054111 0.980809
vt 0.055191 0.980392
vt 0.056578 0.979929
vt 0.058231 0.979431
vt 0.989555 0.357962
vt 0.989679 0.471742
vt 0.989781 0.570837
vt 0.007519 0.652686
vt 0.012516 0.654024
vt 0.016496 0.657020
vt 0.020455 0.663237
vt 0.022426 0.669549
vt 0.023408 0.677472
vt 0.023408 0.691481
vt 0.022426 0.699138
vt 0.020455 0.705315
vt 0.016496 0.711624
vt 0.009985 0.661023
vt 0.011285 0.704908
vt 0.011518 0.713630
vt 0.009926 0.720243
vt 0.011292 0.700762
vt 0.014234 0.699150
vt 0.012764 0.699963
vt 0.014508 0.703339
vt 0.011518 0.705127
vt 0.015218 0.696954
vt 0.016202 0.694734
vt 0.016699 0.691814
vt 0.016496 0.698673
vt 0.017196 0.688859
vt 0.017214 0.682184
vt 0.017488 0.692537
vt 0.017232 0.675327
vt 0.016749 0.672266
vt 0.017488 0.678518
vt 0.016266 0.669166
vt 0.015289 0.666868
vt 0.016496 0.672183
vt 0.014311 0.664543
vt 0.012837 0.663038
vt 0.014508 0.667482
vt 0.011361 0.661511
vt 0.011518 0.664452
vt 0.989874 0.661074
vt 0.990611 0.660808
vt 0.009389 0.660808
vt 0.007519 0.724823
vt 0.009793 0.720215
vt 0.012516 0.725705
vt 0.016496 0.727816
vt 0.020455 0.732314
vt 0.022426 0.736958
vt 0.023408 0.742861
vt 0.023408 0.752245
vt 0.022426 0.758078
vt 0.020455 0.762832
vt 0.012516 0.770337
vt 0.016496 0.767742
vt 0.009878 0.773222
vt 0.009730 0.764774
vt 0.976592 0.777836
vt 0.990270 0.764774
vt 0.989976 0.764697
vt 0.007620 0.773331
vt 0.000000 0.765546
vt 0.007299 0.765398
vt 0.992701 0.765398
vt 0.023408 0.777836
vt 0.023408 0.783685
vt 0.009861 0.796696
vt 0.002430 0.779205
vt 0.012598 0.797439
vt 0.002508 0.801404
vt 0.002427 0.787005
vt 0.002425 0.794455
vt 0.023408 0.805982
vt 0.023408 0.811677
vt 0.009852 0.812779
vt 0.998546 0.802808
vt 0.999515 0.801179
vt 0.000485 0.799528
vt 0.976592 0.817920
vt 0.991766 0.805853
vt 0.990006 0.805769
vt 0.007589 0.812881
vt 0.996608 0.803997
vt 0.994670 0.805158
vt 0.993218 0.805511
vt 0.023408 0.817920
vt 0.023408 0.842898
vt 0.009845 0.835930
vt 0.016905 0.827467
vt 0.017488 0.843796
vt 0.009850 0.817273
vt 0.016914 0.816789
vt 0.017488 0.823373
vt 0.009195 0.817305
vt 0.009847 0.852358
vt 0.990016 0.835923
vt 0.995647 0.835472
vt 0.001452 0.817516
vt 0.001452 0.826799
vt 0.001451 0.835513
vt 0.998549 0.835513
vt 0.981522 0.857864
vt 0.009195 0.852387
vt 0.023408 0.857130
vt 0.023408 0.860430
vt 0.009857 0.868455
vt 0.009197 0.855774
vt 0.976592 0.872709
vt 0.995643 0.855925
vt 0.990013 0.855739
vt 0.007595 0.868542
vt 0.023408 0.872709
vt 0.023408 0.888741
vt 0.009860 0.871438
vt 0.016964 0.878183
vt 0.017488 0.889503
vt 0.009887 0.888995
vt 0.012163 0.889091
vt 0.016049 0.889710
vt 0.019933 0.891094
vt 0.020907 0.891839
vt 0.016940 0.871023
vt 0.017488 0.876372
vt 0.009209 0.871465
vt 0.007519 0.893487
vt 0.001455 0.871646
vt 0.001456 0.877863
vt 0.001458 0.883768
vt 0.998542 0.883768
vt 0.995625 0.883733
vt 0.009733 0.888988
vt 0.016496 0.894000
vt 0.012516 0.893572
vt 0.017992 0.890412
vt 0.020455 0.895098
vt 0.022426 0.896363
vt 0.023408 0.898097
vt 0.023408 0.901367
vt 0.022426 0.903264
vt 0.018085 0.902637
vt 0.020455 0.904896
vt 0.016142 0.903509
vt 0.013704 0.903833
vt 0.016496 0.906681
vt 0.011262 0.904134
vt 0.009893 0.891560
vt 0.011256 0.903021
vt 0.011518 0.907418
vt 0.009938 0.907100
vt 0.011250 0.901897
vt 0.014175 0.901376
vt 0.012713 0.901641
vt 0.014508 0.904815
vt 0.011518 0.905385
vt 0.015146 0.900752
vt 0.016496 0.903594
vt 0.016115 0.900121
vt 0.016596 0.899323
vt 0.017077 0.898518
vt 0.017064 0.896759
vt 0.017488 0.902085
vt 0.017051 0.894973
vt 0.016560 0.894202
vt 0.016496 0.897440
vt 0.017488 0.898827
vt 0.016070 0.893424
vt 0.015095 0.892874
vt 0.014508 0.896495
vt 0.014121 0.892317
vt 0.012661 0.891985
vt 0.011518 0.895970
vt 0.011201 0.891643
vt 0.007519 0.895818
vt 0.989968 0.891569
vt 0.990745 0.891516
vt 0.009255 0.891516
vt 0.976592 0.908870
vt 0.007692 0.907174
vt 0.023408 0.908870
vt 0.023408 0.910804
vt 0.012360 0.918570
vt 0.009990 0.918663
vt 0.001474 0.909413
vt 0.001505 0.920720
vt 0.001479 0.914229
vt 0.001484 0.918836
vt 0.023408 0.919255
vt 0.023408 0.920952
vt 0.007765 0.920648
vt 0.989675 0.943796
vt 0.989777 0.932850
vt 0.989859 0.920574
vt 0.992235 0.920648
vt 0.989552 0.953654
vt 0.989405 0.962612
vt 0.018886 0.970313
vt 0.010628 0.970832
vt 0.989223 0.970825
vt 0.023447 0.969896
vt 0.027322 0.991472
vt 0.009569 0.970877
vt 0.013802 0.992351
vt 0.969061 0.375123
vt 0.969420 0.488423
vt 0.990102 0.650788
vt 0.989864 0.650857
vt 0.969714 0.585523
vt 0.992574 0.650055
vt 0.000000 0.650206
vt 0.007426 0.650055
vt 0.987484 0.654024
vt 0.987634 0.651484
vt 0.992481 0.652686
vt 0.955811 0.172355
vt 0.947013 0.137001
vt 0.955653 0.176850
vt 0.947009 0.142052
vt 0.955211 0.181298
vt 0.946629 0.147246
vt 0.954500 0.185586
vt 0.945889 0.152434
vt 0.953537 0.189608
vt 0.944809 0.157471
vt 0.952349 0.193267
vt 0.943422 0.162210
vt 0.950964 0.196475
vt 0.941769 0.166514
vt 0.949415 0.199153
vt 0.939921 0.170211
vt 0.948003 0.200959
vt 0.937905 0.173256
vt 0.947739 0.201238
vt 0.949381 0.429121
vt 0.945975 0.202679
vt 0.949906 0.534205
vt 0.931056 0.518087
vt 0.950330 0.621294
vt 0.934089 0.538070
vt 0.969949 0.663151
vt 0.950662 0.690120
vt 0.947992 0.659320
vt 0.938756 0.571488
vt 0.942639 0.602952
vt 0.945723 0.632257
vt 0.970127 0.723591
vt 0.950907 0.743837
vt 0.950007 0.706507
vt 0.949425 0.684089
vt 0.970253 0.770685
vt 0.951068 0.786060
vt 0.950435 0.768954
vt 0.950248 0.740157
vt 0.970328 0.807887
vt 0.951148 0.819777
vt 0.950567 0.793749
vt 0.970352 0.837828
vt 0.951148 0.847206
vt 0.950673 0.834048
vt 0.950647 0.815254
vt 0.970328 0.862396
vt 0.951068 0.869937
vt 0.950647 0.850604
vt 0.970253 0.882931
vt 0.950907 0.889105
vt 0.950435 0.878437
vt 0.950567 0.865299
vt 0.970128 0.900389
vt 0.950662 0.905526
vt 0.950248 0.890261
vt 0.969949 0.915458
vt 0.950330 0.919796
vt 0.949420 0.906728
vt 0.950007 0.900972
vt 0.969715 0.928643
vt 0.949906 0.932355
vt 0.942640 0.921074
vt 0.947989 0.911978
vt 0.945722 0.916758
vt 0.969421 0.940321
vt 0.949381 0.943535
vt 0.931052 0.930115
vt 0.938761 0.924934
vt 0.934093 0.928350
vt 0.969062 0.950777
vt 0.948749 0.953587
vt 0.930326 0.940270
vt 0.968632 0.960229
vt 0.948003 0.962705
vt 0.947739 0.962650
vt 0.929577 0.949523
vt 0.928618 0.957981
vt 0.949415 0.963022
vt 0.937887 0.978370
vt 0.950964 0.963420
vt 0.939906 0.978907
vt 0.952349 0.963837
vt 0.941762 0.979429
vt 0.968085 0.968863
vt 0.953537 0.964264
vt 0.943426 0.979931
vt 0.954500 0.964695
vt 0.944821 0.980396
vt 0.955211 0.965120
vt 0.945904 0.980816
vt 0.955653 0.965531
vt 0.946642 0.981183
vt 0.955811 0.965918
vt 0.947013 0.981489
vt 0.955681 0.966274
vt 0.947009 0.981729
vt 0.955263 0.966588
vt 0.946629 0.981897
vt 0.959259 0.967397
vt 0.954243 0.967651
vt 0.945889 0.981989
vt 0.963404 0.968138
vt 0.936129 0.985730
vt 0.925780 0.982976
vt 0.952921 0.968714
vt 0.947469 0.988108
vt 0.972100 0.969396
vt 0.976790 0.919810
vt 0.976978 0.908432
vt 0.976808 0.918854
vt 0.976826 0.917889
vt 0.986161 0.918501
vt 0.989869 0.918658
vt 0.978051 0.900072
vt 0.976993 0.907367
vt 0.977007 0.906291
vt 0.989922 0.907094
vt 0.983858 0.903509
vt 0.981915 0.902637
vt 0.979977 0.901745
vt 0.979013 0.900913
vt 0.977259 0.876292
vt 0.977576 0.899072
vt 0.977102 0.898063
vt 0.977119 0.896301
vt 0.977136 0.894511
vt 0.977628 0.893548
vt 0.978120 0.892575
vt 0.979093 0.891839
vt 0.980067 0.891094
vt 0.982008 0.890412
vt 0.983951 0.889710
vt 0.985893 0.889409
vt 0.987837 0.889091
vt 0.989974 0.889002
vt 0.977214 0.884454
vt 0.977327 0.853093
vt 0.977294 0.867528
vt 0.990005 0.868449
vt 0.977307 0.863422
vt 0.977336 0.836842
vt 0.977336 0.841866
vt 0.979734 0.842114
vt 0.982136 0.842335
vt 0.978247 0.798273
vt 0.977329 0.824820
vt 0.977312 0.811698
vt 0.990010 0.812772
vt 0.987897 0.805646
vt 0.986448 0.805150
vt 0.984999 0.804642
vt 0.983068 0.803273
vt 0.981139 0.801875
vt 0.979692 0.800088
vt 0.978127 0.752673
vt 0.977761 0.796123
vt 0.977276 0.793944
vt 0.977250 0.783358
vt 0.977219 0.772060
vt 0.989983 0.773214
vt 0.987840 0.764116
vt 0.985897 0.762949
vt 0.983956 0.761756
vt 0.980073 0.757182
vt 0.979100 0.754942
vt 0.983867 0.722919
vt 0.977635 0.749886
vt 0.977143 0.747058
vt 0.977129 0.742548
vt 0.977114 0.737932
vt 0.977588 0.735054
vt 0.978063 0.732132
vt 0.979025 0.729832
vt 0.979988 0.727498
vt 0.981926 0.725234
vt 0.978813 0.663866
vt 0.977942 0.695522
vt 0.977443 0.691884
vt 0.976943 0.688191
vt 0.976919 0.681518
vt 0.976895 0.674663
vt 0.977370 0.670836
vt 0.977845 0.666950
vt 0.979784 0.660738
vt 0.981738 0.657667
vt 0.983697 0.654535
vt 0.985664 0.653025
vt 0.976597 0.969901
vt 0.959704 0.990042
vt 0.981159 0.970317
vt 0.972685 0.991472
vt 0.990485 0.970879
vt 0.976592 0.920952
vt 0.976592 0.919255
vt 0.986252 0.909066
vt 0.989913 0.909228
vt 0.995548 0.918804
vt 0.995486 0.912289
vt 0.995563 0.914198
vt 0.995577 0.909381
vt 0.976592 0.910804
vt 0.988799 0.891643
vt 0.992308 0.907174
vt 0.987339 0.891985
vt 0.988750 0.901897
vt 0.988744 0.903021
vt 0.988738 0.904134
vt 0.986296 0.903833
vt 0.992693 0.891374
vt 0.985879 0.892317
vt 0.985492 0.896495
vt 0.988482 0.895970
vt 0.983930 0.893424
vt 0.984905 0.892874
vt 0.983504 0.897440
vt 0.983440 0.894202
vt 0.982949 0.894973
vt 0.982512 0.898827
vt 0.982936 0.896759
vt 0.982923 0.898518
vt 0.983404 0.899323
vt 0.982512 0.902085
vt 0.983885 0.900121
vt 0.985825 0.901376
vt 0.984854 0.900752
vt 0.985492 0.904815
vt 0.983504 0.903594
vt 0.987287 0.901641
vt 0.988482 0.905385
vt 0.988482 0.907418
vt 0.983504 0.906681
vt 0.979545 0.904896
vt 0.977574 0.903264
vt 0.976592 0.901367
vt 0.976592 0.898097
vt 0.977574 0.896363
vt 0.979545 0.895098
vt 0.987484 0.893572
vt 0.983504 0.894000
vt 0.989339 0.871402
vt 0.990002 0.871432
vt 0.990267 0.888988
vt 0.983060 0.871023
vt 0.983036 0.878183
vt 0.983007 0.884933
vt 0.980107 0.884711
vt 0.995486 0.877314
vt 0.995631 0.877826
vt 0.992699 0.888861
vt 0.995637 0.871609
vt 0.982512 0.876372
vt 0.982512 0.889503
vt 0.976592 0.888741
vt 0.982127 0.855231
vt 0.992405 0.868542
vt 0.982121 0.859620
vt 0.982113 0.863861
vt 0.979707 0.863654
vt 0.981522 0.861155
vt 0.976592 0.868771
vt 0.981522 0.869476
vt 0.981522 0.848591
vt 0.976592 0.847835
vt 0.990015 0.852351
vt 0.982135 0.847172
vt 0.980214 0.837140
vt 0.982131 0.851838
vt 0.983099 0.837398
vt 0.995644 0.852540
vt 0.989356 0.817231
vt 0.990012 0.817266
vt 0.983086 0.816789
vt 0.983095 0.827467
vt 0.995486 0.824482
vt 0.995645 0.826757
vt 0.995643 0.817473
vt 0.982512 0.823373
vt 0.982512 0.843796
vt 0.976592 0.842898
vt 0.989831 0.805759
vt 0.992411 0.812881
vt 0.984497 0.811307
vt 0.987484 0.812444
vt 0.980533 0.808314
vt 0.977574 0.804496
vt 0.976592 0.800057
vt 0.992380 0.773331
vt 0.992481 0.771804
vt 0.983504 0.767742
vt 0.987484 0.770337
vt 0.982013 0.759491
vt 0.979545 0.762832
vt 0.977574 0.758078
vt 0.976592 0.752245
vt 0.976592 0.742861
vt 0.977574 0.736958
vt 0.979545 0.732314
vt 0.985814 0.721824
vt 0.983504 0.727816
vt 0.979910 0.701367
vt 0.987765 0.720700
vt 0.978926 0.698463
vt 0.989934 0.720271
vt 0.987484 0.725705
vt 0.988639 0.661511
vt 0.990207 0.720215
vt 0.987163 0.663038
vt 0.988708 0.700762
vt 0.988715 0.704908
vt 0.988722 0.708980
vt 0.986274 0.708132
vt 0.983829 0.707248
vt 0.981868 0.704334
vt 0.992481 0.663079
vt 0.992653 0.719694
vt 0.000000 0.719848
vt 0.007347 0.719694
vt 0.988482 0.664452
vt 0.985689 0.664543
vt 0.984711 0.666868
vt 0.985492 0.667482
vt 0.983734 0.669166
vt 0.983251 0.672266
vt 0.983504 0.672183
vt 0.982768 0.675327
vt 0.982786 0.682184
vt 0.982512 0.678518
vt 0.982804 0.688859
vt 0.983301 0.691814
vt 0.982512 0.692537
vt 0.983798 0.694734
vt 0.984782 0.696954
vt 0.983504 0.698673
vt 0.987236 0.699963
vt 0.985766 0.699150
vt 0.988482 0.705127
vt 0.985492 0.703339
vt 0.988482 0.713630
vt 0.983504 0.711624
vt 0.979545 0.705315
vt 0.977574 0.699138
vt 0.976592 0.691481
vt 0.976592 0.677472
vt 0.977574 0.669549
vt 0.979545 0.663237
vt 0.983504 0.657020
vt 0.935783 0.175542
vt 0.933623 0.176995
vt 0.931502 0.177576
vt 0.929458 0.177290
vt 0.927552 0.176157
vt 0.926256 0.439478
vt 0.920278 0.416786
vt 0.921739 0.419417
vt 0.923053 0.422636
vt 0.924187 0.426356
vt 0.925113 0.430478
vt 0.925808 0.434890
vt 0.926448 0.444123
vt 0.926381 0.448705
vt 0.926059 0.453113
vt 0.925491 0.457240
vt 0.924691 0.460991
vt 0.923681 0.464281
vt 0.928658 0.503077
vt 0.910954 0.902664
vt 0.910513 0.912685
vt 0.909827 0.917567
vt 0.910267 0.915194
vt 0.908364 0.921912
vt 0.909192 0.919806
vt 0.906136 0.925734
vt 0.907344 0.923888
vt 0.903164 0.929046
vt 0.904741 0.927454
vt 0.899483 0.931858
vt 0.895137 0.934176
vt 0.928644 0.931322
vt 0.923053 0.938701
vt 0.926059 0.936288
vt 0.925491 0.935698
vt 0.926381 0.936839
vt 0.926448 0.937339
vt 0.926256 0.937776
vt 0.925808 0.938140
vt 0.925113 0.938420
vt 0.924187 0.938609
vt 0.912981 0.945986
vt 0.921739 0.938691
vt 0.920278 0.938577
vt 0.918709 0.938360
vt 0.917073 0.938044
vt 0.915413 0.937637
vt 0.913692 0.938180
vt 0.912994 0.939013
vt 0.912466 0.939896
vt 0.912111 0.940821
vt 0.911933 0.941782
vt 0.911930 0.942779
vt 0.912102 0.943813
vt 0.912451 0.944881
vt 0.945974 0.962313
vt 0.931039 0.959083
vt 0.894666 0.969638
vt 0.913693 0.947121
vt 0.914588 0.948279
vt 0.915667 0.949457
vt 0.916930 0.950650
vt 0.918378 0.951855
vt 0.920009 0.953064
vt 0.921829 0.954277
vt 0.923847 0.955494
vt 0.926056 0.956705
vt 0.889326 0.966065
vt 0.944161 0.962018
vt 0.933828 0.960244
vt 0.938136 0.961415
vt 0.936820 0.961383
vt 0.935113 0.962163
vt 0.939554 0.961497
vt 0.941049 0.961628
vt 0.942593 0.961802
vt 0.900939 0.973181
vt 0.925830 0.975622
vt 0.924330 0.975378
vt 0.927538 0.975947
vt 0.929441 0.976345
vt 0.931488 0.976803
vt 0.933623 0.977305
vt 0.935770 0.977830
vt 0.901012 0.419291
vt 0.902711 0.420131
vt 0.904393 0.421917
vt 0.906003 0.424612
vt 0.907487 0.428135
vt 0.908821 0.432458
vt 0.909944 0.437413
vt 0.910817 0.442846
vt 0.911413 0.448588
vt 0.911714 0.454459
vt 0.911710 0.460278
vt 0.911403 0.465870
vt 0.910805 0.471072
vt 0.909934 0.475735
vt 0.908818 0.479734
vt 0.922484 0.467035
vt 0.907492 0.482962
vt 0.920329 0.470087
vt 0.906014 0.485313
vt 0.923681 0.934449
vt 0.922484 0.933816
vt 0.907487 0.952537
vt 0.890182 0.936008
vt 0.920336 0.934189
vt 0.906003 0.951654
vt 0.924692 0.935081
vt 0.908821 0.953386
vt 0.909944 0.954170
vt 0.910817 0.954870
vt 0.911413 0.955470
vt 0.911714 0.955957
vt 0.911710 0.956320
vt 0.911403 0.956551
vt 0.910805 0.956645
vt 0.909934 0.956599
vt 0.908818 0.956411
vt 0.907492 0.956084
vt 0.906014 0.955629
vt 0.904407 0.955048
vt 0.902722 0.954356
vt 0.914986 0.937518
vt 0.901012 0.953570
vt 0.914562 0.937394
vt 0.912563 0.937734
vt 0.899339 0.952718
vt 0.876381 0.940542
vt 0.878441 0.939110
vt 0.908435 0.938267
vt 0.910486 0.938031
vt 0.875008 0.942328
vt 0.874312 0.944447
vt 0.874294 0.946877
vt 0.874959 0.949586
vt 0.876323 0.952543
vt 0.878406 0.955710
vt 0.881242 0.959050
vt 0.884867 0.962518
vt 0.004813 0.971020
vt 0.995224 0.971021
vt 0.986202 0.992351
vt 0.000000 0.971069
vt 0.000000 0.992648
vt 0.085014 0.937518
vt 0.085438 0.937394
vt 0.100672 0.952712
vt 0.087450 0.937736
vt 0.084587 0.937637
vt 0.082927 0.938044
vt 0.098988 0.953570
vt 0.097289 0.954352
vt 0.095607 0.955043
vt 0.093997 0.955625
vt 0.092513 0.956082
vt 0.091179 0.956411
vt 0.090056 0.956600
vt 0.089183 0.956645
vt 0.088587 0.956548
vt 0.088286 0.956313
vt 0.088290 0.955947
vt 0.088597 0.955458
vt 0.089195 0.954860
vt 0.090066 0.954163
vt 0.091182 0.953384
vt 0.077516 0.933816
vt 0.092508 0.952540
vt 0.079671 0.934191
vt 0.093986 0.951660
vt 0.110672 0.966066
vt 0.115130 0.962521
vt 0.118754 0.959054
vt 0.121590 0.955715
vt 0.123675 0.952547
vt 0.125039 0.949590
vt 0.125706 0.946880
vt 0.125688 0.944450
vt 0.124993 0.942329
vt 0.123620 0.940542
vt 0.089510 0.938031
vt 0.000000 0.660232
vt 0.007415 0.660080
vt 0.007519 0.663079
vt 0.992585 0.660080
vt 0.992481 0.724823
vt 0.007519 0.771804
vt 0.989970 0.758329
vt 0.983445 0.749974
vt 0.982954 0.747713
vt 0.983504 0.757962
vt 0.982943 0.743205
vt 0.982512 0.743918
vt 0.982512 0.753295
vt 0.983935 0.752208
vt 0.984909 0.753918
vt 0.985492 0.761546
vt 0.985883 0.755609
vt 0.987342 0.756785
vt 0.988482 0.764059
vt 0.988802 0.757943
vt 0.992481 0.765463
vt 0.988755 0.728278
vt 0.989942 0.727976
vt 0.009891 0.758375
vt 0.987293 0.729405
vt 0.985833 0.730513
vt 0.984862 0.732247
vt 0.983893 0.733960
vt 0.983412 0.736290
vt 0.982932 0.738591
vt 0.009252 0.758582
vt 0.990748 0.758582
vt 0.992481 0.732623
vt 0.009919 0.727940
vt 0.990707 0.727777
vt 0.985492 0.735746
vt 0.988482 0.733564
vt 0.983504 0.739202
vt 0.000000 0.759348
vt 0.992695 0.759199
vt 0.007305 0.759199
vt 0.011198 0.757943
vt 0.011518 0.764059
vt 0.007519 0.765463
vt 0.009293 0.727777
vt 0.011518 0.733564
vt 0.012658 0.756785
vt 0.014117 0.755609
vt 0.015091 0.753918
vt 0.016065 0.752208
vt 0.016555 0.749974
vt 0.017046 0.747713
vt 0.017057 0.743205
vt 0.017068 0.738591
vt 0.016588 0.736290
vt 0.016107 0.733960
vt 0.015138 0.732247
vt 0.014167 0.730513
vt 0.012707 0.729405
vt 0.011245 0.728278
vt 0.000000 0.727405
vt 0.007339 0.727252
vt 0.992661 0.727252
vt 0.007519 0.732623
vt 0.014508 0.761546
vt 0.016496 0.757962
vt 0.017488 0.753295
vt 0.017488 0.743918
vt 0.014508 0.735746
vt 0.016496 0.739202
vt 0.002508 0.785953
vt 0.998495 0.809827
vt 0.000502 0.806530
vt 0.994484 0.812145
vt 0.991480 0.812778
vt 0.996602 0.787884
vt 0.989988 0.778947
vt 0.996599 0.779189
vt 0.996489 0.785928
vt 0.996489 0.803100
vt 0.990794 0.800956
vt 0.990003 0.800916
vt 0.989316 0.778909
vt 0.992246 0.800610
vt 0.993699 0.800251
vt 0.994668 0.799454
vt 0.995637 0.798646
vt 0.996121 0.797401
vt 0.996605 0.796144
vt 0.990480 0.807829
vt 0.982057 0.778340
vt 0.982075 0.787047
vt 0.982091 0.795319
vt 0.982575 0.796632
vt 0.983060 0.797935
vt 0.984026 0.798852
vt 0.984992 0.799760
vt 0.986442 0.800282
vt 0.989343 0.800880
vt 0.993482 0.807193
vt 0.995486 0.805611
vt 0.981522 0.784553
vt 0.982512 0.804456
vt 0.981522 0.801762
vt 0.984497 0.806396
vt 0.987484 0.807563
vt 0.987892 0.800792
vt 0.001505 0.824552
vt 0.001505 0.842383
vt 0.995486 0.842316
vt 0.001505 0.877374
vt 0.001505 0.888808
vt 0.995486 0.888751
vt 0.000000 0.888970
vt 0.007301 0.888861
vt 0.992481 0.893487
vt 0.000000 0.891482
vt 0.007307 0.891374
vt 0.992481 0.895818
vt 0.001505 0.912340
vt 0.995486 0.920672
vt 0.901012 0.486924
vt 0.902722 0.487317
vt 0.899339 0.485639
vt 0.904407 0.486778
vt 0.894792 0.931558
vt 0.895033 0.921923
vt 0.933438 0.948952
vt 0.895758 0.923790
vt 0.896963 0.925878
vt 0.898649 0.928145
vt 0.900811 0.930549
vt 0.903446 0.933043
vt 0.906545 0.935577
vt 0.910091 0.938102
vt 0.914063 0.940569
vt 0.918429 0.942929
vt 0.923150 0.945139
vt 0.928174 0.947159
vt 0.604967 0.921922
vt 0.566562 0.948952
vt 0.571827 0.947159
vt 0.576851 0.945139
vt 0.581570 0.942929
vt 0.585934 0.940570
vt 0.589905 0.938104
vt 0.593451 0.935580
vt 0.596550 0.933046
vt 0.599186 0.930552
vt 0.601350 0.928147
vt 0.603036 0.925878
vt 0.604242 0.923790
vt 0.893354 0.938616
vt 0.891589 0.941189
vt 0.106646 0.938616
vt 0.889177 0.943165
vt 0.108411 0.941189
vt 0.886175 0.944563
vt 0.110823 0.943165
vt 0.882652 0.945402
vt 0.113825 0.944563
vt 0.878689 0.945698
vt 0.117348 0.945402
vt 0.884684 0.937362
vt 0.874365 0.945464
vt 0.121311 0.945698
vt 0.881202 0.938047
vt 0.125635 0.945464
vt 0.871506 0.945351
vt 0.908227 0.936168
vt 0.900659 0.937456
vt 0.901406 0.937281
vt 0.902347 0.937094
vt 0.903495 0.936892
vt 0.904855 0.936673
vt 0.906434 0.936432
vt 0.910582 0.935802
vt 0.911851 0.935601
vt 0.913168 0.935390
vt 0.915566 0.934998
vt 0.917993 0.934591
vt 0.128496 0.945351
vt 0.115316 0.937362
vt 0.869336 0.945724
vt 0.130667 0.945725
vt 0.118798 0.938047
vt 0.867816 0.946571
vt 0.132187 0.946574
vt 0.121560 0.939110
vt 0.866921 0.947875
vt 0.133081 0.947880
vt 0.866631 0.949612
vt 0.133369 0.949619
vt 0.866945 0.951753
vt 0.133054 0.951759
vt 0.867866 0.954259
vt 0.132131 0.954265
vt 0.869410 0.957092
vt 0.130587 0.957097
vt 0.871605 0.960211
vt 0.128392 0.960215
vt 0.874489 0.963570
vt 0.125508 0.963572
vt 0.878113 0.967118
vt 0.121886 0.967119
vt 0.882535 0.970802
vt 0.117464 0.970803
vt 0.887827 0.974561
vt 0.112169 0.974564
vt 0.894068 0.978334
vt 0.105923 0.978339
vt 0.901342 0.982051
vt 0.098644 0.982057
vt 0.091809 0.976629
vt 0.909734 0.985636
vt 0.090246 0.985644
vt 0.083538 0.979917
vt 0.919320 0.989011
vt 0.080652 0.989020
vt 0.074225 0.982974
vt 0.930146 0.992088
vt 0.069816 0.992098
vt 0.942206 0.994776
vt 0.057750 0.994785
vt 0.955421 0.996985
vt 0.044539 0.996990
vt 0.969655 0.998635
vt 0.030318 0.998637
vt 0.984632 0.999655
vt 0.015355 0.999655
vt 1.000000 1.000000
vt 0.916467 0.979919
vt 0.908192 0.976630
vt 0.091773 0.936168
vt 0.082019 0.934593
vt 0.088146 0.935601
vt 0.086832 0.935390
vt 0.084438 0.934999
vt 0.089418 0.935802
vt 0.099912 0.937623
vt 0.093571 0.936433
vt 0.099349 0.937458
vt 0.098603 0.937283
vt 0.097661 0.937096
vt 0.096515 0.936894
vt 0.095153 0.936674
vt 0.098836 0.938488
vt 0.099568 0.938408
vt 0.100090 0.938306
vt 0.100411 0.938190
vt 0.100546 0.938062
vt 0.100506 0.937925
vt 0.100296 0.937779
vt 0.091542 0.938264
vt 0.093463 0.938428
vt 0.095188 0.938523
vt 0.096659 0.938556
vt 0.097871 0.938541
vt 0.068090 0.963974
vt 0.066541 0.963029
vt 0.072006 0.969278
vt 0.069431 0.964952
vt 0.070505 0.965923
vt 0.071284 0.966852
vt 0.071779 0.967725
vt 0.072011 0.968534
vt 0.066926 0.972661
vt 0.071788 0.969953
vt 0.071378 0.970563
vt 0.070794 0.971109
vt 0.070048 0.971593
vt 0.069145 0.972016
vt 0.068104 0.972372
vt 0.054735 0.972084
vt 0.065608 0.972878
vt 0.064149 0.973019
vt 0.062547 0.973072
vt 0.060729 0.973020
vt 0.058876 0.972855
vt 0.056836 0.972546
vt 0.052627 0.971457
vt 0.050586 0.970668
vt 0.048709 0.969740
vt 0.047084 0.968718
vt 0.943163 0.972546
vt 0.951301 0.969734
vt 0.949421 0.970665
vt 0.947377 0.971456
vt 0.945265 0.972083
vt 0.931874 0.972366
vt 0.941122 0.972855
vt 0.939271 0.973020
vt 0.937451 0.973071
vt 0.935854 0.973018
vt 0.934388 0.972877
vt 0.933063 0.972658
vt 0.927989 0.968533
vt 0.930833 0.972007
vt 0.929944 0.971589
vt 0.929205 0.971109
vt 0.928624 0.970565
vt 0.928214 0.969955
vt 0.927994 0.969276
vt 0.928222 0.967723
vt 0.928717 0.966850
vt 0.929496 0.965922
vt 0.930569 0.964951
vt 0.931909 0.963975
vt 0.933450 0.963035
vt 0.900426 0.938407
vt 0.906509 0.938430
vt 0.904788 0.938524
vt 0.903323 0.938556
vt 0.902117 0.938540
vt 0.901157 0.938487
vt 0.899910 0.938306
vt 0.899590 0.938190
vt 0.899454 0.938062
vt 0.899495 0.937924
vt 0.899709 0.937776
vt 0.900095 0.937621
vt 0.098988 0.948968
vt 0.097278 0.949848
vt 0.100661 0.948148
vt 0.102269 0.947404
vt 0.095593 0.950754
vt 0.102282 0.951806
vt 0.103764 0.946761
vt 0.103774 0.950880
vt 0.105106 0.946241
vt 0.105111 0.949962
vt 0.106284 0.945854
vt 0.107247 0.948226
vt 0.107255 0.945620
vt 0.106282 0.949065
vt 0.107988 0.947467
vt 0.107998 0.945546
vt 0.108491 0.946810
vt 0.108499 0.945633
vt 0.108746 0.946276
vt 0.108750 0.945879
vt 0.944809 0.981999
vt 0.943422 0.981925
vt 0.941769 0.981765
vt 0.939921 0.981522
vt 0.937905 0.981196
vt 0.935783 0.980792
vt 0.933623 0.980321
vt 0.931502 0.979798
vt 0.929458 0.979234
vt 0.927552 0.978646
vt 0.925836 0.978056
vt 0.924327 0.977472
vt 0.923081 0.976922
vt 0.922127 0.976423
vt 0.921482 0.975993
vt 0.921160 0.975644
vt 0.921164 0.975388
vt 0.921493 0.975231
vt 0.922140 0.975177
vt 0.923092 0.975227
vt 0.897731 0.951814
vt 0.896236 0.950887
vt 0.894894 0.949966
vt 0.893716 0.949063
vt 0.892745 0.948218
vt 0.892002 0.947455
vt 0.891501 0.946797
vt 0.891250 0.946264
vt 0.891254 0.945871
vt 0.891509 0.945629
vt 0.892012 0.945545
vt 0.892753 0.945622
vt 0.893718 0.945855
vt 0.894889 0.946240
vt 0.896226 0.946757
vt 0.897718 0.947398
vt 0.075673 0.975377
vt 0.076919 0.975226
vt 0.077873 0.975177
vt 0.078518 0.975233
vt 0.078840 0.975393
vt 0.078836 0.975651
vt 0.078507 0.976001
vt 0.077860 0.976431
vt 0.076908 0.976927
vt 0.075670 0.977473
vt 0.074170 0.978054
vt 0.072462 0.978642
vt 0.070559 0.979229
vt 0.068512 0.979795
vt 0.066377 0.980321
vt 0.064230 0.980790
vt 0.062113 0.981193
vt 0.060094 0.981520
vt 0.058238 0.981764
vt 0.056574 0.981925
vt 0.055179 0.982000
vt 0.901012 0.948968
vt 0.902711 0.949842
vt 0.899328 0.948143
vt 0.904393 0.950746
vn 0.996200 -0.030900 0.081200
vn 0.992800 -0.026500 0.116800
vn 0.992600 -0.033200 0.117000
vn 0.706500 -0.023600 0.707300
vn 0.706600 -0.023500 0.707300
vn 0.706700 -0.018800 0.707200
vn 0.992300 -0.037000 0.118100
vn 0.706400 -0.010900 0.707700
vn 0.706700 0.008600 0.707500
vn 0.706500 -0.026400 0.707300
vn 0.996500 -0.020600 0.081200
vn 0.993000 -0.019900 0.116700
vn 0.706800 -0.018900 0.707200
vn 0.706900 -0.014100 0.707200
vn 0.996600 -0.010300 0.081200
vn 0.993100 -0.013300 0.116600
vn 0.706900 -0.014200 0.707200
vn 0.707000 -0.009400 0.707100
vn 0.993200 -0.006600 0.116500
vn 0.707100 -0.004700 0.707100
vn 0.996700 0.000100 0.081500
vn 0.993200 -0.000000 0.116500
vn 0.707100 -0.000000 0.707100
vn 0.996600 0.010300 0.081400
vn 0.993200 0.006600 0.116500
vn 0.707100 0.004700 0.707100
vn 0.993100 0.013300 0.116600
vn 0.707000 0.009400 0.707100
vn 0.996500 0.020600 0.081100
vn 0.993000 0.019900 0.116700
vn 0.706900 0.014200 0.707200
vn 0.706900 0.014100 0.707200
vn 0.992800 0.026500 0.116800
vn 0.706700 0.018800 0.707200
vn 0.996200 0.031100 0.081100
vn 0.992600 0.033200 0.117000
vn 0.706600 0.023500 0.707300
vn 0.995800 0.041200 0.081200
vn 0.992300 0.037000 0.118100
vn 0.706500 0.026400 0.707300
vn 0.706500 0.023500 0.707300
vn 0.706700 -0.008600 0.707400
vn 0.706500 0.023600 0.707300
vn 0.991800 0.040800 0.121000
vn 0.706400 -0.004100 0.707800
vn 0.706400 -0.040600 0.706600
vn 0.706500 0.011200 0.707600
vn 0.991700 0.041200 0.121500
vn 0.706100 -0.034500 0.707300
vn 0.706400 -0.043600 0.706500
vn 0.706200 -0.019200 0.707700
vn 0.995400 0.051200 0.081000
vn 0.991300 0.050500 0.121400
vn 0.991100 0.044600 0.125800
vn 0.705500 -0.049500 0.707000
vn 0.705600 -0.072200 0.704900
vn 0.990800 0.059700 0.121300
vn 0.988700 0.052000 0.140800
vn 0.990000 0.048300 0.132400
vn 0.994800 0.061600 0.080900
vn 0.990200 0.069000 0.121300
vn 0.984600 0.067800 0.161300
vn 0.985100 0.058800 0.161400
vn 0.987000 0.055600 0.150900
vn 0.994100 0.071900 0.080900
vn 0.989500 0.078300 0.121400
vn 0.983900 0.076700 0.161300
vn 0.988800 0.087500 0.120700
vn 0.988800 0.087500 0.121100
vn 0.983200 0.085700 0.161100
vn 0.989300 0.087400 0.117100
vn 0.993300 0.082300 0.081000
vn -0.000000 0.986200 -0.165400
vn 0.000000 0.988000 -0.154700
vn 0.000000 0.990400 -0.138500
vn 0.984700 0.087100 0.151200
vn 0.988400 0.087500 0.123900
vn -0.000000 0.964800 -0.262800
vn -0.000000 1.000000 0.000000
vn 0.989700 0.087500 0.113000
vn -0.000000 1.000000 -0.000100
vn -0.000000 1.000000 0.000100
vn -0.000000 0.987100 0.160000
vn 0.990200 0.087600 0.109000
vn 0.000400 0.986400 0.164400
vn 0.000000 0.949000 0.315400
vn 0.990600 0.087800 0.105200
vn 0.000100 0.945800 0.324700
vn -0.000000 0.886600 0.462600
vn 0.990900 0.088000 0.101700
vn 0.000100 0.879500 0.475900
vn -0.000000 0.801600 0.597800
vn 0.991200 0.088300 0.098700
vn -0.000000 0.789600 0.613600
vn 0.000000 0.696400 0.717700
vn 0.991400 0.088600 0.096000
vn 0.000100 0.676900 0.736000
vn 0.000000 0.573300 0.819400
vn 0.991600 0.089100 0.094000
vn 0.000100 0.545800 0.837900
vn -0.000000 0.435400 0.900200
vn 0.992400 0.092400 0.080900
vn 0.991700 0.089400 0.092600
vn -0.000000 0.399900 0.916600
vn 0.000000 0.286200 0.958200
vn 0.991700 0.089900 0.091700
vn 0.000000 0.243300 0.969900
vn -0.000000 0.129400 0.991600
vn 0.991700 0.090400 0.091500
vn -0.000000 0.080400 0.996800
vn -0.000000 -0.030900 0.999500
vn 0.991600 0.090900 0.092000
vn 0.000000 -0.084400 0.996400
vn -0.000000 -0.190600 0.981700
vn 0.991500 0.091300 0.093100
vn 0.000000 -0.246800 0.969100
vn -0.000000 -0.345400 0.938400
vn 0.991200 0.091700 0.094900
vn 0.000100 -0.402400 0.915500
vn 0.000000 -0.491500 0.870900
vn 0.705700 0.633200 0.317800
vn 0.704200 0.620700 0.344800
vn 0.706800 0.643200 0.294400
vn 0.702400 0.605000 0.375000
vn 0.703200 0.618300 0.351000
vn 0.000000 -0.547100 0.837100
vn 0.000000 -0.626300 0.779600
vn 0.995700 0.083500 0.040600
vn 0.994800 0.093800 0.040500
vn 0.992700 0.092600 0.077100
vn 0.707500 0.648500 0.280800
vn 0.996500 0.073200 0.040600
vn 0.997200 0.062800 0.040600
vn 0.997800 0.052400 0.040700
vn 0.998300 0.042000 0.040700
vn 0.998000 0.040700 0.048200
vn 0.998200 0.041700 0.043900
vn 0.998100 0.041200 0.046100
vn 0.998400 0.029400 0.048100
vn 0.998000 0.040100 0.049300
vn 0.997900 0.039500 0.050300
vn 0.998000 0.038400 0.050400
vn 0.998000 0.037300 0.050300
vn 0.998100 0.036700 0.049300
vn 0.998200 0.036100 0.048200
vn 0.998300 0.035700 0.046000
vn 0.998400 0.035100 0.043900
vn 0.998600 0.034800 0.040700
vn 0.998700 0.030700 0.040700
vn 0.998600 0.030300 0.043800
vn 0.998500 0.029900 0.046000
vn 0.998500 0.020500 0.050200
vn 0.998400 0.028800 0.049200
vn 0.998300 0.028200 0.050200
vn 0.998400 0.027200 0.050200
vn 0.998400 0.026300 0.050200
vn 0.998500 0.025600 0.049100
vn 0.998500 0.025000 0.048100
vn 0.998600 0.024600 0.045900
vn 0.998800 0.024100 0.043800
vn 0.998900 0.023700 0.040700
vn 0.998700 0.009400 0.050100
vn 0.998500 0.019700 0.050100
vn 0.998600 0.019000 0.050200
vn 0.999000 0.019000 0.040700
vn 0.998700 0.013000 0.050100
vn 0.998700 0.012200 0.050100
vn 0.998700 0.011300 0.050100
vn 0.998700 -0.005100 0.050100
vn 0.998700 0.005100 0.050100
vn 0.998700 0.000800 0.050100
vn 0.999000 0.000900 0.043700
vn 0.999200 0.000700 0.040700
vn 0.998700 -0.012300 0.050100
vn 0.998700 -0.005800 0.050100
vn 0.998700 -0.006500 0.050100
vn 0.999100 -0.006500 0.040700
vn 0.998500 -0.021000 0.050100
vn 0.998600 -0.016600 0.050100
vn 0.991800 -0.040800 0.121000
vn 0.995900 -0.041100 0.081100
vn 0.998600 -0.031100 0.043800
vn 0.998800 -0.020900 0.043800
vn 0.999000 -0.021000 0.040700
vn 0.998700 -0.024600 0.043800
vn 0.998600 -0.025000 0.045900
vn 0.998500 -0.025500 0.048000
vn 0.998500 -0.026100 0.049100
vn 0.998400 -0.026700 0.050200
vn 0.998400 -0.027800 0.050200
vn 0.998300 -0.028900 0.050200
vn 0.998400 -0.029500 0.049200
vn 0.998400 -0.030100 0.048100
vn 0.998500 -0.030600 0.046000
vn 0.991300 -0.050500 0.121400
vn 0.995400 -0.051400 0.081100
vn 0.997800 -0.042400 0.050400
vn 0.991700 -0.041200 0.121500
vn 0.998700 -0.031400 0.040700
vn 0.998100 -0.034200 0.050300
vn 0.998100 -0.034900 0.050300
vn 0.998100 -0.035600 0.050300
vn 0.998500 -0.035600 0.040700
vn 0.990800 -0.059500 0.121200
vn 0.994800 -0.061600 0.081000
vn 0.997700 -0.054200 0.040700
vn 0.997800 -0.043100 0.050400
vn 0.997800 -0.043800 0.050500
vn 0.998200 -0.043900 0.040700
vn 0.990300 -0.068800 0.121000
vn 0.994100 -0.071900 0.080900
vn 0.997100 -0.064000 0.040600
vn 0.989600 -0.078100 0.120800
vn 0.993300 -0.082200 0.081000
vn 0.996500 -0.073700 0.040600
vn 0.991600 -0.090900 0.092000
vn 0.992400 -0.092400 0.080900
vn 0.995700 -0.083800 0.040500
vn 0.991700 -0.090400 0.091500
vn 0.991700 -0.089900 0.091600
vn 0.991700 -0.089500 0.092500
vn 0.991600 -0.089100 0.094000
vn 0.991400 -0.088600 0.096000
vn 0.991200 -0.088300 0.098700
vn 0.990900 -0.088000 0.101700
vn 0.990600 -0.087800 0.105200
vn 0.990200 -0.087600 0.109000
vn 0.989700 -0.087500 0.113000
vn 0.989300 -0.087400 0.117100
vn 0.988800 -0.087400 0.121000
vn 1.000000 0.000000 0.000000
vn 0.991500 -0.091300 0.093200
vn 0.991200 -0.091800 0.094900
vn 0.705700 -0.633300 0.317800
vn 0.706900 -0.643200 0.294400
vn 0.704200 -0.620600 0.344900
vn 0.992700 -0.092600 0.077300
vn 0.708600 -0.656800 0.257800
vn 0.707500 -0.648400 0.281100
vn 0.000100 0.399900 0.916600
vn 0.000000 0.491500 0.870900
vn 0.000000 0.345500 0.938400
vn 0.704100 -0.619400 0.347300
vn 0.000000 0.545800 0.837900
vn 0.000000 0.626300 0.779600
vn 0.000000 0.243300 0.970000
vn 0.000000 0.190600 0.981700
vn -0.000000 0.030900 0.999500
vn -0.000000 -0.129400 0.991600
vn 0.000000 -0.286200 0.958200
vn -0.000000 -0.402400 0.915500
vn 0.000000 -0.435400 0.900300
vn 0.000000 -0.573200 0.819400
vn 0.000000 -0.677200 0.735800
vn -0.000100 -0.696300 0.717700
vn 0.000000 -0.789200 0.614200
vn -0.000000 -0.801600 0.597800
vn 0.000100 -0.878900 0.477000
vn -0.000000 -0.886600 0.462600
vn 0.000200 -0.945400 0.326000
vn -0.000000 -0.948900 0.315400
vn 0.000300 -0.986300 0.165100
vn 0.000000 -0.987100 0.160000
vn -0.000000 -1.000000 -0.000000
vn -0.000000 -0.988700 -0.149800
vn 0.984700 -0.087100 0.151200
vn 0.985600 -0.087800 0.144500
vn 0.988300 -0.087400 0.124800
vn 0.000100 -0.986400 -0.164400
vn -0.000000 -0.955000 -0.296500
vn 0.983900 -0.076700 0.161200
vn 0.983200 -0.085700 0.161100
vn 0.984600 -0.067800 0.161300
vn 0.985100 -0.058800 0.161500
vn 0.991100 -0.044600 0.125800
vn 0.990000 -0.048300 0.132400
vn 0.987000 -0.055600 0.151000
vn 0.988700 -0.052000 0.140800
vn 0.706100 0.034500 0.707300
vn 0.706400 0.043600 0.706500
vn 0.706400 0.040500 0.706600
vn 0.705500 0.049500 0.707000
vn 0.705800 0.072100 0.704800
vn 0.706300 0.019100 0.707700
vn 0.706500 0.004100 0.707700
vn 0.704300 0.079400 0.705500
vn 0.704700 0.102900 0.702000
vn 0.704800 0.064400 0.706400
vn 0.987800 -0.087700 0.128400
vn -0.000000 -0.945800 -0.324700
vn -0.000000 -0.899600 -0.436700
vn 0.987400 -0.087900 0.131800
vn 0.000000 -0.879500 -0.476000
vn 0.000000 -0.823500 -0.567300
vn 0.986900 -0.088200 0.134900
vn 0.000000 -0.789600 -0.613700
vn 0.000000 -0.728600 -0.684900
vn 0.986500 -0.088600 0.137500
vn 0.000000 -0.676900 -0.736000
vn -0.000000 -0.617100 -0.786900
vn 0.691800 -0.495800 0.525000
vn 0.693900 -0.521000 0.497100
vn 0.692000 -0.498700 0.522000
vn 0.693900 -0.521400 0.496600
vn -0.000000 -0.545800 -0.837900
vn -0.000000 -0.499300 -0.866400
vn 0.689900 -0.475600 0.545700
vn 0.688400 -0.452500 0.566800
vn 0.686900 -0.435800 0.581600
vn 0.982900 -0.085400 0.163200
vn 0.686300 -0.427200 0.588600
vn 0.977100 -0.076200 0.198500
vn 0.982000 -0.084600 0.168600
vn 0.981200 -0.083700 0.173700
vn 0.980500 -0.082800 0.178200
vn 0.979800 -0.081900 0.182400
vn 0.979200 -0.081000 0.186200
vn 0.978600 -0.080100 0.189500
vn 0.978100 -0.079100 0.192400
vn 0.977700 -0.078100 0.194900
vn 0.977400 -0.077200 0.196900
vn 0.984700 -0.065300 0.161600
vn 0.977000 -0.075200 0.199700
vn 0.976900 -0.074200 0.200400
vn 0.976900 -0.073100 0.200700
vn 0.977000 -0.072100 0.200500
vn 0.977200 -0.071100 0.199900
vn 0.977500 -0.070100 0.198800
vn 0.977900 -0.069100 0.197300
vn 0.980600 -0.068200 0.183700
vn 0.981300 -0.067800 0.180000
vn 0.981900 -0.068000 0.176600
vn 0.982500 -0.067800 0.173300
vn 0.983100 -0.067500 0.170400
vn 0.983500 -0.067300 0.167700
vn 0.983900 -0.066900 0.165600
vn 0.984300 -0.066500 0.163700
vn 0.984500 -0.066100 0.162500
vn 0.984600 -0.065700 0.161700
vn 0.699000 0.151000 0.699000
vn 0.699500 0.187300 0.689600
vn 0.701500 0.162300 0.694000
vn 0.982900 -0.062900 0.173200
vn 0.984800 -0.059200 0.163100
vn 0.696000 0.178200 0.695600
vn 0.699200 0.190800 0.689000
vn 0.984700 -0.064900 0.161900
vn 0.984600 -0.064500 0.162600
vn 0.984400 -0.064100 0.163900
vn 0.984100 -0.063800 0.165600
vn 0.983800 -0.063400 0.167700
vn 0.983400 -0.063100 0.170300
vn 0.701500 0.123000 0.702000
vn 0.703200 0.132900 0.698400
vn 0.702500 0.108600 0.703300
vn 0.703400 0.094000 0.704500
vn 0.982300 -0.062700 0.176700
vn 0.696600 0.218300 0.683400
vn 0.685300 -0.406600 0.604200
vn 0.684600 -0.402000 0.608000
vn 0.683200 -0.376100 0.626000
vn 0.682500 -0.358400 0.637000
vn 0.681700 -0.349400 0.642800
vn 0.680400 -0.322700 0.657900
vn 0.680300 -0.308100 0.665100
vn 0.679300 -0.295000 0.671900
vn 0.678600 -0.256300 0.688400
vn 0.678400 -0.266800 0.684600
vn 0.677700 -0.238700 0.695500
vn 0.677600 -0.203000 0.706800
vn 0.677200 -0.209900 0.705200
vn 0.676900 -0.180600 0.713500
vn 0.677300 -0.148800 0.720500
vn 0.676900 -0.151200 0.720400
vn 0.677100 -0.121400 0.725800
vn 0.677900 -0.093800 0.729200
vn 0.677400 -0.091900 0.729900
vn 0.678000 -0.061800 0.732400
vn 0.679200 -0.038400 0.733000
vn 0.678900 -0.031700 0.733500
vn 0.680000 -0.001400 0.733200
vn 0.681300 0.017300 0.731800
vn 0.681400 0.029300 0.731400
vn 0.683000 0.060000 0.728000
vn 0.979100 -0.068200 0.191400
vn 0.978400 -0.068100 0.195400
vn 0.684100 0.072900 0.725700
vn 0.684800 0.090400 0.723100
vn 0.979900 -0.068200 0.187300
vn -0.000000 0.948300 -0.317300
vn -0.000000 0.987000 -0.161000
vn 0.685000 0.092200 0.722700
vn 0.000100 0.945400 -0.326000
vn 0.000000 0.891500 -0.452900
vn -0.000000 0.990100 0.140600
vn 0.000100 0.986400 0.164400
vn 0.000000 0.959300 0.282500
vn 0.000000 0.945800 0.324700
vn -0.000000 0.908200 0.418400
vn 0.000000 0.879500 0.476000
vn -0.000000 0.838200 0.545300
vn -0.000000 0.789600 0.613700
vn -0.000000 0.750800 0.660500
vn -0.000000 0.647900 0.761700
vn 0.000200 0.545700 0.838000
vn 0.000000 0.531800 0.846900
vn -0.000000 0.405100 0.914300
vn -0.000000 0.270200 0.962800
vn -0.000000 0.130100 0.991500
vn -0.000000 -0.012400 0.999900
vn -0.000000 -0.154400 0.988000
vn 0.000100 -0.246800 0.969100
vn -0.000200 -0.293200 0.956100
vn -0.000100 -0.425600 0.904900
vn 0.000100 -0.547100 0.837000
vn -0.000000 -0.549700 0.835400
vn -0.000000 -0.662600 0.749000
vn -0.000000 -0.762300 0.647200
vn -0.000000 -0.789200 0.614100
vn -0.000000 -0.846700 0.532000
vn 0.000000 -0.878900 0.477100
vn 0.000000 -0.918700 0.394900
vn 0.692500 0.204300 0.691900
vn 0.696500 0.217700 0.683800
vn 0.000100 -0.945400 0.326000
vn -0.000000 -0.964400 0.264500
vn 0.984900 0.059200 0.163000
vn 0.982900 0.062900 0.173300
vn 0.982300 0.062700 0.176700
vn -0.000000 0.918700 0.394900
vn -0.000000 0.847800 0.530400
vn 0.696000 -0.178200 0.695600
vn 0.699300 -0.190900 0.688900
vn 0.696600 -0.218300 0.683400
vn 0.000000 0.964400 0.264300
vn 0.696400 -0.217800 0.683800
vn 0.983400 0.063200 0.170400
vn -0.000000 0.763800 0.645500
vn 0.983800 0.063400 0.167800
vn -0.000000 0.676900 0.736000
vn -0.000000 0.664300 0.747500
vn 0.984100 0.063800 0.165600
vn 0.000000 0.551400 0.834200
vn 0.984400 0.064100 0.163900
vn 0.000200 0.545900 0.837900
vn -0.000000 0.427500 0.904000
vn 0.984600 0.064500 0.162600
vn -0.000000 0.295000 0.955500
vn 0.984700 0.064900 0.161600
vn -0.000000 0.156300 0.987700
vn 0.984700 0.065300 0.161600
vn -0.000000 0.014300 0.999900
vn 0.984600 0.065700 0.162000
vn -0.000000 -0.128100 0.991800
vn 0.984500 0.066100 0.162500
vn -0.000000 -0.268300 0.963300
vn 0.984300 0.066500 0.163800
vn -0.000100 -0.402400 0.915500
vn 0.000000 -0.403900 0.914800
vn 0.983900 0.066900 0.165500
vn 0.000000 -0.531100 0.847300
vn 0.983500 0.067200 0.167800
vn -0.000000 -0.647300 0.762300
vn 0.983100 0.067600 0.170300
vn -0.000000 -0.750300 0.661100
vn 0.982500 0.067800 0.173300
vn -0.000000 -0.837900 0.545900
vn 0.981900 0.068000 0.176600
vn -0.000000 -0.908000 0.419100
vn 0.981300 0.068200 0.180000
vn 0.000100 -0.945300 0.326100
vn 0.000000 -0.959100 0.283200
vn 0.980600 0.068200 0.183700
vn -0.000100 -0.986200 0.165500
vn 0.000000 -0.990000 0.141100
vn 0.979900 0.068300 0.187300
vn 0.977900 0.069100 0.197300
vn 0.979100 0.068200 0.191400
vn -0.000000 -0.986900 -0.161000
vn 0.978400 0.068100 0.195300
vn 0.000300 -0.986400 -0.164400
vn -0.000000 -0.948300 -0.317400
vn 0.684100 -0.072900 0.725700
vn 0.684800 -0.090400 0.723100
vn 0.683000 -0.060300 0.728000
vn 0.685000 -0.092200 0.722700
vn 0.000000 -0.892300 -0.451500
vn 0.977500 0.070100 0.198800
vn 0.681400 -0.030000 0.731300
vn 0.977200 0.071100 0.199900
vn 0.681300 -0.017300 0.731800
vn 0.680200 0.000400 0.733000
vn 0.977000 0.072100 0.200500
vn 0.678900 0.030700 0.733600
vn 0.976900 0.073100 0.200700
vn 0.679200 0.038400 0.733000
vn 0.678100 0.060900 0.732500
vn 0.976900 0.074100 0.200400
vn 0.677400 0.090800 0.730000
vn 0.977000 0.075100 0.199700
vn 0.677800 0.093900 0.729200
vn 0.677000 0.120600 0.726000
vn 0.977100 0.076100 0.198600
vn 0.676900 0.150200 0.720600
vn 0.977400 0.077100 0.197000
vn 0.677400 0.148700 0.720400
vn 0.676900 0.179700 0.713800
vn 0.977700 0.078100 0.195000
vn 0.677200 0.209000 0.705500
vn 0.978100 0.079100 0.192500
vn 0.677600 0.203000 0.706800
vn 0.677700 0.238000 0.695800
vn 0.978600 0.080000 0.189600
vn 0.678400 0.266500 0.684600
vn 0.979200 0.081000 0.186200
vn 0.678500 0.256300 0.688400
vn 0.679300 0.294600 0.672100
vn 0.979800 0.081900 0.182500
vn 0.680300 0.308100 0.665100
vn 0.680200 0.322700 0.658200
vn 0.980500 0.082900 0.178200
vn 0.681600 0.349200 0.643100
vn 0.981200 0.083700 0.173800
vn 0.682500 0.358500 0.636900
vn 0.683200 0.375800 0.626200
vn 0.982000 0.084500 0.168600
vn 0.684600 0.401900 0.608100
vn 0.982900 0.085600 0.163100
vn 0.685200 0.406600 0.604300
vn 0.686300 0.427200 0.588600
vn 0.686900 0.435800 0.581600
vn 0.688400 0.452500 0.566800
vn 0.689900 0.475700 0.545600
vn 0.699000 -0.151000 0.699000
vn 0.699500 -0.187300 0.689600
vn 0.701500 -0.162300 0.694000
vn 0.701500 -0.122900 0.702000
vn 0.703300 -0.133000 0.698400
vn 0.988000 0.087700 0.127100
vn 0.985600 0.087800 0.144500
vn 0.691800 0.498800 0.522100
vn 0.986900 0.088300 0.135300
vn 0.986500 0.088500 0.137500
vn 0.691900 0.495800 0.524800
vn 0.693800 0.521100 0.497100
vn 0.987200 0.088000 0.132800
vn 0.987600 0.087800 0.130000
vn 0.000100 0.677200 -0.735800
vn -0.000000 0.617100 -0.786900
vn 0.000000 0.712500 -0.701600
vn 0.693800 0.521400 0.496700
vn 0.000000 0.547100 -0.837100
vn 0.000000 0.499200 -0.866500
vn -0.000000 0.789200 -0.614200
vn -0.000000 0.796300 -0.604900
vn -0.000000 0.867000 -0.498300
vn -0.000000 0.878900 -0.477100
vn -0.000000 0.923500 -0.383600
vn 0.000100 0.945400 -0.326100
vn 0.704900 -0.064400 0.706300
vn 0.704700 -0.102900 0.702000
vn 0.703500 -0.094000 0.704500
vn 0.704300 -0.079300 0.705500
vn 0.993300 0.093000 0.067900
vn 0.708600 0.656800 0.257800
vn 0.709000 0.660500 0.247400
vn 0.993900 0.093200 0.058500
vn 0.710300 0.670900 0.213200
vn 0.710900 0.675600 0.195500
vn 0.712300 0.686200 0.147800
vn 0.996500 0.084100 0.000200
vn 0.995600 0.094200 -0.000000
vn 0.994800 0.093800 0.039300
vn 0.712400 0.687000 0.143500
vn 0.997200 0.074200 0.000200
vn 0.997900 0.064000 0.000200
vn 0.998600 0.053800 0.000100
vn 0.998300 0.042100 0.039700
vn 0.998900 0.043400 0.016100
vn 0.998800 0.043300 0.021500
vn 0.998700 0.043100 0.026800
vn 0.998600 0.042900 0.031100
vn 0.998500 0.042600 0.035400
vn -0.000000 -0.714500 -0.699600
vn 0.000400 -0.714500 -0.699600
vn 0.000000 -0.454800 -0.890600
vn -0.000000 -0.200100 -0.979800
vn 0.000000 0.000000 -1.000000
vn -0.000000 0.200100 -0.979800
vn 0.000000 0.454800 -0.890600
vn 0.000000 0.714500 -0.699600
vn 0.998600 0.034700 0.039600
vn 0.998700 0.030800 0.039600
vn 0.999100 0.034000 0.024600
vn 0.999000 0.034100 0.030000
vn 0.998800 0.034200 0.035300
vn 0.999000 0.020500 0.040700
vn 0.998900 0.023600 0.039500
vn 0.999300 0.022800 0.031000
vn 0.999100 0.023100 0.035300
vn 0.999400 0.022600 0.026700
vn 0.999500 0.022500 0.021300
vn 0.999600 0.022400 0.016000
vn 0.999700 0.022400 0.000100
vn 0.999700 0.020500 0.016700
vn 0.999100 0.013400 0.040700
vn 0.999400 0.019000 0.027700
vn 0.000000 -0.936900 -0.349500
vn 0.999800 0.017000 0.005300
vn 0.999800 0.019000 0.005300
vn 0.999900 0.014900 0.005300
vn 0.999500 0.013200 0.027500
vn 0.999100 0.011700 0.040700
vn 0.000000 0.933800 0.357800
vn 0.999100 0.009400 0.040700
vn 0.999900 0.013300 0.000200
vn 0.999600 0.012300 0.025600
vn 0.999800 0.009400 0.016700
vn 0.999200 -0.005100 0.040700
vn 0.999300 0.000700 0.037300
vn 1.000000 0.001700 0.000200
vn 0.999800 -0.005000 0.020300
vn 0.999100 -0.012300 0.040700
vn 0.999800 -0.006500 0.020300
vn 1.000000 -0.006500 0.000200
vn 0.999800 -0.012300 0.016700
vn 0.998900 -0.024200 0.040800
vn 0.999100 -0.021000 0.037400
vn 0.998900 -0.024100 0.039500
vn 0.998600 -0.034200 0.040700
vn 0.998700 -0.031600 0.039600
vn 0.999300 -0.034200 0.016800
vn 0.999200 -0.032300 0.024600
vn 0.999000 -0.032200 0.029900
vn 0.998900 -0.032000 0.035300
vn 0.998300 -0.042400 0.040700
vn 0.999000 -0.035600 0.026800
vn 0.999200 -0.039000 0.003200
vn 0.999400 -0.035700 0.003200
vn 0.998700 -0.042400 0.026800
vn 0.998900 -0.043800 0.016800
vn 0.998500 -0.054100 0.000200
vn 0.999000 -0.043900 0.000200
vn 0.997900 -0.064000 0.000200
vn 0.997200 -0.074200 0.000200
vn 0.993900 -0.093300 0.058600
vn 0.994800 -0.093800 0.040500
vn 0.996500 -0.084100 0.000100
vn 0.993300 -0.093000 0.068000
vn 0.710900 -0.675600 0.195500
vn 0.712200 -0.686200 0.147900
vn 0.710300 -0.670800 0.213500
vn 0.994800 -0.093800 0.039500
vn 0.712700 -0.689100 0.131400
vn 0.712300 -0.686900 0.144000
vn 0.708900 -0.660400 0.247600
vn 0.995100 0.094000 0.029700
vn 0.712600 0.689100 0.131400
vn 0.713000 0.692700 0.108200
vn 0.995400 0.094000 0.019800
vn 0.713600 0.696800 0.072400
vn 0.995500 0.094200 0.010000
vn 0.713400 0.697600 0.065700
vn 0.714000 0.699200 0.036700
vn 0.714000 0.700100 0.000100
vn 0.995500 0.094200 -0.010000
vn 0.995700 0.083300 -0.040200
vn 0.995400 0.094100 -0.019900
vn 0.995100 0.094000 -0.029800
vn 0.994800 0.093800 -0.039400
vn 0.994800 0.093800 -0.040200
vn 0.996500 0.073200 -0.040300
vn 0.997200 0.062800 -0.040300
vn 0.999100 0.043300 0.000000
vn 0.997800 0.052700 -0.040400
vn -0.000000 -0.981400 -0.192200
vn 0.000000 -0.898100 -0.439700
vn 0.714000 0.700200 0.000100
vn 0.714000 0.699200 -0.036400
vn 0.713700 0.697300 -0.066000
vn 0.713600 0.696800 -0.072900
vn 0.713000 0.692800 -0.108200
vn 0.712600 0.689200 -0.131400
vn 0.712400 0.686900 -0.143900
vn 0.712300 0.686400 -0.146700
vn 0.994400 0.093600 -0.049500
vn 0.711400 0.679300 -0.180400
vn 0.993300 0.082400 -0.080700
vn 0.992500 0.092400 -0.080500
vn 0.992700 0.092600 -0.077200
vn 0.993300 0.093000 -0.068000
vn 0.993900 0.093300 -0.058600
vn 0.994200 0.071900 -0.080600
vn 0.994800 0.061600 -0.080600
vn 0.998300 0.042200 -0.039700
vn 0.998300 0.042100 -0.040400
vn 0.995400 0.051400 -0.080700
vn 0.998500 0.042600 -0.035400
vn 0.998600 0.042900 -0.031100
vn 0.998700 0.043100 -0.026800
vn 0.998800 0.043200 -0.021400
vn 0.998900 0.043400 -0.016100
vn -0.000000 -0.714500 0.699600
vn 0.998200 0.041700 -0.044000
vn 0.000000 -0.898100 0.439700
vn -0.000000 -0.981400 0.192200
vn 0.991500 0.091300 -0.093200
vn 0.991200 0.091700 -0.094900
vn 0.000000 -0.399900 -0.916600
vn 0.000000 -0.491500 -0.870900
vn -0.000000 -0.345400 -0.938400
vn 0.705800 0.633200 -0.317800
vn 0.706900 0.643700 -0.293200
vn 0.704200 0.620600 -0.344800
vn 0.704100 0.619400 -0.347300
vn 0.000000 -0.626200 -0.779600
vn 0.991600 0.090900 -0.092000
vn 0.000000 -0.243300 -0.970000
vn 0.000000 -0.190600 -0.981700
vn 0.991700 0.090300 -0.091600
vn 0.000000 -0.080400 -0.996800
vn 0.000000 -0.031000 -0.999500
vn 0.991700 0.090000 -0.091700
vn 0.000000 0.084400 -0.996400
vn -0.000000 0.129400 -0.991600
vn 0.991700 0.089500 -0.092500
vn 0.000000 0.246800 -0.969100
vn 0.000000 0.286200 -0.958200
vn 0.991600 0.089100 -0.094000
vn 0.000000 0.402400 -0.915500
vn -0.000000 0.435400 -0.900200
vn 0.991400 0.088600 -0.096000
vn 0.000100 0.547100 -0.837100
vn -0.000000 0.573300 -0.819400
vn 0.991200 0.088300 -0.098600
vn 0.000000 0.677200 -0.735800
vn -0.000100 0.696400 -0.717700
vn 0.990900 0.088000 -0.101700
vn -0.000000 0.801600 -0.597800
vn 0.990600 0.087700 -0.105200
vn 0.000100 0.878900 -0.477100
vn -0.000000 0.886600 -0.462600
vn 0.990200 0.087600 -0.109000
vn 0.000000 0.949000 -0.315400
vn 0.989700 0.087500 -0.113000
vn -0.000000 0.986200 -0.165500
vn 0.000000 0.987100 -0.159900
vn 0.989300 0.087400 -0.117100
vn 0.988800 0.087400 -0.120800
vn -0.000000 0.989800 0.142300
vn 0.989600 0.078000 -0.120500
vn 0.984700 0.087000 -0.151200
vn 0.990300 0.068900 -0.121000
vn 0.984000 0.076700 -0.160900
vn 0.983300 0.085800 -0.160800
vn 0.990900 0.059400 -0.120800
vn 0.984600 0.067700 -0.161000
vn 0.991400 0.050200 -0.121100
vn 0.985200 0.058700 -0.161100
vn 0.995900 0.041100 -0.080900
vn 0.991800 0.040900 -0.121200
vn 0.991100 0.044600 -0.125800
vn 0.987000 0.055600 -0.151000
vn 0.988700 0.052000 -0.140800
vn 0.990000 0.048300 -0.132400
vn 0.996200 0.031000 -0.080900
vn 0.706100 -0.034500 -0.707300
vn 0.706400 -0.041400 -0.706600
vn 0.706400 -0.040500 -0.706700
vn 0.705500 -0.049600 -0.707000
vn 0.705800 -0.072100 -0.704700
vn 0.992300 0.037000 -0.118100
vn 0.706200 -0.019300 -0.707700
vn 0.706700 -0.008600 -0.707500
vn 0.992600 0.033200 -0.117000
vn 0.706500 0.011200 -0.707600
vn 0.706600 0.023500 -0.707300
vn 0.706500 -0.004100 -0.707700
vn 0.992800 0.026500 -0.116800
vn 0.706500 0.023600 -0.707300
vn 0.706600 0.023400 -0.707300
vn 0.706700 0.018800 -0.707200
vn 0.706400 0.026400 -0.707300
vn 0.996500 0.020700 -0.081000
vn 0.993000 0.019900 -0.116700
vn 0.706800 0.018900 -0.707200
vn 0.706900 0.014100 -0.707200
vn 0.996700 0.010300 -0.080900
vn 0.993100 0.013300 -0.116600
vn 0.706900 0.014200 -0.707200
vn 0.707000 0.009400 -0.707100
vn 0.993200 0.006600 -0.116500
vn 0.707100 0.004700 -0.707100
vn 0.996700 -0.000000 -0.081100
vn 0.993200 -0.000000 -0.116500
vn 0.707100 0.000000 -0.707100
vn 0.996700 -0.010300 -0.080900
vn 0.993200 -0.006600 -0.116500
vn 0.707100 -0.004700 -0.707100
vn 0.993100 -0.013300 -0.116600
vn 0.707000 -0.009400 -0.707100
vn 0.996500 -0.020600 -0.081000
vn 0.993000 -0.019900 -0.116700
vn 0.706900 -0.014200 -0.707200
vn 0.706900 -0.014100 -0.707200
vn 0.992800 -0.026500 -0.116800
vn 0.706700 -0.018800 -0.707200
vn 0.996200 -0.030800 -0.080900
vn 0.992600 -0.033200 -0.117000
vn 0.706600 -0.023500 -0.707300
vn 0.995900 -0.041100 -0.080900
vn 0.992300 -0.037000 -0.118100
vn 0.706500 -0.026400 -0.707300
vn 0.706700 0.008600 -0.707400
vn 0.706500 -0.023600 -0.707300
vn 0.991800 -0.040800 -0.121000
vn 0.706400 0.004100 -0.707800
vn 0.706400 0.040600 -0.706600
vn 0.706500 -0.011200 -0.707600
vn 0.991800 -0.040900 -0.121100
vn 0.706200 0.019200 -0.707700
vn 0.706400 0.041500 -0.706600
vn 0.991400 -0.050300 -0.121100
vn 0.991100 -0.044600 -0.125800
vn 0.705900 0.034400 -0.707500
vn 0.705800 0.072000 -0.704800
vn 0.995400 -0.051500 -0.080800
vn 0.990900 -0.059700 -0.120900
vn 0.988700 -0.052000 -0.140700
vn 0.990000 -0.048300 -0.132400
vn 0.994800 -0.061600 -0.080600
vn 0.990300 -0.068700 -0.120700
vn 0.984600 -0.067700 -0.161100
vn 0.985200 -0.058700 -0.161200
vn 0.987000 -0.055600 -0.150900
vn 0.994100 -0.071900 -0.080600
vn 0.989600 -0.078100 -0.120600
vn 0.984000 -0.076700 -0.160800
vn 0.989300 -0.087400 -0.117100
vn 0.988800 -0.087400 -0.121000
vn 0.983200 -0.085800 -0.160800
vn 0.993400 -0.082100 -0.080500
vn -0.000000 -0.986200 0.165400
vn -0.000000 -0.988700 0.149700
vn 0.984700 -0.087000 -0.151100
vn 0.989700 -0.087400 -0.113300
vn -0.000000 -0.988800 -0.149300
vn 0.990100 -0.087600 -0.109800
vn -0.000000 -0.959100 -0.282900
vn 0.990400 -0.087700 -0.106500
vn 0.000000 -0.911400 -0.411400
vn 0.990800 -0.087800 -0.103400
vn 0.000100 -0.879500 -0.476000
vn -0.000000 -0.846600 -0.532200
vn 0.991000 -0.088100 -0.100600
vn -0.000000 -0.766000 -0.642800
vn 0.991200 -0.088400 -0.098100
vn 0.000100 -0.676900 -0.736000
vn 0.000000 -0.670800 -0.741600
vn 0.991400 -0.088700 -0.095900
vn 0.000000 -0.563400 -0.826200
vn 0.991600 -0.089000 -0.094100
vn 0.000100 -0.545800 -0.837900
vn -0.000000 -0.445200 -0.895400
vn 0.992500 -0.092400 -0.080500
vn 0.991700 -0.089600 -0.092400
vn -0.000000 -0.318500 -0.947900
vn 0.991700 -0.089800 -0.091900
vn -0.000000 -0.185500 -0.982700
vn 0.991700 -0.090200 -0.091600
vn 0.000000 -0.048800 -0.998800
vn 0.991700 -0.090600 -0.091700
vn 0.000000 0.088700 -0.996100
vn 0.991600 -0.091000 -0.092200
vn 0.000000 0.224800 -0.974400
vn 0.991400 -0.091400 -0.093200
vn 0.000100 0.246800 -0.969100
vn 0.000000 0.356300 -0.934400
vn 0.991200 -0.091700 -0.095000
vn 0.000000 0.491500 -0.870900
vn 0.705700 -0.633200 -0.317800
vn 0.704200 -0.620600 -0.344800
vn 0.706900 -0.643700 -0.293200
vn 0.702400 -0.605000 -0.375000
vn 0.704000 -0.619200 -0.347700
vn 0.000000 0.626200 -0.779600
vn 0.995700 -0.084000 -0.040300
vn 0.994800 -0.093800 -0.040200
vn 0.992700 -0.092500 -0.077200
vn 0.707500 -0.648500 -0.280800
vn 0.996400 -0.074000 -0.040300
vn 0.997100 -0.064000 -0.040300
vn 0.997700 -0.053900 -0.040300
vn 0.997800 -0.043800 -0.050500
vn 0.998100 -0.035600 -0.050300
vn 0.997800 -0.043100 -0.050400
vn 0.997800 -0.042400 -0.050400
vn 0.998300 -0.042400 -0.040400
vn 0.998400 -0.030100 -0.048100
vn 0.998100 -0.034900 -0.050300
vn 0.998100 -0.034200 -0.050300
vn 0.998600 -0.034200 -0.040400
vn 0.998700 -0.031500 -0.040400
vn 0.998600 -0.031100 -0.043800
vn 0.998500 -0.030600 -0.046000
vn 0.998600 -0.016600 -0.050100
vn 0.998400 -0.029500 -0.049100
vn 0.998300 -0.028900 -0.050200
vn 0.998400 -0.027800 -0.050200
vn 0.998400 -0.026700 -0.050200
vn 0.998500 -0.026100 -0.049100
vn 0.998500 -0.025500 -0.048100
vn 0.998600 -0.025000 -0.045900
vn 0.998700 -0.024600 -0.043800
vn 0.998900 -0.024200 -0.040400
vn 0.998500 -0.021000 -0.050100
vn 0.998700 -0.005800 -0.050100
vn 0.998700 -0.012300 -0.050100
vn 0.999100 -0.012200 -0.040400
vn 0.998700 -0.010400 -0.050100
vn 0.998700 0.000700 -0.050100
vn 0.998700 -0.001200 -0.050100
vn 0.999000 -0.001200 -0.044700
vn 0.999200 -0.001200 -0.040400
vn 0.998800 0.013500 -0.048000
vn 0.998700 0.005100 -0.050100
vn 0.998700 0.009400 -0.050100
vn 0.999100 0.009400 -0.040400
vn 0.999100 0.012400 -0.040400
vn 0.999100 0.012500 -0.041600
vn 0.998900 0.013000 -0.044800
vn 0.998800 0.024100 -0.043800
vn 0.998700 0.014100 -0.049100
vn 0.998600 0.014700 -0.050100
vn 0.998600 0.017600 -0.050100
vn 0.998500 0.020500 -0.050100
vn 0.999000 0.020500 -0.040400
vn 0.998900 0.023700 -0.040400
vn 0.998400 0.035200 -0.043900
vn 0.998600 0.024600 -0.046000
vn 0.998500 0.025100 -0.048000
vn 0.998500 0.025600 -0.049100
vn 0.998400 0.026300 -0.050200
vn 0.998400 0.027200 -0.050200
vn 0.998300 0.028200 -0.050200
vn 0.998400 0.028800 -0.049200
vn 0.998400 0.029400 -0.048100
vn 0.998500 0.029900 -0.046000
vn 0.998600 0.030300 -0.043800
vn 0.998700 0.030700 -0.040400
vn 0.998600 0.034800 -0.040300
vn 0.998100 0.041200 -0.046100
vn 0.998300 0.035600 -0.046000
vn 0.998200 0.036100 -0.048200
vn 0.998100 0.036700 -0.049300
vn 0.998000 0.037300 -0.050300
vn 0.998000 0.038400 -0.050300
vn 0.997900 0.039500 -0.050400
vn 0.998000 0.040100 -0.049300
vn 0.998000 0.040700 -0.048200
vn 0.708600 0.656900 -0.257800
vn 0.707500 0.648400 -0.281100
vn 0.708900 0.660400 -0.247600
vn 0.993300 -0.093000 -0.067900
vn 0.708500 -0.656900 -0.257800
vn 0.709000 -0.660500 -0.247400
vn 0.993900 -0.093300 -0.058600
vn 0.710300 -0.670900 -0.213200
vn 0.994400 -0.093700 -0.049400
vn 0.710900 -0.675500 -0.195500
vn 0.711400 -0.679300 -0.180200
vn 0.712300 -0.686400 -0.146800
vn 0.995600 -0.094200 -0.000000
vn 0.994800 -0.094100 -0.039400
vn 0.712300 -0.687000 -0.143700
vn 0.998200 -0.043900 -0.040300
vn 0.998900 -0.043900 -0.016800
vn 0.000000 0.000000 1.000000
vn 0.998500 -0.035600 -0.040400
vn 0.998600 -0.042400 -0.030000
vn 0.999100 -0.042400 -0.009700
vn 0.999200 -0.039000 -0.009700
vn 0.998900 -0.035700 -0.030000
vn 0.999300 -0.034200 -0.016800
vn -0.000000 0.714500 0.699600
vn 0.998700 -0.031500 -0.038900
vn -0.000000 0.454800 0.890600
vn 0.000000 0.200100 0.979800
vn 0.000000 -0.200100 0.979800
vn 0.000000 -0.454800 0.890600
vn 0.998800 -0.021000 -0.043800
vn 0.999000 -0.021000 -0.040400
vn 0.998900 -0.024100 -0.039500
vn 0.999100 -0.021000 -0.037300
vn 0.999700 -0.022900 0.000000
vn 0.999100 -0.023600 -0.035200
vn 0.999200 -0.023400 -0.031000
vn 0.999400 -0.023100 -0.026700
vn 0.999500 -0.023000 -0.021300
vn 0.999600 -0.022900 -0.016000
vn 0.998900 -0.010400 -0.044800
vn 0.999100 -0.010400 -0.040400
vn 0.999800 -0.012300 -0.016700
vn -0.023900 0.999700 0.000000
vn 0.002700 1.000000 -0.000000
vn 0.999900 -0.012300 0.000200
vn 0.999200 -0.010400 -0.039400
vn 0.999000 0.000700 -0.043700
vn 0.999200 0.000700 -0.040400
vn 0.999200 -0.001200 -0.039400
vn 0.000000 -1.000000 -0.000100
vn 0.999300 0.000700 -0.037300
vn 1.000000 -0.005000 0.000200
vn 0.999800 0.009400 -0.016700
vn -0.000000 0.806000 0.591900
vn -0.007900 0.809900 0.586500
vn 0.014000 0.802400 0.596600
vn 0.999200 0.012100 -0.037300
vn -0.000000 0.608100 0.793900
vn 0.004100 0.606800 0.794800
vn 0.999700 0.020500 -0.016700
vn 0.998900 0.023500 -0.039700
vn -0.000000 0.714500 0.699700
vn 0.998700 0.030800 -0.039500
vn 0.999400 0.032000 -0.016000
vn 0.998600 0.041800 -0.032700
vn 0.998900 0.031300 -0.035200
vn 0.999000 0.031600 -0.031000
vn 0.999100 0.031800 -0.026700
vn 0.999300 0.031900 -0.021400
vn 0.710900 0.675500 -0.195500
vn 0.710300 0.670800 -0.213500
vn 0.985600 0.087800 -0.144600
vn 0.988300 0.087500 -0.124800
vn 0.000000 0.986400 0.164400
vn -0.000000 0.955000 0.296500
vn 0.987800 0.087700 -0.128500
vn 0.000000 0.899600 0.436800
vn 0.987400 0.087900 -0.131800
vn -0.000000 0.823500 0.567300
vn 0.986900 0.088200 -0.134900
vn -0.000000 0.728600 0.684900
vn 0.986500 0.088500 -0.137500
vn -0.000000 0.617100 0.786900
vn 0.691800 0.495800 -0.525000
vn 0.693800 0.521000 -0.497100
vn 0.692000 0.498700 -0.522000
vn 0.693800 0.521400 -0.496800
vn -0.000000 0.499300 0.866500
vn 0.689900 0.475600 -0.545700
vn 0.688400 0.452500 -0.566800
vn 0.687000 0.437100 -0.580500
vn 0.982900 0.085400 -0.163200
vn 0.686300 0.427300 -0.588600
vn 0.977100 0.076200 -0.198600
vn 0.982000 0.084600 -0.168600
vn 0.981200 0.083700 -0.173600
vn 0.980500 0.082900 -0.178300
vn 0.979800 0.081900 -0.182400
vn 0.979200 0.081000 -0.186200
vn 0.978600 0.080100 -0.189500
vn 0.978100 0.079100 -0.192400
vn 0.977700 0.078100 -0.194900
vn 0.977400 0.077100 -0.196900
vn 0.984700 0.065300 -0.161500
vn 0.981400 0.067900 -0.179700
vn 0.980600 0.068200 -0.183700
vn 0.977900 0.069100 -0.197300
vn 0.981900 0.067900 -0.176500
vn 0.982500 0.067800 -0.173300
vn 0.983100 0.067500 -0.170400
vn 0.983500 0.067200 -0.167800
vn 0.983900 0.066900 -0.165600
vn 0.984300 0.066500 -0.163800
vn 0.984500 0.066100 -0.162600
vn 0.984700 0.065700 -0.161600
vn 0.977000 0.075100 -0.199700
vn 0.976900 0.074100 -0.200400
vn 0.976900 0.073100 -0.200700
vn 0.977000 0.072100 -0.200500
vn 0.977200 0.071100 -0.199900
vn 0.977500 0.070100 -0.198800
vn 0.699000 -0.151000 -0.699000
vn 0.699600 -0.186600 -0.689800
vn 0.701500 -0.162300 -0.694000
vn 0.984700 0.064900 -0.161900
vn 0.984600 0.064500 -0.162600
vn 0.984400 0.064100 -0.163800
vn 0.984100 0.063800 -0.165600
vn 0.983800 0.063400 -0.167700
vn 0.983400 0.063100 -0.170300
vn 0.982900 0.062900 -0.173200
vn 0.984800 0.059200 -0.163000
vn 0.696000 -0.178200 -0.695600
vn 0.699200 -0.190800 -0.689000
vn 0.701500 -0.123000 -0.702000
vn 0.703300 -0.133000 -0.698400
vn 0.702500 -0.108600 -0.703300
vn 0.704700 -0.102900 -0.702000
vn 0.704300 -0.079400 -0.705500
vn 0.703500 -0.094000 -0.704400
vn 0.705000 -0.064500 -0.706200
vn 0.979100 0.068200 -0.191400
vn 0.978400 0.068100 -0.195300
vn -0.000000 -0.948300 0.317300
vn 0.000000 -0.987000 0.161000
vn 0.684200 -0.072900 -0.725600
vn 0.683000 -0.060000 -0.728000
vn 0.684800 -0.090400 -0.723100
vn 0.684900 -0.092200 -0.722700
vn 0.000000 -0.891500 0.452900
vn 0.979900 0.068200 -0.187200
vn 0.000000 -0.990100 -0.140500
vn -0.000000 -0.959200 -0.282600
vn 0.000100 -0.945800 -0.324700
vn -0.000000 -0.908300 -0.418400
vn -0.000000 -0.838200 -0.545300
vn 0.000000 -0.789500 -0.613700
vn 0.000000 -0.750800 -0.660500
vn -0.000000 -0.676900 -0.736100
vn -0.000000 -0.647900 -0.761700
vn 0.000000 -0.531800 -0.846900
vn -0.000000 -0.405100 -0.914300
vn -0.000000 -0.270200 -0.962800
vn 0.000000 -0.243300 -0.969900
vn -0.000000 -0.130100 -0.991500
vn -0.000000 0.012400 -0.999900
vn -0.000000 0.154400 -0.988000
vn -0.000100 0.293100 -0.956100
vn -0.000100 0.425600 -0.904900
vn 0.000000 0.547100 -0.837000
vn -0.000000 0.549600 -0.835400
vn -0.000000 0.662600 -0.749000
vn -0.000100 0.677300 -0.735700
vn -0.000000 0.762300 -0.647200
vn 0.000000 0.846700 -0.532000
vn 0.982300 0.062700 -0.176700
vn -0.000000 0.918700 -0.394900
vn 0.696600 -0.218300 -0.683400
vn 0.692500 -0.204300 -0.691900
vn 0.695800 -0.217800 -0.684400
vn 0.000000 0.964400 -0.264600
vn 0.685300 0.406600 -0.604200
vn 0.684600 0.402100 -0.608000
vn 0.683200 0.376100 -0.626000
vn 0.682500 0.358400 -0.637000
vn 0.681700 0.349400 -0.642800
vn 0.680400 0.322300 -0.658200
vn 0.680300 0.308100 -0.665100
vn 0.679300 0.295000 -0.671900
vn 0.678600 0.256200 -0.688300
vn 0.678500 0.267200 -0.684300
vn 0.677700 0.238800 -0.695500
vn 0.677600 0.203100 -0.706800
vn 0.677200 0.209900 -0.705200
vn 0.676900 0.180600 -0.713500
vn 0.677400 0.148800 -0.720400
vn 0.676800 0.151200 -0.720500
vn 0.677100 0.121400 -0.725800
vn 0.677800 0.093900 -0.729200
vn 0.677400 0.091700 -0.729800
vn 0.678100 0.061800 -0.732400
vn 0.679200 0.038400 -0.733000
vn 0.678900 0.031700 -0.733500
vn 0.680200 0.001000 -0.733000
vn 0.681300 -0.017300 -0.731800
vn 0.681400 -0.029300 -0.731300
vn 0.984900 -0.059200 -0.163000
vn 0.982900 -0.062900 -0.173300
vn 0.982300 -0.062700 -0.176700
vn -0.000000 -0.918700 -0.394900
vn -0.000000 -0.847800 -0.530400
vn 0.696000 0.178200 -0.695600
vn 0.699200 0.190900 -0.688900
vn 0.696600 0.218300 -0.683400
vn -0.000000 -0.964500 -0.264300
vn 0.696400 0.217800 -0.683800
vn 0.983400 -0.063100 -0.170300
vn 0.000000 -0.763800 -0.645500
vn 0.983800 -0.063400 -0.167800
vn -0.000000 -0.664300 -0.747500
vn 0.984100 -0.063700 -0.165600
vn 0.000000 -0.551400 -0.834200
vn 0.984400 -0.064100 -0.163900
vn 0.000200 -0.545800 -0.837900
vn 0.000000 -0.427500 -0.904000
vn 0.984600 -0.064500 -0.162600
vn -0.000000 -0.295000 -0.955500
vn 0.984700 -0.064900 -0.161600
vn -0.000000 -0.156400 -0.987700
vn 0.984700 -0.065300 -0.161600
vn -0.000000 -0.014300 -0.999900
vn 0.984600 -0.065700 -0.161800
vn -0.000000 0.128100 -0.991800
vn 0.984500 -0.066100 -0.162500
vn -0.000000 0.268300 -0.963300
vn 0.984200 -0.066500 -0.163800
vn -0.000100 0.402400 -0.915500
vn 0.000000 0.403900 -0.914800
vn 0.983900 -0.066900 -0.165600
vn 0.000000 0.531100 -0.847300
vn 0.983500 -0.067200 -0.167800
vn -0.000000 0.647300 -0.762300
vn 0.983100 -0.067500 -0.170400
vn 0.000000 0.750300 -0.661100
vn 0.982500 -0.067800 -0.173300
vn 0.000000 0.837800 -0.545900
vn 0.981900 -0.068000 -0.176600
vn 0.000000 0.908000 -0.419000
vn 0.981300 -0.068100 -0.180000
vn 0.000000 0.959100 -0.283200
vn 0.980600 -0.068200 -0.183700
vn 0.000000 0.990000 -0.141200
vn 0.979900 -0.068300 -0.187300
vn 0.977900 -0.069100 -0.197300
vn 0.979100 -0.068200 -0.191400
vn 0.000000 0.987000 0.161000
vn 0.978400 -0.068100 -0.195300
vn 0.000300 0.986400 0.164400
vn -0.000000 0.948300 0.317300
vn 0.684100 0.072900 -0.725700
vn 0.684800 0.090400 -0.723100
vn 0.683000 0.060300 -0.728000
vn 0.685000 0.092200 -0.722700
vn 0.000000 0.892300 0.451500
vn 0.977500 -0.070100 -0.198800
vn 0.681400 0.030000 -0.731300
vn 0.977200 -0.071100 -0.199800
vn 0.681300 0.017300 -0.731800
vn 0.680100 -0.000400 -0.733100
vn 0.977000 -0.072100 -0.200500
vn 0.678900 -0.030700 -0.733600
vn 0.976900 -0.073100 -0.200700
vn 0.679200 -0.038300 -0.732900
vn 0.678000 -0.060900 -0.732500
vn 0.976900 -0.074100 -0.200400
vn 0.677400 -0.090800 -0.730000
vn 0.977000 -0.075100 -0.199700
vn 0.677900 -0.093800 -0.729100
vn 0.677100 -0.120600 -0.726000
vn 0.977100 -0.076100 -0.198600
vn 0.676800 -0.150200 -0.720600
vn 0.977400 -0.077100 -0.197000
vn 0.677400 -0.148900 -0.720400
vn 0.676900 -0.179700 -0.713800
vn 0.977700 -0.078100 -0.195000
vn 0.677200 -0.209000 -0.705500
vn 0.978100 -0.079100 -0.192500
vn 0.677600 -0.203000 -0.706800
vn 0.677700 -0.238000 -0.695800
vn 0.978600 -0.080000 -0.189600
vn 0.678400 -0.266500 -0.684600
vn 0.979200 -0.081000 -0.186200
vn 0.678500 -0.256300 -0.688400
vn 0.679300 -0.294600 -0.672100
vn 0.979800 -0.081900 -0.182400
vn 0.680200 -0.308100 -0.665100
vn 0.680200 -0.322700 -0.658200
vn 0.980500 -0.082900 -0.178300
vn 0.681600 -0.349200 -0.643000
vn 0.981200 -0.083700 -0.173700
vn 0.682500 -0.358500 -0.636900
vn 0.683000 -0.376000 -0.626200
vn 0.982000 -0.084600 -0.168600
vn 0.684600 -0.401800 -0.608200
vn 0.982900 -0.085600 -0.163100
vn 0.685200 -0.406600 -0.604300
vn 0.686300 -0.427200 -0.588700
vn 0.687000 -0.437100 -0.580500
vn 0.688500 -0.452500 -0.566900
vn 0.689900 -0.475700 -0.545600
vn 0.699000 0.151100 -0.699000
vn 0.699600 0.186600 -0.689700
vn 0.701500 0.162300 -0.694000
vn 0.701500 0.123000 -0.702000
vn 0.703300 0.133000 -0.698400
vn 0.987800 -0.087700 -0.128400
vn 0.985600 -0.087800 -0.144500
vn 0.691800 -0.498800 -0.522200
vn 0.988300 -0.087600 -0.124800
vn 0.986900 -0.088200 -0.134900
vn 0.986500 -0.088600 -0.137500
vn 0.691900 -0.495700 -0.525000
vn 0.693900 -0.521100 -0.497100
vn 0.987400 -0.087900 -0.131800
vn -0.000000 -0.617100 0.786900
vn -0.000000 -0.728600 0.684900
vn 0.693900 -0.521400 -0.496600
vn -0.000000 -0.499200 0.866500
vn 0.000000 -0.823500 0.567300
vn 0.000100 -0.878900 0.477100
vn -0.000000 -0.899600 0.436700
vn -0.000000 -0.955000 0.296500
vn 0.704900 0.064400 -0.706300
vn 0.704700 0.102900 -0.702000
vn 0.705500 0.049500 -0.707000
vn 0.703400 0.094000 -0.704500
vn 0.704300 0.079300 -0.705500
vn 0.995100 -0.094000 -0.029700
vn 0.712600 -0.689200 -0.131300
vn 0.713100 -0.692700 -0.108200
vn 0.995400 -0.094000 -0.019800
vn 0.713600 -0.696800 -0.072400
vn 0.995500 -0.094000 -0.010000
vn 0.713600 -0.697400 -0.066000
vn 0.714000 -0.699200 -0.036200
vn 0.714100 -0.700100 -0.000000
vn 0.714100 -0.700100 0.000200
vn 0.995500 -0.094200 0.010100
vn 0.714000 -0.699200 0.036900
vn 0.995100 -0.094000 0.029800
vn 0.995400 -0.094100 0.019900
vn 0.713000 -0.692800 0.108200
vn 0.713700 -0.697400 0.066000
vn 0.713600 -0.696800 0.073000
vn 0.999100 0.041900 0.000200
vn 0.999100 0.034700 0.024600
vn 0.999400 0.032100 0.016000
vn 0.999300 0.032000 0.021400
vn 0.999100 0.031800 0.026700
vn 0.999000 0.031600 0.031000
vn 0.998900 0.031300 0.035300
vn -0.000000 0.981400 -0.192200
vn 0.999100 0.035400 0.024600
vn -0.000000 -0.950600 0.310300
vn -0.037100 -0.950700 0.308000
vn 0.999000 0.035500 0.027800
vn 0.000000 -0.950700 0.310300
vn 0.998900 0.035700 0.031000
vn 0.998800 0.036000 0.033200
vn 0.000000 -0.562800 0.826600
vn 0.998700 0.036400 0.035300
vn 0.998700 0.036800 0.036400
vn -0.000000 -0.247400 0.968900
vn 0.998600 0.037300 0.037500
vn 0.998600 0.038400 0.037500
vn 0.998500 0.039500 0.037500
vn 0.998500 0.040000 0.036400
vn 0.000000 0.247400 0.968900
vn 0.998600 0.040500 0.035400
vn 0.998600 0.040800 0.033200
vn -0.000000 0.562800 0.826600
vn 0.998700 0.041200 0.031100
vn 0.998800 0.041400 0.027900
vn 0.000000 0.837400 0.546600
vn 0.998800 0.041700 0.024700
vn 0.998900 0.041700 0.020400
vn 0.000000 0.971300 0.237800
vn 0.999000 0.042000 0.016100
vn 0.999500 0.032000 0.000000
vn 0.998900 0.041800 -0.020400
vn 0.999000 0.041900 -0.016100
vn 0.998800 0.041600 -0.024600
vn 0.998800 0.041400 -0.027900
vn 0.998700 0.041200 -0.031100
vn 0.998600 0.040800 -0.033300
vn 0.998600 0.040500 -0.035400
vn 0.998500 0.040000 -0.036400
vn 0.998500 0.039500 -0.037500
vn 0.998600 0.038400 -0.037500
vn 0.998600 0.037300 -0.037500
vn 0.999100 0.035500 -0.024600
vn 0.999100 0.034700 -0.024600
vn 0.999100 0.033900 -0.024600
vn 0.999000 0.034100 -0.030000
vn 0.998800 0.033000 -0.035900
vn 0.000000 0.971300 -0.237800
vn 0.000000 0.971300 -0.237700
vn 0.000000 0.837400 -0.546600
vn -0.000000 0.562800 -0.826600
vn 0.000000 0.247400 -0.968900
vn 0.998700 0.036900 -0.036400
vn -0.000000 -0.247400 -0.968900
vn 0.998700 0.036300 -0.035300
vn 0.998800 0.036000 -0.033200
vn 0.000000 -0.562800 -0.826600
vn 0.999000 0.035600 -0.027800
vn 0.998900 0.035600 -0.031000
vn -0.000000 -0.950600 -0.310300
vn -0.000000 -0.950700 -0.310300
vn -0.000000 0.981400 0.192200
vn -0.000000 0.898100 -0.439700
vn 0.999800 0.020500 0.000100
vn 0.999500 0.022500 -0.021300
vn 0.999600 0.022400 -0.016000
vn 0.999400 0.022700 -0.026700
vn 0.999300 0.022800 -0.031000
vn 0.999100 0.023100 -0.035200
vn -0.000000 0.898100 0.439700
vn 0.003100 0.897800 0.440400
vn 0.999700 0.023900 -0.000000
vn 0.998900 0.027200 -0.037400
vn 0.998900 0.028200 -0.037400
vn 0.998900 0.028700 -0.036300
vn 0.999000 0.026300 -0.037400
vn 0.999000 0.025800 -0.036300
vn 0.999100 0.025300 -0.035200
vn 0.999100 0.024900 -0.033100
vn 0.999200 0.024600 -0.030900
vn 0.999300 0.024400 -0.027800
vn -0.000000 -0.837400 -0.546600
vn 0.999400 0.024100 -0.024500
vn 0.999500 0.024000 -0.020300
vn -0.000000 -0.971300 -0.237800
vn 0.999600 0.023800 -0.016000
vn 0.999600 0.023800 0.016000
vn 0.999500 0.030600 0.000200
vn 0.999400 0.030600 -0.016100
vn 0.999300 0.030500 -0.020300
vn 0.999200 0.030400 -0.024600
vn 0.999200 0.030100 -0.027800
vn 0.999100 0.029900 -0.031000
vn 0.999000 0.029500 -0.033100
vn 0.999000 0.029200 -0.035300
vn 0.999500 0.024000 0.020300
vn 0.999400 0.024100 0.024500
vn 0.999300 0.024400 0.027700
vn 0.999200 0.024600 0.031000
vn 0.999100 0.024900 0.033100
vn 0.999100 0.025300 0.035300
vn 0.999000 0.025800 0.036300
vn 0.999000 0.026300 0.037400
vn 0.998900 0.027200 0.037400
vn 0.998900 0.028200 0.037400
vn 0.998900 0.028700 0.036300
vn 0.999000 0.029100 0.035300
vn 0.999000 0.029500 0.033100
vn 0.999100 0.029900 0.031000
vn 0.999200 0.030100 0.027800
vn 0.999200 0.030300 0.024600
vn 0.999300 0.030500 0.020300
vn 0.999400 0.030600 0.016000
vn 0.016600 0.836500 -0.547800
vn -0.000000 -0.971300 0.237800
vn -0.023400 -0.970400 0.240300
vn -0.000000 -0.837400 0.546600
vn -0.003600 -0.838700 0.544600
vn -0.020400 -0.569500 0.821700
vn 0.008600 0.562500 0.826700
vn 0.999900 0.013500 0.001100
vn 1.000000 0.009400 0.000200
vn 0.999900 0.013000 -0.001100
vn 0.999900 0.012200 -0.007500
vn 0.999900 0.012500 -0.003200
vn 0.999900 0.011800 -0.011700
vn 0.999800 0.011700 -0.014900
vn 0.999800 0.011500 -0.018100
vn 0.999700 0.011500 -0.022400
vn 0.999600 0.011500 -0.026600
vn 0.999500 0.011700 -0.029900
vn 0.999400 0.011800 -0.033100
vn 0.000000 0.806000 -0.591900
vn 0.000800 0.804600 -0.593800
vn -0.000000 0.950600 -0.310300
vn -0.012300 0.950500 -0.310500
vn 0.007700 1.000000 0.000000
vn -0.000000 0.950600 0.310300
vn -0.006500 0.950600 0.310200
vn 0.999100 0.016700 -0.039400
vn 0.999800 0.016700 -0.007500
vn 0.999900 0.014400 -0.007500
vn 0.999100 0.014500 -0.039400
vn 0.999900 0.014100 -0.008500
vn 0.000000 -0.322300 0.946600
vn 0.999500 0.019000 -0.023500
vn 0.999800 0.019000 -0.007500
vn 0.999000 0.019000 -0.039500
vn 0.999200 0.014100 -0.038400
vn -0.000000 -0.322300 -0.946700
vn -0.000000 -0.322300 -0.946600
vn 0.999900 0.013700 -0.009600
vn 0.999200 0.013700 -0.037300
vn 0.999800 0.013500 -0.011700
vn 0.999300 0.013500 -0.035200
vn 0.999800 0.013300 -0.013900
vn 0.999400 0.013300 -0.033000
vn 0.999800 0.013100 -0.017000
vn 0.999500 0.013200 -0.029900
vn 0.999600 0.013000 -0.023400
vn 0.999600 0.013100 -0.026700
vn 0.999700 0.013000 -0.020300
vn -0.006100 -0.713700 0.700400
vn 1.000000 0.001700 0.003200
vn 0.999300 0.004300 0.037300
vn 0.999800 0.007900 0.020200
vn 0.999300 0.008000 0.037300
vn 1.000000 0.007900 0.003200
vn 1.000000 0.004800 0.003200
vn 1.000000 0.001700 -0.003200
vn 1.000000 0.001700 -0.009600
vn 0.999200 -0.003100 -0.039400
vn 0.999900 -0.005000 -0.009600
vn 0.999300 0.004300 -0.037300
vn 0.999900 0.004800 -0.009600
vn 0.999700 0.007900 -0.023400
vn 0.999900 0.007900 -0.009600
vn 0.999300 0.007900 -0.037300
vn 0.999200 -0.005100 -0.039400
vn 0.999200 -0.008400 -0.039400
vn 0.999900 -0.006500 -0.009600
vn 0.999200 -0.006500 -0.039400
vn 0.999800 -0.019800 0.003200
vn 0.999200 -0.017300 0.037300
vn 0.999800 -0.020000 0.000200
vn 0.999600 -0.022900 0.016000
vn 0.999500 -0.023000 0.021300
vn 0.999400 -0.023100 0.026700
vn 0.999200 -0.023300 0.031000
vn 0.999100 -0.023600 0.035200
vn 0.999700 -0.013700 0.020300
vn 0.999200 -0.013700 0.037300
vn 0.999900 -0.013700 0.003200
vn 0.999900 -0.016900 0.003200
vn 0.999800 -0.020000 -0.003200
vn 0.999800 -0.020000 -0.009600
vn 0.002100 -0.895900 -0.444300
vn 0.999200 -0.017300 -0.037300
vn 0.999800 -0.016900 -0.009600
vn 0.999600 -0.013700 -0.023500
vn 0.999900 -0.013700 -0.009600
vn 0.999200 -0.013700 -0.037300
vn 0.999700 -0.024400 0.000200
vn 0.999200 -0.031500 0.024600
vn 0.999200 -0.030800 0.024600
vn -0.005900 -0.950900 0.309300
vn 0.999100 -0.030700 0.027800
vn 0.999100 -0.030600 0.031000
vn 0.999000 -0.030200 0.033100
vn 0.998900 -0.029900 0.035300
vn 0.998900 -0.029400 0.036300
vn 0.998900 -0.028900 0.037400
vn 0.998900 -0.027800 0.037400
vn 0.998900 -0.026700 0.037400
vn 0.999000 -0.026300 0.036300
vn 0.999000 -0.025800 0.035200
vn 0.999100 -0.025400 0.033100
vn 0.999200 -0.025000 0.031000
vn 0.999300 -0.024800 0.027800
vn 0.999400 -0.024600 0.024500
vn 0.999500 -0.024400 0.020300
vn 0.999600 -0.024300 0.016000
vn 0.999400 -0.034200 0.000100
vn 0.999500 -0.024400 -0.020300
vn 0.999600 -0.024400 -0.016000
vn 0.999400 -0.024600 -0.024600
vn 0.999300 -0.024800 -0.027800
vn 0.999200 -0.025100 -0.031000
vn 0.999100 -0.025400 -0.033100
vn 0.999000 -0.025800 -0.035200
vn 0.999000 -0.026300 -0.036300
vn 0.998900 -0.026700 -0.037400
vn 0.998900 -0.027800 -0.037400
vn 0.998900 -0.028900 -0.037400
vn 0.999200 -0.030800 -0.024600
vn 0.999200 -0.031600 -0.024600
vn 0.999200 -0.032300 -0.024600
vn 0.999000 -0.032100 -0.029900
vn 0.998900 -0.031900 -0.035400
vn -0.002300 0.971000 -0.238900
vn -0.014400 0.838400 -0.544800
vn -0.000900 0.562400 -0.826900
vn 0.998900 -0.029400 -0.036300
vn 0.998900 -0.029900 -0.035300
vn 0.000900 -0.554600 -0.832100
vn 0.999000 -0.030200 -0.033100
vn 0.999100 -0.030700 -0.027800
vn 0.999100 -0.030600 -0.031000
vn 0.999100 -0.042400 0.003200
vn 0.999300 -0.035600 -0.009600
vn 0.695300 0.219300 0.684500
vn 0.694900 0.220300 0.684500
vn 0.692200 0.182800 0.698200
vn 0.696300 0.229900 0.679900
vn 0.697200 0.236400 0.676800
vn -0.000000 -0.970500 -0.241300
vn 0.000000 -0.936500 -0.350700
vn 0.695500 0.221800 0.683400
vn 0.000000 -0.879900 -0.475200
vn -0.000000 0.420700 0.907200
vn -0.000000 0.371500 0.928400
vn 0.696200 0.217700 0.684100
vn 0.695900 0.218000 0.684300
vn 0.695600 0.218500 0.684400
vn -0.000000 0.340000 0.940400
vn -0.000000 0.339800 0.940500
vn 0.000200 0.370800 0.928700
vn 0.000000 0.321100 0.947000
vn 0.000300 0.319900 0.947500
vn 0.000000 0.269400 0.963000
vn 0.000000 0.268100 0.963400
vn 0.000000 0.243100 0.970000
vn -0.000000 0.216700 0.976200
vn 0.000100 0.215400 0.976500
vn -0.000000 0.190000 0.981800
vn 0.000000 0.163200 0.986600
vn 0.000100 0.162100 0.986800
vn 0.000000 0.136200 0.990700
vn 0.000100 0.109200 0.994000
vn 0.000000 0.108300 0.994100
vn -0.000000 0.081900 0.996600
vn 0.000000 0.054700 0.998500
vn 0.000200 0.054300 0.998500
vn -0.000000 0.027300 0.999600
vn 0.000000 -0.991300 0.131700
vn -0.000000 -0.992300 -0.123800
vn 0.703800 -0.617200 -0.351800
vn 0.000000 0.744500 -0.667700
vn 0.703500 -0.614100 -0.357700
vn -0.000000 0.840600 -0.541700
vn 0.703100 -0.610400 -0.364800
vn -0.000000 0.913300 -0.407300
vn 0.702600 -0.606200 -0.372700
vn 0.000000 0.945400 -0.326000
vn -0.000000 0.963000 -0.269600
vn 0.699100 -0.572300 -0.428700
vn 0.702100 -0.601600 -0.380900
vn 0.000000 0.991100 -0.132800
vn 0.701600 -0.596800 -0.389300
vn 0.701100 -0.592400 -0.396900
vn -0.000000 0.993200 0.116200
vn 0.700600 -0.587800 -0.404500
vn -0.000000 0.974000 0.226400
vn 0.700100 -0.583300 -0.411800
vn -0.000000 0.943900 0.330200
vn 0.699600 -0.578700 -0.419000
vn 0.000000 0.904100 0.427400
vn 0.699200 -0.574100 -0.426100
vn -0.000000 0.855300 0.518200
vn 0.695400 -0.535900 -0.478700
vn 0.698700 -0.569500 -0.433000
vn 0.000000 0.798000 0.602700
vn 0.698200 -0.564900 -0.439800
vn 0.000000 0.732500 0.680800
vn 0.697800 -0.560200 -0.446400
vn -0.000000 0.658900 0.752200
vn 0.697300 -0.555600 -0.453000
vn -0.000000 0.577000 0.816800
vn 0.696800 -0.550900 -0.459300
vn -0.000000 0.486400 0.873700
vn 0.696400 -0.546200 -0.465500
vn -0.000000 0.387000 0.922100
vn 0.695900 -0.541600 -0.471600
vn -0.000000 0.278600 0.960400
vn 0.695500 -0.537100 -0.477400
vn -0.000000 0.161300 0.986900
vn 0.695000 -0.532800 -0.482700
vn -0.000000 0.036200 0.999300
vn 0.694700 -0.528900 -0.487500
vn 0.000000 -0.095600 0.995400
vn 0.694300 -0.525500 -0.491700
vn 0.000000 -0.231500 0.972800
vn 0.694100 -0.523000 -0.494800
vn 0.000000 -0.368300 0.929700
vn 0.687800 0.128200 -0.714500
vn 0.685300 0.095600 -0.722000
vn 0.000000 0.816700 0.577100
vn 0.685600 0.100400 -0.721000
vn -0.000000 0.724900 0.688800
vn 0.686000 0.106300 -0.719800
vn 0.000000 0.622700 0.782400
vn 0.686500 0.112700 -0.718400
vn 0.000000 0.514200 0.857700
vn 0.687000 0.119700 -0.716800
vn -0.000000 0.402700 0.915300
vn 0.687400 0.126900 -0.715100
vn 0.000000 0.289700 0.957100
vn 0.692000 0.182800 -0.698300
vn 0.688100 0.134300 -0.713100
vn -0.000000 0.177300 0.984200
vn 0.688600 0.141800 -0.711100
vn 0.000000 0.066300 0.997800
vn 0.689200 0.149300 -0.709000
vn -0.000000 -0.042900 0.999100
vn 0.689800 0.157000 -0.706800
vn -0.000100 -0.149600 0.988700
vn 0.690500 0.164700 -0.704400
vn 0.000000 -0.254800 0.967000
vn 0.691200 0.172500 -0.701700
vn -0.000000 -0.357000 0.934100
vn 0.691800 0.180500 -0.699200
vn -0.000000 -0.456300 0.889800
vn 0.697200 0.236400 -0.676800
vn 0.692500 0.188600 -0.696300
vn -0.000000 -0.552400 0.833600
vn 0.693200 0.196800 -0.693300
vn -0.000000 -0.644200 0.764800
vn 0.694000 0.205200 -0.690200
vn 0.000000 -0.730900 0.682500
vn 0.694800 0.213500 -0.686800
vn 0.000000 -0.810100 0.586200
vn 0.695500 0.221800 -0.683400
vn 0.000000 -0.879700 0.475500
vn 0.696300 0.229900 -0.680000
vn -0.000000 -0.936500 0.350700
vn 0.694900 0.220400 -0.684500
vn 0.692500 0.204300 -0.691900
vn 0.000000 -0.945400 0.326000
vn 0.000000 -0.970500 0.241200
vn 0.695300 0.219300 -0.684500
vn 0.000000 0.420700 -0.907200
vn 0.000000 0.339900 -0.940500
vn 0.000100 0.370900 -0.928700
vn -0.000000 0.371500 -0.928400
vn -0.000100 0.256900 -0.966400
vn 0.000000 0.256600 -0.966500
vn -0.000000 0.340100 -0.940400
vn -0.000100 0.171800 -0.985100
vn 0.000000 0.171500 -0.985200
vn -0.000000 0.085300 -0.996400
vn -0.000000 0.085200 -0.996400
vn 0.000000 -0.001600 -1.000000
vn -0.000100 -0.001700 -1.000000
vn 0.000000 -0.088400 -0.996100
vn -0.000200 -0.088800 -0.996100
vn 0.000000 -0.174300 -0.984700
vn 0.000100 -0.175200 -0.984500
vn 0.000200 -0.258600 -0.966000
vn -0.000300 -0.260200 -0.965500
vn -0.000100 -0.342100 -0.939700
vn -0.000400 -0.343300 -0.939200
vn -0.000000 -0.422300 -0.906500
vn 0.000100 -0.423700 -0.905800
vn 0.000400 -0.499700 -0.866200
vn -0.000400 -0.501100 -0.865400
vn 0.000100 -0.573100 -0.819500
vn -0.000100 -0.574400 -0.818600
vn 0.000000 -0.642300 -0.766500
vn -0.000400 -0.643500 -0.765400
vn 0.000000 -0.706700 -0.707500
vn -0.000300 -0.707700 -0.706500
vn 0.000000 -0.765800 -0.643100
vn -0.000200 -0.766500 -0.642300
vn -0.000000 -0.819000 -0.573800
vn -0.000100 -0.819400 -0.573200
vn 0.000000 -0.866000 -0.500100
vn -0.000100 -0.866200 -0.499800
vn 0.000000 -0.906400 -0.422500
vn -0.000000 -0.939700 -0.342000
vn -0.000000 -0.965900 -0.258900
vn 0.000000 -0.966000 -0.258600
vn -0.000000 -0.984800 -0.173700
vn -0.000000 -0.984800 -0.173600
vn -0.000000 -0.996200 -0.087200
vn 0.000000 -0.996200 -0.086900
vn 0.000000 -0.996200 0.086900
vn -0.000000 -0.996200 0.087100
vn 0.000000 -0.984900 0.173200
vn 0.000000 -0.984800 0.173600
vn 0.000000 -0.966000 0.258500
vn -0.000000 -0.939800 0.341700
vn 0.000000 -0.939800 0.341600
vn -0.000000 -0.966000 0.258600
vn -0.000100 -0.906500 0.422200
vn 0.000000 -0.906400 0.422500
vn 0.703100 -0.610400 0.364800
vn 0.702600 -0.604900 0.374900
vn -0.000100 -0.866300 0.499500
vn 0.000000 -0.866000 0.500000
vn 0.703500 -0.614100 0.357700
vn 0.703800 -0.617200 0.351800
vn 0.699600 -0.578700 0.419000
vn 0.699100 -0.572300 0.428700
vn -0.000200 -0.819500 0.573000
vn 0.000100 -0.819100 0.573600
vn 0.700100 -0.583300 0.411800
vn 0.700600 -0.587800 0.404500
vn 0.701100 -0.592300 0.396900
vn 0.701600 -0.596900 0.389300
vn 0.702100 -0.601600 0.380900
vn 0.702600 -0.606200 0.372600
vn 0.695800 -0.541600 0.471700
vn 0.695500 -0.535700 0.478900
vn 0.000100 -0.766500 0.642300
vn 0.000000 -0.765800 0.643100
vn 0.696300 -0.546200 0.465600
vn 0.696800 -0.550900 0.459400
vn 0.697300 -0.555500 0.453000
vn 0.697700 -0.560200 0.446400
vn 0.698200 -0.564900 0.439800
vn 0.698600 -0.569400 0.433200
vn 0.699200 -0.574100 0.426100
vn -0.000300 -0.707800 0.706400
vn 0.000000 -0.706700 0.707500
vn 0.694100 -0.522800 0.494800
vn 0.694300 -0.525500 0.491700
vn 0.694700 -0.528900 0.487500
vn 0.695000 -0.532800 0.482700
vn 0.695500 -0.537100 0.477400
vn 0.000100 -0.643500 0.765500
vn 0.000000 -0.642300 0.766400
vn 0.000100 -0.574400 0.818600
vn 0.000400 -0.573400 0.819300
vn 0.000000 -0.501000 0.865500
vn 0.000400 -0.499700 0.866200
vn -0.000100 -0.423800 0.905800
vn 0.000400 -0.422300 0.906500
vn -0.000400 -0.343400 0.939200
vn 0.000300 -0.341700 0.939800
vn -0.000000 -0.260300 0.965500
vn 0.000100 -0.258900 0.965900
vn 0.000100 -0.175400 0.984500
vn 0.000000 -0.174300 0.984700
vn -0.000200 -0.089000 0.996000
vn 0.000000 -0.088400 0.996100
vn -0.000100 -0.002000 1.000000
vn 0.000000 -0.001600 1.000000
vn -0.000100 0.085100 0.996400
vn -0.000000 0.085200 0.996400
vn -0.000000 0.171500 0.985200
vn 0.687000 0.119900 0.716700
vn 0.687700 0.128200 0.714600
vn -0.000000 0.256500 0.966500
vn 0.686500 0.113000 0.718300
vn 0.686000 0.106400 0.719800
vn 0.685600 0.100500 0.721000
vn 0.685200 0.095700 0.722000
vn 0.691100 0.172600 0.701800
vn -0.000000 0.256700 0.966500
vn 0.690500 0.164800 0.704300
vn 0.689900 0.157100 0.706700
vn 0.689200 0.149500 0.709000
vn 0.688600 0.141800 0.711100
vn 0.688100 0.134600 0.713100
vn 0.687500 0.127000 0.715000
vn 0.694800 0.213500 0.686800
vn 0.694000 0.205200 0.690100
vn 0.693200 0.196900 0.693300
vn 0.692500 0.188900 0.696200
vn 0.691900 0.180800 0.699000
vn -0.000000 -0.810500 -0.585700
vn -0.000000 -0.731500 -0.681900
vn -0.000000 -0.645000 -0.764200
vn -0.000000 -0.553300 -0.833000
vn -0.000000 -0.457500 -0.889200
vn -0.000000 -0.358200 -0.933600
vn -0.000000 -0.256300 -0.966600
vn -0.000000 -0.151500 -0.988500
vn 0.000000 -0.045000 -0.999000
vn 0.000000 0.063700 -0.998000
vn -0.000000 0.174200 -0.984700
vn 0.000000 0.286100 -0.958200
vn 0.000000 0.398800 -0.917000
vn 0.000000 0.510500 -0.859900
vn 0.000000 0.619300 -0.785200
vn 0.000000 0.722100 -0.691800
vn -0.000000 0.814700 -0.579800
vn 0.000100 -0.399900 -0.916600
vn -0.000000 -0.368400 -0.929700
vn 0.000000 -0.231500 -0.972800
vn 0.000000 -0.095600 -0.995400
vn -0.000000 0.036200 -0.999300
vn -0.000000 0.161400 -0.986900
vn -0.000000 0.278500 -0.960400
vn 0.000000 0.386800 -0.922200
vn 0.000000 0.486200 -0.873800
vn 0.000000 0.576800 -0.816900
vn -0.000000 0.658800 -0.752300
vn 0.000000 0.732500 -0.680800
vn 0.000000 0.798000 -0.602700
vn -0.000000 0.855300 -0.518200
vn -0.000000 0.904100 -0.427300
vn 0.000000 0.944000 -0.330000
vn -0.000000 0.974100 -0.226200
vn 0.000000 0.993300 -0.116000
vn -0.000000 0.991100 0.132900
vn -0.000000 0.962900 0.269700
vn 0.000000 0.913300 0.407300
vn -0.000000 0.840600 0.541700
vn 0.000000 0.744400 0.667700
vn -0.000000 -0.992300 0.123700
vn -0.000000 -0.991200 -0.132300
vn 0.000000 -0.986400 -0.164400
vn 0.695900 0.217900 -0.684300
vn 0.695600 0.218500 -0.684400
vn 0.696200 0.217700 -0.684100
vn 0.000100 0.027300 -0.999600
vn 0.000000 0.054200 -0.998500
vn 0.000000 0.054300 -0.998500
vn 0.000000 0.081900 -0.996600
vn 0.000000 0.108300 -0.994100
vn -0.000000 0.109100 -0.994000
vn 0.000000 0.136200 -0.990700
vn 0.000000 0.162100 -0.986800
vn 0.000000 0.163000 -0.986600
vn -0.000000 0.190100 -0.981800
vn 0.000000 0.215400 -0.976500
vn 0.000000 0.216700 -0.976200
vn 0.000300 0.268000 -0.963400
vn -0.000000 0.269400 -0.963000
vn 0.000300 0.319900 -0.947500
vn -0.000000 0.321000 -0.947100
vn 0.000200 -0.054300 -0.998500
vn -0.000000 -0.027300 -0.999600
vn 0.695300 -0.219200 -0.684400
vn 0.694900 -0.220300 -0.684500
vn 0.692200 -0.182800 -0.698200
vn 0.696300 -0.229800 -0.679900
vn 0.697200 -0.236400 -0.676800
vn 0.000000 0.970500 0.241200
vn 0.000000 0.936500 0.350600
vn 0.695600 -0.221800 -0.683400
vn -0.000000 0.879900 0.475200
vn -0.000000 -0.420700 -0.907200
vn -0.000000 -0.371500 -0.928400
vn 0.696200 -0.217700 -0.684000
vn 0.695900 -0.217900 -0.684300
vn 0.695600 -0.218500 -0.684400
vn -0.000000 -0.340000 -0.940400
vn -0.000000 -0.339800 -0.940500
vn -0.000200 -0.370800 -0.928700
vn 0.000000 -0.321100 -0.947000
vn 0.000300 -0.319900 -0.947500
vn 0.000000 -0.269400 -0.963000
vn 0.000100 -0.268100 -0.963400
vn 0.000000 -0.243100 -0.970000
vn -0.000000 -0.216700 -0.976200
vn 0.000100 -0.215400 -0.976500
vn 0.000000 -0.190000 -0.981800
vn 0.000000 -0.163200 -0.986600
vn 0.000100 -0.162100 -0.986800
vn 0.000000 -0.136200 -0.990700
vn 0.000000 -0.109100 -0.994000
vn 0.000000 -0.108300 -0.994100
vn -0.000000 -0.081900 -0.996600
vn -0.000000 -0.054700 -0.998500
vn 0.000000 0.991300 -0.131700
vn -0.000000 0.992300 0.123800
vn 0.703800 0.617100 0.351900
vn 0.000000 -0.744500 0.667700
vn 0.703500 0.614100 0.357700
vn -0.000000 -0.840600 0.541700
vn 0.703100 0.610400 0.364800
vn -0.000000 -0.913300 0.407300
vn 0.702600 0.606200 0.372600
vn -0.000000 -0.963000 0.269600
vn 0.699100 0.572300 0.428700
vn 0.702100 0.601700 0.381000
vn -0.000000 -0.991100 0.132800
vn 0.701600 0.596800 0.389300
vn 0.701100 0.592400 0.397000
vn -0.000000 -0.993200 -0.116200
vn 0.700600 0.587800 0.404500
vn -0.000000 -0.974000 -0.226400
vn 0.700200 0.583300 0.411800
vn -0.000000 -0.943900 -0.330200
vn 0.699600 0.578700 0.419000
vn -0.000000 -0.904100 -0.427400
vn 0.699100 0.574100 0.426200
vn -0.000100 -0.855300 -0.518200
vn 0.695500 0.535700 0.478900
vn 0.698700 0.569500 0.433000
vn -0.000000 -0.798000 -0.602700
vn 0.698200 0.564800 0.439800
vn -0.000000 -0.732500 -0.680800
vn 0.697700 0.560200 0.446400
vn 0.000000 -0.677000 -0.736000
vn -0.000000 -0.658900 -0.752200
vn 0.697300 0.555600 0.452900
vn 0.000000 -0.577000 -0.816800
vn 0.696800 0.550900 0.459300
vn 0.000000 -0.486400 -0.873700
vn 0.696300 0.546200 0.465600
vn 0.000000 -0.387000 -0.922100
vn 0.695900 0.541500 0.471700
vn -0.000000 -0.278600 -0.960400
vn 0.695500 0.537100 0.477300
vn -0.000000 -0.161400 -0.986900
vn 0.695100 0.532800 0.482700
vn -0.000000 -0.036200 -0.999300
vn 0.694700 0.528900 0.487500
vn -0.000000 0.095600 -0.995400
vn 0.694300 0.525600 0.491700
vn 0.000000 0.231500 -0.972800
vn 0.694100 0.523000 0.494700
vn 0.000000 0.368300 -0.929700
vn 0.687800 -0.128200 0.714500
vn 0.685000 -0.095600 0.722200
vn 0.000000 -0.816700 -0.577100
vn 0.685600 -0.100400 0.721000
vn 0.000000 -0.724900 -0.688800
vn 0.686000 -0.106300 0.719800
vn -0.000000 -0.622700 -0.782400
vn 0.686400 -0.112800 0.718400
vn -0.000000 -0.514200 -0.857700
vn 0.687000 -0.119700 0.716800
vn 0.000000 -0.402700 -0.915300
vn 0.687500 -0.126900 0.715000
vn 0.000000 -0.289700 -0.957100
vn 0.692000 -0.182800 0.698300
vn 0.688100 -0.134300 0.713100
vn 0.000000 -0.177300 -0.984200
vn 0.688600 -0.141800 0.711200
vn 0.000000 -0.066300 -0.997800
vn 0.689200 -0.149400 0.709000
vn 0.000000 0.042900 -0.999100
vn 0.689800 -0.157000 0.706800
vn 0.000000 0.149700 -0.988700
vn 0.690500 -0.164700 0.704300
vn 0.000000 0.254800 -0.967000
vn 0.691100 -0.172600 0.701800
vn -0.000000 0.357000 -0.934100
vn 0.691800 -0.180500 0.699200
vn -0.000000 0.456300 -0.889800
vn 0.697200 -0.236400 0.676800
vn 0.692500 -0.188600 0.696300
vn -0.000000 0.552400 -0.833600
vn 0.693200 -0.196800 0.693300
vn 0.000000 0.644300 -0.764800
vn 0.694000 -0.205100 0.690100
vn -0.000000 0.730900 -0.682500
vn 0.694700 -0.213500 0.686800
vn -0.000000 0.810100 -0.586200
vn 0.695500 -0.221800 0.683400
vn -0.000000 0.879700 -0.475600
vn 0.696300 -0.229800 0.680000
vn -0.000000 0.936500 -0.350700
vn 0.694900 -0.220400 0.684500
vn 0.692500 -0.204300 0.691900
vn -0.000000 0.970500 -0.241200
vn 0.695300 -0.219300 0.684500
vn 0.000000 -0.420700 0.907200
vn 0.000000 -0.339900 0.940500
vn -0.000300 -0.370700 0.928700
vn 0.000000 -0.371600 0.928400
vn -0.000100 -0.256900 0.966400
vn 0.000000 -0.256600 0.966500
vn 0.000000 -0.340100 0.940400
vn -0.000100 -0.171800 0.985100
vn 0.000000 -0.171500 0.985200
vn -0.000000 -0.085300 0.996400
vn -0.000000 -0.085200 0.996400
vn -0.000000 0.001600 1.000000
vn -0.000100 0.001700 1.000000
vn 0.000000 0.088300 0.996100
vn -0.000200 0.088800 0.996100
vn 0.000000 0.174300 0.984700
vn -0.000200 0.175200 0.984500
vn 0.000100 0.258900 0.965900
vn -0.000300 0.260200 0.965500
vn 0.000100 0.341900 0.939700
vn -0.000400 0.343300 0.939200
vn 0.000300 0.422300 0.906500
vn 0.000100 0.423700 0.905800
vn 0.000400 0.499700 0.866200
vn -0.000400 0.501100 0.865400
vn -0.000100 0.573000 0.819600
vn 0.000100 0.574400 0.818600
vn 0.000000 0.642300 0.766500
vn -0.000000 0.643500 0.765500
vn -0.000000 0.706700 0.707500
vn 0.000000 0.707600 0.706600
vn 0.000000 0.765800 0.643100
vn -0.000200 0.766500 0.642300
vn 0.000000 0.819000 0.573700
vn -0.000100 0.819400 0.573200
vn 0.000000 0.866000 0.500000
vn -0.000100 0.866200 0.499800
vn 0.000000 0.906400 0.422500
vn 0.000000 0.939800 0.341800
vn -0.000000 0.965900 0.258900
vn 0.000000 0.966000 0.258600
vn 0.000000 0.939700 0.342000
vn -0.000000 0.984800 0.173700
vn -0.000000 0.984800 0.173600
vn -0.000000 0.996200 0.087200
vn 0.000000 0.996200 0.086900
vn 0.000000 0.996200 -0.086900
vn -0.000000 0.996200 -0.087100
vn 0.000000 0.984900 -0.173200
vn -0.000000 0.984800 -0.173600
vn -0.000000 0.966000 -0.258700
vn -0.000000 0.939800 -0.341700
vn -0.000000 0.966000 -0.258600
vn -0.000100 0.906500 -0.422200
vn 0.000000 0.906400 -0.422500
vn 0.703100 0.610400 -0.364800
vn 0.702500 0.604900 -0.374900
vn -0.000100 0.866300 -0.499500
vn 0.000000 0.866000 -0.500100
vn 0.703500 0.614100 -0.357800
vn 0.703800 0.617200 -0.351800
vn 0.699600 0.578700 -0.419100
vn 0.699100 0.572300 -0.428700
vn -0.000200 0.819500 -0.573000
vn 0.000000 0.819000 -0.573700
vn 0.700100 0.583300 -0.411900
vn 0.700600 0.587800 -0.404500
vn 0.701100 0.592400 -0.396900
vn 0.701600 0.596800 -0.389300
vn 0.702100 0.601600 -0.380900
vn 0.702600 0.606200 -0.372700
vn 0.695800 0.541600 -0.471600
vn 0.695500 0.535700 -0.478900
vn 0.000100 0.766500 -0.642300
vn 0.000000 0.765800 -0.643100
vn 0.696300 0.546200 -0.465700
vn 0.696800 0.550900 -0.459400
vn 0.697300 0.555600 -0.453000
vn 0.697700 0.560200 -0.446500
vn 0.698200 0.564900 -0.439800
vn 0.698700 0.569400 -0.433200
vn 0.699200 0.574100 -0.426100
vn -0.000300 0.707800 -0.706400
vn -0.000000 0.706700 -0.707500
vn 0.694100 0.523100 -0.494500
vn 0.694300 0.525500 -0.491700
vn 0.694600 0.528900 -0.487500
vn 0.695000 0.532800 -0.482800
vn 0.695500 0.537100 -0.477300
vn 0.000100 0.643500 -0.765500
vn 0.000100 0.642400 -0.766400
vn 0.000100 0.574400 -0.818600
vn 0.000200 0.573200 -0.819400
vn -0.000100 0.501000 -0.865400
vn 0.000400 0.499700 -0.866200
vn 0.000000 0.423800 -0.905800
vn 0.000000 0.422300 -0.906500
vn -0.000100 0.343400 -0.939200
vn 0.000300 0.341700 -0.939800
vn -0.000300 0.260400 -0.965500
vn -0.000000 0.259200 -0.965800
vn 0.000100 0.175400 -0.984500
vn 0.000000 0.174300 -0.984700
vn -0.000200 0.089000 -0.996000
vn 0.000000 0.088300 -0.996100
vn -0.000100 0.002000 -1.000000
vn 0.000000 0.001600 -1.000000
vn -0.000100 -0.085100 -0.996400
vn -0.000000 -0.085100 -0.996400
vn -0.000000 -0.171500 -0.985200
vn 0.687000 -0.119900 -0.716700
vn 0.687900 -0.128200 -0.714400
vn 0.000000 -0.256600 -0.966500
vn 0.686500 -0.112900 -0.718300
vn 0.686000 -0.106400 -0.719800
vn 0.685600 -0.100600 -0.721000
vn 0.685200 -0.095700 -0.722000
vn 0.691100 -0.172700 -0.701800
vn -0.000000 -0.256700 -0.966500
vn 0.690500 -0.164900 -0.704300
vn 0.689900 -0.157100 -0.706700
vn 0.689200 -0.149500 -0.708900
vn 0.688700 -0.141900 -0.711100
vn 0.688100 -0.134500 -0.713000
vn 0.687500 -0.127100 -0.715000
vn 0.694700 -0.213600 -0.686800
vn 0.694000 -0.205200 -0.690100
vn 0.693300 -0.196800 -0.693300
vn 0.692500 -0.188800 -0.696300
vn 0.691800 -0.180800 -0.699100
vn 0.000000 0.810500 0.585700
vn 0.000000 0.731500 0.681900
vn 0.000000 0.645000 0.764200
vn -0.000000 0.553300 0.833000
vn -0.000000 0.457500 0.889200
vn 0.000000 0.358200 0.933600
vn -0.000000 0.256300 0.966600
vn -0.000000 0.151500 0.988400
vn 0.000000 0.045000 0.999000
vn 0.000000 -0.063700 0.998000
vn 0.000000 -0.174200 0.984700
vn 0.000000 -0.286100 0.958200
vn 0.000000 -0.398800 0.917000
vn 0.000000 -0.510500 0.859900
vn 0.000000 -0.547100 0.837000
vn 0.000000 -0.619300 0.785200
vn 0.000000 -0.722100 0.691800
vn 0.000000 -0.814700 0.579900
vn -0.000000 0.368400 0.929700
vn 0.000100 0.243300 0.970000
vn -0.000000 0.231500 0.972800
vn 0.000000 0.095600 0.995400
vn -0.000000 -0.036200 0.999300
vn 0.000000 -0.161400 0.986900
vn 0.000000 -0.278500 0.960400
vn -0.000000 -0.386800 0.922200
vn -0.000000 -0.486200 0.873800
vn -0.000000 -0.576800 0.816900
vn -0.000000 -0.658800 0.752300
vn -0.000000 -0.732500 0.680800
vn -0.000000 -0.798000 0.602700
vn -0.000000 -0.855300 0.518200
vn 0.000000 -0.904100 0.427400
vn 0.000100 -0.944000 0.330000
vn 0.000000 -0.974100 0.226200
vn -0.000000 -0.993300 0.115900
vn 0.000000 -0.991100 -0.133000
vn 0.000000 -0.962900 -0.269700
vn 0.000000 -0.913300 -0.407300
vn -0.000000 -0.840600 -0.541700
vn -0.000000 -0.744400 -0.667700
vn -0.000000 0.992300 -0.123700
vn -0.000000 0.991200 0.132300
vn 0.695900 -0.217900 0.684300
vn 0.695600 -0.218500 0.684400
vn 0.696200 -0.217700 0.684100
vn 0.000100 -0.027300 0.999600
vn 0.000000 -0.054200 0.998500
vn 0.000000 -0.054600 0.998500
vn 0.000000 -0.081900 0.996600
vn 0.000000 -0.108300 0.994100
vn 0.000000 -0.108700 0.994100
vn 0.000100 -0.136200 0.990700
vn 0.000000 -0.162100 0.986800
vn -0.000000 -0.163300 0.986600
vn 0.000000 -0.190000 0.981800
vn 0.000000 -0.215400 0.976500
vn 0.000000 -0.216700 0.976200
vn 0.000300 -0.268000 0.963400
vn -0.000000 -0.269400 0.963000
vn -0.000000 -0.319900 0.947400
vn -0.000000 -0.321000 0.947100
vn -0.000000 -0.120600 0.992700
vn -1.000000 0.000000 0.000000
vn -0.000000 0.027500 0.999600
vn -0.000000 0.054200 0.998500
vn -0.725600 -0.024000 0.687700
vn -0.725600 -0.024300 0.687700
vn -0.725700 -0.019400 0.687700
vn -0.725700 0.007100 0.688000
vn -0.725500 -0.012600 0.688200
vn -0.725500 -0.027300 0.687700
vn -0.725600 -0.024100 0.687700
vn -0.725800 -0.019300 0.687700
vn -0.725900 -0.014500 0.687600
vn -0.726000 -0.009700 0.687600
vn -0.726000 -0.009600 0.687600
vn -0.726100 -0.004800 0.687600
vn -0.726100 0.000000 0.687600
vn -0.726100 0.004800 0.687600
vn -0.726000 0.009700 0.687600
vn -0.725900 0.014500 0.687600
vn -0.725800 0.019400 0.687700
vn -0.725700 0.019300 0.687700
vn -0.725600 0.024300 0.687700
vn -0.000200 -0.054300 0.998500
vn -0.725600 0.024100 0.687700
vn -0.725400 0.012300 0.688200
vn -0.725500 0.027300 0.687700
vn -0.000000 -0.027600 0.999600
vn 0.000000 0.120600 0.992700
vn -0.000000 -0.992700 0.120600
vn -0.000000 -0.970900 0.239400
vn 0.000000 -0.935000 0.354700
vn 0.000000 -0.885500 0.464700
vn -0.000000 -0.885400 0.464800
vn 0.000000 -0.823000 0.568000
vn -0.000000 -0.822900 0.568100
vn 0.000000 -0.748600 0.663100
vn -0.000000 -0.748500 0.663200
vn 0.000000 -0.663200 0.748500
vn -0.000000 -0.663100 0.748600
vn 0.000000 -0.568100 0.822900
vn -0.000000 -0.568000 0.823000
vn 0.000000 -0.464800 0.885400
vn -0.000000 -0.464700 0.885500
vn 0.000000 -0.354700 0.935000
vn 0.000000 -0.239400 0.970900
vn -0.000000 0.370900 0.928700
vn -0.000000 0.339900 0.940500
vn -0.000000 0.340100 0.940400
vn 0.000000 0.320200 0.947300
vn -0.000100 0.319900 0.947400
vn 0.000000 0.371000 0.928600
vn 0.000000 0.268400 0.963300
vn -0.000200 0.268100 0.963400
vn 0.000000 0.216200 0.976400
vn -0.000200 0.215400 0.976500
vn 0.000000 0.163000 0.986600
vn -0.000200 0.162100 0.986800
vn 0.000000 0.109300 0.994000
vn -0.000000 0.108400 0.994100
vn -0.000000 0.082200 0.996600
vn -0.000000 0.054900 0.998500
vn -0.000000 -0.992700 -0.120600
vn 0.000000 -0.970900 -0.239400
vn -0.000000 -0.935000 -0.354700
vn -0.000000 -0.885500 -0.464700
vn 0.000000 -0.885400 -0.464800
vn -0.000000 -0.823000 -0.568000
vn 0.000000 -0.822900 -0.568100
vn -0.000000 -0.748600 -0.663100
vn 0.000000 -0.748500 -0.663200
vn -0.000000 -0.663200 -0.748500
vn 0.000000 -0.663100 -0.748600
vn -0.000000 -0.568100 -0.822900
vn 0.000000 -0.568000 -0.823000
vn -0.000000 -0.464800 -0.885400
vn 0.000000 -0.464700 -0.885500
vn -0.000000 -0.354700 -0.935000
vn -0.000000 -0.239400 -0.970900
vn 0.000000 -0.120600 -0.992700
vn -0.000200 0.054300 -0.998500
vn -0.000000 0.054700 -0.998500
vn -0.000200 0.108400 -0.994100
vn -0.000000 0.027300 -0.999600
vn -0.000100 0.109200 -0.994000
vn -0.000000 0.163200 -0.986600
vn -0.000100 0.215400 -0.976500
vn -0.000000 0.268100 -0.963400
vn -0.000300 0.319900 -0.947500
vn -0.000000 0.243200 -0.970000
vn -0.000000 0.321100 -0.947000
vn 0.000200 0.370900 -0.928700
vn 0.000000 0.371600 -0.928400
vn 0.000000 0.340000 -0.940400
vn 0.000000 0.256700 -0.966500
vn 0.000000 0.085100 -0.996400
vn -0.000000 -0.001700 -1.000000
vn 0.000100 -0.002000 -1.000000
vn 0.000200 -0.089100 -0.996000
vn -0.000000 -0.174400 -0.984700
vn 0.000200 -0.175400 -0.984500
vn -0.000100 -0.259100 -0.965900
vn 0.000300 -0.260400 -0.965500
vn -0.000100 -0.342100 -0.939600
vn 0.000300 -0.343400 -0.939200
vn -0.000300 -0.422500 -0.906400
vn -0.000100 -0.423700 -0.905800
vn -0.000300 -0.499900 -0.866100
vn 0.000400 -0.501100 -0.865400
vn -0.000300 -0.573500 -0.819200
vn 0.000400 -0.574500 -0.818500
vn 0.000100 -0.642300 -0.766500
vn -0.000100 -0.643500 -0.765500
vn -0.000000 -0.706800 -0.707400
vn 0.000300 -0.707800 -0.706400
vn -0.000000 -0.765900 -0.643000
vn -0.000100 -0.766500 -0.642300
vn -0.000000 -0.819100 -0.573700
vn 0.000200 -0.819500 -0.573000
vn -0.000000 -0.866000 -0.500000
vn -0.000200 -0.866200 -0.499600
vn -0.000000 -0.906300 -0.422600
vn 0.000100 -0.906500 -0.422200
vn -0.000000 -0.939700 -0.341900
vn 0.000000 -0.939800 -0.341700
vn -0.000000 -0.966100 -0.258200
vn -0.000000 -0.984900 -0.173200
vn 0.000000 -0.984800 -0.173500
vn 0.000000 -0.996200 -0.087100
vn 0.000000 -0.996200 0.087200
vn -0.000000 -0.984800 0.173500
vn 0.000100 -0.984800 0.173700
vn 0.000000 -0.965900 0.258700
vn 0.000000 -0.965900 0.258900
vn -0.000000 -0.939800 0.341800
vn -0.000000 -0.939700 0.342000
vn -0.000000 -0.906400 0.422400
vn 0.000100 -0.866200 0.499800
vn -0.000000 -0.866100 0.499900
vn -0.000200 -0.819300 0.573400
vn -0.000000 -0.819100 0.573600
vn 0.000200 -0.766500 0.642300
vn -0.000000 -0.765900 0.643000
vn 0.000300 -0.707700 0.706500
vn -0.000100 -0.706900 0.707300
vn 0.000300 -0.643500 0.765400
vn 0.000000 -0.642400 0.766400
vn 0.000400 -0.574500 0.818500
vn 0.000400 -0.501100 0.865400
vn -0.000300 -0.499800 0.866100
vn 0.000100 -0.423700 0.905800
vn -0.000300 -0.422400 0.906400
vn 0.000300 -0.343300 0.939200
vn 0.000100 -0.342300 0.939600
vn 0.000300 -0.260200 0.965500
vn -0.000200 -0.258600 0.966000
vn 0.000200 -0.175200 0.984500
vn 0.000200 -0.088800 0.996100
vn -0.000000 -0.088300 0.996100
vn 0.000100 -0.001700 1.000000
vn 0.000000 0.085300 0.996400
vn 0.000100 0.171700 0.985100
vn 0.000000 0.256600 0.966500
vn 0.000100 0.256900 0.966400
vn -0.711800 0.175300 0.680100
vn -0.712400 0.177300 0.679100
vn -0.716700 0.229600 0.658500
vn -0.714000 0.209800 0.668000
vn -0.711600 0.194200 0.675200
vn -0.715100 0.169000 0.678300
vn -0.715100 0.215100 0.665100
vn -0.715800 0.222600 0.661900
vn -0.714400 0.207200 0.668300
vn -0.713700 0.199200 0.671500
vn -0.713100 0.191100 0.674500
vn -0.712500 0.183100 0.677400
vn -0.715800 0.222700 -0.661900
vn -0.716700 0.229600 -0.658500
vn -0.712200 0.177300 -0.679200
vn -0.714400 0.208500 -0.667900
vn -0.711600 0.194200 -0.675200
vn -0.714000 0.209900 -0.668000
vn -0.714600 0.208100 -0.667800
vn -0.714800 0.207700 -0.667700
vn -0.715200 0.207500 -0.667400
vn -0.715400 0.207800 -0.667000
vn -0.715100 0.169300 -0.678200
vn -0.711200 0.167400 -0.682800
vn -0.708300 0.124000 -0.694900
vn -0.715100 0.215100 -0.665100
vn -0.714400 0.207100 -0.668300
vn -0.713700 0.199100 -0.671500
vn -0.713100 0.191100 -0.674500
vn -0.712400 0.183100 -0.677400
vn -0.711900 0.175600 -0.679900
vn -0.707400 0.115500 -0.697300
vn -0.705000 0.070200 -0.705700
vn -0.710600 0.159700 -0.685200
vn -0.710000 0.152100 -0.687500
vn -0.709500 0.144700 -0.689700
vn -0.709000 0.137300 -0.691700
vn -0.708400 0.129800 -0.693700
vn -0.707900 0.122600 -0.695600
vn -0.702200 0.026500 -0.711400
vn -0.702500 0.016000 -0.711500
vn -0.707000 0.108700 -0.698800
vn -0.706500 0.102300 -0.700200
vn -0.706200 0.096400 -0.701500
vn -0.705800 0.091400 -0.702500
vn -0.705600 0.087700 -0.703200
vn -0.705400 0.085500 -0.703600
vn -0.703700 0.056200 -0.708200
vn -0.701200 -0.003200 -0.713000
vn -0.700500 -0.038200 -0.712600
vn -0.699300 -0.062200 -0.712100
vn -0.699300 -0.092200 -0.708800
vn -0.700000 -0.032900 -0.713300
vn -0.698500 -0.120000 -0.705500
vn -0.698800 -0.145700 -0.700300
vn -0.698800 -0.091200 -0.709500
vn -0.698400 -0.177400 -0.693400
vn -0.699000 -0.198500 -0.687000
vn -0.698200 -0.149000 -0.700200
vn -0.699000 -0.233800 -0.675800
vn -0.699800 -0.250300 -0.669100
vn -0.698800 -0.205700 -0.685100
vn -0.700400 -0.288600 -0.652800
vn -0.701200 -0.300800 -0.646400
vn -0.699600 -0.261600 -0.664900
vn -0.701400 -0.315400 -0.639200
vn -0.703200 -0.349700 -0.619100
vn -0.703800 -0.367300 -0.608100
vn -0.705600 -0.396600 -0.587200
vn -0.702400 -0.341500 -0.624500
vn -0.706600 -0.416900 -0.571700
vn -0.708300 -0.441300 -0.550900
vn -0.705100 -0.392300 -0.590700
vn -0.709700 -0.464200 -0.529900
vn -0.711300 -0.483400 -0.510200
vn -0.708000 -0.441000 -0.551600
vn -0.708200 -0.443300 -0.549500
vn -0.713100 -0.507500 -0.483700
vn -0.714500 -0.522300 -0.465400
vn -0.711400 -0.486700 -0.507100
vn -0.713000 -0.507000 -0.484300
vn -0.713000 -0.506600 -0.484700
vn -0.715000 -0.529100 -0.456900
vn -0.717700 -0.557900 -0.416700
vn -0.713300 -0.509400 -0.481300
vn -0.713600 -0.512300 -0.477900
vn -0.713800 -0.515900 -0.473500
vn -0.714200 -0.520000 -0.468500
vn -0.714600 -0.524500 -0.462900
vn -0.718100 -0.562600 -0.409700
vn -0.720800 -0.589700 -0.364400
vn -0.715400 -0.533900 -0.450700
vn -0.715900 -0.538700 -0.444300
vn -0.716300 -0.543500 -0.437600
vn -0.716700 -0.548300 -0.430900
vn -0.717200 -0.553200 -0.423900
vn -0.717700 -0.558000 -0.416600
vn -0.721100 -0.594000 -0.356500
vn -0.723500 -0.617300 -0.308900
vn -0.718500 -0.567300 -0.402400
vn -0.718900 -0.572000 -0.394900
vn -0.719400 -0.576600 -0.387300
vn -0.719800 -0.581400 -0.379300
vn -0.720300 -0.585700 -0.371700
vn -0.720700 -0.590000 -0.363900
vn -0.725100 -0.631500 -0.274900
vn -0.726100 -0.640300 -0.250600
vn -0.723700 -0.618400 -0.306300
vn -0.722200 -0.604400 -0.336400
vn -0.721500 -0.597600 -0.349800
vn -0.721800 -0.600500 -0.344100
vn -0.722000 -0.602700 -0.339800
vn -0.722100 -0.604000 -0.337200
vn -0.726400 -0.643200 -0.242300
vn -0.728200 -0.658500 -0.190100
vn -0.728500 -0.662300 -0.175000
vn -0.729600 -0.671800 -0.127700
vn -0.726500 -0.644300 -0.238900
vn -0.727500 -0.653500 -0.208900
vn -0.730100 -0.675100 -0.106300
vn -0.730600 -0.679800 -0.064200
vn -0.729300 -0.669500 -0.141000
vn -0.730900 -0.681600 -0.035600
vn -0.730900 -0.682500 0.000000
vn -0.730400 -0.678300 -0.080300
vn -0.730500 -0.679100 -0.071300
vn -0.730400 -0.680100 0.063900
vn -0.730500 -0.679200 0.070900
vn -0.729700 -0.671800 0.127700
vn -0.730800 -0.681600 0.035600
vn -0.729400 -0.669500 0.140600
vn -0.728100 -0.658600 0.190000
vn -0.730400 -0.678400 0.079100
vn -0.730100 -0.675100 0.105900
vn -0.727500 -0.653600 0.208700
vn -0.726100 -0.640300 0.250600
vn -0.728500 -0.662400 0.174700
vn -0.725100 -0.631500 0.274700
vn -0.723600 -0.617200 0.308900
vn -0.726500 -0.644700 0.237800
vn -0.726400 -0.643300 0.242100
vn -0.723600 -0.618500 0.306400
vn -0.720800 -0.589700 0.364400
vn -0.720700 -0.590100 0.363900
vn -0.717700 -0.557900 0.416700
vn -0.722100 -0.604000 0.337200
vn -0.722100 -0.602600 0.339800
vn -0.721800 -0.600500 0.344200
vn -0.721500 -0.597600 0.349800
vn -0.721100 -0.594000 0.356500
vn -0.717600 -0.557800 0.417000
vn -0.714500 -0.522300 0.465500
vn -0.720300 -0.585700 0.371700
vn -0.719900 -0.581300 0.379300
vn -0.719400 -0.576600 0.387300
vn -0.719000 -0.572000 0.394900
vn -0.718500 -0.567300 0.402400
vn -0.718000 -0.562700 0.409700
vn -0.714600 -0.524500 0.462900
vn -0.711400 -0.483400 0.510200
vn -0.717200 -0.553000 0.424000
vn -0.716700 -0.548300 0.430900
vn -0.716300 -0.543500 0.437700
vn -0.715800 -0.538700 0.444200
vn -0.715400 -0.533900 0.450700
vn -0.715000 -0.529100 0.457000
vn -0.711400 -0.486700 0.507000
vn -0.708300 -0.441200 0.550900
vn -0.714200 -0.520000 0.468500
vn -0.713800 -0.515900 0.473600
vn -0.713500 -0.512300 0.477900
vn -0.713300 -0.509400 0.481400
vn -0.713100 -0.507500 0.483700
vn -0.713000 -0.506600 0.484700
vn -0.713000 -0.507000 0.484300
vn -0.708300 -0.444500 0.548400
vn -0.705600 -0.396600 0.587200
vn -0.709700 -0.464200 0.529900
vn -0.705000 -0.392500 0.590700
vn -0.703200 -0.349600 0.619100
vn -0.708000 -0.441100 0.551500
vn -0.706400 -0.417200 0.571800
vn -0.702400 -0.341100 0.624800
vn -0.701200 -0.300700 0.646400
vn -0.703700 -0.367000 0.608400
vn -0.700400 -0.288100 0.653100
vn -0.699700 -0.250400 0.669100
vn -0.701100 -0.315400 0.639500
vn -0.699600 -0.260800 0.665300
vn -0.699000 -0.198500 0.687000
vn -0.698500 -0.205000 0.685600
vn -0.698800 -0.145800 0.700300
vn -0.698900 -0.233200 0.676100
vn -0.698300 -0.148000 0.700400
vn -0.699300 -0.092200 0.708900
vn -0.698300 -0.176500 0.693700
vn -0.698700 -0.090200 0.709700
vn -0.700500 -0.038200 0.712600
vn -0.698400 -0.119200 0.705800
vn -0.700100 -0.032000 0.713300
vn -0.702400 0.016000 0.711600
vn -0.699300 -0.061200 0.712200
vn -0.702300 0.027300 0.711400
vn -0.705000 0.070200 0.705700
vn -0.701100 -0.002500 0.713100
vn -0.703700 0.056600 0.708200
vn -0.708200 0.124200 0.695000
vn -0.707900 0.122700 0.695600
vn -0.707400 0.115600 0.697300
vn -0.707000 0.108800 0.698800
vn -0.706600 0.102400 0.700200
vn -0.706200 0.096500 0.701400
vn -0.705800 0.091500 0.702500
vn -0.705600 0.087800 0.703200
vn -0.711200 0.167500 0.682700
vn -0.710600 0.159800 0.685200
vn -0.710100 0.152200 0.687500
vn -0.709500 0.144700 0.689700
vn -0.708900 0.137300 0.691800
vn -0.708400 0.129900 0.693700
vn -0.718400 0.183600 0.671000
vn -0.718100 0.142800 0.681200
vn -0.715200 0.207500 0.667400
vn -0.714800 0.207700 0.667700
vn -0.714600 0.208000 0.667800
vn -0.715500 0.207900 0.667000
vn -0.715700 0.208700 0.666500
vn -0.715800 0.210100 0.665900
vn -0.714400 0.208500 0.667900
vn -0.720600 0.156100 0.675600
vn -0.720500 0.115900 0.683700
vn -0.719400 0.171300 0.673100
vn -0.722300 0.127700 0.679600
vn -0.722400 0.088300 0.685800
vn -0.723700 0.098600 0.683000
vn -0.723900 0.060100 0.687300
vn -0.724800 0.068700 0.685600
vn -0.724900 0.031300 0.688200
vn -0.725400 0.038100 0.687300
vn -0.725200 0.016700 0.688400
vn -0.725400 0.002100 0.688300
vn -0.000000 -0.987400 0.158400
vn -0.000200 -0.986300 -0.165300
vn 0.000000 -0.996100 -0.087700
vn -0.000300 -0.986400 0.164500
vn 0.000000 -0.948400 0.317100
vn -0.000300 -0.945800 0.324700
vn 0.000000 -0.883300 0.468900
vn -0.000300 -0.879600 0.475800
vn 0.000000 -0.795200 0.606300
vn -0.983700 -0.063300 0.168400
vn -0.983200 -0.063100 0.171400
vn -0.985700 -0.059500 0.157400
vn -0.000100 -0.789500 0.613700
vn -0.000000 -0.692400 0.721500
vn -0.986100 -0.067200 0.151900
vn -0.986700 -0.057900 0.151900
vn -0.984100 -0.063700 0.166000
vn -0.984400 -0.064100 0.164000
vn -0.992500 -0.056700 0.108700
vn -0.987800 -0.055900 0.145200
vn -0.991800 -0.067100 0.108500
vn -0.989500 -0.052200 0.134900
vn -0.990800 -0.048500 0.126400
vn -0.993000 -0.046400 0.108800
vn -0.991800 -0.044800 0.119700
vn -0.992500 -0.040900 0.114800
vn -0.993000 -0.037100 0.111900
vn -0.993400 -0.036100 0.108800
vn -0.993300 -0.033200 0.110800
vn -0.993500 -0.026500 0.110600
vn -0.000000 -0.945400 -0.326000
vn -0.000000 -0.943000 -0.332700
vn 0.000000 -0.984900 -0.172900
vn 0.000000 -0.878900 -0.477100
vn -0.000000 -0.889300 -0.457400
vn 0.000100 -0.676900 0.736000
vn -0.000000 -0.573300 0.819400
vn -0.000100 -0.545800 0.837900
vn 0.000100 -0.440600 0.897700
vn -0.000100 -0.399900 0.916600
vn 0.000000 -0.297500 0.954700
vn 0.000000 -0.243300 0.970000
vn 0.000000 -0.147300 0.989100
vn 0.000100 -0.080400 0.996800
vn 0.000000 0.006700 1.000000
vn 0.000000 0.084400 0.996400
vn 0.000000 0.160900 0.987000
vn -0.000100 0.246800 0.969100
vn -0.000000 0.311600 0.950200
vn 0.000100 0.402400 0.915500
vn -0.000000 0.455000 0.890500
vn 0.000000 0.547100 0.837100
vn 0.000000 0.587800 0.809000
vn -0.000000 0.677200 0.735800
vn 0.000000 0.706600 0.707600
vn -0.000100 0.789200 0.614200
vn 0.000000 0.808400 0.588600
vn -0.000100 0.878900 0.477000
vn -0.000000 0.890600 0.454900
vn -0.000200 0.945400 0.326000
vn 0.000000 0.950800 0.309700
vn -0.000300 0.986300 0.165200
vn -0.000000 0.987600 0.156800
vn -0.000000 0.999200 -0.040600
vn -0.000000 0.996700 -0.081100
vn -0.000100 0.986400 -0.164400
vn -0.985500 -0.076600 0.151700
vn -0.979900 -0.068200 0.187300
vn -0.980700 -0.068200 0.183300
vn -0.979100 -0.069200 0.191200
vn -0.979700 -0.068200 0.188300
vn -0.981400 -0.068100 0.179400
vn -0.982100 -0.067900 0.175600
vn -0.982700 -0.067700 0.172200
vn -0.983300 -0.067400 0.169100
vn -0.983800 -0.067100 0.166500
vn -0.984100 -0.066700 0.164400
vn -0.984400 -0.066300 0.162800
vn -0.984600 -0.065800 0.161900
vn -0.984700 -0.065400 0.161500
vn -0.984700 -0.064900 0.161700
vn -0.984500 -0.064500 0.163000
vn -0.979500 -0.068200 0.189300
vn 0.000000 0.977100 -0.213000
vn -0.705300 0.084900 0.703800
vn -0.705300 0.086000 0.703700
vn -0.000000 0.945800 -0.324700
vn 0.000000 0.937400 -0.348200
vn -0.000100 0.879500 -0.476000
vn 0.000000 0.798700 -0.601700
vn -0.000000 0.789600 -0.613700
vn -0.000000 0.877300 -0.480000
vn 0.000000 0.705700 -0.708500
vn 0.000000 0.676900 -0.736000
vn 0.000000 0.603300 -0.797500
vn -0.000000 0.545800 -0.837900
vn 0.000000 0.495300 -0.868700
vn 0.000000 0.399900 -0.916600
vn 0.000000 0.272000 -0.962300
vn 0.000000 0.243300 -0.969900
vn -0.000000 0.384200 -0.923200
vn 0.000000 0.160400 -0.987100
vn -0.000000 0.080400 -0.996800
vn -0.000000 -0.059500 -0.998200
vn -0.000000 -0.084400 -0.996400
vn 0.000000 0.049500 -0.998800
vn 0.000000 -0.166500 -0.986000
vn 0.000000 -0.246800 -0.969100
vn 0.000000 -0.374100 -0.927400
vn -0.000000 -0.402400 -0.915500
vn 0.000000 -0.271900 -0.962300
vn 0.000000 -0.473600 -0.880800
vn -0.000000 -0.547100 -0.837100
vn -0.000000 -0.660100 -0.751200
vn -0.000000 -0.677200 -0.735800
vn 0.000000 -0.569200 -0.822200
vn 0.000000 -0.745300 -0.666700
vn -0.000000 -0.789200 -0.614200
vn 0.000000 -0.822400 -0.568900
vn -0.705400 0.085500 0.703600
vn -0.722100 -0.604100 -0.337200
vn -0.994500 -0.082200 -0.065400
vn -0.991500 -0.091100 -0.092500
vn -0.992200 -0.091500 -0.084000
vn 0.000100 0.399800 -0.916600
vn -0.000000 0.403500 -0.915000
vn -0.000000 0.272500 -0.962200
vn -0.991700 -0.090700 -0.091700
vn 0.000000 0.243300 -0.970000
vn -0.000000 0.121200 -0.992600
vn -0.992900 -0.092000 -0.075300
vn -0.993500 -0.092300 -0.066300
vn -0.993600 -0.092400 -0.065400
vn -0.996300 -0.083300 -0.021800
vn -0.994100 -0.092600 -0.057100
vn -0.994500 -0.092900 -0.047900
vn -0.994900 -0.093100 -0.038500
vn -0.995200 -0.093300 -0.029000
vn -0.995400 -0.093400 -0.021900
vn -0.995400 -0.093400 0.021600
vn -0.995400 -0.093600 -0.019500
vn -0.996300 -0.083500 0.021500
vn -0.995500 -0.093300 0.019300
vn -0.995600 -0.093600 -0.009800
vn -0.995600 -0.093400 0.009700
vn -0.995600 -0.093600 -0.000000
vn -0.994900 -0.093000 0.038400
vn -0.995200 -0.093300 0.028900
vn -0.994500 -0.092900 0.047800
vn -0.994100 -0.092600 0.057100
vn -0.993600 -0.092400 0.065100
vn -0.992900 -0.091900 0.075300
vn -0.993500 -0.092600 0.065700
vn -0.992300 -0.091600 0.084000
vn -0.991500 -0.091100 0.092500
vn -0.991600 -0.090700 0.091700
vn -0.991300 -0.089000 0.096500
vn -0.991100 -0.088300 0.099200
vn -0.994500 -0.082400 0.065100
vn -0.991500 -0.088900 0.094600
vn -0.991700 -0.089400 0.092900
vn -0.991700 -0.089800 0.091900
vn -0.991700 -0.090200 0.091500
vn -0.722200 -0.604400 0.336400
vn 0.000000 0.402400 0.915500
vn 0.000000 0.272500 0.962200
vn -0.000000 0.403600 0.914900
vn -0.000000 0.121200 0.992600
vn -0.000000 0.532500 0.846400
vn -0.000100 0.547100 0.837100
vn 0.000000 0.653900 0.756500
vn 0.000000 0.762300 0.647200
vn 0.000000 0.789200 0.614200
vn -0.000000 0.851800 0.523800
vn -0.000000 0.878900 0.477100
vn -0.000000 0.919800 0.392500
vn -0.000100 0.945400 0.326000
vn -0.000000 0.966100 0.258200
vn -0.000000 0.986200 0.165400
vn 0.000000 0.992200 0.124500
vn -0.000000 0.992100 -0.125800
vn 0.000000 0.970900 -0.239500
vn -0.000000 0.937700 -0.347400
vn -0.000000 0.893800 -0.448500
vn -0.000000 0.879500 -0.476000
vn 0.000000 0.839600 -0.543300
vn 0.000000 0.776100 -0.630700
vn -0.000000 0.703900 -0.710300
vn 0.000000 0.623000 -0.782200
vn 0.000000 0.533000 -0.846100
vn -0.000000 0.433400 -0.901200
vn -0.000100 0.399900 -0.916600
vn -0.000000 0.324300 -0.945900
vn -0.000000 0.206600 -0.978400
vn -0.000000 0.080600 -0.996700
vn -0.000100 0.080500 -0.996800
vn -0.000000 -0.052400 -0.998600
vn 0.000000 -0.190100 -0.981800
vn -0.000100 -0.246800 -0.969100
vn -0.000000 -0.329400 -0.944200
vn -0.000000 -0.464000 -0.885800
vn 0.000000 -0.587400 -0.809300
vn 0.000000 -0.695100 -0.718900
vn -0.713100 -0.508500 0.482600
vn -0.000000 -0.784900 -0.619700
vn -0.987600 -0.087800 0.130300
vn -0.987200 -0.088100 0.133200
vn -0.986300 -0.087300 0.140000
vn 0.000000 -0.860700 -0.509200
vn -0.989300 -0.087500 0.117100
vn -0.985400 -0.086600 0.146400
vn -0.988000 -0.087700 0.127200
vn -0.988400 -0.087600 0.123900
vn -0.988900 -0.087300 0.120500
vn -0.989700 -0.087300 0.113100
vn -0.984700 -0.085900 0.151600
vn -0.983700 -0.085200 0.158100
vn -0.984500 -0.084900 0.153500
vn -0.982900 -0.084300 0.163500
vn -0.982200 -0.083400 0.168400
vn -0.981500 -0.082500 0.172800
vn -0.980800 -0.081700 0.176900
vn -0.980200 -0.080800 0.180600
vn -0.979700 -0.079800 0.183800
vn -0.979300 -0.078900 0.186600
vn -0.978900 -0.078000 0.189000
vn -0.978600 -0.077000 0.191000
vn -0.991100 -0.077200 0.108400
vn -0.990100 -0.087600 0.109300
vn -0.978300 -0.076000 0.192600
vn -0.978200 -0.075000 0.193600
vn -0.978100 -0.074100 0.194300
vn -0.978200 -0.073100 0.194600
vn -0.978300 -0.072100 0.194400
vn -0.978500 -0.071100 0.193800
vn -0.978700 -0.070200 0.192700
vn -0.000000 -0.945800 0.324700
vn 0.000000 -0.943000 0.332800
vn 0.000000 -0.889100 0.457700
vn 0.000000 -0.985000 0.172800
vn 0.000000 -0.879500 0.476000
vn -0.000000 -0.822000 0.569500
vn 0.000000 -0.789600 0.613700
vn 0.000000 -0.744600 0.667500
vn 0.000000 -0.659400 0.751800
vn -0.000000 -0.568200 0.822900
vn 0.000000 -0.472400 0.881400
vn -0.000000 -0.399900 0.916600
vn 0.000000 -0.372600 0.928000
vn 0.000000 -0.269900 0.962900
vn 0.000000 -0.165500 0.986200
vn -0.000100 -0.080400 0.996800
vn -0.000000 -0.059200 0.998200
vn -0.000000 0.049400 0.998800
vn -0.000000 0.160400 0.987100
vn -0.000000 0.246800 0.969100
vn 0.000000 0.273000 0.962000
vn -0.000000 0.385200 0.922800
vn 0.000000 0.496500 0.868000
vn 0.000000 0.604700 0.796400
vn -0.000000 0.707100 0.707100
vn -0.000000 0.800000 0.600000
vn -0.000000 0.878100 0.478500
vn -0.000400 0.878900 0.477000
vn -0.000000 0.937500 0.348000
vn -0.705300 0.085000 -0.703800
vn 0.000000 0.976900 0.213800
vn -0.705300 0.086000 -0.703700
vn -0.000100 0.986200 0.165400
vn -0.000000 0.996700 0.081100
vn -0.979700 -0.068200 -0.188300
vn -0.979500 -0.068300 -0.189400
vn -0.979100 -0.069200 -0.191200
vn -0.000000 0.999200 0.040600
vn -0.986100 -0.067300 -0.152200
vn -0.978700 -0.070200 -0.192700
vn -0.981400 -0.068100 -0.179400
vn -0.979900 -0.068200 -0.187300
vn -0.980700 -0.068200 -0.183300
vn -0.978500 -0.071200 -0.193800
vn -0.978300 -0.072200 -0.194400
vn -0.978200 -0.073100 -0.194600
vn -0.978100 -0.074100 -0.194300
vn -0.978200 -0.075100 -0.193600
vn -0.978300 -0.076000 -0.192500
vn -0.985400 -0.076600 -0.152000
vn -0.978600 -0.077000 -0.191000
vn -0.978900 -0.078000 -0.189000
vn -0.979300 -0.078900 -0.186600
vn -0.979700 -0.079800 -0.183800
vn -0.980200 -0.080800 -0.180500
vn -0.980800 -0.081700 -0.176900
vn -0.981500 -0.082500 -0.172800
vn -0.982200 -0.083400 -0.168300
vn -0.982900 -0.084200 -0.163500
vn -0.983700 -0.085100 -0.158200
vn -0.984600 -0.085800 -0.152500
vn -0.984700 -0.085900 -0.151900
vn -0.991100 -0.077100 -0.108600
vn -0.985400 -0.086600 -0.146400
vn -0.986300 -0.087300 -0.140000
vn -0.713100 -0.508400 -0.482600
vn -0.987600 -0.087800 -0.130300
vn -0.987200 -0.088000 -0.133200
vn -0.989300 -0.087400 -0.117100
vn -0.988900 -0.087400 -0.120500
vn -0.988400 -0.087600 -0.123900
vn -0.988000 -0.087600 -0.127200
vn 0.000000 -0.784900 0.619600
vn -0.000000 -0.696100 0.717900
vn 0.000000 -0.860700 0.509200
vn 0.000000 -0.676900 0.736000
vn -0.000000 -0.588100 0.808800
vn -0.000000 -0.545800 0.837900
vn -0.000000 -0.464100 0.885800
vn -0.000000 -0.329300 0.944200
vn 0.000100 -0.243300 0.970000
vn 0.000000 -0.189900 0.981800
vn -0.000000 -0.052000 0.998600
vn -0.000000 0.080900 0.996700
vn 0.000000 0.206900 0.978400
vn -0.000000 0.324500 0.945900
vn -0.000000 0.433000 0.901400
vn 0.000000 0.623100 0.782100
vn -0.000000 0.704700 0.709500
vn -0.000000 0.777500 0.628800
vn 0.000000 0.840700 0.541400
vn 0.000000 0.894200 0.447700
vn 0.000000 0.937800 0.347100
vn -0.000000 0.945400 0.326100
vn 0.000000 0.970800 0.239700
vn -0.000000 0.992100 0.125600
vn 0.000000 0.992200 -0.124700
vn -0.000000 0.986400 -0.164400
vn 0.000000 0.966000 -0.258400
vn 0.000000 0.919800 -0.392500
vn -0.000000 0.852000 -0.523500
vn -0.000000 0.789500 -0.613700
vn -0.000000 0.762700 -0.646700
vn 0.000000 0.654600 -0.756000
vn -0.000200 0.545700 -0.838000
vn 0.000000 0.532900 -0.846200
vn 0.000000 -0.920900 -0.389700
vn -0.000100 -0.945400 -0.326000
vn 0.000000 -0.964700 -0.263500
vn -0.000100 -0.986200 -0.165400
vn 0.000000 -0.991100 -0.132800
vn 0.000000 -0.988100 0.153700
vn -0.000500 -0.986400 0.164400
vn 0.000000 -0.952900 0.303400
vn -0.990200 -0.087600 0.108400
vn -0.000000 -0.941200 0.337700
vn -0.990500 -0.087700 0.105600
vn -0.000000 -0.895200 0.445600
vn -0.995300 -0.071800 0.065300
vn -0.996000 -0.061500 0.065400
vn -0.996500 -0.051300 0.065400
vn -0.997000 -0.041100 0.065300
vn -0.993700 -0.025800 0.108800
vn -0.997400 -0.030800 0.065300
vn -0.993700 -0.019900 0.110500
vn -0.993900 -0.015500 0.108900
vn -0.997700 -0.020600 0.065300
vn -0.993900 -0.006600 0.110300
vn -0.994000 -0.005200 0.108900
vn -0.997800 -0.010300 0.065300
vn -0.993800 -0.013300 0.110400
vn -0.993900 0.000000 0.110300
vn -0.994000 0.005200 0.108900
vn -0.997900 -0.000000 0.065400
vn -0.993800 0.013300 0.110400
vn -0.993900 0.015500 0.108900
vn -0.997800 0.010300 0.065400
vn -0.993900 0.006600 0.110300
vn -0.993700 0.019900 0.110500
vn -0.993700 0.025800 0.108800
vn -0.997700 0.020500 0.065300
vn -0.993300 0.033200 0.110800
vn -0.993400 0.036100 0.108800
vn -0.997400 0.030800 0.065300
vn -0.993500 0.026500 0.110600
vn -0.992500 0.040900 0.114800
vn -0.993000 0.046400 0.108700
vn -0.997000 0.041100 0.065300
vn -0.993000 0.037100 0.111900
vn -0.987800 0.055900 0.145200
vn -0.992500 0.056800 0.108600
vn -0.996500 0.051300 0.065200
vn -0.989500 0.052200 0.134900
vn -0.990800 0.048500 0.126400
vn -0.991800 0.044800 0.119700
vn -0.986700 0.057900 0.151900
vn -0.991800 0.067000 0.108400
vn -0.996000 0.061500 0.065400
vn -0.985500 0.076600 0.151700
vn -0.991100 0.077100 0.108300
vn -0.995300 0.071800 0.065300
vn -0.986100 0.067200 0.151800
vn -0.990100 0.087600 0.109300
vn -0.990200 0.087600 0.108400
vn -0.994500 0.082100 0.065100
vn -0.989700 0.087400 0.113200
vn -0.989300 0.087400 0.117100
vn -0.986300 0.087300 0.140000
vn -0.985400 0.086600 0.146400
vn -0.984700 0.085900 0.151600
vn -0.000300 0.945300 0.326100
vn 0.000000 0.941300 0.337600
vn 0.000000 0.952900 0.303200
vn -0.990500 0.087700 0.105600
vn 0.000000 0.895200 0.445600
vn -0.000000 0.988100 0.153700
vn -0.988900 0.087400 0.120500
vn 0.000000 0.991200 -0.132700
vn -0.988400 0.087600 0.123900
vn -0.000200 0.986400 -0.164400
vn 0.000000 0.964700 -0.263500
vn -0.988000 0.087700 0.127200
vn -0.000100 0.945800 -0.324700
vn -0.000000 0.920900 -0.389700
vn -0.987600 0.087800 0.130300
vn 0.000000 0.860700 -0.509200
vn -0.987200 0.088100 0.133100
vn -0.000100 0.789500 -0.613700
vn 0.000000 0.784900 -0.619700
vn -0.713000 0.507000 0.484300
vn -0.713100 0.508400 0.482700
vn -0.711400 0.486700 0.507100
vn 0.000000 0.696100 -0.717900
vn -0.711300 0.483400 0.510200
vn -0.709700 0.464200 0.530000
vn -0.708400 0.441300 0.550900
vn -0.708200 0.443900 0.549000
vn -0.983700 0.085000 0.158100
vn -0.706600 0.417200 0.571600
vn -0.978300 0.076000 0.192500
vn -0.983000 0.084200 0.163400
vn -0.982200 0.083400 0.168300
vn -0.981500 0.082500 0.172800
vn -0.980800 0.081700 0.176800
vn -0.980300 0.080800 0.180500
vn -0.979700 0.079800 0.183800
vn -0.979300 0.078900 0.186600
vn -0.978900 0.078000 0.189000
vn -0.978600 0.077000 0.191000
vn -0.984600 0.065800 0.161900
vn -0.982100 0.068000 0.175700
vn -0.981400 0.068100 0.179400
vn -0.979100 0.069200 0.191200
vn -0.982700 0.067700 0.172200
vn -0.983300 0.067400 0.169200
vn -0.983800 0.067000 0.166500
vn -0.984100 0.066700 0.164400
vn -0.984400 0.066300 0.162800
vn -0.978200 0.075100 0.193600
vn -0.978100 0.074100 0.194300
vn -0.978200 0.073100 0.194600
vn -0.978300 0.072100 0.194400
vn -0.978500 0.071200 0.193800
vn -0.978700 0.070200 0.192700
vn -0.718100 -0.143100 0.681100
vn -0.719400 -0.171300 0.673100
vn -0.720600 -0.156100 0.675600
vn -0.984700 0.065400 0.161500
vn -0.984700 0.064900 0.161800
vn -0.984600 0.064500 0.162600
vn -0.984400 0.064100 0.164000
vn -0.984100 0.063700 0.166000
vn -0.983700 0.063300 0.168400
vn -0.985700 0.059500 0.157400
vn -0.715100 -0.169000 0.678300
vn -0.718400 -0.183600 0.671000
vn -0.720500 -0.116200 0.683700
vn -0.722300 -0.127700 0.679600
vn -0.722400 -0.088700 0.685800
vn -0.723700 -0.098500 0.683000
vn -0.723900 -0.060500 0.687300
vn -0.724800 -0.068600 0.685600
vn -0.724900 -0.031600 0.688200
vn -0.725200 -0.037800 0.687500
vn -0.725200 -0.017000 0.688300
vn -0.725700 -0.007100 0.688000
vn -0.725500 -0.002200 0.688300
vn -0.990900 -0.087900 0.102200
vn 0.000000 -0.816500 0.577300
vn 0.000100 -0.789600 0.613700
vn 0.000000 -0.718700 0.695300
vn 0.000000 -0.604000 0.797000
vn 0.000000 -0.475000 0.880000
vn 0.000000 -0.334600 0.942400
vn 0.000000 -0.186000 0.982600
vn -0.000000 -0.080400 0.996800
vn 0.000000 -0.032900 0.999500
vn -0.997100 -0.073500 0.021600
vn -0.997700 -0.063500 0.021600
vn -0.998300 -0.053500 0.021600
vn -0.998700 -0.043100 0.026800
vn -0.998800 -0.043200 0.021500
vn -0.997900 -0.039500 0.050400
vn -0.998600 -0.042700 0.031200
vn -0.998500 -0.042800 0.035300
vn -0.998300 -0.042100 0.039700
vn -0.998200 -0.041700 0.044000
vn -0.998100 -0.041200 0.046100
vn -0.998000 -0.040700 0.048300
vn -0.998000 -0.040100 0.049300
vn -0.998400 -0.029400 0.048100
vn -0.998000 -0.038400 0.050400
vn -0.998000 -0.037300 0.050400
vn -0.998100 -0.036700 0.049200
vn -0.998200 -0.036100 0.048200
vn -0.998300 -0.035600 0.046000
vn -0.998400 -0.035200 0.043900
vn -0.998600 -0.034700 0.039600
vn -0.998800 -0.034200 0.035300
vn -0.999000 -0.034100 0.030000
vn -0.999100 -0.034000 0.024600
vn -0.999100 -0.031800 0.026700
vn -0.999000 -0.031500 0.031000
vn -0.998900 -0.031300 0.035300
vn -0.998700 -0.030800 0.039600
vn -0.998600 -0.030300 0.043800
vn -0.998500 -0.029900 0.045900
vn -0.998500 -0.020500 0.050100
vn -0.998400 -0.028700 0.048900
vn -0.998300 -0.028300 0.050700
vn -0.998400 -0.027200 0.050200
vn -0.998400 -0.026300 0.050200
vn -0.998500 -0.025600 0.049100
vn -0.998500 -0.025000 0.048100
vn -0.998600 -0.024600 0.045900
vn -0.998800 -0.024100 0.043800
vn -0.998900 -0.023600 0.039500
vn -0.999100 -0.023100 0.035200
vn -0.999300 -0.022900 0.031000
vn -0.999400 -0.022700 0.026700
vn -0.999500 -0.022500 0.021700
vn -0.998700 -0.009400 0.050100
vn -0.998500 -0.019700 0.050100
vn -0.998600 -0.019000 0.050200
vn -0.999400 -0.019000 0.027700
vn -0.999600 -0.019000 0.021700
vn -0.998700 -0.013000 0.050100
vn -0.998700 -0.012200 0.050100
vn -0.998700 -0.011300 0.050100
vn -0.999600 -0.012300 0.025700
vn -0.999700 -0.012600 0.021700
vn -0.998700 0.005100 0.050100
vn -0.998700 -0.005100 0.050100
vn -0.998700 -0.000700 0.050100
vn -0.999000 -0.000800 0.043700
vn -0.999300 -0.000700 0.037300
vn -0.998700 0.012300 0.050100
vn -0.998700 0.005800 0.050000
vn -0.998700 0.006500 0.050100
vn -0.999700 0.006500 0.021700
vn -0.998500 0.021000 0.050200
vn -0.998600 0.016600 0.050100
vn -0.998600 0.031100 0.043800
vn -0.998800 0.021000 0.043700
vn -0.999100 0.021000 0.037300
vn -0.998500 0.025500 0.048100
vn -0.998500 0.026100 0.049100
vn -0.998400 0.026700 0.050300
vn -0.998400 0.027800 0.050200
vn -0.998300 0.028900 0.050200
vn -0.998400 0.029500 0.049200
vn -0.998400 0.030100 0.048100
vn -0.998500 0.030600 0.046000
vn -0.997800 0.042400 0.050400
vn -0.998200 0.034200 0.050200
vn -0.998100 0.034900 0.050300
vn -0.998100 0.035600 0.050300
vn -0.999000 0.035700 0.026800
vn -0.999100 0.035700 0.021700
vn -0.998300 0.053700 0.021700
vn -0.997800 0.043100 0.050400
vn -0.997800 0.043800 0.050400
vn -0.998800 0.043800 0.021700
vn -0.997700 0.063900 0.021600
vn -0.997000 0.073800 0.021600
vn -0.992900 0.092000 0.075300
vn -0.993600 0.092400 0.065100
vn -0.996300 0.083400 0.021500
vn -0.992300 0.091500 0.084000
vn -0.991500 0.091100 0.092600
vn -0.991600 0.090700 0.091800
vn -0.991700 0.090200 0.091500
vn -0.991700 0.089800 0.091900
vn -0.991700 0.089400 0.092900
vn -0.991500 0.088900 0.094500
vn -0.991400 0.088600 0.096600
vn -0.991100 0.088200 0.099200
vn -0.990900 0.088000 0.102300
vn -0.726000 0.640400 0.250600
vn -0.726500 0.644600 0.238000
vn -0.725000 0.631500 0.274900
vn -0.994100 0.092700 0.057100
vn -0.728200 0.658500 0.190100
vn -0.727600 0.653400 0.208900
vn -0.723600 0.617300 0.308900
vn -0.723700 0.618400 0.306300
vn -0.722100 0.604400 0.336400
vn -0.722100 0.604100 0.337200
vn -0.000000 -0.272500 0.962100
vn -0.000000 -0.121200 0.992600
vn -0.000100 -0.399900 0.916500
vn -0.000000 -0.403600 0.915000
vn -0.000000 0.032800 0.999500
vn 0.000100 0.084400 0.996400
vn 0.000000 0.186000 0.982500
vn 0.000000 0.334600 0.942400
vn 0.000000 0.475000 0.880000
vn -0.000000 0.604000 0.797000
vn -0.000100 0.677200 0.735800
vn 0.000000 0.718800 0.695200
vn 0.000000 0.816500 0.577300
vn -0.997100 -0.073200 -0.022000
vn -0.997700 -0.063500 -0.021900
vn -0.998300 -0.053700 -0.022000
vn -0.998900 -0.041700 0.021700
vn -0.999100 -0.034700 0.024700
vn -0.999300 -0.031900 0.021600
vn -0.999100 -0.035400 0.024500
vn 0.005000 0.951500 0.307600
vn -0.999000 -0.035500 0.027800
vn -0.998900 -0.035700 0.031000
vn -0.998800 -0.036000 0.033200
vn -0.998700 -0.036400 0.035300
vn -0.998700 -0.036900 0.036400
vn -0.998600 -0.037300 0.037500
vn -0.998600 -0.038400 0.037500
vn -0.998500 -0.039500 0.037500
vn -0.998500 -0.040000 0.036400
vn -0.998600 -0.040500 0.035400
vn -0.998600 -0.040800 0.033200
vn -0.998700 -0.041200 0.031100
vn -0.998800 -0.041500 0.027800
vn -0.998800 -0.041600 0.024600
vn -0.998900 -0.041700 -0.022000
vn -0.998900 -0.041900 -0.020400
vn -0.998900 -0.041700 0.020400
vn -0.999300 -0.031900 0.021300
vn -0.000000 0.981300 -0.192300
vn -0.000000 -0.981300 -0.192300
vn -0.999600 -0.020500 0.021700
vn -0.999500 -0.022500 0.021400
vn -0.000000 -0.981300 -0.192200
vn -0.999500 -0.021700 -0.021300
vn -0.999500 -0.022500 -0.022000
vn -0.999600 -0.020500 0.016700
vn -0.999700 -0.022400 0.000000
vn -0.999600 -0.022400 0.016000
vn -0.999600 -0.022400 -0.016000
vn -0.999700 -0.014200 0.021700
vn -0.999800 -0.019000 0.005300
vn -0.999500 -0.014900 0.028100
vn 0.000000 0.936900 -0.349500
vn -0.999800 -0.017000 0.005300
vn -0.999900 -0.014900 0.005300
vn -0.000000 -0.933800 0.357800
vn -0.999700 -0.009400 0.021700
vn -0.999900 -0.012500 -0.003200
vn -0.999900 -0.013000 -0.001000
vn -0.999900 -0.013500 0.001100
vn -0.999800 -0.011500 -0.018100
vn -0.999700 -0.011600 -0.022000
vn -0.999800 -0.009400 0.016700
vn -0.999900 -0.012200 -0.007500
vn -0.999900 -0.011800 -0.011700
vn -0.999800 -0.011700 -0.014900
vn -0.999800 -0.001400 0.021700
vn -0.999300 -0.004300 0.037300
vn -0.999700 -0.007900 0.021700
vn -0.999300 -0.007900 0.037300
vn -0.999800 -0.008000 0.020300
vn -0.999800 0.005100 0.021700
vn -0.999800 -0.001400 -0.022000
vn -1.000000 -0.001700 -0.009600
vn -1.000000 -0.008000 0.003200
vn -1.000000 -0.004800 0.003200
vn -1.000000 -0.001700 0.003200
vn -1.000000 -0.001700 -0.003200
vn -0.999800 0.005100 0.020300
vn -0.000300 1.000000 -0.000000
vn -0.999700 0.012300 0.021700
vn -0.999800 0.006500 0.020300
vn -0.999900 0.006500 -0.009600
vn -0.999700 0.006500 -0.022000
vn -0.999800 0.012300 0.016700
vn -0.999700 0.013700 0.021700
vn -0.999200 0.017300 0.037300
vn -0.999500 0.023000 0.021700
vn -0.999400 0.023100 0.026700
vn -0.999100 0.023600 0.035200
vn -0.998700 0.024600 0.043700
vn -0.998600 0.025000 0.045900
vn -0.999200 0.013700 0.037300
vn -0.999700 0.013700 0.020200
vn 0.000000 0.981300 -0.192400
vn -0.999900 0.013700 0.003200
vn -0.999900 0.016900 0.003200
vn -0.999800 0.020000 0.003200
vn -0.999800 0.020000 -0.003200
vn -0.999800 0.020000 -0.009600
vn -0.999500 0.023000 0.021400
vn 0.000300 0.981300 -0.192500
vn -0.999000 0.028300 0.035400
vn -0.998700 0.031600 0.039600
vn -0.998900 0.032100 0.035300
vn -0.999000 0.032200 0.030000
vn 0.000000 -0.981400 -0.192100
vn -0.999200 0.032300 0.024600
vn -0.999500 0.024500 0.021700
vn -0.999200 0.031600 0.024600
vn -0.999200 0.034200 0.021700
vn -0.999200 0.030800 0.024700
vn 0.000000 0.950700 0.310300
vn 0.005900 0.950900 0.309400
vn -0.999100 0.030700 0.027800
vn -0.999000 0.030600 0.031000
vn -0.999000 0.030200 0.033100
vn -0.998900 0.029900 0.035200
vn -0.998900 0.029400 0.036300
vn -0.998900 0.028900 0.037400
vn -0.998900 0.027800 0.037400
vn -0.998900 0.026700 0.037400
vn -0.999000 0.026300 0.036300
vn -0.999000 0.025800 0.035200
vn -0.999100 0.025400 0.033100
vn -0.999200 0.025000 0.031000
vn -0.999300 0.024900 0.027700
vn -0.999400 0.024500 0.024600
vn -0.999500 0.024500 -0.022000
vn -0.999500 0.024300 -0.020300
vn -0.999500 0.024700 0.020300
vn -0.999300 0.034200 0.016800
vn -0.998700 0.042400 0.026800
vn -0.998900 0.042400 0.021700
vn -0.999400 0.035600 0.003200
vn -0.999200 0.039000 0.003200
vn -0.999100 0.042400 0.003200
vn 0.000300 -1.000000 0.000000
vn -0.998900 0.043800 0.016800
vn -0.997700 0.063500 -0.022000
vn -0.998300 0.054200 -0.021800
vn -0.998800 0.043800 -0.022000
vn -0.998900 0.043800 -0.016800
vn -0.997000 0.073800 -0.021900
vn -0.996300 0.083700 -0.021900
vn -0.994900 0.093100 0.038500
vn -0.995400 0.093400 0.021600
vn -0.995400 0.093400 -0.021900
vn -0.994500 0.092900 0.047900
vn -0.729700 0.671800 0.127700
vn -0.730400 0.678400 0.079200
vn -0.729400 0.669400 0.140900
vn -0.995400 0.093400 0.019500
vn -0.730600 0.679800 0.064200
vn -0.730500 0.679100 0.071300
vn -0.728300 0.662600 0.174700
vn -0.995300 -0.071800 -0.065600
vn -0.995900 -0.061500 -0.065700
vn -0.998800 -0.043300 -0.021600
vn -0.998800 -0.043200 -0.022100
vn -0.996600 -0.051200 -0.065300
vn -0.998900 -0.043300 -0.016100
vn -0.999100 -0.043400 0.000000
vn -0.998900 -0.043400 0.016100
vn -0.000000 0.981300 0.192300
vn -0.998700 -0.043100 -0.026800
vn -0.991700 -0.090200 -0.091500
vn 0.000000 -0.032900 -0.999500
vn -0.991700 -0.089800 -0.091900
vn 0.000000 -0.186000 -0.982500
vn -0.991700 -0.089300 -0.092900
vn 0.000000 -0.334600 -0.942400
vn -0.991500 -0.089000 -0.094500
vn 0.000000 -0.475000 -0.880000
vn -0.991400 -0.088600 -0.096600
vn -0.000000 -0.604000 -0.797000
vn -0.991100 -0.088200 -0.099200
vn 0.000100 -0.718700 -0.695300
vn -0.990900 -0.088000 -0.102300
vn 0.000000 -0.816500 -0.577300
vn -0.990500 -0.087700 -0.105600
vn -0.000000 -0.895200 -0.445600
vn -0.990200 -0.087600 -0.108800
vn 0.000000 -0.945500 -0.325700
vn -0.990100 -0.087600 -0.109300
vn 0.000000 -0.952900 -0.303400
vn -0.991800 -0.067000 -0.108700
vn -0.989700 -0.087500 -0.113200
vn -0.992400 -0.056700 -0.108900
vn -0.986600 -0.058000 -0.152200
vn -0.993000 -0.046400 -0.109000
vn -0.987800 -0.055900 -0.145200
vn -0.997000 -0.041100 -0.065600
vn -0.993400 -0.036100 -0.109100
vn -0.992500 -0.040900 -0.114800
vn -0.989500 -0.052200 -0.134900
vn -0.990800 -0.048500 -0.126400
vn -0.991800 -0.044800 -0.119700
vn -0.997400 -0.030800 -0.065600
vn -0.993700 -0.025800 -0.109100
vn -0.993300 -0.033200 -0.110800
vn -0.993000 -0.037100 -0.111800
vn -0.997600 -0.020600 -0.065600
vn -0.993900 -0.015500 -0.109200
vn -0.993700 -0.019900 -0.110500
vn -0.993500 -0.026500 -0.110600
vn -0.997800 -0.010300 -0.065600
vn -0.994000 -0.005200 -0.109200
vn -0.993800 -0.013300 -0.110300
vn -0.997800 -0.000000 -0.065600
vn -0.994000 0.005200 -0.109200
vn -0.993900 0.000000 -0.110300
vn -0.993900 -0.006600 -0.110200
vn -0.997800 0.010300 -0.065600
vn -0.993900 0.015500 -0.109200
vn -0.993900 0.006600 -0.110200
vn -0.997600 0.020500 -0.065600
vn -0.993700 0.025800 -0.109100
vn -0.993700 0.019900 -0.110500
vn -0.993800 0.013300 -0.110300
vn -0.997400 0.030800 -0.065600
vn -0.993400 0.036100 -0.109100
vn -0.993500 0.026500 -0.110600
vn -0.997000 0.041100 -0.065600
vn -0.993000 0.046400 -0.109000
vn -0.993000 0.037100 -0.111900
vn -0.993300 0.033200 -0.110800
vn -0.996500 0.051400 -0.065700
vn -0.992400 0.056700 -0.109000
vn -0.990800 0.048500 -0.126300
vn -0.992500 0.040900 -0.114800
vn -0.991800 0.044800 -0.119700
vn -0.995900 0.061500 -0.065700
vn -0.991800 0.067000 -0.108800
vn -0.986600 0.058000 -0.152200
vn -0.989500 0.052200 -0.134900
vn -0.987800 0.055900 -0.145200
vn -0.995300 0.071700 -0.065600
vn -0.991100 0.077200 -0.108700
vn -0.986100 0.067300 -0.152100
vn -0.994500 0.082000 -0.065400
vn -0.990200 0.087600 -0.108800
vn -0.990100 0.087600 -0.109400
vn -0.985400 0.076600 -0.152000
vn -0.984700 0.085900 -0.151900
vn -0.990500 0.087700 -0.105600
vn -0.000000 0.945500 -0.325600
vn -0.000000 0.895200 -0.445600
vn 0.000000 0.952900 -0.303200
vn -0.990900 0.088000 -0.102300
vn -0.000000 0.816600 -0.577200
vn -0.991100 0.088200 -0.099200
vn 0.000100 0.789600 -0.613700
vn 0.000100 0.718700 -0.695300
vn -0.993600 0.092300 -0.065400
vn -0.991300 0.089100 -0.096600
vn -0.000000 0.604000 -0.797000
vn -0.991500 0.088900 -0.094500
vn 0.000000 0.475000 -0.880000
vn -0.991700 0.089400 -0.092900
vn 0.000000 0.334500 -0.942400
vn -0.991700 0.089800 -0.091900
vn 0.000000 0.186000 -0.982600
vn -0.991700 0.090200 -0.091500
vn 0.000000 0.032800 -0.999500
vn -0.991600 0.090700 -0.091700
vn -0.000100 -0.084400 -0.996400
vn 0.000000 -0.121200 -0.992600
vn -0.991500 0.091100 -0.092600
vn -0.000200 -0.246800 -0.969100
vn 0.000000 -0.272500 -0.962200
vn -0.992200 0.091700 -0.084000
vn -0.722200 0.604400 -0.336400
vn -0.722100 0.604000 -0.337200
vn -0.723600 0.618500 -0.306400
vn 0.000100 -0.402400 -0.915500
vn -0.000000 -0.403600 -0.914900
vn -0.992900 0.091700 -0.075300
vn -0.723500 0.617400 -0.308900
vn -0.725000 0.631500 -0.274700
vn -0.720800 0.589700 -0.364400
vn -0.726100 0.640300 -0.250600
vn -0.726500 0.644300 -0.239100
vn -0.994100 0.092700 -0.057100
vn -0.727300 0.653800 -0.208600
vn -0.997800 0.043900 -0.050500
vn -0.998100 0.035700 -0.050300
vn -0.997800 0.043100 -0.050400
vn -0.997800 0.042400 -0.050400
vn -0.998700 0.042400 -0.030000
vn -0.998900 0.042400 -0.022000
vn -0.998400 0.030100 -0.048100
vn -0.998100 0.034900 -0.050300
vn -0.998100 0.034200 -0.050300
vn -0.999200 0.034200 -0.022000
vn -0.998900 0.032000 -0.035300
vn -0.998700 0.031600 -0.039600
vn -0.998600 0.031100 -0.043800
vn -0.998500 0.030600 -0.046000
vn -0.998600 0.016600 -0.050100
vn -0.998400 0.029300 -0.049300
vn -0.998300 0.029200 -0.049500
vn -0.998300 0.027800 -0.050300
vn -0.998400 0.026700 -0.050200
vn -0.998500 0.026100 -0.049100
vn -0.998500 0.025500 -0.048100
vn -0.998600 0.025000 -0.045900
vn -0.998700 0.024600 -0.043800
vn -0.998900 0.024100 -0.039500
vn -0.999100 0.023600 -0.035200
vn -0.999200 0.023400 -0.031000
vn -0.999400 0.023100 -0.026700
vn -0.999500 0.023000 -0.022000
vn -0.998500 0.021000 -0.050100
vn -0.998700 0.005800 -0.050100
vn -0.998700 0.012300 -0.050100
vn -0.999700 0.012300 -0.022000
vn -0.998700 0.010400 -0.050100
vn -0.998700 -0.000700 -0.050100
vn -0.998700 0.001200 -0.050100
vn -0.999000 0.001200 -0.044700
vn -0.999200 0.001200 -0.039400
vn -0.998800 -0.013500 -0.048000
vn -0.998700 -0.005100 -0.050100
vn -0.998700 -0.009400 -0.050100
vn -0.999700 -0.009400 -0.022000
vn -0.999600 -0.011500 -0.026700
vn -0.999500 -0.011700 -0.029800
vn -0.999400 -0.011800 -0.033000
vn -0.999200 -0.012200 -0.037300
vn -0.999100 -0.012500 -0.041600
vn -0.998900 -0.013000 -0.044800
vn -0.998500 -0.025000 -0.048000
vn -0.998700 -0.014100 -0.048800
vn -0.998600 -0.014600 -0.050200
vn -0.998600 -0.017600 -0.050200
vn -0.998500 -0.020500 -0.050100
vn -0.999500 -0.020500 -0.022000
vn -0.999400 -0.022600 -0.026700
vn -0.999300 -0.022900 -0.031000
vn -0.999100 -0.023100 -0.035200
vn -0.998800 -0.024100 -0.043800
vn -0.998600 -0.024600 -0.045900
vn -0.998900 -0.031300 -0.035300
vn -0.998500 -0.025600 -0.049100
vn -0.998400 -0.026300 -0.050200
vn -0.998400 -0.027200 -0.050200
vn -0.998300 -0.028200 -0.050200
vn -0.998400 -0.028800 -0.049100
vn -0.998400 -0.029400 -0.048100
vn -0.998500 -0.029900 -0.046000
vn -0.998600 -0.030300 -0.043800
vn -0.998700 -0.030800 -0.039600
vn -0.998100 -0.041200 -0.046100
vn -0.998200 -0.036100 -0.048200
vn -0.998100 -0.036700 -0.049300
vn -0.998000 -0.037300 -0.050300
vn -0.998000 -0.038400 -0.050400
vn -0.997900 -0.039500 -0.050400
vn -0.998000 -0.040100 -0.049300
vn -0.998000 -0.040700 -0.048200
vn -0.998200 -0.041700 -0.043900
vn -0.998300 -0.042200 -0.039700
vn -0.998500 -0.042600 -0.035400
vn -0.998600 -0.042900 -0.031100
vn -0.994500 0.092900 -0.047800
vn -0.728200 0.658500 -0.190000
vn -0.728500 0.662300 -0.174800
vn -0.994900 0.093200 -0.038400
vn -0.729400 0.669500 -0.140600
vn -0.729700 0.671800 -0.127700
vn -0.730400 0.678300 -0.080300
vn -0.995400 0.093300 -0.019300
vn -0.730500 0.679200 -0.070900
vn -0.998900 0.035600 -0.030000
vn -0.999100 0.035600 -0.022000
vn -0.999100 0.042400 -0.009700
vn -0.999200 0.039000 -0.009600
vn -0.999300 0.035700 -0.009700
vn -0.999400 0.024600 -0.024500
vn -0.999300 0.034200 -0.016800
vn -0.999300 0.024800 -0.027800
vn -0.999200 0.030800 -0.024600
vn -0.999200 0.031600 -0.024700
vn -0.999200 0.032300 -0.024600
vn -0.999000 0.032200 -0.029900
vn 0.008600 -0.971500 -0.237100
vn -0.016200 -0.971600 -0.236200
vn -0.019300 -0.839500 -0.543000
vn -0.999200 0.025000 -0.031000
vn 0.021700 -0.561600 -0.827100
vn -0.999100 0.025400 -0.033100
vn -0.999000 0.025800 -0.035300
vn -0.999000 0.026300 -0.036300
vn -0.998900 0.026700 -0.037400
vn -0.998900 0.027800 -0.037400
vn -0.998900 0.028900 -0.037400
vn -0.998900 0.029400 -0.036300
vn -0.998900 0.029900 -0.035300
vn 0.001700 0.549800 -0.835300
vn -0.999000 0.030200 -0.033100
vn -0.999100 0.030700 -0.027800
vn -0.999100 0.030600 -0.031000
vn 0.000000 0.950700 -0.310300
vn 0.000000 0.950700 -0.310200
vn -0.999600 0.013700 -0.023500
vn -0.999700 0.013700 -0.022000
vn -0.999500 0.023000 -0.021300
vn -0.999200 0.013700 -0.037300
vn -0.999200 0.017300 -0.037300
vn -0.999100 0.020900 -0.037400
vn -0.998800 0.020900 -0.043700
vn -0.999800 0.016900 -0.009600
vn -0.999600 0.022900 -0.016000
vn -0.999900 0.013700 -0.009600
vn -0.999200 0.006500 -0.039400
vn -0.999800 0.012300 -0.016700
vn -0.999200 0.008400 -0.039400
vn -0.999200 0.010400 -0.039400
vn -0.998900 0.010400 -0.044800
vn 0.000000 -1.000000 -0.000200
vn -0.999700 0.005100 -0.022000
vn -0.999200 0.003100 -0.039400
vn -0.999000 -0.000700 -0.043700
vn -0.999200 0.005100 -0.039400
vn -0.999300 -0.000700 -0.037300
vn -0.999900 0.005100 -0.009600
vn -0.999700 -0.008000 -0.023400
vn -0.999700 -0.007900 -0.022000
vn -0.999300 -0.008000 -0.037300
vn -0.999300 -0.004300 -0.037300
vn -0.999900 -0.004800 -0.009600
vn -0.999900 -0.007900 -0.009600
vn -0.999700 -0.011600 -0.022300
vn -0.999800 -0.009400 -0.016700
vn -0.003900 -1.000000 0.000000
vn 0.059300 -0.998200 0.000000
vn -0.002200 -0.950500 0.310600
vn 0.000000 -0.806000 0.591900
vn -0.003300 -0.806600 0.591100
vn -0.000000 -0.608100 0.793900
vn 0.005200 -0.606700 0.794900
vn -0.999700 -0.020500 -0.016700
vn 0.000200 -0.897900 0.440100
vn -0.998900 -0.023800 -0.039200
vn -0.999000 -0.031500 -0.031000
vn -0.998400 -0.035200 -0.043900
vn -0.999100 -0.031800 -0.026700
vn -0.998300 -0.035600 -0.046100
vn -0.999200 -0.031900 -0.022000
vn -0.000000 0.981400 0.192100
vn -0.998800 -0.041700 -0.024700
vn -0.999300 -0.031900 -0.021400
vn -0.998800 -0.041400 -0.027900
vn -0.999100 -0.035400 -0.024600
vn -0.999100 -0.034700 -0.024600
vn -0.999100 -0.034000 -0.024500
vn -0.999000 -0.034100 -0.030000
vn -0.998800 -0.034200 -0.035300
vn -0.998600 -0.034600 -0.039600
vn -0.999400 -0.032000 -0.016000
vn -0.999500 -0.032100 0.000000
vn -0.999400 -0.032000 0.016000
vn -0.998700 -0.041200 -0.031100
vn -0.998600 -0.040800 -0.033200
vn -0.998600 -0.040500 -0.035400
vn -0.998500 -0.040000 -0.036500
vn -0.998500 -0.039500 -0.037500
vn -0.998600 -0.038400 -0.037500
vn -0.998600 -0.037300 -0.037500
vn -0.998700 -0.036900 -0.036400
vn -0.998700 -0.036400 -0.035300
vn -0.998800 -0.036000 -0.033200
vn -0.999000 -0.035500 -0.027800
vn -0.998900 -0.035600 -0.031000
vn -0.000000 -0.986200 -0.165400
vn 0.000000 -0.988100 -0.153700
vn -0.000000 -0.986400 0.164400
vn 0.000000 -0.964700 0.263500
vn -0.000100 -0.945800 0.324700
vn 0.000000 -0.920900 0.389700
vn -0.984600 -0.065800 -0.161900
vn -0.982100 -0.068000 -0.175700
vn -0.982700 -0.067700 -0.172200
vn -0.983300 -0.067400 -0.169100
vn -0.983800 -0.067100 -0.166500
vn -0.984100 -0.066700 -0.164400
vn -0.984400 -0.066300 -0.162900
vn -0.718000 0.143300 -0.681100
vn -0.719400 0.172000 -0.673000
vn -0.720600 0.156100 -0.675600
vn -0.984700 -0.065400 -0.161500
vn -0.984700 -0.064900 -0.161800
vn -0.984600 -0.064500 -0.162600
vn -0.984400 -0.064100 -0.164000
vn -0.984100 -0.063700 -0.166000
vn -0.983700 -0.063300 -0.168400
vn -0.985700 -0.059500 -0.157400
vn -0.718400 0.183600 -0.671000
vn -0.720500 0.116300 -0.683700
vn -0.722200 0.127500 -0.679800
vn -0.721500 0.102600 -0.684800
vn -0.723700 0.098600 -0.683000
vn -0.723200 0.074600 -0.686600
vn -0.724700 0.068700 -0.685600
vn -0.722500 0.088600 -0.685700
vn -0.724500 0.045700 -0.687800
vn -0.725400 0.038100 -0.687300
vn -0.724000 0.060100 -0.687200
vn -0.725200 0.016800 -0.688300
vn -0.725700 0.007100 -0.688000
vn -0.725000 0.031300 -0.688000
vn -0.725400 -0.012500 -0.688200
vn -0.725600 -0.024100 -0.687700
vn -0.725500 0.002000 -0.688300
vn -0.725600 -0.024200 -0.687700
vn -0.725700 -0.019300 -0.687700
vn -0.725500 -0.027300 -0.687700
vn -0.725800 -0.019400 -0.687700
vn -0.725900 -0.014500 -0.687600
vn -0.726000 -0.009700 -0.687600
vn -0.726100 -0.004800 -0.687600
vn -0.726100 -0.000000 -0.687600
vn -0.726100 0.004800 -0.687600
vn -0.726000 0.009700 -0.687600
vn -0.725900 0.014500 -0.687600
vn -0.725800 0.019400 -0.687700
vn -0.725800 0.019300 -0.687700
vn -0.725600 0.024100 -0.687700
vn -0.725500 0.027300 -0.687700
vn -0.725700 -0.007100 -0.688000
vn -0.725600 0.024300 -0.687700
vn -0.725400 -0.002000 -0.688300
vn -0.725500 -0.038000 -0.687200
vn -0.725500 0.012700 -0.688100
vn -0.724900 -0.031200 -0.688200
vn -0.724800 -0.068700 -0.685600
vn -0.725200 -0.016600 -0.688400
vn -0.723900 -0.060100 -0.687300
vn -0.723700 -0.098600 -0.683000
vn -0.724400 -0.045700 -0.687900
vn -0.722400 -0.088500 -0.685800
vn -0.722300 -0.127700 -0.679600
vn -0.723200 -0.074400 -0.686600
vn -0.720500 -0.116400 -0.683700
vn -0.720600 -0.156100 -0.675600
vn -0.718000 -0.143300 -0.681100
vn -0.719400 -0.172000 -0.673000
vn -0.985700 0.059500 -0.157400
vn -0.718400 -0.183600 -0.671000
vn -0.983300 0.067400 -0.169200
vn -0.984600 0.064400 -0.162500
vn -0.984400 0.064100 -0.164000
vn -0.984700 0.064900 -0.161800
vn -0.984700 0.065400 -0.161600
vn -0.984600 0.065800 -0.161900
vn -0.984400 0.066300 -0.162900
vn -0.984100 0.066700 -0.164400
vn -0.983800 0.067000 -0.166500
vn -0.978600 0.077000 -0.191000
vn -0.982700 0.067700 -0.172200
vn -0.982100 0.068000 -0.175600
vn -0.981400 0.068100 -0.179400
vn -0.980700 0.068200 -0.183300
vn -0.979900 0.068200 -0.187300
vn -0.979100 0.069200 -0.191200
vn -0.978700 0.070200 -0.192700
vn -0.978500 0.071100 -0.193800
vn -0.978300 0.072100 -0.194400
vn -0.978200 0.073100 -0.194500
vn -0.978100 0.074100 -0.194300
vn -0.978200 0.075000 -0.193700
vn -0.978300 0.076000 -0.192600
vn -0.989700 0.087400 -0.113200
vn -0.985400 0.086600 -0.146400
vn -0.708400 0.441300 -0.550900
vn -0.708100 0.442700 -0.550100
vn -0.709700 0.464300 -0.529900
vn -0.978900 0.077900 -0.189100
vn -0.979300 0.078900 -0.186700
vn -0.979700 0.079800 -0.183800
vn -0.980200 0.080700 -0.180600
vn -0.980800 0.081700 -0.176900
vn -0.981500 0.082500 -0.172900
vn -0.982200 0.083400 -0.168400
vn -0.983000 0.084300 -0.163400
vn -0.983700 0.085000 -0.158200
vn -0.705600 0.396500 -0.587300
vn -0.706500 0.417100 -0.571800
vn -0.989300 0.087500 -0.117100
vn -0.986300 0.087300 -0.140000
vn -0.711300 0.486700 -0.507100
vn -0.987600 0.087800 -0.130300
vn -0.987200 0.088100 -0.133100
vn -0.713000 0.507000 -0.484300
vn -0.713100 0.508500 -0.482600
vn -0.988000 0.087700 -0.127200
vn -0.988400 0.087500 -0.124000
vn -0.988900 0.087400 -0.120500
vn -0.711400 0.483400 -0.510200
vn -0.000100 0.789100 0.614200
vn -0.000000 0.784900 0.619600
vn -0.000000 0.860600 0.509200
vn -0.000000 0.677300 0.735700
vn 0.000000 0.695100 0.718900
vn -0.000000 0.878900 0.477000
vn -0.000000 0.920900 0.389800
vn -0.000000 0.964700 0.263500
vn -0.000000 0.991100 0.132800
vn 0.000000 0.988100 -0.153700
vn -0.000000 0.987600 -0.156800
vn -0.000400 0.986400 -0.164400
vn 0.000000 0.950800 -0.309700
vn 0.000000 0.890500 -0.454900
vn -0.000100 0.879500 -0.475900
vn 0.000000 0.808400 -0.588600
vn -0.000000 0.706600 -0.707600
vn 0.000000 0.587800 -0.809000
vn -0.000100 0.545800 -0.837900
vn 0.000000 0.455000 -0.890500
vn 0.000000 0.311500 -0.950200
vn 0.000000 0.160900 -0.987000
vn 0.000000 0.006700 -1.000000
vn 0.000000 -0.147300 -0.989100
vn 0.000100 -0.297600 -0.954700
vn 0.000100 -0.440600 -0.897700
vn -0.000100 -0.547100 -0.837000
vn -0.000000 -0.573300 -0.819400
vn 0.000000 -0.692400 -0.721600
vn -0.983200 -0.063100 -0.171300
vn 0.000100 -0.789200 -0.614100
vn -0.000000 -0.795200 -0.606300
vn -0.715700 0.208700 -0.666500
vn -0.715800 0.210100 -0.665900
vn -0.000100 -0.878900 -0.477000
vn 0.000000 -0.883500 -0.468400
vn -0.983700 0.063300 -0.168400
vn -0.983200 0.063100 -0.171400
vn 0.000000 0.795200 -0.606300
vn 0.000000 0.692400 -0.721600
vn -0.715100 -0.169200 -0.678200
vn -0.715800 -0.210100 -0.665900
vn -0.715700 -0.208800 -0.666500
vn -0.000300 0.879500 -0.475800
vn 0.000000 0.883300 -0.468900
vn -0.984100 0.063700 -0.166000
vn -0.000000 0.677000 -0.736000
vn 0.000000 0.573200 -0.819400
vn 0.000000 0.440600 -0.897700
vn 0.000100 0.399900 -0.916600
vn -0.000000 0.297500 -0.954700
vn 0.000100 0.243300 -0.970000
vn 0.000000 0.147300 -0.989100
vn 0.000000 -0.006700 -1.000000
vn 0.000000 -0.160900 -0.987000
vn -0.000000 -0.311600 -0.950200
vn -0.000000 -0.455000 -0.890500
vn -0.000100 -0.547100 -0.837100
vn 0.000000 -0.587800 -0.809000
vn 0.000000 -0.706600 -0.707600
vn -0.000000 -0.789200 -0.614100
vn 0.000000 -0.808400 -0.588600
vn 0.000100 -0.878800 -0.477100
vn -0.000000 -0.890600 -0.454900
vn -0.000200 -0.945400 -0.326000
vn -0.000000 -0.950800 -0.309700
vn -0.000300 -0.986300 -0.165200
vn -0.000000 -0.987600 -0.156800
vn -0.979700 0.068400 -0.188300
vn -0.000000 -1.000000 0.000100
vn 0.000000 -0.999200 0.040600
vn -0.979500 0.068200 -0.189300
vn 0.000000 -0.996700 0.081000
vn -0.705300 -0.085000 -0.703800
vn -0.705300 -0.086000 -0.703700
vn -0.703700 -0.056700 -0.708200
vn -0.000100 -0.986400 0.164400
vn 0.000000 -0.977100 0.213000
vn -0.705100 -0.070500 -0.705600
vn -0.702300 -0.027200 -0.711400
vn -0.708300 -0.124000 -0.694900
vn -0.705600 -0.087800 -0.703200
vn -0.705400 -0.085500 -0.703600
vn -0.702400 -0.016000 -0.711600
vn -0.701100 0.002400 -0.713100
vn -0.700100 0.031900 -0.713400
vn -0.700500 0.038200 -0.712700
vn -0.699200 0.061300 -0.712300
vn -0.698700 0.090300 -0.709700
vn -0.699300 0.092100 -0.708800
vn -0.698400 0.119200 -0.705800
vn -0.698200 0.147900 -0.700400
vn -0.698800 0.145700 -0.700300
vn -0.698300 0.176500 -0.693700
vn -0.698500 0.205000 -0.685600
vn -0.699000 0.198500 -0.687000
vn -0.699000 0.233200 -0.676100
vn -0.699600 0.260900 -0.665200
vn -0.699700 0.250400 -0.669100
vn -0.700400 0.288000 -0.653100
vn -0.701200 0.300700 -0.646400
vn -0.701300 0.315100 -0.639500
vn -0.702400 0.341200 -0.624700
vn -0.703200 0.349600 -0.619100
vn -0.703600 0.367200 -0.608400
vn -0.705000 0.392400 -0.590700
vn -0.995600 0.093600 0.009800
vn -0.995600 0.093500 -0.009700
vn -0.730400 0.680100 -0.063900
vn -0.730800 0.681700 -0.035600
vn -0.995600 0.093500 0.000000
vn -0.730900 0.682500 -0.000000
vn -0.730900 0.682400 0.000000
vn -0.730900 0.681600 0.035600
vn -0.979700 0.068200 0.188300
vn -0.979500 0.068300 0.189300
vn -0.000000 -0.996700 -0.081100
vn 0.000000 -0.999200 -0.040500
vn -0.705300 -0.085000 0.703800
vn -0.703700 -0.056100 0.708200
vn -0.705300 -0.086000 0.703700
vn -0.000000 -0.976900 -0.213800
vn -0.979900 0.068200 0.187300
vn -0.980700 0.068200 0.183200
vn 0.000000 -0.987600 0.156800
vn -0.000400 -0.986400 0.164400
vn 0.000000 -0.950800 0.309800
vn 0.000000 -0.890500 0.454900
vn -0.000200 -0.879500 0.475900
vn 0.000000 -0.808400 0.588600
vn 0.000000 -0.789600 0.613600
vn -0.000000 -0.706600 0.707600
vn -0.000100 -0.676900 0.736000
vn 0.000000 -0.587800 0.809000
vn -0.000200 -0.545800 0.837900
vn 0.000000 -0.455000 0.890500
vn 0.000000 -0.311500 0.950200
vn -0.000000 -0.243300 0.969900
vn 0.000000 -0.160900 0.987000
vn -0.000000 -0.006800 1.000000
vn 0.000000 0.147300 0.989100
vn 0.000100 0.297600 0.954700
vn 0.000000 0.440600 0.897700
vn 0.000000 0.692400 0.721500
vn -0.983200 0.063000 0.171300
vn 0.000000 0.795300 0.606300
vn -0.715700 -0.208700 0.666500
vn -0.715900 -0.210100 0.665900
vn 0.000000 0.878800 0.477100
vn -0.000000 0.883600 0.468300
vn -0.705600 0.396700 0.587200
vn -0.705100 0.392000 0.590800
vn -0.703800 0.367300 0.608100
vn -0.703200 0.349600 0.619100
vn -0.702400 0.341500 0.624500
vn -0.701400 0.315400 0.639200
vn -0.701200 0.300800 0.646400
vn -0.700400 0.288600 0.652800
vn -0.699900 0.250200 0.669000
vn -0.699600 0.261600 0.664900
vn -0.699000 0.233700 0.675900
vn -0.699000 0.198500 0.687000
vn -0.698500 0.206100 0.685300
vn -0.698400 0.177300 0.693400
vn -0.698800 0.145700 0.700300
vn -0.698200 0.149000 0.700200
vn -0.698500 0.120000 0.705500
vn -0.699200 0.092300 0.708900
vn -0.698800 0.091200 0.709500
vn -0.699400 0.062100 0.712000
vn -0.700500 0.038200 0.712600
vn -0.700100 0.032900 0.713300
vn -0.701100 0.003300 0.713100
vn -0.702400 -0.016000 0.711600
vn -0.702200 -0.026400 0.711400
vn -0.705000 -0.070200 0.705700
vn -0.705400 -0.085500 0.703600
vn -0.999100 -0.041900 -0.000000
vn -0.999000 -0.041800 0.016100
vn -0.999000 -0.041900 -0.016100
vn -0.999500 -0.024000 -0.022000
vn -0.999000 -0.025800 -0.036300
vn -0.999000 -0.026300 -0.037400
vn -0.998900 -0.027200 -0.037400
vn -0.999100 -0.025300 -0.035200
vn -0.999100 -0.024900 -0.033100
vn -0.999200 -0.024600 -0.031000
vn -0.999300 -0.024300 -0.027700
vn -0.999400 -0.024200 -0.024600
vn -0.999200 -0.030400 -0.024600
vn -0.999300 -0.030400 -0.022000
vn -0.999500 -0.024000 0.021700
vn -0.999200 -0.030100 -0.027800
vn -0.999100 -0.029800 -0.031000
vn -0.999000 -0.029500 -0.033100
vn -0.999000 -0.029100 -0.035200
vn -0.998900 -0.028700 -0.036300
vn -0.998900 -0.028200 -0.037400
vn -0.999500 -0.024000 0.020300
vn -0.999500 -0.023900 -0.020300
vn -0.999300 -0.030400 0.021700
vn -0.999300 -0.030500 -0.020300
vn -0.000200 -0.839200 -0.543800
vn -0.999700 -0.023900 -0.000000
vn -0.999600 -0.023800 -0.016000
vn -0.999600 -0.023900 0.016000
vn -0.005200 0.970900 0.239400
vn 0.040800 0.968000 0.247800
vn -0.999400 -0.024100 0.024600
vn -0.999300 -0.030400 0.020300
vn -0.999300 -0.024300 0.027800
vn -0.999200 -0.024600 0.030900
vn -0.999100 -0.024900 0.033100
vn -0.999100 -0.025300 0.035200
vn -0.999000 -0.025800 0.036300
vn -0.999000 -0.026200 0.037400
vn -0.998900 -0.027200 0.037400
vn -0.998900 -0.028200 0.037400
vn -0.998900 -0.028700 0.036300
vn -0.999000 -0.029100 0.035300
vn -0.999000 -0.029500 0.033100
vn -0.999100 -0.029900 0.031000
vn -0.999200 -0.030000 0.027800
vn -0.999200 -0.030300 0.024600
vn -0.999500 -0.030700 -0.000000
vn -0.999400 -0.030600 0.016000
vn -0.999400 -0.030600 -0.016000
vn -0.004100 0.838700 0.544600
vn -0.005100 0.574900 0.818200
vn -0.009500 -0.562600 0.826700
vn -0.000000 -0.806000 -0.591900
vn -0.000700 -0.803600 -0.595200
vn -0.004800 -0.950600 -0.310500
vn -0.999800 -0.016700 -0.007500
vn -0.999600 -0.019000 -0.022000
vn -0.999800 -0.019000 -0.007500
vn -0.999700 -0.013000 -0.020200
vn -0.999700 -0.013000 -0.022000
vn -0.999500 -0.019000 -0.023400
vn -0.999800 -0.013200 -0.017100
vn -0.999800 -0.013200 -0.013800
vn -0.999800 -0.013500 -0.011700
vn -0.999900 -0.013700 -0.009600
vn -0.999900 -0.014100 -0.008500
vn -0.999900 -0.014500 -0.007500
vn -0.999000 -0.019000 -0.039500
vn -0.999100 -0.016700 -0.039400
vn -0.999100 -0.014500 -0.039400
vn -0.999200 -0.014100 -0.038400
vn -0.999200 -0.013700 -0.037300
vn -0.999300 -0.013400 -0.035200
vn -0.999400 -0.013200 -0.033000
vn -0.999500 -0.013100 -0.029900
vn -0.999600 -0.013300 -0.023400
vn 0.015800 0.708700 0.705400
vn -0.000000 0.322300 0.946600
vn 0.000000 0.322300 0.946700
vn 0.000000 0.322300 -0.946700
vn 0.000000 0.322300 -0.946600
vn -0.999600 -0.013100 -0.026700
vn -0.999700 0.022800 0.000000
vn -0.999600 0.022900 0.016000
vn -0.999700 0.024500 0.000000
vn -0.999600 0.024200 0.016000
vn -0.999600 0.024300 -0.016000
vn 0.000000 -0.996200 0.087600
vn -0.000200 -0.986300 -0.165200
vn -0.000000 -0.987400 -0.158100
vn -0.000100 -0.986400 0.164500
vn -0.000300 -0.945400 -0.325900
vn -0.000000 -0.948600 -0.316400
vn -1.000000 0.000100 0.000000
vn -0.000100 -0.027300 -0.999600
vn 0.000000 -0.054200 -0.998500
vn 0.000000 0.120600 -0.992700
vn 0.000000 -0.136300 -0.990700
vn 0.000000 -0.162100 -0.986800
vn -0.000000 -0.108700 -0.994100
vn -0.000100 -0.190000 -0.981800
vn -0.000000 -0.215400 -0.976500
vn -0.000000 -0.163000 -0.986600
vn -0.000300 -0.268000 -0.963400
vn -0.000300 -0.319900 -0.947500
vn -0.000200 -0.370900 -0.928700
vn 0.000000 -0.371600 -0.928400
vn 0.000000 -0.339900 -0.940500
vn -0.000000 -0.340100 -0.940400
vn -0.714000 -0.209800 -0.668000
vn -0.711600 -0.194200 -0.675200
vn -0.711800 -0.175300 -0.680100
vn -0.712000 -0.177300 -0.679400
vn -0.716700 -0.229600 -0.658500
vn -0.712400 -0.183100 -0.677400
vn -0.713100 -0.191100 -0.674500
vn -0.713700 -0.199200 -0.671500
vn -0.714400 -0.207200 -0.668300
vn -0.715100 -0.215100 -0.665100
vn -0.715800 -0.222700 -0.661900
vn -0.714400 -0.208500 -0.667900
vn -0.714700 -0.208100 -0.667800
vn -0.714800 -0.207700 -0.667700
vn -0.715200 -0.207500 -0.667400
vn -0.715500 -0.207900 -0.667000
vn 0.000000 0.239400 -0.970900
vn -0.000000 0.354700 -0.935000
vn -0.000000 0.464700 -0.885500
vn 0.000000 0.464800 -0.885400
vn -0.000000 0.568000 -0.823000
vn 0.000000 0.568100 -0.822900
vn -0.000000 0.663100 -0.748600
vn 0.000000 0.663200 -0.748500
vn -0.000000 0.748500 -0.663200
vn 0.000000 0.748600 -0.663100
vn -0.000000 0.822900 -0.568100
vn 0.000000 0.823000 -0.568000
vn -0.000000 0.885400 -0.464800
vn 0.000000 0.885400 -0.464700
vn -0.000000 0.935000 -0.354700
vn -0.000000 0.970900 -0.239400
vn -0.000000 0.992700 -0.120600
vn 0.000000 0.992700 0.120600
vn 0.000000 0.970900 0.239400
vn -0.000000 0.935000 0.354700
vn -0.000000 0.885400 0.464700
vn 0.000000 0.885400 0.464800
vn -0.000000 0.823000 0.568000
vn 0.000000 0.822900 0.568100
vn -0.000000 0.748600 0.663100
vn 0.000000 0.748500 0.663200
vn -0.000000 0.663200 0.748500
vn 0.000000 0.663100 0.748600
vn -0.000000 0.568100 0.822900
vn 0.000000 0.568000 0.823000
vn -0.000000 0.464800 0.885400
vn 0.000000 0.464700 0.885500
vn -0.000000 0.354700 0.935000
vn -0.000000 0.239400 0.970900
vn -0.000000 -0.055000 0.998500
vn -0.000100 -0.108300 0.994100
vn 0.000000 -0.109800 0.994000
vn -0.000000 -0.082400 0.996600
vn 0.000000 -0.163700 0.986500
vn -0.000300 -0.215400 0.976500
vn 0.000000 -0.216800 0.976200
vn -0.000300 -0.268000 0.963400
vn 0.000000 -0.269200 0.963100
vn -0.000200 -0.319900 0.947400
vn 0.000000 -0.320600 0.947200
vn -0.000100 -0.370900 0.928700
vn 0.000000 -0.371100 0.928600
vn 0.000000 -0.340000 0.940400
vn 0.000000 -0.256700 0.966500
vn 0.000000 -0.085100 0.996400
vn -0.000000 0.001700 1.000000
vn 0.000100 0.002000 1.000000
vn -0.000000 0.088400 0.996100
vn 0.000200 0.089100 0.996000
vn -0.000000 0.174500 0.984700
vn 0.000200 0.175400 0.984500
vn -0.000000 0.259300 0.965800
vn 0.000300 0.260400 0.965500
vn 0.000100 0.342300 0.939600
vn 0.000300 0.343400 0.939200
vn -0.000300 0.422500 0.906400
vn 0.000400 0.423900 0.905700
vn -0.000000 0.499800 0.866200
vn 0.000100 0.501000 0.865400
vn -0.000000 0.573200 0.819400
vn 0.000000 0.574400 0.818600
vn -0.000100 0.642500 0.766300
vn 0.000000 0.643500 0.765400
vn -0.000100 0.707000 0.707200
vn 0.000300 0.707800 0.706400
vn -0.000000 0.765900 0.643000
vn 0.000200 0.766600 0.642200
vn -0.000000 0.819100 0.573600
vn 0.000200 0.819500 0.573000
vn -0.000000 0.866000 0.500100
vn 0.000100 0.866300 0.499500
vn 0.000100 0.906500 0.422200
vn -0.000000 0.939700 0.341900
vn 0.000000 0.939800 0.341700
vn 0.000000 0.966000 0.258700
vn -0.000000 0.984900 0.173200
vn 0.000000 0.984800 0.173500
vn -0.000000 0.996200 0.087100
vn 0.000000 0.996200 -0.087200
vn -0.000000 0.984800 -0.173500
vn 0.000100 0.984800 -0.173700
vn -0.000000 0.966000 -0.258500
vn 0.000000 0.965900 -0.258900
vn -0.000000 0.939700 -0.341900
vn -0.000000 0.939700 -0.342000
vn 0.000100 0.866200 -0.499800
vn -0.000000 0.866100 -0.499800
vn -0.000300 0.819300 -0.573400
vn -0.000000 0.819100 -0.573700
vn 0.000200 0.766500 -0.642300
vn 0.000000 0.765800 -0.643000
vn -0.000100 0.707600 -0.706600
vn -0.000000 0.706800 -0.707400
vn 0.000300 0.643500 -0.765400
vn 0.000000 0.642400 -0.766400
vn 0.000400 0.574500 -0.818500
vn 0.000400 0.501100 -0.865400
vn -0.000300 0.499800 -0.866100
vn -0.000100 0.423700 -0.905800
vn -0.000300 0.422400 -0.906400
vn 0.000300 0.343300 -0.939200
vn 0.000100 0.342200 -0.939600
vn 0.000300 0.260200 -0.965500
vn -0.000200 0.258600 -0.966000
vn 0.000200 0.175200 -0.984500
vn -0.000000 0.174400 -0.984700
vn 0.000200 0.088800 -0.996100
vn 0.000100 0.001700 -1.000000
vn 0.000000 -0.085300 -0.996400
vn -0.000000 -0.171600 -0.985200
vn 0.000100 -0.171700 -0.985100
vn -0.000000 -0.085200 -0.996400
vn 0.000100 -0.256900 -0.966400
vn -0.715800 -0.222600 0.661900
vn -0.716700 -0.229600 0.658500
vn -0.712200 -0.177300 0.679200
vn -0.715500 -0.207900 0.667000
vn -0.711600 -0.194200 0.675200
vn -0.714600 -0.208100 0.667800
vn -0.714900 -0.207700 0.667700
vn -0.715200 -0.207500 0.667400
vn -0.714400 -0.208500 0.667900
vn -0.714000 -0.209900 0.668000
vn -0.711200 -0.167300 0.682800
vn -0.708200 -0.124000 0.695000
vn -0.715200 -0.215000 0.665000
vn -0.711900 -0.175600 0.679900
vn -0.712500 -0.183100 0.677400
vn -0.713000 -0.191200 0.674600
vn -0.713700 -0.199100 0.671500
vn -0.714400 -0.207100 0.668300
vn -0.707400 -0.115500 0.697300
vn -0.707900 -0.122600 0.695600
vn -0.708400 -0.129900 0.693700
vn -0.708900 -0.137300 0.691800
vn -0.709500 -0.144700 0.689700
vn -0.710000 -0.152100 0.687500
vn -0.710600 -0.159700 0.685300
vn -0.705600 -0.087700 0.703200
vn -0.705800 -0.091400 0.702500
vn -0.706200 -0.096400 0.701500
vn -0.706600 -0.102300 0.700200
vn -0.707000 -0.108700 0.698800
vn -0.713200 0.507500 0.483600
vn -0.714500 0.522400 0.465400
vn -0.712900 0.506700 0.484900
vn -0.715000 0.529100 0.457000
vn -0.717700 0.557900 0.416700
vn -0.713400 0.509400 0.481300
vn -0.713500 0.512300 0.478000
vn -0.713800 0.515900 0.473500
vn -0.714200 0.520000 0.468500
vn -0.714600 0.524400 0.462900
vn -0.718100 0.562600 0.409700
vn -0.720800 0.589700 0.364400
vn -0.715400 0.533900 0.450700
vn -0.715900 0.538700 0.444200
vn -0.716300 0.543500 0.437700
vn -0.716700 0.548300 0.430800
vn -0.717200 0.553200 0.423900
vn -0.717700 0.558000 0.416600
vn -0.721100 0.594000 0.356600
vn -0.718500 0.567300 0.402400
vn -0.718900 0.572000 0.394900
vn -0.719400 0.576600 0.387300
vn -0.719900 0.581300 0.379300
vn -0.720300 0.585700 0.371700
vn -0.720700 0.590000 0.363900
vn -0.721500 0.597600 0.349800
vn -0.721800 0.600500 0.344200
vn -0.722000 0.602700 0.339800
vn -0.722100 0.604000 0.337200
vn -0.720700 0.590100 -0.364000
vn -0.717700 0.557900 -0.416700
vn -0.721500 0.603400 -0.339600
vn -0.721800 0.600500 -0.344100
vn -0.721500 0.597600 -0.349800
vn -0.721100 0.594000 -0.356500
vn -0.717600 0.557800 -0.416900
vn -0.714500 0.522300 -0.465500
vn -0.720200 0.585700 -0.371800
vn -0.719900 0.581300 -0.379300
vn -0.719400 0.576600 -0.387300
vn -0.719000 0.571900 -0.394900
vn -0.718500 0.567400 -0.402400
vn -0.718000 0.562700 -0.409600
vn -0.714600 0.524400 -0.462900
vn -0.717200 0.553100 -0.424000
vn -0.716800 0.548200 -0.430900
vn -0.716300 0.543500 -0.437700
vn -0.715900 0.538700 -0.444200
vn -0.715400 0.533900 -0.450700
vn -0.715000 0.529100 -0.457000
vn -0.714200 0.520000 -0.468500
vn -0.713900 0.515900 -0.473600
vn -0.713500 0.512300 -0.477900
vn -0.713300 0.509400 -0.481400
vn -0.713100 0.507500 -0.483700
vn -0.713100 0.506700 -0.484500
vn -0.707900 -0.122700 -0.695500
vn -0.706300 -0.091500 -0.701900
vn -0.706200 -0.096500 -0.701500
vn -0.706500 -0.102300 -0.700300
vn -0.707100 -0.108700 -0.698700
vn -0.707400 -0.115600 -0.697300
vn -0.708400 -0.129900 -0.693700
vn -0.709000 -0.137300 -0.691800
vn -0.709500 -0.144700 -0.689700
vn -0.710000 -0.152200 -0.687500
vn -0.710600 -0.159800 -0.685200
vn -0.711200 -0.167500 -0.682700
vn -0.000000 0.996200 -0.087600
vn -0.000200 0.986300 0.165200
vn -0.000000 0.987400 0.158100
vn -0.000000 0.984900 -0.172800
vn 0.000000 0.943000 -0.332800
vn 0.000000 0.889100 -0.457800
vn -0.000300 0.945400 0.325900
vn -0.000000 0.948600 0.316400
vn -0.000000 0.822000 -0.569500
vn -0.000000 0.744600 -0.667500
vn -0.000000 0.568100 -0.823000
vn -0.000000 0.659400 -0.751800
vn 0.000000 0.472400 -0.881400
vn -0.000000 0.270000 -0.962900
vn 0.000000 0.372600 -0.928000
vn 0.000000 0.165500 -0.986200
vn -0.000000 -0.049400 -0.998800
vn -0.000000 0.059200 -0.998200
vn -0.000000 -0.160400 -0.987100
vn 0.000000 -0.385200 -0.922800
vn 0.000000 -0.273000 -0.962000
vn 0.000000 -0.496500 -0.868000
vn -0.000000 -0.547100 -0.837000
vn 0.000000 -0.604700 -0.796500
vn 0.000000 -0.677300 -0.735700
vn 0.000000 -0.707100 -0.707100
vn 0.000200 -0.789200 -0.614200
vn 0.000000 -0.878100 -0.478400
vn 0.000000 -0.878800 -0.477100
vn 0.000000 -0.800000 -0.600000
vn -0.000000 -0.937500 -0.347900
vn -0.000100 -0.945300 -0.326100
vn -0.000000 -0.532500 -0.846500
vn 0.000100 -0.547100 -0.837000
vn -0.000000 -0.653900 -0.756600
vn -0.000000 -0.762400 -0.647200
vn -0.000000 -0.851900 -0.523800
vn 0.000000 -0.919700 -0.392500
vn -0.000000 -0.992200 -0.124400
vn 0.000000 -0.992100 0.125800
vn 0.000000 -0.970900 0.239500
vn 0.000000 -0.937700 0.347500
vn 0.000000 -0.893800 0.448500
vn 0.000000 -0.839600 0.543200
vn -0.000000 -0.789500 0.613700
vn -0.000000 -0.776000 0.630700
vn -0.000000 -0.703900 0.710300
vn 0.000000 -0.623000 0.782200
vn 0.000000 -0.533000 0.846100
vn 0.000000 -0.433400 0.901200
vn 0.000000 -0.324300 0.945900
vn -0.000000 -0.206600 0.978400
vn -0.000000 -0.080600 0.996700
vn -0.000000 0.052400 0.998600
vn -0.000100 0.084400 0.996400
vn 0.000000 0.190100 0.981800
vn -0.000000 0.329400 0.944200
vn 0.000000 0.464000 0.885800
vn -0.000000 0.547100 0.837000
vn 0.000000 0.587300 0.809300
vn 0.000000 -0.937400 0.348200
vn -0.000100 -0.879500 0.476000
vn 0.000000 -0.877300 0.480000
vn 0.000000 -0.798700 0.601700
vn -0.000000 -0.705700 0.708500
vn -0.000100 -0.677000 0.736000
vn -0.000000 -0.603300 0.797500
vn 0.000000 -0.495300 0.868700
vn 0.000000 -0.384200 0.923200
vn 0.000000 -0.272000 0.962300
vn 0.000000 -0.160300 0.987100
vn 0.000000 -0.049500 0.998800
vn -0.000000 0.059500 0.998200
vn 0.000000 0.166600 0.986000
vn 0.000000 0.271900 0.962300
vn -0.000000 0.374100 0.927400
vn -0.000000 0.473600 0.880700
vn -0.000000 0.569200 0.822200
vn 0.000000 0.660100 0.751200
vn 0.000000 0.745300 0.666800
vn -0.000000 0.822400 0.568900
vn -0.000000 0.889200 0.457400
vn -0.000000 0.943000 0.332800
vn -0.000300 0.945400 0.325800
vn -0.000000 0.984900 0.172900
vn 0.000000 0.588000 -0.808800
vn 0.000000 0.464100 -0.885800
vn -0.000000 0.329300 -0.944200
vn 0.000000 0.189900 -0.981800
vn 0.000000 0.052000 -0.998600
vn 0.000000 -0.080900 -0.996700
vn 0.000100 -0.084400 -0.996400
vn 0.000000 -0.206900 -0.978400
vn -0.000000 -0.324500 -0.945900
vn -0.000000 -0.433000 -0.901400
vn 0.000000 -0.532500 -0.846400
vn -0.000000 -0.623100 -0.782100
vn -0.000000 -0.704700 -0.709500
vn 0.000000 -0.777600 -0.628800
vn 0.000000 -0.840800 -0.541400
vn 0.000000 -0.894200 -0.447600
vn 0.000000 -0.937900 -0.347000
vn -0.000000 -0.945300 -0.326100
vn -0.000000 -0.970900 -0.239700
vn -0.000000 -0.992100 -0.125600
vn 0.000000 -0.992200 0.124700
vn 0.000000 -0.966100 0.258300
vn 0.000000 -0.919700 0.392500
vn -0.000000 -0.879500 0.475900
vn 0.000000 -0.852000 0.523600
vn 0.000000 -0.762700 0.646700
vn 0.000000 -0.654600 0.756000
vn 0.000000 -0.532900 0.846200
vn 0.000000 0.986200 0.165500
vn 0.000000 0.996100 0.087700
vn 0.000000 0.987400 -0.158400
vn -0.000300 0.986400 -0.164500
vn -0.000000 0.948400 -0.317100
vn -0.000300 0.945800 -0.324700
vn -1.000000 -0.000100 0.000000
vn 1.000000 0.000100 0.000000
usemtl MTL0
s 1
f 1/1/1 2/2/2 3/3/3
f 4/4/4 5/3/5 6/2/6
f 7/5/7 1/1/1 3/3/3
f 8/6/8 9/5/9 10/3/5
f 11/4/10 8/6/8 10/3/5
f 12/7/11 13/8/12 2/2/2
f 14/9/13 6/2/6 15/8/14
f 1/1/1 12/7/11 2/2/2
f 14/9/13 4/4/4 6/2/6
f 16/10/15 17/11/16 13/8/12
f 18/12/17 15/8/14 19/11/18
f 12/7/11 16/10/15 13/8/12
f 18/12/17 14/9/13 15/8/14
f 16/10/15 20/13/19 17/11/16
f 21/14/18 19/11/18 22/13/20
f 21/14/18 18/12/17 19/11/18
f 23/15/21 24/16/22 20/13/19
f 25/17/20 22/13/20 26/16/23
f 16/10/15 23/15/21 20/13/19
f 25/17/20 21/14/18 22/13/20
f 27/18/24 28/19/25 24/16/22
f 29/20/23 26/16/23 30/19/26
f 23/15/21 27/18/24 24/16/22
f 29/20/23 25/17/20 26/16/23
f 27/18/24 31/21/27 28/19/25
f 32/22/26 30/19/26 33/21/28
f 32/22/26 29/20/23 30/19/26
f 34/23/29 35/24/30 31/21/27
f 36/25/31 33/21/28 37/24/32
f 27/18/24 34/23/29 31/21/27
f 38/26/28 32/22/26 33/21/28
f 36/25/31 38/26/28 33/21/28
f 34/23/29 39/27/33 35/24/30
f 40/28/34 37/24/32 41/27/34
f 40/28/34 36/25/31 37/24/32
f 42/29/35 43/30/36 39/27/33
f 40/28/34 41/27/34 44/30/37
f 34/23/29 42/29/35 39/27/33
f 45/31/38 46/32/39 43/30/36
f 47/33/40 48/30/41 49/32/42
f 42/29/35 45/31/38 43/30/36
f 40/28/34 44/30/37 50/33/43
f 45/31/38 51/34/44 46/32/39
f 52/35/45 49/32/42 53/34/46
f 54/36/47 47/33/40 49/32/42
f 52/35/45 54/36/47 49/32/42
f 45/31/38 55/37/48 51/34/44
f 56/38/49 53/34/46 57/37/50
f 58/39/51 52/35/45 53/34/46
f 56/38/49 58/39/51 53/34/46
f 59/40/52 60/41/53 55/37/48
f 61/42/54 55/37/48 60/41/53
f 45/31/38 59/40/52 55/37/48
f 62/43/55 57/37/50 63/42/56
f 62/43/55 56/38/49 57/37/50
f 59/40/52 64/44/57 60/41/53
f 65/45/58 60/41/53 64/44/57
f 66/46/59 61/42/54 60/41/53
f 65/45/58 66/46/59 60/41/53
f 67/47/60 68/48/61 64/44/57
f 69/49/62 64/44/57 68/48/61
f 59/40/52 67/47/60 64/44/57
f 70/50/63 64/44/57 69/49/62
f 71/51/64 64/44/57 70/50/63
f 65/45/58 64/44/57 71/51/64
f 72/52/65 73/53/66 68/48/61
f 74/54/67 68/48/61 73/53/66
f 67/47/60 72/52/65 68/48/61
f 69/49/62 68/48/61 74/54/67
f 75/55/68 76/56/69 73/53/66
f 77/57/70 73/53/66 76/56/69
f 78/58/71 75/55/68 73/53/66
f 79/59/72 78/58/71 73/53/66
f 72/52/65 79/59/72 73/53/66
f 74/54/67 73/53/66 77/57/70
f 80/60/73 81/56/74 82/55/75
f 83/61/76 77/57/70 76/56/69
f 84/62/77 83/61/76 76/56/69
f 80/60/73 85/62/78 81/56/74
f 80/60/73 82/55/75 86/58/79
f 79/59/72 87/63/80 78/58/71
f 88/64/81 89/58/82 90/63/83
f 80/60/73 86/58/79 91/64/79
f 79/59/72 92/65/84 87/63/80
f 93/66/85 90/63/83 94/65/86
f 93/66/85 88/64/81 90/63/83
f 79/59/72 95/67/87 92/65/84
f 96/68/88 94/65/86 97/67/89
f 96/68/88 93/66/85 94/65/86
f 79/59/72 98/69/90 95/67/87
f 99/70/91 97/67/89 100/69/92
f 99/70/91 96/68/88 97/67/89
f 79/59/72 101/71/93 98/69/90
f 102/72/94 100/69/92 103/71/95
f 102/72/94 99/70/91 100/69/92
f 79/59/72 104/73/96 101/71/93
f 105/74/97 103/71/95 106/73/98
f 105/74/97 102/72/94 103/71/95
f 79/59/72 107/75/99 104/73/96
f 108/76/100 106/73/98 109/75/101
f 108/76/100 105/74/97 106/73/98
f 110/77/102 111/78/103 107/75/99
f 112/79/104 109/75/101 113/78/105
f 79/59/72 110/77/102 107/75/99
f 112/79/104 108/76/100 109/75/101
f 110/77/102 114/80/106 111/78/103
f 115/81/107 113/78/105 116/80/108
f 115/81/107 112/79/104 113/78/105
f 110/77/102 117/82/109 114/80/106
f 118/83/110 116/80/108 119/82/111
f 118/83/110 115/81/107 116/80/108
f 110/77/102 120/84/112 117/82/109
f 121/85/113 119/82/111 122/84/114
f 121/85/113 118/83/110 119/82/111
f 110/77/102 123/86/115 120/84/112
f 124/87/116 122/84/114 125/86/117
f 124/87/116 121/85/113 122/84/114
f 110/77/102 126/88/118 123/86/115
f 127/89/119 125/86/117 128/88/120
f 127/89/119 124/87/116 125/86/117
f 129/90/121 130/88/122 131/77/123
f 132/91/124 133/92/125 130/88/122
f 134/93/126 128/88/120 135/92/127
f 129/90/121 132/91/124 130/88/122
f 134/93/126 127/89/119 128/88/120
f 136/94/128 110/77/102 79/59/72
f 137/95/129 138/96/130 110/77/102
f 129/90/121 131/77/123 139/96/131
f 136/94/128 137/95/129 110/77/102
f 140/97/132 79/59/72 72/52/65
f 140/97/132 136/94/128 79/59/72
f 141/98/133 72/52/65 67/47/60
f 141/98/133 140/97/132 72/52/65
f 142/99/134 67/47/60 59/40/52
f 142/99/134 141/98/133 67/47/60
f 143/100/135 59/40/52 45/31/38
f 143/100/135 142/99/134 59/40/52
f 144/101/136 45/31/38 42/29/35
f 145/102/137 143/100/135 45/31/38
f 146/103/138 145/102/137 45/31/38
f 144/101/136 146/103/138 45/31/38
f 147/104/139 42/29/35 34/23/29
f 148/105/140 144/101/136 42/29/35
f 149/106/141 148/105/140 42/29/35
f 150/107/142 149/106/141 42/29/35
f 151/108/143 150/107/142 42/29/35
f 152/109/144 151/108/143 42/29/35
f 153/110/145 152/109/144 42/29/35
f 154/111/146 153/110/145 42/29/35
f 155/112/147 154/111/146 42/29/35
f 156/113/148 155/112/147 42/29/35
f 157/114/149 156/113/148 42/29/35
f 158/115/150 157/114/149 42/29/35
f 159/116/151 158/115/150 42/29/35
f 147/104/139 159/116/151 42/29/35
f 160/117/152 34/23/29 27/18/24
f 161/118/153 147/104/139 34/23/29
f 162/119/154 161/118/153 34/23/29
f 163/120/155 162/119/154 34/23/29
f 164/121/156 163/120/155 34/23/29
f 165/122/157 164/121/156 34/23/29
f 166/123/158 165/122/157 34/23/29
f 167/124/159 166/123/158 34/23/29
f 168/125/160 167/124/159 34/23/29
f 169/126/161 168/125/160 34/23/29
f 160/117/152 169/126/161 34/23/29
f 170/127/162 27/18/24 23/15/21
f 171/128/163 160/117/152 27/18/24
f 172/129/164 171/128/163 27/18/24
f 173/130/165 172/129/164 27/18/24
f 174/131/166 173/130/165 27/18/24
f 175/132/167 174/131/166 27/18/24
f 176/133/168 175/132/167 27/18/24
f 170/127/162 176/133/168 27/18/24
f 177/134/169 23/15/21 16/10/15
f 178/135/170 170/127/162 23/15/21
f 179/136/171 178/135/170 23/15/21
f 180/137/172 179/136/171 23/15/21
f 181/138/173 180/137/172 23/15/21
f 177/134/169 181/138/173 23/15/21
f 182/139/174 16/10/15 12/7/11
f 183/140/175 177/134/169 16/10/15
f 184/141/176 183/140/175 16/10/15
f 185/142/177 184/141/176 16/10/15
f 182/139/174 185/142/177 16/10/15
f 186/143/178 12/7/11 1/1/1
f 187/144/179 182/139/174 12/7/11
f 186/143/178 187/144/179 12/7/11
f 188/145/180 189/146/181 1/1/1
f 190/147/182 1/1/1 189/146/181
f 7/5/7 188/145/180 1/1/1
f 191/148/183 186/143/178 1/1/1
f 192/149/184 191/148/183 1/1/1
f 193/150/185 192/149/184 1/1/1
f 194/151/186 193/150/185 1/1/1
f 195/152/187 194/151/186 1/1/1
f 196/153/188 195/152/187 1/1/1
f 197/154/189 196/153/188 1/1/1
f 198/155/190 197/154/189 1/1/1
f 199/156/191 198/155/190 1/1/1
f 200/157/192 199/156/191 1/1/1
f 201/158/193 200/157/192 1/1/1
f 202/159/194 201/158/193 1/1/1
f 190/147/182 202/159/194 1/1/1
f 203/160/195 204/161/196 189/146/181
f 205/162/197 189/146/181 204/161/196
f 206/163/198 203/160/195 189/146/181
f 188/145/180 206/163/198 189/146/181
f 207/164/199 190/147/182 189/146/181
f 208/165/200 207/164/199 189/146/181
f 209/166/201 208/165/200 189/146/181
f 210/167/202 209/166/201 189/146/181
f 211/168/203 210/167/202 189/146/181
f 205/162/197 211/168/203 189/146/181
f 212/169/204 213/170/205 204/161/196
f 214/171/206 204/161/196 213/170/205
f 203/160/195 212/169/204 204/161/196
f 215/172/207 205/162/197 204/161/196
f 216/173/208 215/172/207 204/161/196
f 217/174/209 216/173/208 204/161/196
f 214/171/206 217/174/209 204/161/196
f 218/175/210 219/176/211 213/170/205
f 220/177/212 213/170/205 219/176/211
f 212/169/204 218/175/210 213/170/205
f 220/177/212 214/171/206 213/170/205
f 221/178/213 222/179/214 219/176/211
f 223/180/215 219/176/211 222/179/214
f 218/175/210 221/178/213 219/176/211
f 223/180/215 220/177/212 219/176/211
f 224/181/216 225/182/217 222/179/214
f 226/183/218 222/179/214 225/182/217
f 227/184/219 224/181/216 222/179/214
f 228/185/220 227/184/219 222/179/214
f 229/186/221 228/185/220 222/179/214
f 230/187/222 229/186/221 222/179/214
f 231/188/223 230/187/222 222/179/214
f 232/189/224 231/188/223 222/179/214
f 233/190/225 232/189/224 222/179/214
f 234/191/226 233/190/225 222/179/214
f 235/192/227 234/191/226 222/179/214
f 236/193/228 235/192/227 222/179/214
f 237/194/229 236/193/228 222/179/214
f 238/195/230 237/194/229 222/179/214
f 239/196/231 240/197/231 241/198/231
f 221/178/213 238/195/230 222/179/214
f 226/183/218 223/180/215 222/179/214
f 242/199/232 243/200/233 225/182/217
f 244/201/234 245/182/235 246/200/236
f 224/181/216 242/199/232 225/182/217
f 247/202/237 226/183/218 225/182/217
f 248/203/238 249/202/239 245/182/235
f 244/201/234 248/203/238 245/182/235
f 250/204/240 251/200/241 252/199/242
f 253/205/243 244/201/234 246/200/236
f 254/206/244 255/205/245 251/200/241
f 250/204/240 254/206/244 251/200/241
f 256/207/246 252/199/242 257/181/247
f 256/207/246 250/204/240 252/199/242
f 258/208/110 257/181/247 259/184/248
f 258/208/110 256/207/246 257/181/247
f 260/209/113 259/184/248 261/185/249
f 260/209/113 258/208/110 259/184/248
f 262/210/116 261/185/249 263/186/250
f 262/210/116 260/209/113 261/185/249
f 264/211/251 263/186/250 265/187/252
f 264/211/251 262/210/116 263/186/250
f 266/212/126 265/187/252 267/188/253
f 266/212/126 264/211/251 265/187/252
f 268/213/254 267/188/253 269/189/255
f 268/213/254 266/212/126 267/188/253
f 270/214/256 269/189/255 271/190/257
f 270/214/256 268/213/254 269/189/255
f 272/215/258 271/190/257 273/191/259
f 272/215/258 270/214/256 271/190/257
f 274/216/260 273/191/259 275/192/261
f 274/216/260 272/215/258 273/191/259
f 276/217/262 275/192/261 277/193/263
f 276/217/262 274/216/260 275/192/261
f 276/217/262 277/193/263 278/194/264
f 279/218/264 280/194/264 281/195/265
f 276/217/262 278/194/264 282/218/264
f 241/198/231 283/219/231 284/220/231
f 285/221/266 238/195/230 221/178/213
f 286/222/267 287/223/268 238/195/230
f 288/224/269 281/195/265 289/223/270
f 285/221/266 286/222/267 238/195/230
f 288/224/269 279/218/264 281/195/265
f 290/225/271 221/178/213 218/175/210
f 291/226/272 285/221/266 221/178/213
f 290/225/271 291/226/272 221/178/213
f 292/227/273 218/175/210 212/169/204
f 292/227/273 290/225/271 218/175/210
f 293/228/274 212/169/204 203/160/195
f 293/228/274 292/227/273 212/169/204
f 294/229/275 203/160/195 206/163/198
f 295/230/276 203/160/195 294/229/275
f 296/231/277 293/228/274 203/160/195
f 297/232/278 296/231/277 203/160/195
f 295/230/276 297/232/278 203/160/195
f 298/233/279 299/163/280 300/145/281
f 301/234/282 302/229/283 299/163/280
f 298/233/279 301/234/282 299/163/280
f 303/235/284 300/145/281 9/5/9
f 303/235/284 298/233/279 300/145/281
f 304/236/285 303/235/284 9/5/9
f 8/6/8 304/236/285 9/5/9
f 305/237/286 306/230/287 302/229/283
f 307/238/288 305/237/286 302/229/283
f 301/234/282 307/238/288 302/229/283
f 286/222/267 308/239/289 287/223/268
f 309/240/290 289/223/270 310/239/291
f 309/240/290 288/224/269 289/223/270
f 286/222/267 311/241/292 308/239/289
f 312/242/293 310/239/291 313/241/294
f 312/242/293 309/240/290 310/239/291
f 286/222/267 314/243/295 311/241/292
f 315/244/296 313/241/294 316/243/297
f 315/244/296 312/242/293 313/241/294
f 286/222/267 317/245/298 314/243/295
f 318/246/299 316/243/297 319/245/300
f 318/246/299 315/244/296 316/243/297
f 320/247/301 321/245/302 322/222/303
f 323/248/304 321/245/302 320/247/301
f 324/249/305 319/245/300 325/248/306
f 324/249/305 318/246/299 319/245/300
f 320/247/301 322/222/303 326/221/307
f 327/250/308 326/221/307 328/226/309
f 327/250/308 320/247/301 326/221/307
f 329/251/310 291/226/272 290/225/271
f 327/250/308 328/226/309 330/251/311
f 331/252/312 290/225/271 292/227/273
f 332/253/313 329/251/310 290/225/271
f 333/254/314 332/253/313 290/225/271
f 334/255/315 333/254/314 290/225/271
f 335/256/316 334/255/315 290/225/271
f 336/257/317 335/256/316 290/225/271
f 337/258/318 336/257/317 290/225/271
f 338/259/319 337/258/318 290/225/271
f 339/260/320 338/259/319 290/225/271
f 340/261/321 339/260/320 290/225/271
f 331/252/312 340/261/321 290/225/271
f 341/262/322 292/227/273 293/228/274
f 342/263/323 331/252/312 292/227/273
f 343/264/324 342/263/323 292/227/273
f 344/265/325 343/264/324 292/227/273
f 345/266/326 344/265/325 292/227/273
f 346/267/327 345/266/326 292/227/273
f 347/268/328 346/267/327 292/227/273
f 348/269/329 347/268/328 292/227/273
f 349/270/330 348/269/329 292/227/273
f 350/271/331 349/270/330 292/227/273
f 351/272/332 350/271/331 292/227/273
f 352/273/333 351/272/332 292/227/273
f 353/274/334 352/273/333 292/227/273
f 354/275/335 353/274/334 292/227/273
f 355/276/336 354/275/335 292/227/273
f 356/277/337 355/276/336 292/227/273
f 357/278/338 356/277/337 292/227/273
f 358/279/339 357/278/338 292/227/273
f 341/262/322 358/279/339 292/227/273
f 359/280/340 360/228/341 361/231/342
f 362/281/343 293/228/274 363/282/344
f 364/283/345 365/282/346 360/228/341
f 366/284/347 341/262/322 293/228/274
f 367/285/348 366/284/347 293/228/274
f 368/286/349 367/285/348 293/228/274
f 369/287/350 368/286/349 293/228/274
f 370/288/351 369/287/350 293/228/274
f 371/289/352 370/288/351 293/228/274
f 362/281/343 371/289/352 293/228/274
f 359/280/340 364/283/345 360/228/341
f 372/290/353 361/231/342 373/232/354
f 372/290/353 359/280/340 361/231/342
f 374/291/355 373/232/354 306/230/287
f 374/291/355 372/290/353 373/232/354
f 375/292/356 374/291/355 306/230/287
f 305/237/286 375/292/356 306/230/287
f 376/293/357 362/281/343 363/282/344
f 364/283/345 377/293/358 365/282/346
f 378/294/359 330/251/311 379/253/360
f 378/294/359 327/250/308 330/251/311
f 378/294/359 379/253/360 380/254/361
f 381/295/362 380/254/361 382/255/363
f 381/295/362 378/294/359 380/254/361
f 381/295/362 382/255/363 383/256/364
f 384/296/365 383/256/364 385/257/366
f 384/296/365 381/295/362 383/256/364
f 386/297/367 385/257/366 387/258/368
f 386/297/367 384/296/365 385/257/366
f 386/297/367 387/258/368 388/259/369
f 389/298/370 388/259/369 390/260/371
f 389/298/370 386/297/367 388/259/369
f 389/298/370 390/260/371 391/261/372
f 392/299/373 391/261/372 393/252/374
f 392/299/373 389/298/370 391/261/372
f 392/299/373 393/252/374 394/263/375
f 395/300/376 394/263/375 396/264/377
f 395/300/376 392/299/373 394/263/375
f 395/300/376 396/264/377 397/265/378
f 398/301/379 397/265/378 399/266/380
f 398/301/379 395/300/376 397/265/378
f 398/301/379 399/266/380 400/267/381
f 401/302/382 400/267/381 402/268/383
f 401/302/382 398/301/379 400/267/381
f 401/302/382 402/268/383 403/269/384
f 404/303/385 405/304/386 348/269/329
f 406/305/387 403/269/384 407/304/388
f 408/306/389 404/303/385 348/269/329
f 349/270/330 408/306/389 348/269/329
f 406/305/387 401/302/382 403/269/384
f 409/307/73 410/304/390 411/303/391
f 412/308/392 406/305/387 407/304/388
f 413/309/393 414/308/394 410/304/390
f 409/307/73 413/309/393 410/304/390
f 409/307/73 411/303/391 415/306/79
f 416/310/79 417/306/79 418/270/395
f 419/310/79 409/307/73 415/306/79
f 420/311/396 418/270/395 421/271/397
f 420/311/396 416/310/79 418/270/395
f 422/312/398 421/271/397 423/272/399
f 422/312/398 420/311/396 421/271/397
f 424/313/400 423/272/399 425/273/401
f 424/313/400 422/312/398 423/272/399
f 426/314/402 425/273/401 427/274/403
f 426/314/402 424/313/400 425/273/401
f 428/315/97 427/274/403 429/275/404
f 428/315/97 426/314/402 427/274/403
f 430/316/405 429/275/404 431/276/406
f 430/316/405 428/315/97 429/275/404
f 430/316/405 431/276/406 432/277/407
f 433/317/104 432/277/407 434/278/408
f 433/317/104 430/316/405 432/277/407
f 435/318/246 434/278/408 436/279/409
f 435/318/246 433/317/104 434/278/408
f 437/319/110 436/279/409 438/262/410
f 437/319/110 435/318/246 436/279/409
f 439/320/113 438/262/410 440/284/411
f 439/320/113 437/319/110 438/262/410
f 441/321/412 440/284/411 442/285/413
f 441/321/412 439/320/113 440/284/411
f 443/322/251 442/285/413 444/286/414
f 443/322/251 441/321/412 442/285/413
f 445/323/415 444/286/414 446/287/416
f 445/323/415 443/322/251 444/286/414
f 445/323/415 446/287/416 447/288/417
f 448/324/254 447/288/417 449/289/418
f 448/324/254 445/323/415 447/288/417
f 450/325/419 449/289/418 451/281/420
f 450/325/419 448/324/254 449/289/418
f 452/326/421 451/281/420 453/293/422
f 452/326/421 450/325/419 451/281/420
f 364/283/345 454/327/423 377/293/358
f 455/328/424 377/293/358 454/327/423
f 456/329/425 453/293/422 457/328/426
f 456/329/425 452/326/421 453/293/422
f 458/330/427 459/331/428 460/332/429
f 461/333/400 462/332/430 463/331/431
f 464/334/432 465/330/433 466/332/434
f 467/335/398 468/336/435 462/332/430
f 464/334/432 466/332/434 469/336/436
f 461/333/400 467/335/398 462/332/430
f 458/330/427 470/337/437 459/331/428
f 471/338/402 463/331/431 472/337/438
f 471/338/402 461/333/400 463/331/431
f 458/330/427 473/339/439 470/337/437
f 474/340/440 472/337/438 475/339/441
f 474/340/440 471/338/402 472/337/438
f 458/330/427 476/341/442 473/339/439
f 474/340/440 475/339/441 477/341/443
f 458/330/427 478/342/444 476/341/442
f 479/343/445 477/341/443 480/342/446
f 479/343/445 474/340/440 477/341/443
f 458/330/427 481/344/447 478/342/444
f 482/345/104 480/342/446 483/344/448
f 482/345/104 479/343/445 480/342/446
f 458/330/427 484/346/449 481/344/447
f 485/347/246 483/344/448 486/346/450
f 485/347/246 482/345/104 483/344/448
f 458/330/427 487/348/451 484/346/449
f 488/349/110 486/346/450 489/348/452
f 488/349/110 485/347/246 486/346/450
f 69/49/62 490/350/453 487/348/451
f 491/351/113 489/348/452 492/350/454
f 70/50/63 69/49/62 487/348/451
f 458/330/427 70/50/63 487/348/451
f 491/351/113 488/349/110 489/348/452
f 69/49/62 493/352/455 490/350/453
f 494/353/412 492/350/454 495/352/456
f 494/353/412 491/351/113 492/350/454
f 69/49/62 496/354/457 493/352/455
f 497/355/458 495/352/456 498/354/459
f 497/355/458 494/353/412 495/352/456
f 69/49/62 499/356/460 496/354/457
f 497/355/458 498/354/459 500/356/461
f 69/49/62 501/357/462 499/356/460
f 502/358/126 500/356/461 503/357/463
f 502/358/126 497/355/458 500/356/461
f 69/49/62 504/359/464 501/357/462
f 505/360/254 503/357/463 506/359/465
f 505/360/254 502/358/126 503/357/463
f 69/49/62 507/361/466 504/359/464
f 508/362/256 506/359/465 509/361/467
f 508/362/256 505/360/254 506/359/465
f 74/54/67 510/363/468 507/361/466
f 511/364/421 509/361/467 512/363/469
f 69/49/62 74/54/67 507/361/466
f 511/364/421 508/362/256 509/361/467
f 74/54/67 513/365/470 510/363/468
f 514/366/471 512/363/469 515/365/472
f 514/366/471 511/364/421 512/363/469
f 74/54/67 516/367/473 513/365/470
f 517/368/474 515/365/472 518/367/475
f 517/368/474 514/366/471 515/365/472
f 74/54/67 519/369/476 516/367/473
f 517/368/474 518/367/475 520/369/264
f 521/370/477 522/371/478 519/369/476
f 523/372/264 524/369/264 525/371/479
f 74/54/67 521/370/477 519/369/476
f 517/368/474 520/369/264 526/372/264
f 521/370/477 527/373/480 522/371/478
f 528/374/481 525/371/479 529/373/482
f 528/374/481 523/372/264 525/371/479
f 530/375/483 531/373/484 532/370/485
f 530/375/483 533/376/486 531/373/484
f 534/377/290 529/373/482 535/376/487
f 534/377/290 528/374/481 529/373/482
f 74/54/67 536/378/488 521/370/477
f 530/375/483 532/370/485 537/378/489
f 74/54/67 538/379/490 536/378/488
f 539/380/491 537/378/489 540/379/492
f 539/380/491 530/375/483 537/378/489
f 74/54/67 541/381/493 538/379/490
f 539/380/491 540/379/492 542/381/494
f 74/54/67 543/382/495 541/381/493
f 544/383/496 542/381/494 545/382/497
f 544/383/496 539/380/491 542/381/494
f 74/54/67 546/384/498 543/382/495
f 544/383/496 545/382/497 547/384/499
f 74/54/67 548/385/500 546/384/498
f 549/386/501 547/384/499 550/385/502
f 549/386/501 544/383/496 547/384/499
f 74/54/67 551/387/503 548/385/500
f 549/386/501 550/385/502 552/387/504
f 74/54/67 553/388/505 551/387/503
f 554/389/506 552/387/504 555/388/507
f 554/389/506 549/386/501 552/387/504
f 77/57/70 556/390/508 553/388/505
f 554/389/506 555/388/507 557/390/509
f 74/54/67 77/57/70 553/388/505
f 77/57/70 558/391/510 556/390/508
f 559/392/511 557/390/509 560/391/512
f 559/392/511 554/389/506 557/390/509
f 77/57/70 561/393/513 558/391/510
f 559/392/511 560/391/512 562/393/514
f 77/57/70 563/394/515 561/393/513
f 564/395/516 562/393/514 565/394/517
f 564/395/516 559/392/511 562/393/514
f 77/57/70 566/396/518 563/394/515
f 567/397/519 565/394/517 568/396/520
f 567/397/519 564/395/516 565/394/517
f 77/57/70 569/398/521 566/396/518
f 567/397/519 568/396/520 570/398/522
f 77/57/70 571/399/523 569/398/521
f 572/400/524 570/398/522 573/399/525
f 572/400/524 567/397/519 570/398/522
f 77/57/70 574/401/526 571/399/523
f 572/400/524 573/399/525 575/401/527
f 77/57/70 576/402/528 574/401/526
f 577/403/529 575/401/527 578/402/530
f 577/403/529 572/400/524 575/401/527
f 577/403/529 578/402/530 579/57/531
f 580/404/532 579/57/531 581/61/533
f 580/404/532 577/403/529 579/57/531
f 582/405/534 583/50/535 465/330/433
f 582/405/534 584/51/536 583/50/535
f 464/334/432 582/405/534 465/330/433
f 585/406/537 586/45/538 584/51/536
f 582/405/534 585/406/537 584/51/536
f 587/407/539 588/408/540 83/61/76
f 580/404/532 581/61/533 589/408/541
f 84/62/77 587/407/539 83/61/76
f 590/409/542 591/410/543 588/408/540
f 592/411/544 589/408/541 593/410/545
f 594/412/546 590/409/542 588/408/540
f 595/413/547 594/412/546 588/408/540
f 587/407/539 595/413/547 588/408/540
f 592/411/544 580/404/532 589/408/541
f 596/414/548 597/410/549 598/409/550
f 592/411/544 593/410/545 599/415/551
f 600/416/552 601/415/553 597/410/549
f 596/414/548 600/416/552 597/410/549
f 602/417/554 598/409/550 603/412/555
f 602/417/554 596/414/548 598/409/550
f 602/417/554 603/412/555 604/413/556
f 605/418/557 604/413/556 606/407/558
f 605/418/557 602/417/554 604/413/556
f 607/419/559 606/407/558 85/62/78
f 607/419/559 605/418/557 606/407/558
f 80/60/73 607/419/559 85/62/78
f 608/420/560 63/42/56 609/46/561
f 608/420/560 62/43/55 63/42/56
f 610/421/562 609/46/561 586/45/538
f 611/422/563 608/420/560 609/46/561
f 610/421/562 611/422/563 609/46/561
f 585/406/537 610/421/562 586/45/538
f 137/95/129 612/423/564 138/96/130
f 613/424/565 139/96/131 614/423/566
f 613/424/565 129/90/121 139/96/131
f 137/95/129 615/425/567 612/423/564
f 613/424/565 614/423/566 616/425/568
f 617/426/569 616/425/568 618/95/570
f 617/426/569 613/424/565 616/425/568
f 619/427/571 137/95/129 136/94/128
f 620/428/572 621/429/573 137/95/129
f 617/426/569 618/95/570 622/429/574
f 619/427/571 620/428/572 137/95/129
f 623/430/575 136/94/128 140/97/132
f 623/430/575 619/427/571 136/94/128
f 624/431/576 140/97/132 141/98/133
f 624/431/576 623/430/575 140/97/132
f 625/432/577 141/98/133 142/99/134
f 625/432/577 624/431/576 141/98/133
f 626/433/578 142/99/134 143/100/135
f 627/434/579 625/432/577 142/99/134
f 628/435/580 627/434/579 142/99/134
f 629/436/581 628/435/580 142/99/134
f 630/437/582 629/436/581 142/99/134
f 631/438/583 630/437/582 142/99/134
f 626/433/578 631/438/583 142/99/134
f 632/439/584 633/100/584 634/102/584
f 632/439/584 635/433/585 633/100/584
f 636/440/586 637/102/586 638/103/586
f 632/439/584 634/102/584 639/440/584
f 636/440/586 638/103/586 640/101/586
f 641/441/587 642/101/587 643/105/587
f 636/440/586 640/101/586 644/441/586
f 641/441/587 643/105/587 645/106/587
f 646/442/588 647/106/588 648/107/588
f 641/441/587 645/106/587 649/442/587
f 646/442/588 648/107/588 650/108/588
f 651/443/589 652/108/589 653/109/589
f 646/442/588 650/108/588 654/443/588
f 651/443/589 653/109/589 655/110/589
f 656/444/590 657/110/590 658/111/590
f 651/443/589 655/110/589 659/444/589
f 656/444/590 658/111/590 660/112/590
f 661/445/591 662/112/591 663/113/591
f 656/444/590 660/112/590 664/445/590
f 665/446/592 156/113/148 157/114/149
f 661/445/591 663/113/591 666/446/591
f 667/447/584 668/114/584 669/115/584
f 670/448/593 671/449/594 157/114/149
f 672/450/595 157/114/149 671/449/594
f 667/447/584 673/448/584 668/114/584
f 674/451/596 665/446/592 157/114/149
f 672/450/595 674/451/596 157/114/149
f 675/452/586 676/115/586 677/116/586
f 667/447/584 669/115/584 678/452/584
f 675/452/586 677/116/586 679/104/586
f 680/453/587 681/104/587 682/118/587
f 675/452/586 679/104/586 683/453/586
f 680/453/587 682/118/587 684/119/587
f 685/454/588 686/119/588 687/120/588
f 680/453/587 684/119/587 688/454/587
f 685/454/588 687/120/588 689/121/588
f 690/455/589 691/121/589 692/122/589
f 685/454/588 689/121/588 693/455/588
f 690/455/589 692/122/589 694/123/589
f 695/456/590 696/123/590 697/124/590
f 690/455/589 694/123/589 698/456/589
f 695/456/590 697/124/590 699/125/590
f 700/457/591 701/125/591 702/126/591
f 695/456/590 699/125/590 703/457/590
f 160/117/152 704/458/597 169/126/161
f 705/459/598 169/126/161 704/458/597
f 700/457/591 702/126/591 706/459/591
f 707/460/264 708/458/264 709/117/264
f 710/461/599 711/462/600 704/458/597
f 705/459/598 704/458/597 711/462/600
f 712/463/601 710/461/599 704/458/597
f 713/464/602 712/463/601 704/458/597
f 714/465/603 713/464/602 704/458/597
f 715/466/604 714/465/603 704/458/597
f 716/467/605 715/466/604 704/458/597
f 707/460/264 717/467/264 708/458/264
f 718/468/588 719/117/588 720/128/588
f 707/460/264 709/117/264 721/468/264
f 718/468/588 720/128/588 722/129/588
f 723/469/79 724/129/79 725/130/79
f 718/468/588 722/129/588 726/469/588
f 174/131/166 727/470/606 173/130/165
f 728/471/607 173/130/165 727/470/606
f 723/469/79 725/130/79 729/471/79
f 730/472/608 731/470/608 732/131/608
f 733/473/609 734/474/610 727/470/606
f 728/471/607 727/470/606 734/474/610
f 735/475/611 733/473/609 727/470/606
f 736/476/612 735/475/611 727/470/606
f 730/472/608 737/476/608 731/470/608
f 738/477/588 739/131/588 740/132/588
f 730/472/608 732/131/608 741/477/608
f 738/477/588 740/132/588 742/133/588
f 170/127/162 743/478/613 176/133/168
f 744/479/614 745/133/614 746/478/614
f 738/477/588 742/133/588 747/479/588
f 170/127/162 748/480/615 743/478/613
f 749/481/616 743/478/613 748/480/615
f 750/482/617 743/478/613 749/481/616
f 744/479/614 746/478/614 751/482/614
f 752/483/264 753/480/264 754/127/264
f 755/484/618 749/481/616 748/480/615
f 752/483/264 756/484/264 753/480/264
f 757/485/588 758/127/588 759/135/588
f 752/483/264 754/127/264 760/485/264
f 757/485/588 759/135/588 761/136/588
f 762/486/79 763/136/79 764/137/79
f 757/485/588 761/136/588 765/486/588
f 762/486/79 764/137/79 766/138/79
f 177/134/169 767/487/619 181/138/173
f 768/488/620 181/138/173 767/487/619
f 762/486/79 766/138/79 769/488/79
f 770/489/264 771/487/264 772/134/264
f 773/490/621 768/488/620 767/487/619
f 774/491/622 773/490/621 767/487/619
f 770/489/264 775/491/264 771/487/264
f 776/492/588 777/134/588 778/140/588
f 770/489/264 772/134/264 779/492/264
f 776/492/588 778/140/588 780/141/588
f 781/493/79 782/141/79 783/142/79
f 776/492/588 780/141/588 784/493/588
f 182/139/174 785/494/623 185/142/177
f 786/495/624 185/142/177 785/494/623
f 781/493/79 783/142/79 787/495/79
f 788/496/264 789/494/264 790/139/264
f 786/495/624 785/494/623 791/497/625
f 792/498/626 791/497/625 785/494/623
f 788/496/264 793/498/264 789/494/264
f 794/499/588 795/139/588 796/144/588
f 788/496/264 790/139/264 797/499/264
f 794/499/588 796/144/588 798/143/588
f 799/500/79 800/143/79 801/148/79
f 794/499/588 798/143/588 802/500/588
f 799/500/79 801/148/79 803/149/79
f 193/150/185 804/501/627 192/149/184
f 805/502/628 192/149/184 804/501/627
f 799/500/79 803/149/79 806/502/79
f 807/503/584 808/501/584 809/150/584
f 810/504/629 805/502/628 804/501/627
f 807/503/584 811/504/584 808/501/584
f 812/505/586 813/150/586 814/151/586
f 807/503/584 809/150/584 815/505/584
f 812/505/586 814/151/586 816/152/586
f 817/506/587 818/152/587 819/153/587
f 812/505/586 816/152/586 820/506/586
f 817/506/587 819/153/587 821/154/587
f 822/507/588 823/154/588 824/155/588
f 817/506/587 821/154/587 825/507/587
f 822/507/588 824/155/588 826/156/588
f 827/508/589 828/156/589 829/157/589
f 822/507/588 826/156/588 830/508/588
f 827/508/589 829/157/589 831/158/589
f 832/509/590 833/158/590 834/159/590
f 827/508/589 831/158/589 835/509/589
f 832/509/590 834/159/590 836/147/590
f 837/510/591 838/147/591 839/164/591
f 832/509/590 836/147/590 840/510/590
f 208/165/200 841/511/630 207/164/199
f 842/512/631 207/164/199 841/511/630
f 837/510/591 839/164/591 843/512/591
f 844/513/264 845/511/264 846/165/264
f 847/514/632 848/515/633 841/511/630
f 849/516/634 841/511/630 848/515/633
f 844/513/264 850/514/264 845/511/264
f 851/517/635 842/512/631 841/511/630
f 849/516/634 851/517/635 841/511/630
f 852/518/588 853/165/588 854/166/588
f 844/513/264 846/165/264 855/518/264
f 852/518/588 854/166/588 856/167/588
f 857/519/79 858/167/79 859/168/79
f 852/518/588 856/167/588 860/519/588
f 205/162/197 861/520/636 211/168/203
f 862/521/637 211/168/203 861/520/636
f 857/519/79 859/168/79 863/521/79
f 864/196/264 865/520/264 866/162/264
f 867/522/638 868/523/639 861/520/636
f 862/521/637 861/520/636 868/523/639
f 869/524/640 867/522/638 861/520/636
f 864/196/264 870/524/264 865/520/264
f 871/197/588 872/162/588 873/172/588
f 864/196/264 866/162/264 874/197/264
f 871/197/588 873/172/588 875/173/588
f 876/198/79 877/173/79 878/174/79
f 871/197/588 875/173/588 879/198/588
f 880/525/641 217/174/209 214/171/206
f 876/198/79 878/174/79 881/525/79
f 882/526/642 214/171/206 220/177/212
f 883/527/643 214/171/206 882/526/642
f 880/525/641 214/171/206 883/527/643
f 884/528/644 220/177/212 223/180/215
f 882/526/642 220/177/212 884/528/644
f 885/529/645 223/180/215 226/183/218
f 884/528/644 223/180/215 885/529/645
f 886/530/646 887/531/647 226/183/218
f 888/532/648 226/183/218 887/531/647
f 889/533/649 886/530/646 226/183/218
f 247/202/237 889/533/649 226/183/218
f 885/529/645 226/183/218 888/532/648
f 890/534/650 891/531/651 892/530/652
f 893/535/653 888/532/648 887/531/647
f 894/536/654 895/535/655 891/531/651
f 890/534/650 894/536/654 891/531/651
f 890/534/650 892/530/652 896/533/656
f 248/203/238 896/533/656 249/202/239
f 248/203/238 890/534/650 896/533/656
f 620/428/572 897/537/657 621/429/573
f 898/538/658 622/429/574 899/537/659
f 898/538/658 617/426/569 622/429/574
f 620/428/572 900/539/660 897/537/657
f 898/538/658 899/537/659 901/539/661
f 620/428/572 902/540/662 900/539/660
f 903/541/663 901/539/661 904/540/664
f 903/541/663 898/538/658 901/539/661
f 903/541/663 904/540/664 905/428/665
f 906/542/666 620/428/572 619/427/571
f 239/196/231 241/198/231 907/543/231
f 241/198/231 284/220/231 907/543/231
f 908/544/667 619/427/571 623/430/575
f 909/545/668 906/542/666 619/427/571
f 910/546/669 909/545/668 619/427/571
f 911/547/670 910/546/669 619/427/571
f 912/548/671 911/547/670 619/427/571
f 908/544/667 912/548/671 619/427/571
f 913/549/672 623/430/575 624/431/576
f 913/549/672 908/544/667 623/430/575
f 914/550/673 624/431/576 625/432/577
f 914/550/673 913/549/672 624/431/576
f 627/434/579 915/551/674 625/432/577
f 916/552/675 625/432/577 915/551/674
f 916/552/675 914/550/673 625/432/577
f 917/553/264 918/551/264 919/434/264
f 920/554/231 239/196/231 921/555/231
f 239/196/231 907/543/231 921/555/231
f 922/556/676 923/434/676 924/435/676
f 917/553/264 919/434/264 925/556/264
f 922/556/676 924/435/676 926/436/676
f 927/557/677 928/436/677 929/437/677
f 922/556/676 926/436/676 930/557/676
f 927/557/677 929/437/677 931/438/677
f 632/439/584 932/438/584 635/433/585
f 927/557/677 931/438/677 933/439/677
f 934/558/678 905/428/665 935/542/679
f 934/558/678 903/541/663 905/428/665
f 936/559/680 935/542/679 937/545/681
f 936/559/680 934/558/678 935/542/679
f 936/559/680 937/545/681 938/546/682
f 939/560/683 938/546/682 940/547/684
f 939/560/683 936/559/680 938/546/682
f 939/560/683 940/547/684 941/548/685
f 942/561/686 912/548/671 908/544/667
f 939/560/683 941/548/685 943/561/687
f 944/562/688 908/544/667 913/549/672
f 945/563/689 908/544/667 944/562/688
f 946/564/690 908/544/667 945/563/689
f 947/565/691 908/544/667 946/564/690
f 948/566/692 942/561/686 908/544/667
f 947/565/691 948/566/692 908/544/667
f 949/567/693 913/549/672 914/550/673
f 944/562/688 913/549/672 949/567/693
f 950/568/694 914/550/673 916/552/675
f 949/567/693 914/550/673 950/568/694
f 951/569/695 952/570/696 916/552/675
f 953/571/697 916/552/675 952/570/696
f 954/572/698 951/569/695 916/552/675
f 955/573/699 954/572/698 916/552/675
f 956/574/700 955/573/699 916/552/675
f 957/575/701 956/574/700 916/552/675
f 958/576/702 957/575/701 916/552/675
f 915/551/674 958/576/702 916/552/675
f 950/568/694 916/552/675 953/571/697
f 959/577/703 960/570/703 961/569/703
f 962/578/704 953/571/697 952/570/696
f 959/577/703 963/578/703 960/570/703
f 959/577/703 961/569/703 964/572/703
f 965/579/705 966/572/705 967/573/705
f 959/577/703 964/572/703 968/579/703
f 965/579/705 967/573/705 969/574/705
f 970/580/706 971/574/706 972/575/706
f 965/579/705 969/574/705 973/580/705
f 970/580/706 972/575/706 974/576/706
f 917/553/264 975/576/264 918/551/264
f 970/580/706 974/576/706 976/553/706
f 945/563/689 977/581/707 978/582/708
f 979/583/709 980/582/710 981/581/711
f 982/584/712 983/563/713 984/582/714
f 985/585/715 982/584/712 984/582/714
f 986/586/305 987/585/716 980/582/710
f 979/583/709 986/586/305 980/582/710
f 945/563/689 988/587/717 977/581/707
f 989/588/718 981/581/711 990/587/719
f 989/588/718 979/583/709 981/581/711
f 944/562/688 991/589/720 988/587/717
f 992/590/721 990/587/719 993/589/722
f 945/563/689 944/562/688 988/587/717
f 992/590/721 989/588/718 990/587/719
f 944/562/688 994/591/723 991/589/720
f 995/592/724 993/589/722 996/591/725
f 995/592/724 992/590/721 993/589/722
f 944/562/688 997/593/726 994/591/723
f 998/594/727 996/591/725 999/593/728
f 998/594/727 995/592/724 996/591/725
f 944/562/688 1000/595/729 997/593/726
f 1001/596/730 999/593/728 1002/595/731
f 1001/596/730 998/594/727 999/593/728
f 944/562/688 1003/597/732 1000/595/729
f 1004/598/733 1002/595/731 1005/597/734
f 1004/598/733 1001/596/730 1002/595/731
f 944/562/688 1006/599/735 1003/597/732
f 1007/600/736 1005/597/734 1008/599/737
f 1007/600/736 1004/598/733 1005/597/734
f 944/562/688 1009/601/738 1006/599/735
f 1010/602/554 1008/599/737 1011/601/739
f 1010/602/554 1007/600/736 1008/599/737
f 944/562/688 1012/603/740 1009/601/738
f 1013/604/741 1011/601/739 1014/603/742
f 1013/604/741 1010/602/554 1011/601/739
f 944/562/688 1015/605/743 1012/603/740
f 1016/606/393 1014/603/742 1017/605/744
f 1016/606/393 1013/604/741 1014/603/742
f 944/562/688 1018/607/745 1015/605/743
f 1019/608/746 1017/605/744 1020/607/747
f 1019/608/746 1016/606/393 1017/605/744
f 944/562/688 1021/609/748 1018/607/745
f 1019/608/746 1020/607/747 1022/609/79
f 944/562/688 1023/610/749 1021/609/748
f 1024/611/79 1025/609/79 1026/610/750
f 1019/608/746 1022/609/79 1027/611/79
f 944/562/688 1028/612/751 1023/610/749
f 1029/613/752 1023/610/749 1028/612/751
f 920/554/231 921/555/231 1030/513/231
f 921/555/231 1031/614/231 1030/513/231
f 949/567/693 1032/615/753 1028/612/751
f 1033/616/754 1028/612/751 1032/615/753
f 944/562/688 949/567/693 1028/612/751
f 1034/617/755 1029/613/752 1028/612/751
f 1033/616/754 1034/617/755 1028/612/751
f 950/568/694 1035/618/756 1032/615/753
f 1036/619/757 1032/615/753 1035/618/756
f 949/567/693 950/568/694 1032/615/753
f 1036/619/757 1033/616/754 1032/615/753
f 953/571/697 1037/620/758 1035/618/756
f 1038/621/759 1035/618/756 1037/620/758
f 950/568/694 953/571/697 1035/618/756
f 1038/621/759 1036/619/757 1035/618/756
f 1039/622/760 1040/623/761 1037/620/758
f 1041/624/762 1037/620/758 1040/623/761
f 953/571/697 1039/622/760 1037/620/758
f 1042/625/763 1038/621/759 1037/620/758
f 1043/626/764 1042/625/763 1037/620/758
f 1044/627/765 1043/626/764 1037/620/758
f 1041/624/762 1044/627/765 1037/620/758
f 1045/628/766 1046/629/761 1040/623/761
f 1047/630/767 1048/623/768 1049/629/769
f 1039/622/760 1045/628/766 1040/623/761
f 1050/631/770 1051/624/771 1048/623/768
f 1047/630/767 1050/631/770 1048/623/768
f 1045/628/766 1052/632/772 1046/629/761
f 1053/633/773 1049/629/769 1054/632/774
f 1053/633/773 1047/630/767 1049/629/769
f 1045/628/766 1055/634/775 1052/632/772
f 1056/635/776 1054/632/774 1057/634/777
f 1058/636/778 1053/633/773 1054/632/774
f 1056/635/776 1058/636/778 1054/632/774
f 1045/628/766 1059/637/779 1055/634/775
f 1060/638/780 1061/634/781 1062/637/782
f 1056/635/776 1057/634/777 1063/638/783
f 1064/639/784 1065/640/785 1059/637/779
f 1066/641/786 1062/637/782 1067/640/787
f 1045/628/766 1064/639/784 1059/637/779
f 1066/641/786 1060/638/780 1062/637/782
f 1068/642/788 1069/643/789 1065/640/785
f 1070/644/790 1067/640/787 1071/643/791
f 1064/639/784 1068/642/788 1065/640/785
f 1070/644/790 1066/641/786 1067/640/787
f 1068/642/788 1072/645/792 1069/643/789
f 1073/646/791 1071/643/791 1074/645/793
f 1073/646/791 1070/644/790 1071/643/791
f 1075/647/794 1076/648/795 1072/645/792
f 1077/649/793 1074/645/793 1078/648/796
f 1068/642/788 1075/647/794 1072/645/792
f 1077/649/793 1073/646/791 1074/645/793
f 1079/650/797 1080/651/798 1076/648/795
f 1081/652/796 1078/648/796 1082/651/799
f 1075/647/794 1079/650/797 1076/648/795
f 1081/652/796 1077/649/793 1078/648/796
f 1079/650/797 1083/653/800 1080/651/798
f 1084/654/799 1082/651/799 1085/653/801
f 1084/654/799 1081/652/796 1082/651/799
f 1086/655/802 1087/656/803 1083/653/800
f 1088/657/804 1085/653/801 1089/656/805
f 1079/650/797 1086/655/802 1083/653/800
f 1090/658/801 1084/654/799 1085/653/801
f 1088/657/804 1090/658/801 1085/653/801
f 1086/655/802 1091/659/806 1087/656/803
f 1092/660/807 1089/656/805 1093/659/807
f 1092/660/807 1088/657/804 1089/656/805
f 1094/661/808 1095/662/809 1091/659/806
f 1092/660/807 1093/659/807 1096/662/810
f 1086/655/802 1094/661/808 1091/659/806
f 1097/663/811 1098/664/812 1095/662/809
f 1099/665/813 1100/662/810 1101/664/814
f 1094/661/808 1097/663/811 1095/662/809
f 1092/660/807 1096/662/810 1102/665/815
f 1097/663/811 1103/666/816 1098/664/812
f 1104/667/817 1101/664/814 1105/666/818
f 1106/668/819 1099/665/813 1101/664/814
f 1104/667/817 1106/668/819 1101/664/814
f 1097/663/811 1107/669/820 1103/666/816
f 1108/670/821 1105/666/818 1109/669/822
f 1108/670/821 1104/667/817 1105/666/818
f 1097/663/811 1110/671/823 1107/669/820
f 1111/672/824 1107/669/820 1110/671/823
f 1112/673/825 1109/669/822 1113/672/826
f 1112/673/825 1108/670/821 1109/669/822
f 1114/674/827 1115/675/828 1110/671/823
f 1116/676/829 1110/671/823 1115/675/828
f 1097/663/811 1114/674/827 1110/671/823
f 1117/677/830 1111/672/824 1110/671/823
f 1116/676/829 1117/677/830 1110/671/823
f 1118/678/831 1119/679/832 1115/675/828
f 1120/680/833 1115/675/828 1119/679/832
f 1114/674/827 1118/678/831 1115/675/828
f 1121/681/834 1115/675/828 1120/680/833
f 1122/682/835 1115/675/828 1121/681/834
f 1116/676/829 1115/675/828 1122/682/835
f 1123/683/836 1124/684/837 1119/679/832
f 1125/685/838 1119/679/832 1124/684/837
f 1118/678/831 1123/683/836 1119/679/832
f 1120/680/833 1119/679/832 1125/685/838
f 1126/686/839 1127/687/840 1124/684/837
f 1128/688/841 1124/684/837 1127/687/840
f 1129/689/842 1126/686/839 1124/684/837
f 1123/683/836 1129/689/842 1124/684/837
f 1125/685/838 1124/684/837 1128/688/841
f 1130/690/843 1131/687/844 1132/686/264
f 1133/691/845 1128/688/841 1127/687/840
f 920/554/231 1030/513/231 1134/519/231
f 1030/513/231 1135/518/231 1134/519/231
f 1129/689/842 1136/692/846 1126/686/839
f 1137/693/264 1138/686/264 1139/692/847
f 1130/690/843 1132/686/264 1140/693/264
f 1129/689/842 1141/694/848 1136/692/846
f 1142/695/269 1139/692/847 1143/694/849
f 1142/695/269 1137/693/264 1139/692/847
f 1129/689/842 1144/696/850 1141/694/848
f 1145/697/290 1143/694/849 1146/696/851
f 1145/697/290 1142/695/269 1143/694/849
f 1129/689/842 1147/698/852 1144/696/850
f 1148/699/853 1146/696/851 1149/698/854
f 1148/699/853 1145/697/290 1146/696/851
f 1129/689/842 1150/700/855 1147/698/852
f 1151/701/296 1149/698/854 1152/700/856
f 1151/701/296 1148/699/853 1149/698/854
f 1129/689/842 1153/702/857 1150/700/855
f 1154/703/858 1152/700/856 1155/702/859
f 1154/703/858 1151/701/296 1152/700/856
f 1129/689/842 1156/704/860 1153/702/857
f 1154/703/858 1155/702/859 1157/704/861
f 1129/689/842 1158/705/862 1156/704/860
f 1159/706/863 1157/704/861 1160/705/864
f 1159/706/863 1154/703/858 1157/704/861
f 1161/707/865 1162/708/866 1158/705/862
f 1163/709/709 1160/705/864 1164/708/867
f 1129/689/842 1161/707/865 1158/705/862
f 1163/709/709 1159/706/863 1160/705/864
f 1161/707/865 1165/710/868 1162/708/866
f 1166/711/718 1164/708/867 1167/710/869
f 1166/711/718 1163/709/709 1164/708/867
f 1161/707/865 1168/712/870 1165/710/868
f 1169/713/721 1167/710/869 1170/712/871
f 1169/713/721 1166/711/718 1167/710/869
f 1161/707/865 1171/714/872 1168/712/870
f 1172/715/724 1170/712/871 1173/714/873
f 1172/715/724 1169/713/721 1170/712/871
f 1161/707/865 1174/716/874 1171/714/872
f 1172/715/724 1173/714/873 1175/716/875
f 1161/707/865 1176/717/876 1174/716/874
f 1177/718/877 1175/716/875 1178/717/878
f 1177/718/877 1172/715/724 1175/716/875
f 1161/707/865 1179/719/879 1176/717/876
f 1180/720/730 1178/717/878 1181/719/880
f 1180/720/730 1177/718/877 1178/717/878
f 1182/721/881 1183/719/882 1184/707/883
f 1185/722/884 1186/723/885 1183/719/882
f 1187/724/552 1181/719/880 1188/723/886
f 1182/721/881 1185/722/884 1183/719/882
f 1187/724/552 1180/720/730 1181/719/880
f 1189/725/887 1161/707/865 1129/689/842
f 1190/726/888 1191/727/889 1161/707/865
f 1182/721/881 1184/707/883 1192/727/890
f 1189/725/887 1190/726/888 1161/707/865
f 1193/728/891 1129/689/842 1123/683/836
f 1193/728/891 1189/725/887 1129/689/842
f 1194/729/892 1123/683/836 1118/678/831
f 1194/729/892 1193/728/891 1123/683/836
f 1195/730/893 1118/678/831 1114/674/827
f 1195/730/893 1194/729/892 1118/678/831
f 1196/731/894 1114/674/827 1097/663/811
f 1196/731/894 1195/730/893 1114/674/827
f 1197/732/895 1097/663/811 1094/661/808
f 1198/733/896 1196/731/894 1097/663/811
f 1199/734/897 1198/733/896 1097/663/811
f 1200/735/898 1199/734/897 1097/663/811
f 1197/732/895 1200/735/898 1097/663/811
f 1201/736/899 1094/661/808 1086/655/802
f 1202/737/900 1197/732/895 1094/661/808
f 1203/738/901 1202/737/900 1094/661/808
f 1204/739/902 1203/738/901 1094/661/808
f 1205/740/903 1204/739/902 1094/661/808
f 1206/741/904 1205/740/903 1094/661/808
f 1207/742/905 1206/741/904 1094/661/808
f 1201/736/899 1207/742/905 1094/661/808
f 1208/743/906 1086/655/802 1079/650/797
f 1209/744/907 1201/736/899 1086/655/802
f 1210/745/908 1209/744/907 1086/655/802
f 1211/746/909 1210/745/908 1086/655/802
f 1212/747/910 1211/746/909 1086/655/802
f 1213/748/911 1212/747/910 1086/655/802
f 1214/749/912 1213/748/911 1086/655/802
f 1215/750/913 1214/749/912 1086/655/802
f 1216/751/914 1215/750/913 1086/655/802
f 1217/752/915 1216/751/914 1086/655/802
f 1218/753/916 1217/752/915 1086/655/802
f 1208/743/906 1218/753/916 1086/655/802
f 1219/754/917 1079/650/797 1075/647/794
f 1220/755/918 1208/743/906 1079/650/797
f 1221/756/919 1220/755/918 1079/650/797
f 1222/757/920 1221/756/919 1079/650/797
f 1219/754/917 1222/757/920 1079/650/797
f 1223/758/921 1075/647/794 1068/642/788
f 1224/759/922 1219/754/917 1075/647/794
f 1225/760/923 1224/759/922 1075/647/794
f 1226/761/924 1225/760/923 1075/647/794
f 1223/758/921 1226/761/924 1075/647/794
f 1227/762/925 1068/642/788 1064/639/784
f 1228/763/926 1223/758/921 1068/642/788
f 1229/764/927 1228/763/926 1068/642/788
f 1230/765/928 1229/764/927 1068/642/788
f 1231/766/929 1230/765/928 1068/642/788
f 1232/767/930 1231/766/929 1068/642/788
f 1233/768/931 1232/767/930 1068/642/788
f 1227/762/925 1233/768/931 1068/642/788
f 1234/769/932 1064/639/784 1045/628/766
f 1235/770/933 1227/762/925 1064/639/784
f 1236/771/934 1235/770/933 1064/639/784
f 1237/772/935 1236/771/934 1064/639/784
f 1238/773/936 1237/772/935 1064/639/784
f 1239/774/937 1238/773/936 1064/639/784
f 1240/775/938 1239/774/937 1064/639/784
f 1234/769/932 1240/775/938 1064/639/784
f 1241/776/939 1045/628/766 1039/622/760
f 1242/777/940 1234/769/932 1045/628/766
f 1243/778/941 1242/777/940 1045/628/766
f 1244/779/942 1243/778/941 1045/628/766
f 1245/780/943 1244/779/942 1045/628/766
f 1246/781/944 1245/780/943 1045/628/766
f 1247/782/945 1246/781/944 1045/628/766
f 1248/783/946 1247/782/945 1045/628/766
f 1249/784/947 1248/783/946 1045/628/766
f 1250/785/948 1249/784/947 1045/628/766
f 1251/786/949 1250/785/948 1045/628/766
f 1252/787/950 1251/786/949 1045/628/766
f 1253/788/951 1252/787/950 1045/628/766
f 1241/776/939 1253/788/951 1045/628/766
f 1254/789/952 1039/622/760 953/571/697
f 1255/790/953 1241/776/939 1039/622/760
f 1256/791/954 1255/790/953 1039/622/760
f 1257/792/955 1256/791/954 1039/622/760
f 1258/793/956 1257/792/955 1039/622/760
f 1259/794/957 1258/793/956 1039/622/760
f 1260/795/958 1259/794/957 1039/622/760
f 1261/796/959 1260/795/958 1039/622/760
f 1262/797/960 1261/796/959 1039/622/760
f 1254/789/952 1262/797/960 1039/622/760
f 962/578/704 1254/789/952 953/571/697
f 1263/798/961 1264/564/962 983/563/713
f 982/584/712 1263/798/961 983/563/713
f 1263/798/961 1265/565/963 1264/564/962
f 1190/726/888 1266/799/964 1191/727/889
f 1267/800/965 1192/727/890 1268/799/966
f 1267/800/965 1182/721/881 1192/727/890
f 1190/726/888 1269/801/967 1266/799/964
f 1267/800/965 1268/799/966 1270/801/968
f 1190/726/888 1271/802/969 1269/801/967
f 1272/803/970 1270/801/968 1273/802/971
f 1272/803/970 1267/800/965 1270/801/968
f 1272/803/970 1273/802/971 1274/726/972
f 888/532/648 1190/726/888 1189/725/887
f 1275/804/973 1276/805/974 1190/726/888
f 1272/803/970 1274/726/972 1277/805/975
f 888/532/648 1275/804/973 1190/726/888
f 885/529/645 1189/725/887 1193/728/891
f 885/529/645 888/532/648 1189/725/887
f 884/528/644 1193/728/891 1194/729/892
f 884/528/644 885/529/645 1193/728/891
f 882/526/642 1194/729/892 1195/730/893
f 882/526/642 884/528/644 1194/729/892
f 1196/731/894 1278/806/976 1195/730/893
f 882/526/642 1195/730/893 1278/806/976
f 876/198/79 1279/806/79 1280/731/79
f 1281/807/977 882/526/642 1278/806/976
f 876/198/79 1282/807/79 1279/806/79
f 1283/219/978 1284/731/978 1285/733/978
f 876/198/79 1280/731/79 1286/219/79
f 1283/219/978 1285/733/978 1287/734/978
f 1288/220/264 1289/734/264 1290/735/264
f 1283/219/978 1287/734/978 1291/220/978
f 1197/732/895 1292/808/979 1200/735/898
f 1293/809/980 1200/735/898 1292/808/979
f 1288/220/264 1290/735/264 1294/809/264
f 1295/555/79 1296/808/79 1297/732/79
f 1298/810/981 1293/809/980 1292/808/979
f 1299/811/982 1298/810/981 1292/808/979
f 1300/812/983 1299/811/982 1292/808/979
f 1295/555/79 1301/812/79 1296/808/79
f 1302/614/978 1303/732/978 1304/737/978
f 1295/555/79 1297/732/79 1305/614/79
f 1302/614/978 1304/737/978 1306/738/978
f 844/513/264 1307/738/264 1308/739/264
f 1302/614/978 1306/738/978 1309/513/978
f 1310/813/984 1204/739/902 1205/740/903
f 844/513/264 1308/739/264 1311/813/264
f 1312/814/985 1313/740/985 1314/741/985
f 1310/813/984 1205/740/903 1315/815/986
f 1312/814/985 1316/815/985 1313/740/985
f 1317/816/987 1318/741/987 1319/742/987
f 1312/814/985 1314/741/985 1320/816/985
f 1317/816/987 1319/742/987 1321/736/987
f 1322/817/988 1323/736/988 1324/744/988
f 1317/816/987 1321/736/987 1325/817/987
f 1322/817/988 1324/744/988 1326/745/988
f 1327/818/978 1328/745/978 1329/746/978
f 1322/817/988 1326/745/988 1330/818/988
f 1327/818/978 1329/746/978 1331/747/978
f 1332/819/989 1333/747/989 1334/748/989
f 1327/818/978 1331/747/978 1335/819/978
f 1332/819/989 1334/748/989 1336/749/989
f 1337/820/990 1338/749/990 1339/750/990
f 1332/819/989 1336/749/989 1340/820/989
f 1337/820/990 1339/750/990 1341/751/990
f 1342/821/703 1343/751/703 1344/752/703
f 1337/820/990 1341/751/990 1345/821/990
f 1346/822/991 1347/823/992 1217/752/915
f 1348/824/993 1217/752/915 1347/823/992
f 1218/753/916 1346/822/991 1217/752/915
f 1342/821/703 1344/752/703 1349/824/703
f 1350/825/79 1351/823/79 1352/822/79
f 1353/826/994 1354/827/995 1347/823/992
f 1355/828/231 1356/829/231 1357/816/231
f 1350/825/79 1358/826/79 1351/823/79
f 1359/830/996 1348/824/993 1347/823/992
f 1360/831/997 1359/830/996 1347/823/992
f 1361/832/998 1360/831/997 1347/823/992
f 1362/833/999 1361/832/998 1347/823/992
f 1363/834/1000 1362/833/999 1347/823/992
f 1354/827/995 1363/834/1000 1347/823/992
f 1350/825/79 1352/822/79 1364/753/79
f 1365/835/978 1366/753/978 1367/743/978
f 1350/825/79 1364/753/79 1368/835/79
f 1365/835/978 1367/743/978 1369/755/978
f 788/496/264 1370/755/264 1371/756/264
f 1365/835/978 1369/755/978 1372/496/978
f 1373/836/1001 1374/837/1002 1221/756/919
f 1375/838/1003 1221/756/919 1374/837/1002
f 1222/757/920 1373/836/1001 1221/756/919
f 788/496/264 1371/756/264 1376/838/264
f 1377/757/79 1378/837/1004 1379/836/1005
f 1380/839/79 1378/837/1004 1377/757/79
f 1381/840/1006 1374/837/1002 1382/839/1007
f 1381/840/1006 1375/838/1003 1374/837/1002
f 1383/841/978 1384/757/978 1385/754/978
f 1386/841/79 1380/839/79 1377/757/79
f 1383/841/978 1385/754/978 1387/759/978
f 1388/842/264 1389/759/264 1390/760/264
f 1391/843/978 1383/841/978 1387/759/978
f 1392/843/264 1389/759/264 1388/842/264
f 1388/842/264 1390/760/264 1393/761/264
f 1394/844/1008 1395/845/1009 1226/761/924
f 1396/846/1010 1226/761/924 1395/845/1009
f 1223/758/921 1394/844/1008 1226/761/924
f 1388/842/264 1393/761/264 1397/846/1011
f 1398/847/79 1399/845/79 1400/844/79
f 1401/848/1012 1402/849/1013 1395/845/1009
f 1396/846/1010 1395/845/1009 1402/849/1013
f 1398/847/79 1403/848/79 1399/845/79
f 1398/847/79 1400/844/79 1404/758/79
f 1405/850/978 1406/758/978 1407/763/978
f 1398/847/79 1404/758/79 1408/850/79
f 1405/850/978 1407/763/978 1409/764/978
f 752/483/264 1410/764/264 1411/765/264
f 1405/850/978 1409/764/978 1412/483/978
f 1413/851/1014 1230/765/928 1231/766/929
f 752/483/264 1411/765/264 1414/851/264
f 1415/852/1015 1416/766/1016 1417/767/1015
f 1418/853/1017 1416/766/1016 1415/852/1015
f 1413/851/1014 1231/766/929 1419/853/1018
f 1420/762/1019 1421/767/1019 1422/768/1020
f 1423/854/1019 1421/767/1019 1420/762/1019
f 1424/855/1015 1415/852/1015 1417/767/1015
f 1425/855/1019 1421/767/1019 1423/854/1019
f 1426/854/988 1427/762/988 1428/770/988
f 1426/854/988 1428/770/988 1429/771/988
f 1430/856/978 1431/771/978 1432/772/978
f 1426/854/988 1429/771/988 1433/856/988
f 1430/856/978 1432/772/978 1434/773/978
f 707/460/264 1435/773/264 1436/774/264
f 1430/856/978 1434/773/978 1437/460/978
f 1438/857/1021 1239/774/937 1240/775/938
f 707/460/264 1436/774/264 1439/857/264
f 1440/858/985 1441/775/985 1442/769/985
f 1438/857/1021 1240/775/938 1443/859/1022
f 1440/858/985 1444/859/1023 1441/775/985
f 1445/860/987 1446/769/987 1447/777/987
f 1440/858/985 1442/769/985 1448/860/985
f 1445/860/987 1447/777/987 1449/778/987
f 1450/861/988 1451/778/988 1452/779/988
f 1445/860/987 1449/778/987 1453/861/987
f 1450/861/988 1452/779/988 1454/780/988
f 1455/862/978 1456/780/978 1457/781/978
f 1450/861/988 1454/780/988 1458/862/988
f 1455/862/978 1457/781/978 1459/782/978
f 1460/863/989 1461/782/989 1462/783/989
f 1455/862/978 1459/782/978 1463/863/978
f 1460/863/989 1462/783/989 1464/784/989
f 1465/864/990 1466/784/990 1467/785/990
f 1468/864/989 1460/863/989 1464/784/989
f 1465/864/990 1467/785/990 1469/786/990
f 1470/865/703 1471/786/703 1472/787/703
f 1465/864/990 1469/786/990 1473/865/990
f 1474/866/1024 1252/787/950 1253/788/951
f 1470/865/703 1472/787/703 1475/866/703
f 1476/867/985 1477/788/985 1478/776/985
f 1479/868/1025 1253/788/951 1480/869/1026
f 1476/867/985 1481/869/1023 1477/788/985
f 1482/870/1027 1474/866/1024 1253/788/951
f 1483/871/1028 1482/870/1027 1253/788/951
f 1484/872/1029 1483/871/1028 1253/788/951
f 1485/873/1030 1484/872/1029 1253/788/951
f 1479/868/1025 1485/873/1030 1253/788/951
f 1486/874/987 1487/776/987 1488/790/987
f 1476/867/985 1478/776/985 1489/874/985
f 1486/874/987 1488/790/987 1490/791/987
f 1491/875/988 1492/791/988 1493/792/988
f 1486/874/987 1490/791/987 1494/875/987
f 1491/875/988 1493/792/988 1495/793/988
f 1496/876/978 1497/793/978 1498/794/978
f 1491/875/988 1495/793/988 1499/876/988
f 1496/876/978 1498/794/978 1500/795/978
f 1501/877/989 1502/795/989 1503/796/989
f 1496/876/978 1500/795/978 1504/877/978
f 1501/877/989 1503/796/989 1505/797/989
f 1506/878/990 1507/797/990 1508/789/990
f 1501/877/989 1505/797/989 1509/878/989
f 1506/878/990 1508/789/990 1510/578/990
f 1506/878/990 1510/578/990 1511/577/990
f 1512/879/1031 943/561/687 1513/566/1032
f 1512/879/1031 939/560/683 943/561/687
f 1512/879/1031 1513/566/1032 1265/565/963
f 1263/798/961 1512/879/1031 1265/565/963
f 1514/880/1033 1515/881/1034 1023/610/749
f 1516/882/1035 1026/610/750 1517/881/1036
f 1029/613/752 1514/880/1033 1023/610/749
f 1516/882/1035 1024/611/79 1026/610/750
f 1514/880/1033 1518/883/1037 1515/881/1034
f 1519/884/398 1517/881/1036 1520/883/1038
f 1519/884/398 1516/882/1035 1517/881/1036
f 1514/880/1033 1521/885/1039 1518/883/1037
f 1522/886/400 1520/883/1038 1523/885/1040
f 1522/886/400 1519/884/398 1520/883/1038
f 1514/880/1033 1524/887/1041 1521/885/1039
f 1525/888/402 1523/885/1040 1526/887/1042
f 1525/888/402 1522/886/400 1523/885/1040
f 1514/880/1033 1527/889/1043 1524/887/1041
f 1528/890/440 1526/887/1042 1529/889/1044
f 1528/890/440 1525/888/402 1526/887/1042
f 1530/891/1045 1531/889/1046 1532/880/1047
f 1533/892/1048 1531/889/1046 1530/891/1045
f 1534/893/244 1529/889/1044 1535/892/1049
f 1534/893/244 1528/890/440 1529/889/1044
f 1530/891/1045 1532/880/1047 1536/613/1050
f 1537/894/1051 1536/613/1050 1538/617/1052
f 1537/894/1051 1530/891/1045 1536/613/1050
f 1539/895/1053 1034/617/755 1033/616/754
f 1537/894/1051 1538/617/1052 1540/895/1054
f 1541/896/1055 1033/616/754 1036/619/757
f 1542/897/1056 1539/895/1053 1033/616/754
f 1543/898/1057 1542/897/1056 1033/616/754
f 1544/899/1058 1543/898/1057 1033/616/754
f 1545/900/1059 1544/899/1058 1033/616/754
f 1546/901/1060 1545/900/1059 1033/616/754
f 1547/902/1061 1546/901/1060 1033/616/754
f 1548/903/1062 1547/902/1061 1033/616/754
f 1549/904/1063 1548/903/1062 1033/616/754
f 1550/905/1064 1549/904/1063 1033/616/754
f 1541/896/1055 1550/905/1064 1033/616/754
f 1551/906/1065 1036/619/757 1038/621/759
f 1552/907/1066 1553/908/1067 1036/619/757
f 1554/909/1068 1036/619/757 1553/908/1067
f 1555/910/1069 1552/907/1066 1036/619/757
f 1556/911/1070 1555/910/1069 1036/619/757
f 1557/912/1071 1556/911/1070 1036/619/757
f 1558/913/1072 1557/912/1071 1036/619/757
f 1559/914/1073 1558/913/1072 1036/619/757
f 1560/915/1074 1559/914/1073 1036/619/757
f 1561/916/1075 1560/915/1074 1036/619/757
f 1562/917/1076 1561/916/1075 1036/619/757
f 1551/906/1065 1562/917/1076 1036/619/757
f 1563/918/1077 1541/896/1055 1036/619/757
f 1564/919/1078 1563/918/1077 1036/619/757
f 1565/920/1079 1564/919/1078 1036/619/757
f 1566/921/1080 1565/920/1079 1036/619/757
f 1567/922/1081 1566/921/1080 1036/619/757
f 1568/923/1082 1567/922/1081 1036/619/757
f 1554/909/1068 1568/923/1082 1036/619/757
f 1569/924/1083 1570/621/1084 1571/625/1085
f 1572/925/1086 1551/906/1065 1038/621/759
f 1573/926/1087 1572/925/1086 1038/621/759
f 1574/927/1088 1573/926/1087 1038/621/759
f 1575/928/1089 1574/927/1088 1038/621/759
f 1576/929/1090 1575/928/1089 1038/621/759
f 1577/930/1091 1576/929/1090 1038/621/759
f 1578/931/1092 1577/930/1091 1038/621/759
f 1579/932/1093 1578/931/1092 1038/621/759
f 1580/933/1094 1581/932/1095 1570/621/1084
f 1569/924/1083 1580/933/1094 1570/621/1084
f 1582/934/1096 1571/625/1085 1583/626/1097
f 1582/934/1096 1569/924/1083 1571/625/1085
f 1584/935/1098 1583/626/1097 1585/627/1099
f 1584/935/1098 1582/934/1096 1583/626/1097
f 1586/936/1100 1585/627/1099 1051/624/771
f 1587/937/1101 1584/935/1098 1585/627/1099
f 1586/936/1100 1587/937/1101 1585/627/1099
f 1588/938/1102 1586/936/1100 1051/624/771
f 1050/631/770 1588/938/1102 1051/624/771
f 1554/909/1068 1589/939/1103 1590/940/1104
f 1591/941/843 1592/940/1105 1593/939/1106
f 1594/942/1107 1595/909/1108 1596/940/1109
f 1597/943/1110 1594/942/1107 1596/940/1109
f 1598/944/425 1599/943/1111 1592/940/1105
f 1591/941/843 1598/944/425 1592/940/1105
f 1554/909/1068 1600/945/1112 1589/939/1103
f 1591/941/843 1593/939/1106 1601/945/264
f 1554/909/1068 1553/908/1067 1600/945/1112
f 1602/946/264 1603/945/264 1604/908/1113
f 1605/946/264 1591/941/843 1601/945/264
f 1606/947/269 1604/908/1113 1607/907/1114
f 1606/947/269 1602/946/264 1604/908/1113
f 1608/948/1115 1607/907/1114 1609/910/1116
f 1608/948/1115 1606/947/269 1607/907/1114
f 1610/949/293 1609/910/1116 1611/911/1117
f 1610/949/293 1608/948/1115 1609/910/1116
f 1612/950/1118 1611/911/1117 1613/912/1119
f 1612/950/1118 1610/949/293 1611/911/1117
f 1614/951/1120 1613/912/1119 1615/913/1121
f 1614/951/1120 1612/950/1118 1613/912/1119
f 1616/952/305 1615/913/1121 1617/914/1122
f 1616/952/305 1614/951/1120 1615/913/1121
f 1616/952/305 1617/914/1122 1618/915/1123
f 1619/953/709 1618/915/1123 1620/916/1124
f 1619/953/709 1616/952/305 1618/915/1123
f 1621/954/1125 1620/916/1124 1622/917/1126
f 1621/954/1125 1619/953/709 1620/916/1124
f 1623/955/721 1622/917/1126 1624/906/1127
f 1623/955/721 1621/954/1125 1622/917/1126
f 1625/956/724 1624/906/1127 1626/925/1128
f 1625/956/724 1623/955/721 1624/906/1127
f 1627/957/877 1626/925/1128 1628/926/1129
f 1627/957/877 1625/956/724 1626/925/1128
f 1629/958/730 1628/926/1129 1630/927/1130
f 1629/958/730 1627/957/877 1628/926/1129
f 1631/959/1131 1630/927/1130 1632/928/1132
f 1631/959/1131 1629/958/730 1630/927/1130
f 1631/959/1131 1632/928/1132 1633/929/1133
f 1634/960/1134 1633/929/1133 1635/930/1135
f 1634/960/1134 1631/959/1131 1633/929/1133
f 1636/961/554 1635/930/1135 1637/931/1136
f 1636/961/554 1634/960/1134 1635/930/1135
f 1579/932/1093 1638/962/1137 1578/931/1092
f 1639/963/557 1637/931/1136 1640/962/1138
f 1639/963/557 1636/961/554 1637/931/1136
f 1580/933/1094 1641/962/1139 1581/932/1095
f 1580/933/1094 1642/964/1140 1641/962/1139
f 1643/965/1141 1641/962/1139 1642/964/1140
f 1644/966/393 1640/962/1138 1645/965/1142
f 1644/966/393 1639/963/557 1640/962/1138
f 1646/967/1143 1540/895/1054 1647/897/1144
f 1646/967/1143 1537/894/1051 1540/895/1054
f 1646/967/1143 1647/897/1144 1648/898/1145
f 1649/968/1146 1648/898/1145 1650/899/1147
f 1649/968/1146 1646/967/1143 1648/898/1145
f 1649/968/1146 1650/899/1147 1651/900/1148
f 1652/969/1149 1651/900/1148 1653/901/1150
f 1652/969/1149 1649/968/1146 1651/900/1148
f 1654/970/1151 1653/901/1150 1655/902/1152
f 1654/970/1151 1652/969/1149 1653/901/1150
f 1654/970/1151 1655/902/1152 1656/903/1153
f 1657/971/1154 1656/903/1153 1658/904/1155
f 1657/971/1154 1654/970/1151 1656/903/1153
f 1657/971/1154 1658/904/1155 1659/905/1156
f 1660/972/1157 1659/905/1156 1661/896/1158
f 1660/972/1157 1657/971/1154 1659/905/1156
f 1660/972/1157 1661/896/1158 1662/918/1159
f 1663/973/1160 1662/918/1159 1664/919/1161
f 1663/973/1160 1660/972/1157 1662/918/1159
f 1663/973/1160 1664/919/1161 1665/920/1162
f 1666/974/1163 1665/920/1162 1667/921/1164
f 1666/974/1163 1663/973/1160 1665/920/1162
f 1666/974/1163 1667/921/1164 1668/922/1165
f 1669/975/1166 1668/922/1165 1670/923/1167
f 1669/975/1166 1666/974/1163 1668/922/1165
f 1669/975/1166 1670/923/1167 1595/909/1108
f 1594/942/1107 1669/975/1166 1595/909/1108
f 1671/976/1168 1672/977/1169 1673/978/1170
f 1674/979/293 1675/978/1171 1676/977/1172
f 1677/980/1173 1678/976/1174 1679/978/1175
f 1680/981/290 1681/982/1176 1675/978/1171
f 1677/980/1173 1679/978/1175 1682/982/1177
f 1674/979/293 1680/981/290 1675/978/1171
f 1671/976/1168 1683/983/1178 1672/977/1169
f 1684/984/296 1676/977/1172 1685/983/1179
f 1684/984/296 1674/979/293 1676/977/1172
f 1671/976/1168 1686/985/1180 1683/983/1178
f 1687/986/299 1685/983/1179 1688/985/1181
f 1687/986/299 1684/984/296 1685/983/1179
f 1671/976/1168 1689/987/1182 1686/985/1180
f 1687/986/299 1688/985/1181 1690/987/1183
f 1671/976/1168 1691/988/1184 1689/987/1182
f 1692/989/1185 1690/987/1183 1693/988/1186
f 1692/989/1185 1687/986/299 1690/987/1183
f 1671/976/1168 1694/990/1187 1691/988/1184
f 1695/991/709 1693/988/1186 1696/990/1188
f 1695/991/709 1692/989/1185 1693/988/1186
f 1671/976/1168 1697/992/1189 1694/990/1187
f 1698/993/718 1696/990/1188 1699/992/1190
f 1698/993/718 1695/991/709 1696/990/1188
f 1671/976/1168 1700/994/1191 1697/992/1189
f 1701/995/721 1699/992/1190 1702/994/1192
f 1701/995/721 1698/993/718 1699/992/1190
f 1120/680/833 1703/996/1193 1700/994/1191
f 1704/997/724 1702/994/1192 1705/996/1194
f 1121/681/834 1120/680/833 1700/994/1191
f 1671/976/1168 1121/681/834 1700/994/1191
f 1704/997/724 1701/995/721 1702/994/1192
f 1120/680/833 1706/998/1195 1703/996/1193
f 1707/999/877 1705/996/1194 1708/998/1196
f 1707/999/877 1704/997/724 1705/996/1194
f 1120/680/833 1709/1000/1197 1706/998/1195
f 1710/1001/1198 1708/998/1196 1711/1000/1199
f 1710/1001/1198 1707/999/877 1708/998/1196
f 1120/680/833 1712/1002/1200 1709/1000/1197
f 1710/1001/1198 1711/1000/1199 1713/1002/1201
f 1120/680/833 1714/1003/1202 1712/1002/1200
f 1715/1004/552 1713/1002/1201 1716/1003/1203
f 1715/1004/552 1710/1001/1198 1713/1002/1201
f 1120/680/833 1717/1005/1204 1714/1003/1202
f 1718/1006/548 1716/1003/1203 1719/1005/1205
f 1718/1006/548 1715/1004/552 1716/1003/1203
f 1120/680/833 1720/1007/1206 1717/1005/1204
f 1721/1008/554 1719/1005/1205 1722/1007/1207
f 1721/1008/554 1718/1006/548 1719/1005/1205
f 1125/685/838 1723/1009/1208 1720/1007/1206
f 1724/1010/741 1722/1007/1207 1725/1009/1209
f 1120/680/833 1125/685/838 1720/1007/1206
f 1724/1010/741 1721/1008/554 1722/1007/1207
f 1125/685/838 1726/1011/1210 1723/1009/1208
f 1727/1012/393 1725/1009/1209 1728/1011/1211
f 1727/1012/393 1724/1010/741 1725/1009/1209
f 1125/685/838 1729/1013/1212 1726/1011/1210
f 1730/1014/73 1728/1011/1211 1731/1013/1213
f 1730/1014/73 1727/1012/393 1728/1011/1211
f 1125/685/838 1732/1015/1214 1729/1013/1212
f 1730/1014/73 1731/1013/1213 1733/1015/79
f 1734/1016/1215 1735/1017/1216 1732/1015/1214
f 1736/1018/79 1737/1015/79 1738/1017/1217
f 1125/685/838 1734/1016/1215 1732/1015/1214
f 1730/1014/73 1733/1015/79 1739/1018/79
f 1734/1016/1215 1740/1019/1218 1735/1017/1216
f 1741/1020/1219 1738/1017/1217 1742/1019/1220
f 1741/1020/1219 1736/1018/79 1738/1017/1217
f 1743/1021/1221 1744/1019/1222 1745/1016/1223
f 1743/1021/1221 1746/1022/1224 1744/1019/1222
f 1747/1023/88 1742/1019/1220 1748/1022/1225
f 1747/1023/88 1741/1020/1219 1742/1019/1220
f 1125/685/838 1749/1024/1226 1734/1016/1215
f 1743/1021/1221 1745/1016/1223 1750/1024/1227
f 1125/685/838 1751/1025/1228 1749/1024/1226
f 1752/1026/1229 1750/1024/1227 1753/1025/1230
f 1752/1026/1229 1743/1021/1221 1750/1024/1227
f 1125/685/838 1754/1027/1231 1751/1025/1228
f 1752/1026/1229 1753/1025/1230 1755/1027/1232
f 1125/685/838 1756/1028/1233 1754/1027/1231
f 1757/1029/1234 1755/1027/1232 1758/1028/1235
f 1757/1029/1234 1752/1026/1229 1755/1027/1232
f 1125/685/838 1759/1030/1236 1756/1028/1233
f 1757/1029/1234 1758/1028/1235 1760/1030/1237
f 1125/685/838 1761/1031/1238 1759/1030/1236
f 1762/1032/1239 1760/1030/1237 1763/1031/1240
f 1762/1032/1239 1757/1029/1234 1760/1030/1237
f 1125/685/838 1764/1033/1241 1761/1031/1238
f 1762/1032/1239 1763/1031/1240 1765/1033/1242
f 1125/685/838 1766/1034/1243 1764/1033/1241
f 1767/1035/1244 1765/1033/1242 1768/1034/1245
f 1767/1035/1244 1762/1032/1239 1765/1033/1242
f 1128/688/841 1769/1036/1246 1766/1034/1243
f 1767/1035/1244 1768/1034/1245 1770/1036/1247
f 1125/685/838 1128/688/841 1766/1034/1243
f 1128/688/841 1771/1037/1248 1769/1036/1246
f 1772/1038/1249 1770/1036/1247 1773/1037/1250
f 1772/1038/1249 1767/1035/1244 1770/1036/1247
f 1128/688/841 1774/1039/1251 1771/1037/1248
f 1772/1038/1249 1773/1037/1250 1775/1039/1252
f 1128/688/841 1776/1040/1253 1774/1039/1251
f 1777/1041/1254 1775/1039/1252 1778/1040/1255
f 1777/1041/1254 1772/1038/1249 1775/1039/1252
f 1128/688/841 1779/1042/1256 1776/1040/1253
f 1780/1043/1257 1778/1040/1255 1781/1042/1258
f 1780/1043/1257 1777/1041/1254 1778/1040/1255
f 1128/688/841 1782/1044/1259 1779/1042/1256
f 1780/1043/1257 1781/1042/1258 1783/1044/1260
f 1128/688/841 1784/1045/1261 1782/1044/1259
f 1785/1046/1262 1783/1044/1260 1786/1045/1263
f 1785/1046/1262 1780/1043/1257 1783/1044/1260
f 1128/688/841 1787/1047/1264 1784/1045/1261
f 1785/1046/1262 1786/1045/1263 1788/1047/1265
f 1128/688/841 1789/1048/1266 1787/1047/1264
f 1790/1049/1267 1788/1047/1265 1791/1048/1268
f 1790/1049/1267 1785/1046/1262 1788/1047/1265
f 1790/1049/1267 1791/1048/1268 1792/688/1269
f 1793/1050/1270 1792/688/1269 1794/691/1271
f 1793/1050/1270 1790/1049/1267 1792/688/1269
f 1795/1051/1272 1796/681/1273 1678/976/1174
f 1795/1051/1272 1797/682/1274 1796/681/1273
f 1677/980/1173 1795/1051/1272 1678/976/1174
f 1798/1052/1275 1799/676/1276 1797/682/1274
f 1795/1051/1272 1798/1052/1275 1797/682/1274
f 1800/1053/1277 1801/1054/1278 1133/691/845
f 1793/1050/1270 1794/691/1271 1802/1054/1279
f 1803/1055/1280 1800/1053/1277 1133/691/845
f 1127/687/840 1803/1055/1280 1133/691/845
f 1804/1056/1281 1805/1057/1282 1801/1054/1278
f 1806/1058/1283 1802/1054/1279 1807/1057/1284
f 1808/1059/1285 1804/1056/1281 1801/1054/1278
f 1800/1053/1277 1808/1059/1285 1801/1054/1278
f 1806/1058/1283 1793/1050/1270 1802/1054/1279
f 1809/1060/254 1810/1057/1286 1811/1056/1287
f 1806/1058/1283 1807/1057/1284 1812/1061/1288
f 1813/1062/126 1814/1061/1289 1810/1057/1286
f 1809/1060/254 1813/1062/126 1810/1057/1286
f 1815/1063/256 1811/1056/1287 1816/1059/1290
f 1815/1063/256 1809/1060/254 1811/1056/1287
f 1817/1064/1291 1816/1059/1290 1818/1053/1292
f 1817/1064/1291 1815/1063/256 1816/1059/1290
f 1819/1065/425 1818/1053/1292 1820/1055/1293
f 1819/1065/425 1817/1064/1291 1818/1053/1292
f 1130/690/843 1820/1055/1293 1131/687/844
f 1130/690/843 1819/1065/425 1820/1055/1293
f 1821/1066/1294 1113/672/826 1822/677/1295
f 1823/1067/1296 1112/673/825 1113/672/826
f 1821/1066/1294 1823/1067/1296 1113/672/826
f 1824/1068/1297 1822/677/1295 1799/676/1276
f 1825/1069/1298 1821/1066/1294 1822/677/1295
f 1824/1068/1297 1825/1069/1298 1822/677/1295
f 1798/1052/1275 1824/1068/1297 1799/676/1276
f 1275/804/973 1826/1070/1299 1276/805/974
f 1827/1071/1300 1277/805/975 1828/1070/1301
f 1827/1071/1300 1272/803/970 1277/805/975
f 1275/804/973 1829/1072/1302 1826/1070/1299
f 1827/1071/1300 1828/1070/1301 1830/1072/1303
f 1275/804/973 1831/1073/1304 1829/1072/1302
f 1832/1074/1305 1830/1072/1303 1833/1073/1306
f 1832/1074/1305 1827/1071/1300 1830/1072/1303
f 1834/1075/231 1835/1076/231 1836/817/231
f 1837/1077/1307 1833/1073/1306 1838/804/1308
f 1837/1077/1307 1832/1074/1305 1833/1073/1306
f 1835/1076/231 1355/828/231 1836/817/231
f 1839/1078/1309 1275/804/973 888/532/648
f 1837/1077/1307 1838/804/1308 1840/1078/1310
f 1841/1079/1311 888/532/648 893/535/653
f 1842/1080/1312 1839/1078/1309 888/532/648
f 1841/1079/1311 1842/1080/1312 888/532/648
f 1281/807/977 883/527/643 882/526/642
f 876/198/79 1843/527/79 1282/807/79
f 876/198/79 881/525/79 1843/527/79
f 894/536/654 1844/1079/1313 895/535/655
f 1845/1081/1314 1840/1078/1310 1846/1080/1315
f 1845/1081/1314 1837/1077/1307 1840/1078/1310
f 1845/1081/1314 1846/1080/1315 1844/1079/1313
f 894/536/654 1845/1081/1314 1844/1079/1313
f 1847/1082/1316 1848/1083/1317 671/449/594
f 1849/1084/978 1850/449/978 1851/1083/978
f 1852/1085/1318 1847/1082/1316 671/449/594
f 1853/1086/1319 1852/1085/1318 671/449/594
f 1854/1087/1320 1853/1086/1319 671/449/594
f 1855/1088/1321 1854/1087/1320 671/449/594
f 1856/1089/1322 1855/1088/1321 671/449/594
f 670/448/593 1856/1089/1322 671/449/594
f 1857/1090/1323 1858/450/1323 1859/449/1323
f 1857/1090/1323 1859/449/1323 1860/1084/1323
f 1847/1082/1316 1861/1091/1324 1848/1083/1317
f 1849/1084/978 1851/1083/978 1862/1091/978
f 1863/1092/1325 1864/1091/1325 1865/1093/1326
f 1847/1082/1316 1866/1093/1327 1861/1091/1324
f 1867/1094/1325 1864/1091/1325 1863/1092/1325
f 1868/1095/978 1849/1084/978 1862/1091/978
f 1869/1095/1328 1864/1091/1325 1867/1094/1325
f 1847/1082/1316 1870/1092/1329 1866/1093/1327
f 1847/1082/1316 1871/1096/1330 1870/1092/1329
f 1872/1094/1331 1873/1092/1331 1874/1096/1331
f 1847/1082/1316 1875/1097/1332 1871/1096/1330
f 1872/1094/1331 1874/1096/1331 1876/1097/1331
f 1847/1082/1316 1877/1098/1333 1875/1097/1332
f 1878/1099/1334 1879/1097/1334 1880/1098/1334
f 1872/1094/1331 1876/1097/1331 1881/1099/1331
f 1847/1082/1316 1882/1100/1335 1877/1098/1333
f 1878/1099/1334 1880/1098/1334 1883/1100/1334
f 1847/1082/1316 1884/1101/1336 1882/1100/1335
f 1885/1102/978 1886/1100/978 1887/1101/978
f 1878/1099/1334 1883/1100/1334 1888/1102/1334
f 1847/1082/1316 1889/1103/1337 1884/1101/1336
f 1885/1102/978 1887/1101/978 1890/1103/978
f 1847/1082/1316 1891/1104/1338 1889/1103/1337
f 1892/1105/1339 1893/1103/1339 1894/1104/1339
f 1885/1102/978 1890/1103/978 1895/1105/978
f 1847/1082/1316 1896/1106/1340 1891/1104/1338
f 1892/1105/1339 1894/1104/1339 1897/1106/1339
f 1847/1082/1316 1898/1107/1341 1896/1106/1340
f 1899/1108/1342 1900/1106/1342 1901/1107/1342
f 1892/1105/1339 1897/1106/1339 1902/1108/1339
f 1847/1082/1316 1903/1109/1343 1898/1107/1341
f 1899/1108/1342 1901/1107/1342 1904/1109/1342
f 1847/1082/1316 1905/1110/1344 1903/1109/1343
f 1906/1111/1345 1907/1109/1345 1908/1110/1345
f 1899/1108/1342 1904/1109/1342 1909/1111/1342
f 1847/1082/1316 1910/1112/1346 1905/1110/1344
f 1906/1111/1345 1908/1110/1345 1911/1112/1345
f 1847/1082/1316 1912/1113/1347 1910/1112/1346
f 1913/1114/1348 1914/1112/1348 1915/1113/1348
f 1906/1111/1345 1911/1112/1345 1916/1114/1345
f 1847/1082/1316 1917/1115/1349 1912/1113/1347
f 1913/1114/1348 1915/1113/1348 1918/1115/1348
f 1919/1116/79 1920/1115/79 1921/1082/79
f 1913/1114/1348 1918/1115/1348 1922/1116/1348
f 1852/1085/1318 1923/1117/1350 1847/1082/1316
f 1355/828/231 1357/816/231 1836/817/231
f 1924/1118/231 1834/1075/231 1925/818/231
f 1926/1119/264 1927/1117/264 1928/1085/264
f 1929/1120/1351 1930/1121/1352 1923/1117/1350
f 1847/1082/1316 1923/1117/1350 1930/1121/1352
f 1931/1122/1353 1929/1120/1351 1923/1117/1350
f 1932/1123/1354 1931/1122/1353 1923/1117/1350
f 1933/1124/1355 1932/1123/1354 1923/1117/1350
f 1934/1125/1356 1933/1124/1355 1923/1117/1350
f 1935/1126/1357 1934/1125/1356 1923/1117/1350
f 1936/1127/1358 1935/1126/1357 1923/1117/1350
f 1937/1128/1359 1936/1127/1358 1923/1117/1350
f 1938/1129/1360 1937/1128/1359 1923/1117/1350
f 1939/1130/1361 1938/1129/1360 1923/1117/1350
f 1940/1131/1362 1939/1130/1361 1923/1117/1350
f 1941/1132/1363 1940/1131/1362 1923/1117/1350
f 1942/1133/1364 1941/1132/1363 1923/1117/1350
f 1943/1134/1365 1942/1133/1364 1923/1117/1350
f 1944/1135/1366 1943/1134/1365 1923/1117/1350
f 1834/1075/231 1836/817/231 1925/818/231
f 1945/1136/231 1924/1118/231 1946/819/231
f 1947/1137/676 1948/1085/676 1949/1086/676
f 1926/1119/264 1928/1085/264 1950/1137/264
f 1947/1137/676 1949/1086/676 1951/1087/676
f 1952/1138/677 1953/1087/677 1954/1088/677
f 1947/1137/676 1951/1087/676 1955/1138/676
f 1952/1138/677 1954/1088/677 1956/1089/677
f 667/447/584 1957/1089/584 673/448/584
f 1952/1138/677 1956/1089/677 1958/447/677
f 661/445/591 666/446/591 1959/451/591
f 1857/1090/1323 1960/451/1323 1858/450/1323
f 661/445/591 1959/451/591 1961/1090/591
f 1962/1139/1367 1963/1121/1367 1964/1120/1368
f 1919/1116/79 1921/1082/79 1965/1121/79
f 1919/1116/79 1965/1121/79 1966/1139/79
f 1962/1139/1367 1964/1120/1368 1967/1122/1367
f 1968/1140/1369 1969/1122/1369 1970/1123/1369
f 1962/1139/1367 1967/1122/1367 1971/1140/1367
f 1968/1140/1369 1970/1123/1369 1972/1124/1369
f 1973/1141/1370 1974/1124/1370 1975/1125/1370
f 1968/1140/1369 1972/1124/1369 1976/1141/1369
f 1973/1141/1370 1975/1125/1370 1977/1126/1370
f 1978/1142/1371 1979/1126/1371 1980/1127/1371
f 1973/1141/1370 1977/1126/1370 1981/1142/1370
f 1978/1142/1371 1980/1127/1371 1982/1128/1371
f 1983/1143/588 1984/1128/588 1985/1129/588
f 1978/1142/1371 1982/1128/1371 1986/1143/1371
f 1983/1143/588 1985/1129/588 1987/1130/588
f 1940/1131/1362 1988/1144/1372 1939/1130/1361
f 1989/1145/1373 1990/1130/1373 1991/1144/1373
f 1983/1143/588 1987/1130/588 1992/1145/588
f 1940/1131/1362 1993/1146/1374 1988/1144/1372
f 1989/1145/1373 1991/1144/1373 1994/1146/1373
f 1940/1131/1362 1995/1147/1375 1993/1146/1374
f 1996/1148/1376 1997/1146/1376 1998/1147/1376
f 1989/1145/1373 1994/1146/1373 1999/1148/1373
f 2000/1149/1377 2001/1150/1378 1995/1147/1375
f 1996/1148/1376 1998/1147/1376 2002/1150/1376
f 1940/1131/1362 2000/1149/1377 1995/1147/1375
f 2003/1151/1379 2004/1150/1380 2005/1149/1380
f 2006/1152/1379 2004/1150/1380 2003/1151/1379
f 1996/1148/1376 2002/1150/1376 2007/1152/1376
f 2003/1151/1379 2005/1149/1380 2008/1131/1379
f 2009/1151/588 2010/1131/588 2011/1132/588
f 2009/1151/588 2011/1132/588 2012/1133/588
f 2013/1153/1381 2014/1133/1381 2015/1134/1381
f 2009/1151/588 2012/1133/588 2016/1153/588
f 2013/1153/1381 2015/1134/1381 2017/1135/1381
f 1479/868/1025 1480/869/1026 1944/1135/1366
f 1476/867/985 2018/1135/985 1481/869/1023
f 1923/1117/1350 1479/868/1025 1944/1135/1366
f 2013/1153/1381 2017/1135/1381 2019/867/1381
f 1470/865/703 1475/866/703 2020/870/703
f 2021/1154/705 2022/870/705 2023/871/705
f 1470/865/703 2020/870/703 2024/1154/703
f 2021/1154/705 2023/871/705 2025/872/705
f 2026/1155/706 2027/872/706 2028/873/706
f 2021/1154/705 2025/872/705 2029/1155/705
f 2026/1155/706 2028/873/706 2030/868/706
f 1926/1119/264 2031/868/264 1927/1117/264
f 2026/1155/706 2030/868/706 2032/1119/706
f 2033/1156/1382 2034/462/1382 2035/461/1382
f 700/457/591 706/459/591 2036/462/591
f 2037/1157/1382 2034/462/1382 2033/1156/1382
f 700/457/591 2036/462/591 2038/1157/591
f 2033/1156/1382 2035/461/1382 2039/463/1382
f 2040/1156/1323 2041/463/1323 2042/464/1323
f 2040/1156/1323 2042/464/1323 2043/465/1323
f 2044/1158/79 2045/465/79 2046/466/79
f 2040/1156/1323 2043/465/1323 2047/1158/1323
f 716/467/605 2048/1159/1383 715/466/604
f 1924/1118/231 1925/818/231 1946/819/231
f 2049/1160/231 2050/1161/231 2051/820/231
f 707/460/264 2052/1159/264 717/467/264
f 2053/1162/1384 2054/1163/1385 2048/1159/1383
f 715/466/604 2048/1159/1383 2054/1163/1385
f 2055/1164/1386 2053/1162/1384 2048/1159/1383
f 2056/1165/1387 2055/1164/1386 2048/1159/1383
f 2057/1166/1388 2056/1165/1387 2048/1159/1383
f 1438/857/1021 2057/1166/1388 2048/1159/1383
f 707/460/264 1439/857/264 2052/1159/264
f 2058/1167/1381 2059/1163/1381 2060/1162/1381
f 2044/1158/79 2046/466/79 2061/1163/79
f 2044/1158/79 2061/1163/79 2062/1167/79
f 2058/1167/1381 2060/1162/1381 2063/1164/1381
f 2064/1166/1389 2065/1164/1389 2066/1165/1390
f 2067/858/1389 2065/1164/1389 2064/1166/1389
f 2068/1168/1389 2065/1164/1389 2067/858/1389
f 2058/1167/1381 2063/1164/1381 2069/1168/1381
f 1438/857/1021 1443/859/1022 2057/1166/1388
f 1440/858/985 2070/1166/985 1444/859/1023
f 2071/1169/1391 2072/1170/1392 2073/1171/1393
f 2074/1172/588 2075/1171/588 2076/1170/588
f 2077/1173/1394 2071/1169/1391 2073/1171/1393
f 2078/1174/1371 2079/1173/1371 2080/1171/1371
f 2078/1174/1371 2080/1171/1371 2081/1172/1371
f 2071/1169/1391 2082/1175/1395 2072/1170/1392
f 2074/1172/588 2076/1170/588 2083/1175/588
f 2071/1169/1391 2084/1176/1396 2082/1175/1395
f 2085/1177/1373 2086/1175/1373 2087/1176/1373
f 2088/1178/588 2074/1172/588 2083/1175/588
f 2089/1178/1373 2086/1175/1373 2085/1177/1373
f 2071/1169/1391 2090/1179/1397 2084/1176/1396
f 2085/1177/1373 2087/1176/1373 2091/1179/1373
f 2071/1169/1391 2092/1180/1398 2090/1179/1397
f 2093/1181/1376 2094/1179/1376 2095/1180/1376
f 2096/1177/1376 2094/1179/1376 2093/1181/1376
f 2071/1169/1391 2097/1182/1399 2092/1180/1398
f 2093/1181/1376 2095/1180/1376 2098/1182/1376
f 2071/1169/1391 2099/1183/1400 2097/1182/1399
f 2100/1184/1401 2101/1182/1401 2102/1183/1401
f 2103/1181/1401 2101/1182/1401 2100/1184/1401
f 2071/1169/1391 2104/1185/1402 2099/1183/1400
f 2100/1184/1401 2102/1183/1401 2105/1185/1401
f 2071/1169/1391 2106/1186/1403 2104/1185/1402
f 2107/1187/1404 2108/1185/1404 2109/1186/1404
f 2110/1184/1404 2108/1185/1404 2107/1187/1404
f 2071/1169/1391 2111/1188/1405 2106/1186/1403
f 2107/1187/1404 2109/1186/1404 2112/1188/1404
f 2050/1161/231 1945/1136/231 2051/820/231
f 2113/1187/264 2114/1188/264 2115/1169/264
f 1945/1136/231 1946/819/231 2051/820/231
f 2116/1189/231 2049/1160/231 2117/821/231
f 2118/1190/1406 2071/1169/1391 2119/1191/1407
f 2120/1192/1408 2119/1191/1407 2071/1169/1391
f 2121/1193/1409 2120/1192/1408 2071/1169/1391
f 2122/1194/1410 2121/1193/1409 2071/1169/1391
f 2123/1195/1411 2122/1194/1410 2071/1169/1391
f 2124/1196/1412 2123/1195/1411 2071/1169/1391
f 2125/1197/1413 2124/1196/1412 2071/1169/1391
f 2126/1198/1414 2125/1197/1413 2071/1169/1391
f 2077/1173/1394 2126/1198/1414 2071/1169/1391
f 2113/1187/264 2115/1169/264 2127/1190/264
f 2049/1160/231 2051/820/231 2117/821/231
f 2128/1199/1415 2118/1190/1406 2119/1191/1407
f 2129/1200/1416 2128/1199/1415 2119/1191/1407
f 2130/1201/1417 2129/1200/1416 2119/1191/1407
f 2131/1202/1418 2130/1201/1417 2119/1191/1407
f 2132/1203/1419 2131/1202/1418 2119/1191/1407
f 2133/1204/1420 2132/1203/1419 2119/1191/1407
f 2134/1205/1421 2133/1204/1420 2119/1191/1407
f 2135/1206/1422 2134/1205/1421 2119/1191/1407
f 2136/1207/1423 2135/1206/1422 2119/1191/1407
f 2137/1208/1424 2136/1207/1423 2119/1191/1407
f 2138/1209/1425 2137/1208/1424 2119/1191/1407
f 2139/1210/1426 2138/1209/1425 2119/1191/1407
f 2140/1211/1427 2139/1210/1426 2119/1191/1407
f 2141/1212/1428 2140/1211/1427 2119/1191/1407
f 2142/1213/1429 2141/1212/1428 2119/1191/1407
f 2143/1214/1430 2142/1213/1429 2119/1191/1407
f 2144/1215/1431 2143/1214/1430 2119/1191/1407
f 2145/1216/1432 2144/1215/1431 2119/1191/1407
f 2146/1217/79 2147/1216/79 2148/1191/79
f 2146/1217/79 2148/1191/79 2149/1192/79
f 2150/1218/1367 2151/1192/1368 2152/1193/1367
f 2146/1217/79 2149/1192/79 2153/1218/79
f 2150/1218/1367 2152/1193/1367 2154/1194/1367
f 2155/1196/1369 2156/1194/1369 2157/1195/1433
f 2158/1219/1369 2156/1194/1369 2155/1196/1369
f 2159/1220/1369 2156/1194/1369 2158/1219/1369
f 2150/1218/1367 2154/1194/1367 2160/1220/1367
f 2161/1174/1370 2162/1196/1370 2163/1197/1370
f 2164/1219/1370 2162/1196/1370 2161/1174/1370
f 2161/1174/1370 2163/1197/1370 2165/1198/1370
f 2078/1174/1371 2166/1198/1371 2079/1173/1371
f 2167/1200/1434 2168/1190/1434 2169/1199/1435
f 2170/1221/1434 2168/1190/1434 2167/1200/1434
f 2171/1222/1434 2168/1190/1434 2170/1221/1434
f 2113/1187/264 2127/1190/264 2172/1222/264
f 2173/1202/1436 2174/1200/1436 2175/1201/1437
f 2176/1223/1436 2174/1200/1436 2173/1202/1436
f 2177/1221/1436 2174/1200/1436 2176/1223/1436
f 2178/1204/1331 2179/1202/1331 2180/1203/1438
f 2181/1224/1331 2179/1202/1331 2178/1204/1331
f 2182/1223/1331 2179/1202/1331 2181/1224/1331
f 2183/1205/1334 2184/1206/1334 2185/1225/1334
f 2185/1225/1334 2186/1204/1334 2183/1205/1334
f 2187/1224/1334 2186/1204/1334 2185/1225/1334
f 2188/1225/978 2189/1206/978 2190/1207/978
f 2188/1225/978 2190/1207/978 2191/1208/978
f 2192/1226/1339 2193/1208/1339 2194/1209/1339
f 2188/1225/978 2191/1208/978 2195/1226/978
f 2192/1226/1339 2194/1209/1339 2196/1210/1339
f 2197/1212/1342 2198/1210/1342 2199/1211/1439
f 2200/1227/1342 2198/1210/1342 2197/1212/1342
f 2201/1228/1342 2198/1210/1342 2200/1227/1342
f 2192/1226/1339 2196/1210/1339 2202/1228/1339
f 2203/1229/1345 2204/1212/1345 2205/1213/1345
f 2206/1227/1345 2204/1212/1345 2203/1229/1345
f 2203/1229/1345 2205/1213/1345 2207/1214/1345
f 2208/1229/1348 2209/1214/1348 2210/1215/1348
f 2208/1229/1348 2210/1215/1348 2211/1216/1348
f 2208/1229/1348 2211/1216/1348 2212/1217/1348
f 2213/1230/588 2214/474/588 2215/473/588
f 723/469/79 729/471/79 2216/474/79
f 723/469/79 2216/474/79 2217/1230/79
f 2213/1230/588 2215/473/588 2218/475/588
f 730/472/608 2219/475/608 737/476/608
f 2220/472/588 2213/1230/588 2218/475/588
f 750/482/617 749/481/616 2221/1231/1440
f 2222/1232/590 2223/1231/590 2224/481/590
f 744/479/614 751/482/614 2225/1231/614
f 2226/1233/590 2223/1231/590 2222/1232/590
f 744/479/614 2225/1231/614 2227/1233/614
f 755/484/618 2228/1234/1441 749/481/616
f 2229/1235/1442 749/481/616 2228/1234/1441
f 2222/1232/590 2224/481/590 2230/1235/590
f 752/483/264 2231/1234/264 756/484/264
f 2232/1236/1443 2233/1237/1444 2228/1234/1441
f 2229/1235/1442 2228/1234/1441 2233/1237/1444
f 2234/1238/1445 2232/1236/1443 2228/1234/1441
f 2235/1239/1446 2234/1238/1445 2228/1234/1441
f 2236/1240/1447 2235/1239/1446 2228/1234/1441
f 2237/1241/1448 2236/1240/1447 2228/1234/1441
f 2238/1242/1449 2237/1241/1448 2228/1234/1441
f 2239/1243/1450 2238/1242/1449 2228/1234/1441
f 2240/852/1451 2239/1243/1450 2228/1234/1441
f 1413/851/1014 2240/852/1451 2228/1234/1441
f 752/483/264 1414/851/264 2231/1234/264
f 2241/1238/1452 2242/1237/1452 2243/1236/1453
f 2244/1244/1452 2242/1237/1452 2241/1238/1452
f 2222/1232/590 2230/1235/590 2245/1237/590
f 2246/1232/1452 2242/1237/1452 2244/1244/1452
f 2247/1240/1454 2248/1238/1454 2249/1239/1455
f 2250/1245/1454 2248/1238/1454 2247/1240/1454
f 2251/1244/1454 2248/1238/1454 2250/1245/1454
f 2252/1242/79 2253/1240/79 2254/1241/1456
f 2255/1246/79 2253/1240/79 2252/1242/79
f 2256/1245/79 2253/1240/79 2255/1246/79
f 2257/852/1457 2258/1242/1457 2259/1243/1458
f 2260/1247/1457 2258/1242/1457 2257/852/1457
f 2261/1246/1457 2258/1242/1457 2260/1247/1457
f 1413/851/1014 1419/853/1018 2240/852/1451
f 2262/1247/1015 1415/852/1015 1424/855/1015
f 2263/1248/1459 2264/1249/1460 2265/1250/1461
f 2266/1251/978 2267/1250/978 2268/1249/978
f 2269/1252/1462 2263/1248/1459 2265/1250/1461
f 2270/1253/1463 2269/1252/1462 2265/1250/1461
f 2271/1253/1464 2272/1250/1464 2273/1251/1464
f 2273/1251/1464 2274/1254/1464 2271/1253/1464
f 2275/1255/1465 2276/1256/1466 2264/1249/1460
f 2266/1251/978 2268/1249/978 2277/1256/978
f 2278/1257/1467 2275/1255/1465 2264/1249/1460
f 2263/1248/1459 2278/1257/1467 2264/1249/1460
f 2279/1258/79 2280/1256/79 2281/1255/79
f 2282/1258/978 2266/1251/978 2277/1256/978
f 2279/1258/79 2281/1255/79 2283/1257/79
f 2284/1259/588 2285/1257/588 2286/1248/588
f 2279/1258/79 2283/1257/79 2287/1259/79
f 2284/1259/588 2286/1248/588 2288/1252/588
f 2270/1253/1463 2289/1260/1468 2269/1252/1462
f 2290/1261/1469 2291/1252/1470 2292/1260/1470
f 2293/1262/1469 2291/1252/1470 2290/1261/1469
f 2284/1259/588 2288/1252/588 2294/1262/588
f 2295/1254/1471 2296/1263/1472 2289/1260/1468
f 2290/1261/1469 2292/1260/1470 2297/1263/1469
f 2270/1253/1463 2295/1254/1471 2289/1260/1468
f 2298/1264/1473 2299/1265/1474 2296/1263/1472
f 2300/1266/584 2301/1263/584 2302/1265/584
f 2295/1254/1471 2298/1264/1473 2296/1263/1472
f 2303/1261/584 2301/1263/584 2300/1266/584
f 2304/1267/1475 2305/1268/1476 2299/1265/1474
f 2300/1266/584 2302/1265/584 2306/1268/584
f 2298/1264/1473 2304/1267/1475 2299/1265/1474
f 2307/1269/1477 2308/1270/1478 2305/1268/1476
f 2309/1271/1379 2310/1268/1380 2311/1270/1379
f 2304/1267/1475 2307/1269/1477 2305/1268/1476
f 2312/1266/1379 2310/1268/1380 2309/1271/1379
f 2313/1272/1479 2314/1273/1480 2308/1270/1478
f 2309/1271/1379 2311/1270/1379 2315/1273/1379
f 2316/1274/1481 2313/1272/1479 2308/1270/1478
f 2307/1269/1477 2316/1274/1481 2308/1270/1478
f 2317/1275/264 2318/1273/264 2319/1272/264
f 2320/1271/264 2318/1273/264 2317/1275/264
f 2317/1275/264 2319/1272/264 2321/1274/264
f 2322/1276/1325 2323/1274/1325 2324/1269/1325
f 2325/1275/1325 2323/1274/1325 2322/1276/1325
f 2322/1276/1325 2324/1269/1325 2326/1267/1328
f 2327/1254/703 2328/1267/703 2329/1264/1482
f 2330/1277/703 2328/1267/703 2327/1254/703
f 2331/1276/703 2328/1267/703 2330/1277/703
f 2332/1277/1464 2274/1254/1464 2273/1251/1464
f 2333/1278/1483 2334/1279/1484 768/488/620
f 2335/1280/978 2336/488/978 2337/1279/978
f 773/490/621 2333/1278/1483 768/488/620
f 762/486/79 769/488/79 2338/1280/79
f 2339/1281/1485 2340/1282/1486 2334/1279/1484
f 2335/1280/978 2337/1279/978 2341/1282/978
f 2342/1283/1487 2339/1281/1485 2334/1279/1484
f 2343/1284/1488 2342/1283/1487 2334/1279/1484
f 2333/1278/1483 2343/1284/1488 2334/1279/1484
f 2344/1285/79 2345/1282/79 2346/1281/79
f 2347/1285/978 2335/1280/978 2341/1282/978
f 2344/1285/79 2346/1281/79 2348/1283/79
f 2349/1286/588 2350/1283/588 2351/1284/588
f 2344/1285/79 2348/1283/79 2352/1286/79
f 2349/1286/588 2351/1284/588 2353/1278/588
f 2354/1287/79 2355/1278/79 2356/490/79
f 2349/1286/588 2353/1278/588 2357/1287/588
f 774/491/622 1402/849/1013 773/490/621
f 2358/1288/1489 773/490/621 1402/849/1013
f 2354/1287/79 2356/490/79 2359/1288/79
f 770/489/264 2360/849/264 775/491/264
f 1401/848/1012 2361/1289/1490 1402/849/1013
f 2358/1288/1489 1402/849/1013 2361/1289/1490
f 2362/1290/1491 1396/846/1010 1402/849/1013
f 2363/1291/1492 2362/1290/1491 1402/849/1013
f 770/489/264 2364/1291/264 2360/849/264
f 2365/1292/1493 2366/1293/1494 2361/1289/1490
f 2367/1294/978 2368/1289/978 2369/1293/978
f 1401/848/1012 2365/1292/1493 2361/1289/1490
f 2354/1287/79 2359/1288/79 2370/1289/79
f 2354/1287/79 2370/1289/79 2371/1294/79
f 2372/1295/1495 2373/1296/1496 2366/1293/1494
f 2367/1294/978 2369/1293/978 2374/1296/978
f 2375/1297/1497 2372/1295/1495 2366/1293/1494
f 2365/1292/1493 2375/1297/1497 2366/1293/1494
f 2376/1298/79 2377/1296/79 2378/1295/79
f 2367/1294/978 2374/1296/978 2379/1298/978
f 2376/1298/79 2378/1295/79 2380/1297/79
f 2381/1299/588 2382/1297/588 2383/1292/588
f 2376/1298/79 2380/1297/79 2384/1299/79
f 2381/1299/588 2383/1292/588 2385/848/588
f 2381/1299/588 2385/848/588 2386/847/588
f 2387/842/588 2388/846/588 2389/1290/588
f 2363/1291/1492 2390/1300/1498 2362/1290/1491
f 2387/842/588 2389/1290/588 2391/1300/588
f 770/489/264 2392/1300/264 2364/1291/264
f 2387/842/588 2391/1300/588 2393/489/588
f 2394/1301/1499 1381/840/1006 1382/839/1007
f 2395/1302/588 2396/1301/588 2397/839/588
f 2398/1303/79 1380/839/79 1386/841/79
f 2395/1302/588 2397/839/588 2399/1303/588
f 788/496/264 1376/838/264 2400/840/264
f 2401/1304/1500 791/497/625 1381/840/1006
f 792/498/626 1381/840/1006 791/497/625
f 2402/1305/1501 2401/1304/1500 1381/840/1006
f 2394/1301/1499 2402/1305/1501 1381/840/1006
f 788/496/264 2400/840/264 793/498/264
f 781/493/79 2403/497/79 2404/1304/79
f 781/493/79 787/495/79 2403/497/79
f 781/493/79 2404/1304/79 2405/1305/79
f 2395/1302/588 2406/1305/588 2396/1301/588
f 781/493/79 2405/1305/79 2407/1302/79
f 2408/1306/1502 2409/1307/1503 805/502/628
f 2410/1308/978 2411/502/978 2412/1307/978
f 2413/1309/1504 2408/1306/1502 805/502/628
f 2414/1310/1505 2413/1309/1504 805/502/628
f 2415/1311/1506 2414/1310/1505 805/502/628
f 2416/1312/1507 2415/1311/1506 805/502/628
f 2417/1313/1508 2416/1312/1507 805/502/628
f 2418/1314/1509 2417/1313/1508 805/502/628
f 810/504/629 2418/1314/1509 805/502/628
f 799/500/79 806/502/79 2419/1308/79
f 2420/1315/1510 2421/1316/1511 2409/1307/1503
f 2410/1308/978 2412/1307/978 2422/1316/978
f 2423/1317/1512 2420/1315/1510 2409/1307/1503
f 2424/1318/1513 2423/1317/1512 2409/1307/1503
f 2408/1306/1502 2424/1318/1513 2409/1307/1503
f 2425/1319/79 2426/1316/79 2427/1315/79
f 2428/1319/978 2410/1308/978 2422/1316/978
f 2425/1319/79 2427/1315/79 2429/1317/79
f 2430/1320/588 2431/1317/588 2432/1318/588
f 2425/1319/79 2429/1317/79 2433/1320/79
f 2430/1320/588 2432/1318/588 2434/1306/588
f 2435/1321/79 2436/1306/79 2437/1309/79
f 2430/1320/588 2434/1306/588 2438/1321/588
f 2414/1310/1505 1354/827/995 2413/1309/1504
f 2439/1322/1514 2413/1309/1504 1354/827/995
f 2435/1321/79 2437/1309/79 2440/1322/79
f 2441/1323/264 2442/827/264 2443/1310/264
f 1353/826/994 2444/1324/1515 1354/827/995
f 2439/1322/1514 1354/827/995 2444/1324/1515
f 1356/829/231 2445/814/231 1357/816/231
f 2446/1325/676 2447/1310/676 2448/1311/676
f 2441/1323/264 2443/1310/264 2449/1325/264
f 2446/1325/676 2448/1311/676 2450/1312/676
f 2451/1314/677 2452/1312/677 2453/1313/1516
f 2454/503/677 2452/1312/677 2451/1314/677
f 2455/1326/677 2452/1312/677 2454/503/677
f 2446/1325/676 2450/1312/676 2456/1326/676
f 807/503/584 2457/1314/584 811/504/584
f 2458/1327/1517 2459/1328/1518 2444/1324/1515
f 2460/1329/978 2461/1324/978 2462/1328/978
f 1353/826/994 2458/1327/1517 2444/1324/1515
f 2435/1321/79 2440/1322/79 2463/1324/79
f 2435/1321/79 2463/1324/79 2464/1329/79
f 2465/1330/1519 2466/1331/1520 2459/1328/1518
f 2460/1329/978 2462/1328/978 2467/1331/978
f 2468/1332/1521 2465/1330/1519 2459/1328/1518
f 2458/1327/1517 2468/1332/1521 2459/1328/1518
f 2469/1333/79 2470/1331/79 2471/1330/79
f 2460/1329/978 2467/1331/978 2472/1333/978
f 2469/1333/79 2471/1330/79 2473/1332/79
f 2474/1334/588 2475/1332/588 2476/1327/588
f 2469/1333/79 2473/1332/79 2477/1334/79
f 2474/1334/588 2476/1327/588 2478/826/588
f 2474/1334/588 2478/826/588 2479/825/588
f 1342/821/703 1349/824/703 2480/830/703
f 2481/1335/705 2482/830/705 2483/831/705
f 2484/1336/705 2482/830/705 2481/1335/705
f 1342/821/703 2480/830/703 2485/1336/703
f 2481/1335/705 2483/831/705 2486/832/705
f 2487/1335/706 2488/832/706 2489/833/706
f 2487/1335/706 2489/833/706 2490/834/706
f 2441/1323/264 2491/834/264 2442/827/264
f 2487/1335/706 2490/834/706 2492/1323/706
f 2493/1337/1522 2494/1338/1523 848/515/633
f 2495/1339/978 2496/515/978 2497/1338/978
f 847/514/632 2493/1337/1522 848/515/633
f 2498/1340/1323 2499/516/1323 2500/515/1323
f 2498/1340/1323 2500/515/1323 2501/1339/1323
f 2493/1337/1522 2502/1341/1524 2494/1338/1523
f 2495/1339/978 2497/1338/978 2503/1341/978
f 2504/1342/1325 2505/1341/1325 2506/1343/1525
f 2493/1337/1522 2507/1343/1526 2502/1341/1524
f 2508/1344/1325 2505/1341/1325 2504/1342/1325
f 2509/1345/978 2495/1339/978 2503/1341/978
f 2510/1345/1325 2505/1341/1325 2508/1344/1325
f 2493/1337/1522 2511/1342/1527 2507/1343/1526
f 2493/1337/1522 2512/1346/1528 2511/1342/1527
f 2513/1347/1331 2514/1342/1331 2515/1346/1331
f 2516/1344/1331 2514/1342/1331 2513/1347/1331
f 2493/1337/1522 2517/1348/1529 2512/1346/1528
f 2513/1347/1331 2515/1346/1331 2518/1348/1331
f 2493/1337/1522 2519/1349/1530 2517/1348/1529
f 2520/1347/1334 2521/1348/1334 2522/1349/1334
f 2493/1337/1522 2523/1350/1531 2519/1349/1530
f 2520/1347/1334 2522/1349/1334 2524/1350/1334
f 2493/1337/1522 2525/1351/1532 2523/1350/1531
f 2526/1352/978 2527/1350/978 2528/1351/978
f 2520/1347/1334 2524/1350/1334 2529/1352/1334
f 2493/1337/1522 2530/1353/1533 2525/1351/1532
f 2526/1352/978 2528/1351/978 2531/1353/978
f 2493/1337/1522 2532/1354/1534 2530/1353/1533
f 2533/1355/1339 2534/1353/1339 2535/1354/1339
f 2536/1356/1339 2534/1353/1339 2533/1355/1339
f 2526/1352/978 2531/1353/978 2537/1356/978
f 2493/1337/1522 2538/1357/1535 2532/1354/1534
f 2533/1355/1339 2535/1354/1339 2539/1357/1339
f 2493/1337/1522 2540/1358/1536 2538/1357/1535
f 2541/1359/1342 2542/1357/1342 2543/1358/1342
f 2544/1355/1342 2542/1357/1342 2541/1359/1342
f 2493/1337/1522 2545/1360/1537 2540/1358/1536
f 2541/1359/1342 2543/1358/1342 2546/1360/1342
f 2493/1337/1522 2547/1361/1538 2545/1360/1537
f 2548/1362/1345 2549/1360/1345 2550/1361/1345
f 2551/1359/1345 2549/1360/1345 2548/1362/1345
f 2493/1337/1522 2552/1363/1539 2547/1361/1538
f 2548/1362/1345 2550/1361/1345 2553/1363/1345
f 2493/1337/1522 2554/1364/1540 2552/1363/1539
f 2555/1365/1348 2556/1363/1348 2557/1364/1348
f 2558/1362/1348 2556/1363/1348 2555/1365/1348
f 2493/1337/1522 2559/1366/1541 2554/1364/1540
f 2555/1365/1348 2557/1364/1348 2560/1366/1348
f 2561/1365/79 2562/1366/79 2563/1337/79
f 847/514/632 2564/1367/1542 2493/1337/1522
f 2565/1365/231 2566/1368/231 2567/1336/231
f 2566/1368/231 2116/1189/231 2567/1336/231
f 844/513/264 2568/1367/264 850/514/264
f 2569/1369/1543 2570/1370/1544 2564/1367/1542
f 2493/1337/1522 2564/1367/1542 2570/1370/1544
f 2571/1371/1545 2569/1369/1543 2564/1367/1542
f 2572/1372/1546 2571/1371/1545 2564/1367/1542
f 2573/1373/1547 2572/1372/1546 2564/1367/1542
f 2574/1374/1548 2573/1373/1547 2564/1367/1542
f 2575/1375/1549 2574/1374/1548 2564/1367/1542
f 2576/1376/1550 2575/1375/1549 2564/1367/1542
f 2577/1377/1551 2576/1376/1550 2564/1367/1542
f 2578/1378/1552 2577/1377/1551 2564/1367/1542
f 2579/1379/1553 2578/1378/1552 2564/1367/1542
f 2580/1380/1554 2579/1379/1553 2564/1367/1542
f 2581/1381/1555 2580/1380/1554 2564/1367/1542
f 2582/1382/1556 2581/1381/1555 2564/1367/1542
f 2583/1383/1557 2582/1382/1556 2564/1367/1542
f 2584/1384/1558 2583/1383/1557 2564/1367/1542
f 1310/813/984 2584/1384/1558 2564/1367/1542
f 844/513/264 1311/813/264 2568/1367/264
f 837/510/591 843/512/591 2585/517/591
f 2498/1340/1323 2586/517/1323 2499/516/1323
f 837/510/591 2585/517/591 2587/1340/591
f 2588/1371/1367 2589/1370/1367 2590/1369/1559
f 2591/1189/1367 2589/1370/1367 2588/1371/1367
f 2561/1365/79 2563/1337/79 2592/1370/79
f 2593/1368/1367 2589/1370/1367 2591/1189/1367
f 2561/1365/79 2592/1370/79 2594/1368/79
f 2595/1373/1369 2596/1371/1369 2597/1372/1560
f 2598/1160/1369 2596/1371/1369 2595/1373/1369
f 2599/1189/1369 2596/1371/1369 2598/1160/1369
f 2600/1375/1370 2601/1373/1370 2602/1374/1561
f 2603/1161/1370 2601/1373/1370 2600/1375/1370
f 2604/1160/1370 2601/1373/1370 2603/1161/1370
f 2605/1376/1371 2606/1377/1371 2607/1136/1371
f 2607/1136/1371 2608/1375/1371 2605/1376/1371
f 2609/1161/1371 2608/1375/1371 2607/1136/1371
f 2610/1136/588 2611/1377/588 2612/1378/588
f 2610/1136/588 2612/1378/588 2613/1379/588
f 2580/1380/1554 2614/1385/1562 2579/1379/1553
f 2615/1118/1373 2616/1379/1373 2617/1385/1373
f 2610/1136/588 2613/1379/588 2618/1118/588
f 2580/1380/1554 2619/1386/1563 2614/1385/1562
f 2615/1118/1373 2617/1385/1373 2620/1386/1373
f 2621/1387/1376 2622/1386/1376 2623/1388/1564
f 2580/1380/1554 2624/1388/1565 2619/1386/1563
f 2625/1076/1376 2622/1386/1376 2621/1387/1376
f 2626/1075/1376 2622/1386/1376 2625/1076/1376
f 2615/1118/1373 2620/1386/1373 2627/1075/1373
f 2628/1389/1566 2629/1387/1567 2624/1388/1565
f 2580/1380/1554 2628/1389/1566 2624/1388/1565
f 2630/828/1379 2631/1387/1379 2632/1389/1379
f 2633/1076/1379 2631/1387/1379 2630/828/1379
f 2630/828/1379 2632/1389/1379 2634/1380/1379
f 2635/828/588 2636/1380/588 2637/1381/588
f 2635/828/588 2637/1381/588 2638/1382/588
f 2639/829/1381 2640/1382/1381 2641/1383/1381
f 2635/828/588 2638/1382/588 2642/829/588
f 2639/829/1381 2641/1383/1381 2643/1384/1381
f 1310/813/984 1315/815/986 2584/1384/1558
f 1312/814/985 2644/1384/985 1316/815/985
f 2639/829/1381 2643/1384/1381 2645/814/1381
f 2646/554/588 2647/523/588 2648/522/588
f 857/519/79 863/521/79 2649/523/79
f 2650/554/79 857/519/79 2649/523/79
f 869/524/640 2651/1390/1568 867/522/638
f 2646/554/588 2648/522/588 2652/1390/588
f 864/196/264 2653/1390/264 870/524/264
f 2646/554/588 2652/1390/588 2654/196/588
f 1288/220/264 1294/809/264 2655/810/264
f 2656/543/978 2657/810/978 2658/811/978
f 1288/220/264 2655/810/264 2659/543/264
f 1300/812/983 2660/1391/1569 1299/811/982
f 2656/543/978 2658/811/978 2661/1391/978
f 1295/555/79 2662/1391/79 1301/812/79
f 2656/543/978 2661/1391/978 2663/555/978
f 2664/1392/1570 454/327/423 2665/1393/1571
f 2666/1394/1572 2667/1393/1573 2668/327/1574
f 2669/1395/290 2670/1392/1575 2671/1393/1576
f 2672/1396/1577 2667/1393/1573 2666/1394/1572
f 2669/1395/290 2671/1393/1576 2673/1396/1578
f 2674/1397/1579 2675/327/1579 2676/283/1580
f 2677/1398/1581 455/328/424 454/327/423
f 2678/1399/1582 2677/1398/1581 454/327/423
f 2679/1400/1583 2678/1399/1582 454/327/423
f 2664/1392/1570 2679/1400/1583 454/327/423
f 2680/1401/1584 2681/1394/1585 2682/327/1579
f 2683/1397/1579 2680/1401/1584 2682/327/1579
f 2684/1402/1586 2676/283/1580 2685/280/1587
f 2684/1402/1586 2674/1397/1579 2676/283/1580
f 2686/1403/1588 2685/280/1587 2687/290/1589
f 2686/1403/1588 2684/1402/1586 2685/280/1587
f 2688/1404/1590 2687/290/1589 2689/291/1591
f 2688/1404/1590 2686/1403/1588 2687/290/1589
f 2688/1404/1590 2689/291/1591 2690/292/1592
f 2691/1405/1593 2690/292/1592 2692/237/1594
f 2691/1405/1593 2688/1404/1590 2690/292/1592
f 2691/1405/1593 2692/237/1594 2693/238/1595
f 2694/1406/1596 2693/238/1595 2695/234/1597
f 2694/1406/1596 2691/1405/1593 2693/238/1595
f 2694/1406/1596 2695/234/1597 2696/233/1598
f 2697/1407/1599 2696/233/1598 2698/235/1600
f 2697/1407/1599 2694/1406/1596 2696/233/1598
f 2697/1407/1599 2698/235/1600 2699/236/1601
f 2700/1408/1602 2699/236/1601 2701/6/1603
f 2700/1408/1602 2697/1407/1599 2699/236/1601
f 2700/1408/1602 2701/6/1603 2702/4/978
f 2703/1409/978 2704/4/978 2705/9/978
f 2700/1408/1602 2702/4/978 2706/1409/978
f 2707/1410/843 457/328/426 2708/1398/1604
f 2707/1410/843 456/329/425 457/328/426
f 2707/1410/843 2708/1398/1604 2709/1399/264
f 2710/1411/264 2711/1399/264 2712/1400/1605
f 2707/1410/843 2709/1399/264 2713/1411/264
f 2714/1412/269 2712/1400/1605 2670/1392/1575
f 2714/1412/269 2710/1411/264 2712/1400/1605
f 2669/1395/290 2714/1412/269 2670/1392/1575
f 1185/722/884 2715/1413/1606 1186/723/885
f 2716/1414/736 1188/723/886 2717/1413/1607
f 2716/1414/736 1187/724/552 1188/723/886
f 1185/722/884 2718/1415/1608 2715/1413/1606
f 2719/1416/554 2717/1413/1607 2720/1415/1609
f 2719/1416/554 2716/1414/736 2717/1413/1607
f 1185/722/884 2721/1417/1610 2718/1415/1608
f 2722/1418/557 2720/1415/1609 2723/1417/1611
f 2722/1418/557 2719/1416/554 2720/1415/1609
f 1185/722/884 2724/1419/1612 2721/1417/1610
f 2725/1420/1613 2723/1417/1611 2726/1419/1614
f 2725/1420/1613 2722/1418/557 2723/1417/1611
f 2727/1421/1615 2728/1422/1616 2724/1419/1612
f 2729/1423/73 2726/1419/1614 2730/1422/1617
f 1185/722/884 2727/1421/1615 2724/1419/1612
f 2729/1423/73 2725/1420/1613 2726/1419/1614
f 2727/1421/1615 2731/1424/1618 2728/1422/1616
f 2729/1423/73 2730/1422/1617 2732/1424/79
f 2727/1421/1615 2733/1425/1619 2731/1424/1618
f 2734/1426/79 2735/1424/79 2736/1425/1620
f 2737/1426/79 2729/1423/73 2732/1424/79
f 2727/1421/1615 2738/1427/1621 2733/1425/1619
f 2739/1428/1035 2736/1425/1620 2740/1427/1622
f 2739/1428/1035 2734/1426/79 2736/1425/1620
f 2727/1421/1615 2741/1429/1623 2738/1427/1621
f 2742/1430/398 2740/1427/1622 2743/1429/1624
f 2742/1430/398 2739/1428/1035 2740/1427/1622
f 2727/1421/1615 2744/1431/1625 2741/1429/1623
f 2742/1430/398 2743/1429/1624 2745/1431/1626
f 2727/1421/1615 2746/1432/1627 2744/1431/1625
f 2747/1433/400 2745/1431/1626 2748/1432/1628
f 2747/1433/400 2742/1430/398 2745/1431/1626
f 2749/1434/1629 2750/1435/1630 2746/1432/1627
f 2747/1433/400 2748/1432/1628 2751/1435/1631
f 2727/1421/1615 2749/1434/1629 2746/1432/1627
f 2749/1434/1629 2752/1436/1632 2750/1435/1630
f 2753/1437/402 2751/1435/1631 2754/1436/1633
f 2753/1437/402 2747/1433/400 2751/1435/1631
f 2749/1434/1629 2755/1438/1634 2752/1436/1632
f 2756/1439/440 2754/1436/1633 2757/1438/1635
f 2756/1439/440 2753/1437/402 2754/1436/1633
f 2749/1434/1629 2758/1440/1636 2755/1438/1634
f 2756/1439/440 2757/1438/1635 2759/1440/1637
f 2749/1434/1629 2760/1441/1638 2758/1440/1636
f 2761/1442/244 2759/1440/1637 2762/1441/1639
f 2761/1442/244 2756/1439/440 2759/1440/1637
f 2749/1434/1629 2763/1443/1640 2760/1441/1638
f 2764/1444/104 2762/1441/1639 2765/1443/1641
f 2764/1444/104 2761/1442/244 2762/1441/1639
f 2749/1434/1629 2766/1445/1642 2763/1443/1640
f 2764/1444/104 2765/1443/1641 2767/1445/1643
f 2749/1434/1629 2768/1446/1644 2766/1445/1642
f 2769/1447/246 2767/1445/1643 2770/1446/1645
f 2769/1447/246 2764/1444/104 2767/1445/1643
f 1806/1058/1283 2771/1448/1646 2768/1446/1644
f 2772/1449/110 2770/1446/1645 2773/1448/1647
f 2749/1434/1629 1806/1058/1283 2768/1446/1644
f 2772/1449/110 2769/1447/246 2770/1446/1645
f 1806/1058/1283 2774/1450/1648 2771/1448/1646
f 2775/1451/113 2773/1448/1647 2776/1450/1649
f 2775/1451/113 2772/1449/110 2773/1448/1647
f 1806/1058/1283 2777/1452/1650 2774/1450/1648
f 2775/1451/113 2776/1450/1649 2778/1452/1651
f 1806/1058/1283 2779/1453/1652 2777/1452/1650
f 2780/1454/116 2778/1452/1651 2781/1453/1653
f 2780/1454/116 2775/1451/113 2778/1452/1651
f 1806/1058/1283 1812/1061/1288 2779/1453/1652
f 2782/1455/251 2781/1453/1653 1814/1061/1289
f 2782/1455/251 2780/1454/116 2781/1453/1653
f 1813/1062/126 2782/1455/251 1814/1061/1289
f 2783/1456/1654 2784/1457/1655 1746/1022/1224
f 2785/1458/400 1748/1022/1225 2786/1457/1656
f 1743/1021/1221 2783/1456/1654 1746/1022/1224
f 2785/1458/400 1747/1023/88 1748/1022/1225
f 2783/1456/1654 2787/1459/1657 2784/1457/1655
f 2788/1460/402 2786/1457/1656 2789/1459/1658
f 2788/1460/402 2785/1458/400 2786/1457/1656
f 2783/1456/1654 2790/1461/1659 2787/1459/1657
f 2791/1462/440 2789/1459/1658 2792/1461/1660
f 2791/1462/440 2788/1460/402 2789/1459/1658
f 2783/1456/1654 2793/1463/1661 2790/1461/1659
f 2794/1464/244 2792/1461/1660 2795/1463/1662
f 2794/1464/244 2791/1462/440 2792/1461/1660
f 2783/1456/1654 2796/1465/1663 2793/1463/1661
f 2794/1464/244 2795/1463/1662 2797/1465/1664
f 2783/1456/1654 2798/1466/1665 2796/1465/1663
f 2799/1467/104 2797/1465/1664 2800/1466/1666
f 2799/1467/104 2794/1464/244 2797/1465/1664
f 2801/1468/1667 2802/1469/1668 2798/1466/1665
f 2803/1470/246 2800/1466/1666 2804/1469/1669
f 2783/1456/1654 2801/1468/1667 2798/1466/1665
f 2803/1470/246 2799/1467/104 2800/1466/1666
f 2801/1468/1667 2805/1471/1670 2802/1469/1668
f 2806/1472/110 2804/1469/1669 2807/1471/1671
f 2806/1472/110 2803/1470/246 2804/1469/1669
f 2801/1468/1667 2808/1473/1672 2805/1471/1670
f 2806/1472/110 2807/1471/1671 2809/1473/1673
f 2801/1468/1667 2810/1474/1674 2808/1473/1672
f 2811/1475/113 2809/1473/1673 2812/1474/1675
f 2811/1475/113 2806/1472/110 2809/1473/1673
f 2801/1468/1667 2813/1476/1676 2810/1474/1674
f 2814/1477/116 2812/1474/1675 2815/1476/1677
f 2814/1477/116 2811/1475/113 2812/1474/1675
f 2801/1468/1667 2816/1478/1678 2813/1476/1676
f 2814/1477/116 2815/1476/1677 2817/1478/1679
f 2801/1468/1667 2818/1479/1680 2816/1478/1678
f 2819/1480/251 2817/1478/1679 2820/1479/1681
f 2819/1480/251 2814/1477/116 2817/1478/1679
f 2821/1481/1682 2822/1482/1683 2818/1479/1680
f 2823/1483/126 2820/1479/1681 2824/1482/1684
f 2801/1468/1667 2821/1481/1682 2818/1479/1680
f 2823/1483/126 2819/1480/251 2820/1479/1681
f 2821/1481/1682 2825/1484/1685 2822/1482/1683
f 2823/1483/126 2824/1482/1684 2826/1484/1686
f 2821/1481/1682 2827/1485/1687 2825/1484/1685
f 2828/1486/254 2826/1484/1686 2829/1485/1688
f 2828/1486/254 2823/1483/126 2826/1484/1686
f 2821/1481/1682 2830/1487/1689 2827/1485/1687
f 2831/1488/256 2829/1485/1688 2832/1487/1690
f 2831/1488/256 2828/1486/254 2829/1485/1688
f 2821/1481/1682 2833/1489/1691 2830/1487/1689
f 2834/1490/421 2832/1487/1690 2835/1489/1692
f 2834/1490/421 2831/1488/256 2832/1487/1690
f 2821/1481/1682 2836/1491/1693 2833/1489/1691
f 2834/1490/421 2835/1489/1692 2837/1491/1694
f 1677/980/1173 2838/1491/1695 2839/1481/1696
f 2840/1492/1697 2834/1490/421 2837/1491/1694
f 2841/1493/1698 2840/1492/1697 2837/1491/1694
f 1677/980/1173 2842/1493/1699 2838/1491/1695
f 2843/1494/1700 2844/1481/1700 2845/1468/1701
f 2846/1495/1702 2847/980/1703 2848/1481/1700
f 2846/1495/1702 2848/1481/1700 2849/1494/1700
f 2850/1496/1704 2845/1468/1701 2851/1456/1705
f 2852/1497/1706 2843/1494/1700 2845/1468/1701
f 2850/1496/1704 2852/1497/1706 2845/1468/1701
f 2853/1498/1707 2851/1456/1705 2854/1021/1708
f 2853/1498/1707 2850/1496/1704 2851/1456/1705
f 2855/1499/1709 2854/1021/1708 2856/1026/1710
f 2855/1499/1709 2853/1498/1707 2854/1021/1708
f 2855/1499/1709 2856/1026/1710 2857/1029/1711
f 2858/1500/1712 2857/1029/1711 2859/1032/1713
f 2858/1500/1712 2855/1499/1709 2857/1029/1711
f 2860/1501/1714 2859/1032/1713 2861/1035/1715
f 2860/1501/1714 2858/1500/1712 2859/1032/1713
f 2862/1502/1716 2861/1035/1715 2863/1038/1717
f 2862/1502/1716 2860/1501/1714 2861/1035/1715
f 2864/1503/1718 2863/1038/1717 2865/1041/1719
f 2864/1503/1718 2862/1502/1716 2863/1038/1717
f 2866/1504/1720 2865/1041/1719 2867/1043/1721
f 2866/1504/1720 2864/1503/1718 2865/1041/1719
f 2868/1505/1722 2867/1043/1721 2869/1046/1723
f 2868/1505/1722 2866/1504/1720 2867/1043/1721
f 2870/1506/1724 2869/1046/1723 2871/1049/1725
f 2870/1506/1724 2868/1505/1722 2869/1046/1723
f 2872/1507/1726 2871/1049/1725 2873/1050/1727
f 2872/1507/1726 2870/1506/1724 2871/1049/1725
f 2874/1508/1728 2873/1050/1727 2875/1058/1729
f 2874/1508/1728 2872/1507/1726 2873/1050/1727
f 2876/1509/1730 2875/1058/1729 2877/1434/1731
f 2876/1509/1730 2874/1508/1728 2875/1058/1729
f 2878/1510/1732 2877/1434/1731 2879/1421/1733
f 2878/1510/1732 2876/1509/1730 2877/1434/1731
f 2880/1511/1734 2879/1421/1733 2881/722/1735
f 2880/1511/1734 2878/1510/1732 2879/1421/1733
f 2882/1512/1736 2881/722/1735 2883/721/1737
f 2882/1512/1736 2880/1511/1734 2881/722/1735
f 2884/1513/1737 2883/721/1737 2885/800/1738
f 2884/1513/1737 2882/1512/1736 2883/721/1737
f 2886/1514/1739 2885/800/1738 2887/803/1740
f 2888/1515/1738 2884/1513/1737 2885/800/1738
f 2886/1514/1739 2888/1515/1738 2885/800/1738
f 2889/1516/1741 2887/803/1740 2890/1071/1742
f 2889/1516/1741 2886/1514/1739 2887/803/1740
f 2891/1517/1743 2890/1071/1742 2892/1074/1744
f 2891/1517/1743 2889/1516/1741 2890/1071/1742
f 2891/1517/1743 2892/1074/1744 2893/1077/264
f 2894/1518/264 2893/1077/264 2895/1081/1745
f 2894/1518/264 2891/1517/1743 2893/1077/264
f 2896/1519/1746 2895/1081/1745 2897/536/1747
f 2896/1519/1746 2894/1518/264 2895/1081/1745
f 2898/1520/1748 2897/536/1747 2899/534/1749
f 2898/1520/1748 2896/1519/1746 2897/536/1747
f 2900/1521/1750 2899/534/1749 2901/203/1751
f 2902/1522/1752 2898/1520/1748 2899/534/1749
f 2900/1521/1750 2902/1522/1752 2899/534/1749
f 2903/1523/1753 2901/203/1751 2904/201/1754
f 2903/1523/1753 2900/1521/1750 2901/203/1751
f 2905/1524/1755 2906/1525/1756 244/201/234
f 2907/1526/1757 2904/201/1754 2908/1525/1758
f 2909/1527/1759 2905/1524/1755 244/201/234
f 2910/1528/1760 2909/1527/1759 244/201/234
f 253/205/243 2910/1528/1760 244/201/234
f 2907/1526/1757 2903/1523/1753 2904/201/1754
f 2911/1529/1761 2912/1530/1762 2906/1525/1756
f 2913/1531/1763 2908/1525/1758 2914/1530/1764
f 2915/1532/1765 2911/1529/1761 2906/1525/1756
f 2916/1533/1766 2915/1532/1765 2906/1525/1756
f 2917/1534/1767 2916/1533/1766 2906/1525/1756
f 2918/1535/1768 2917/1534/1767 2906/1525/1756
f 2919/1536/1769 2918/1535/1768 2906/1525/1756
f 2920/1537/1770 2919/1536/1769 2906/1525/1756
f 2905/1524/1755 2920/1537/1770 2906/1525/1756
f 2913/1531/1763 2907/1526/1757 2908/1525/1758
f 2921/1538/1771 2922/1539/1772 2912/1530/1762
f 2923/1540/1773 2914/1530/1764 2924/1539/1774
f 2925/1541/1775 2921/1538/1771 2912/1530/1762
f 2926/1542/1776 2925/1541/1775 2912/1530/1762
f 2927/1543/1777 2926/1542/1776 2912/1530/1762
f 2928/1544/1778 2927/1543/1777 2912/1530/1762
f 2929/1545/1779 2928/1544/1778 2912/1530/1762
f 2930/1546/1780 2929/1545/1779 2912/1530/1762
f 2931/1547/1781 2930/1546/1780 2912/1530/1762
f 2911/1529/1761 2931/1547/1781 2912/1530/1762
f 2923/1540/1773 2913/1531/1763 2914/1530/1764
f 323/248/304 320/247/301 2922/1539/1772
f 2932/1548/1782 2924/1539/1774 2933/247/1783
f 2934/1549/1784 323/248/304 2922/1539/1772
f 2935/1550/1785 2934/1549/1784 2922/1539/1772
f 2936/1551/1786 2935/1550/1785 2922/1539/1772
f 2937/1552/1787 2936/1551/1786 2922/1539/1772
f 2938/1553/1788 2937/1552/1787 2922/1539/1772
f 2921/1538/1771 2938/1553/1788 2922/1539/1772
f 2932/1548/1782 2923/1540/1773 2924/1539/1774
f 2939/1554/1789 2933/247/1783 2940/250/1790
f 2939/1554/1789 2932/1548/1782 2933/247/1783
f 2941/1555/1791 2940/250/1790 2942/294/1792
f 2941/1555/1791 2939/1554/1789 2940/250/1790
f 2943/1556/1793 2942/294/1792 2944/295/1794
f 2943/1556/1793 2941/1555/1791 2942/294/1792
f 2945/1557/1795 2944/295/1794 2946/296/1796
f 2945/1557/1795 2943/1556/1793 2944/295/1794
f 2947/1558/1797 2946/296/1796 2948/297/1798
f 2947/1558/1797 2945/1557/1795 2946/296/1796
f 2949/1559/1799 2948/297/1798 2950/298/1800
f 2949/1559/1799 2947/1558/1797 2948/297/1798
f 2951/1560/1801 2950/298/1800 2952/299/1802
f 2951/1560/1801 2949/1559/1799 2950/298/1800
f 2953/1561/1803 2952/299/1802 2954/300/1804
f 2953/1561/1803 2951/1560/1801 2952/299/1802
f 2955/1562/1805 2954/300/1804 2956/301/1806
f 2955/1562/1805 2953/1561/1803 2954/300/1804
f 2957/1563/1807 2956/301/1806 2958/302/1808
f 2957/1563/1807 2955/1562/1805 2956/301/1806
f 2957/1563/1807 2958/302/1808 2959/305/1809
f 2960/1564/1810 2961/1565/1811 406/305/387
f 2962/1566/1809 2959/305/1809 2963/1565/1812
f 2964/1567/1813 2960/1564/1810 406/305/387
f 2965/1568/1814 2964/1567/1813 406/305/387
f 2966/1569/1815 2965/1568/1814 406/305/387
f 2967/1570/1816 2966/1569/1815 406/305/387
f 412/308/392 2967/1570/1816 406/305/387
f 2962/1566/1809 2957/1563/1807 2959/305/1809
f 2968/1571/1817 2666/1394/1572 2961/1565/1811
f 2969/1572/1818 2963/1565/1812 2681/1394/1585
f 2970/1573/1819 2968/1571/1817 2961/1565/1811
f 2971/1574/1820 2970/1573/1819 2961/1565/1811
f 2972/1575/1821 2971/1574/1820 2961/1565/1811
f 2973/1576/1822 2972/1575/1821 2961/1565/1811
f 2974/1577/1823 2973/1576/1822 2961/1565/1811
f 2975/1578/1824 2974/1577/1823 2961/1565/1811
f 2960/1564/1810 2975/1578/1824 2961/1565/1811
f 2969/1572/1818 2962/1566/1809 2963/1565/1812
f 2976/1579/1825 2672/1396/1577 2666/1394/1572
f 2977/1580/1826 2976/1579/1825 2666/1394/1572
f 2978/1581/1827 2977/1580/1826 2666/1394/1572
f 2979/1582/1828 2978/1581/1827 2666/1394/1572
f 2980/1583/1829 2979/1582/1828 2666/1394/1572
f 2968/1571/1817 2980/1583/1829 2666/1394/1572
f 2680/1401/1584 2969/1572/1818 2681/1394/1585
f 2981/1584/293 2673/1396/1578 2982/1579/1830
f 2981/1584/293 2669/1395/290 2673/1396/1578
f 2983/1585/296 2982/1579/1830 2984/1580/1831
f 2983/1585/296 2981/1584/293 2982/1579/1830
f 2985/1586/299 2984/1580/1831 2986/1581/1832
f 2985/1586/299 2983/1585/296 2984/1580/1831
f 2985/1586/299 2986/1581/1832 2987/1582/1833
f 2988/1587/305 2987/1582/1833 2989/1583/1834
f 2988/1587/305 2985/1586/299 2987/1582/1833
f 2990/1588/709 2989/1583/1834 2991/1571/1835
f 2990/1588/709 2988/1587/305 2989/1583/1834
f 2990/1588/709 2991/1571/1835 2992/1573/1836
f 2993/1589/1125 2992/1573/1836 2994/1574/1837
f 2993/1589/1125 2990/1588/709 2992/1573/1836
f 2995/1590/721 2994/1574/1837 2996/1575/1838
f 2995/1590/721 2993/1589/1125 2994/1574/1837
f 2995/1590/721 2996/1575/1838 2997/1576/1839
f 2998/1591/724 2997/1576/1839 2999/1577/1840
f 2998/1591/724 2995/1590/721 2997/1576/1839
f 3000/1592/727 2999/1577/1840 3001/1578/1841
f 3000/1592/727 2998/1591/724 2999/1577/1840
f 3000/1592/727 3001/1578/1841 3002/1564/1842
f 3003/1593/730 3002/1564/1842 3004/1567/1843
f 3003/1593/730 3000/1592/727 3002/1564/1842
f 3005/1594/552 3004/1567/1843 3006/1568/1844
f 3005/1594/552 3003/1593/730 3004/1567/1843
f 3007/1595/736 3006/1568/1844 3008/1569/1845
f 3007/1595/736 3005/1594/552 3006/1568/1844
f 3009/1596/554 3008/1569/1845 3010/1570/1846
f 3009/1596/554 3007/1595/736 3008/1569/1845
f 3011/1597/741 3010/1570/1846 414/308/394
f 3011/1597/741 3009/1596/554 3010/1570/1846
f 413/309/393 3011/1597/741 414/308/394
f 3012/1598/1847 325/248/306 3013/1549/1848
f 3012/1598/1847 324/249/305 325/248/306
f 3014/1599/718 3013/1549/1848 3015/1550/1849
f 3014/1599/718 3012/1598/1847 3013/1549/1848
f 3014/1599/718 3015/1550/1849 3016/1551/1850
f 3017/1600/721 3016/1551/1850 3018/1552/1851
f 3017/1600/721 3014/1599/718 3016/1551/1850
f 3019/1601/724 3018/1552/1851 3020/1553/1852
f 3019/1601/724 3017/1600/721 3018/1552/1851
f 3021/1602/727 3020/1553/1852 3022/1538/1853
f 3021/1602/727 3019/1601/724 3020/1553/1852
f 3021/1602/727 3022/1538/1853 3023/1541/1854
f 3024/1603/730 3023/1541/1854 3025/1542/1855
f 3024/1603/730 3021/1602/727 3023/1541/1854
f 3026/1604/552 3025/1542/1855 3027/1543/1856
f 3026/1604/552 3024/1603/730 3025/1542/1855
f 3026/1604/552 3027/1543/1856 3028/1544/1857
f 3029/1605/736 3028/1544/1857 3030/1545/1858
f 3029/1605/736 3026/1604/552 3028/1544/1857
f 3031/1606/554 3030/1545/1858 3032/1546/1859
f 3031/1606/554 3029/1605/736 3030/1545/1858
f 3031/1606/554 3032/1546/1859 3033/1547/1860
f 3034/1607/557 3033/1547/1860 3035/1529/1861
f 3034/1607/557 3031/1606/554 3033/1547/1860
f 3034/1607/557 3035/1529/1861 3036/1532/1862
f 3037/1608/1613 3036/1532/1862 3038/1533/1863
f 3037/1608/1613 3034/1607/557 3036/1532/1862
f 3039/1609/73 3038/1533/1863 3040/1534/1864
f 3039/1609/73 3037/1608/1613 3038/1533/1863
f 3039/1609/73 3040/1534/1864 3041/1535/79
f 3042/1610/79 3043/1535/79 3044/1536/1865
f 3045/1610/79 3039/1609/73 3041/1535/79
f 3046/1611/1035 3044/1536/1865 3047/1537/1866
f 3046/1611/1035 3042/1610/79 3044/1536/1865
f 3048/1612/398 3047/1537/1866 3049/1524/1867
f 3048/1612/398 3046/1611/1035 3047/1537/1866
f 3050/1613/400 3049/1524/1867 3051/1527/1868
f 3050/1613/400 3048/1612/398 3049/1524/1867
f 3052/1614/402 3051/1527/1868 3053/1528/1869
f 3052/1614/402 3050/1613/400 3051/1527/1868
f 3054/1615/440 3053/1528/1869 255/205/245
f 3054/1615/440 3052/1614/402 3053/1528/1869
f 254/206/244 3054/1615/440 255/205/245
f 3055/1426/231 3056/693/231 3057/695/231
f 3058/1428/231 3056/693/231 3055/1426/231
f 3059/690/231 3056/693/231 3058/1428/231
f 3060/1423/231 3057/695/231 3061/697/231
f 3055/1426/231 3057/695/231 3060/1423/231
f 3062/1420/231 3061/697/231 3063/699/231
f 3060/1423/231 3061/697/231 3062/1420/231
f 3064/1418/231 3063/699/231 3065/701/231
f 3062/1420/231 3063/699/231 3064/1418/231
f 3066/1416/231 3065/701/231 3067/703/231
f 3064/1418/231 3065/701/231 3066/1416/231
f 3068/724/231 3067/703/231 3069/706/231
f 3070/1414/231 3067/703/231 3068/724/231
f 3066/1416/231 3067/703/231 3070/1414/231
f 3071/720/231 3069/706/231 3072/709/231
f 3068/724/231 3069/706/231 3071/720/231
f 3073/718/231 3072/709/231 3074/711/231
f 3071/720/231 3072/709/231 3073/718/231
f 3075/715/231 3074/711/231 3076/713/231
f 3073/718/231 3074/711/231 3075/715/231
f 3059/690/231 3058/1428/231 3077/1430/231
f 3078/1065/231 3077/1430/231 3079/1433/231
f 3059/690/231 3077/1430/231 3078/1065/231
f 3080/1064/231 3079/1433/231 3081/1437/231
f 3078/1065/231 3079/1433/231 3080/1064/231
f 3082/1063/231 3081/1437/231 3083/1439/231
f 3080/1064/231 3081/1437/231 3082/1063/231
f 3084/1062/231 3083/1439/231 3085/1442/231
f 3086/1060/231 3083/1439/231 3084/1062/231
f 3082/1063/231 3083/1439/231 3086/1060/231
f 3087/1455/231 3085/1442/231 3088/1444/231
f 3084/1062/231 3085/1442/231 3087/1455/231
f 3089/1454/231 3088/1444/231 3090/1447/231
f 3087/1455/231 3088/1444/231 3089/1454/231
f 3091/1451/231 3090/1447/231 3092/1449/231
f 3089/1454/231 3090/1447/231 3091/1451/231
f 3093/1616/231 3094/1018/231 3095/1020/231
f 3096/1617/231 3094/1018/231 3093/1616/231
f 3097/1014/231 3094/1018/231 3096/1617/231
f 3098/1618/231 3095/1020/231 3099/1023/231
f 3093/1616/231 3095/1020/231 3098/1618/231
f 3100/1492/231 3099/1023/231 3101/1458/231
f 3098/1618/231 3099/1023/231 3100/1492/231
f 3102/1490/231 3101/1458/231 3103/1460/231
f 3100/1492/231 3101/1458/231 3102/1490/231
f 3104/1488/231 3103/1460/231 3105/1462/231
f 3102/1490/231 3103/1460/231 3104/1488/231
f 3106/1483/231 3105/1462/231 3107/1464/231
f 3108/1486/231 3105/1462/231 3106/1483/231
f 3104/1488/231 3105/1462/231 3108/1486/231
f 3109/1480/231 3107/1464/231 3110/1467/231
f 3106/1483/231 3107/1464/231 3109/1480/231
f 3111/1477/231 3110/1467/231 3112/1470/231
f 3109/1480/231 3110/1467/231 3111/1477/231
f 3113/1475/231 3112/1470/231 3114/1472/231
f 3111/1477/231 3112/1470/231 3113/1475/231
f 2841/1493/1698 3115/1618/843 2840/1492/1697
f 3116/1619/264 3117/1616/264 3115/1618/843
f 3118/1620/1870 3116/1619/264 3115/1618/843
f 2841/1493/1698 3118/1620/1870 3115/1618/843
f 3119/1621/1871 3120/1616/264 3121/1619/264
f 3122/1617/1872 3120/1616/264 3119/1621/1871
f 1677/980/1173 3123/1619/1873 3124/1620/1874
f 1677/980/1173 3125/1621/1875 3123/1619/1873
f 1677/980/1173 3124/1620/1874 2842/1493/1699
f 3122/1617/1872 3119/1621/1871 1681/982/1176
f 1677/980/1173 1682/982/1177 3125/1621/1875
f 1680/981/290 3122/1617/1872 1681/982/1176
f 3097/1014/231 3096/1617/231 3126/981/231
f 3127/1012/231 3126/981/231 3128/979/231
f 3097/1014/231 3126/981/231 3127/1012/231
f 3129/1010/231 3128/979/231 3130/984/231
f 3127/1012/231 3128/979/231 3129/1010/231
f 3131/1008/231 3130/984/231 3132/986/231
f 3129/1010/231 3130/984/231 3131/1008/231
f 3133/1004/231 3132/986/231 3134/989/231
f 3135/1006/231 3132/986/231 3133/1004/231
f 3131/1008/231 3132/986/231 3135/1006/231
f 3136/1001/231 3134/989/231 3137/991/231
f 3133/1004/231 3134/989/231 3136/1001/231
f 3138/999/231 3137/991/231 3139/993/231
f 3136/1001/231 3137/991/231 3138/999/231
f 3140/997/231 3139/993/231 3141/995/231
f 3138/999/231 3139/993/231 3140/997/231
f 3142/1622/588 3143/665/588 3144/668/1876
f 3145/1623/588 3146/660/588 3147/665/588
f 3145/1623/588 3147/665/588 3148/1622/588
f 3149/1624/1877 3144/668/1876 3150/667/1878
f 3149/1624/1877 3142/1622/588 3144/668/1876
f 3149/1624/1877 3150/667/1878 3151/670/1879
f 3152/1625/1880 3151/670/1879 3153/673/1881
f 3152/1625/1880 3149/1624/1877 3151/670/1879
f 3152/1625/1880 3153/673/1881 3154/1067/1882
f 3155/1626/1883 3154/1067/1882 3156/1066/1884
f 3155/1626/1883 3152/1625/1880 3154/1067/1882
f 3155/1626/1883 3156/1066/1884 3157/1069/1885
f 3158/1627/1886 3157/1069/1885 3159/1068/1887
f 3158/1627/1886 3155/1626/1883 3157/1069/1885
f 3160/1628/1888 3159/1068/1887 3161/1052/1889
f 3160/1628/1888 3158/1627/1886 3159/1068/1887
f 3162/1629/1890 3161/1052/1889 3163/1051/1891
f 3162/1629/1890 3160/1628/1888 3161/1052/1889
f 2846/1495/1702 3163/1051/1891 2847/980/1703
f 2846/1495/1702 3162/1629/1890 3163/1051/1891
f 3164/1630/588 3165/638/588 3166/641/588
f 3167/1631/1892 3168/635/1893 3169/638/588
f 3167/1631/1892 3169/638/588 3170/1630/588
f 3171/1632/588 3166/641/588 3172/644/588
f 3171/1632/588 3164/1630/588 3166/641/588
f 3173/1633/588 3172/644/588 3174/646/588
f 3173/1633/588 3175/1634/588 3172/644/588
f 3176/1635/588 3172/644/588 3175/1634/588
f 3176/1635/588 3171/1632/588 3172/644/588
f 3177/1636/588 3174/646/588 3178/649/588
f 3177/1636/588 3173/1633/588 3174/646/588
f 3179/1637/588 3178/649/588 3180/652/588
f 3179/1637/588 3177/1636/588 3178/649/588
f 3181/1638/588 3180/652/588 3182/654/588
f 3181/1638/588 3179/1637/588 3180/652/588
f 3183/1639/588 3182/654/588 3184/658/588
f 3183/1639/588 3181/1638/588 3182/654/588
f 3185/1640/588 3184/658/588 3186/657/588
f 3185/1640/588 3183/1639/588 3184/658/588
f 3145/1623/588 3186/657/588 3146/660/588
f 3145/1623/588 3185/1640/588 3186/657/588
f 3187/1641/1894 1642/964/1140 3188/1642/1895
f 3189/1643/1896 3190/1642/1897 3191/964/1898
f 3192/1644/398 3193/1641/1899 3194/1642/1900
f 3195/1645/1901 3190/1642/1897 3189/1643/1896
f 3192/1644/398 3194/1642/1900 3196/1645/1902
f 3197/1646/1903 3198/964/1903 3199/933/1904
f 3200/1647/1905 1643/965/1141 1642/964/1140
f 3201/1648/1906 3200/1647/1905 1642/964/1140
f 3202/1649/1907 3201/1648/1906 1642/964/1140
f 3187/1641/1894 3202/1649/1907 1642/964/1140
f 3203/1650/1908 3204/1643/1909 3205/964/1903
f 3203/1650/1908 3205/964/1903 3206/1646/1903
f 3207/1651/1910 3199/933/1904 3208/924/1911
f 3207/1651/1910 3197/1646/1903 3199/933/1904
f 3209/1652/1912 3208/924/1911 3210/934/1913
f 3209/1652/1912 3207/1651/1910 3208/924/1911
f 3211/1653/1914 3210/934/1913 3212/935/1915
f 3211/1653/1914 3209/1652/1912 3210/934/1913
f 3211/1653/1914 3212/935/1915 3213/937/1916
f 3214/1654/1917 3213/937/1916 3215/936/1918
f 3214/1654/1917 3211/1653/1914 3213/937/1916
f 3214/1654/1917 3215/936/1918 3216/938/1919
f 3217/1655/1920 3216/938/1919 3218/631/1921
f 3217/1655/1920 3214/1654/1917 3216/938/1919
f 3217/1655/1920 3218/631/1921 3219/630/1922
f 3220/1656/1923 3219/630/1922 3221/633/1924
f 3220/1656/1923 3217/1655/1920 3219/630/1922
f 3220/1656/1923 3221/633/1924 3222/636/1925
f 3167/1631/1892 3222/636/1925 3168/635/1893
f 3167/1631/1892 3220/1656/1923 3222/636/1925
f 3223/1657/73 1645/965/1142 3224/1647/1926
f 3223/1657/73 1644/966/393 1645/965/1142
f 3223/1657/73 3224/1647/1926 3225/1648/79
f 3226/1658/79 3227/1648/79 3228/1649/1927
f 3223/1657/73 3225/1648/79 3229/1658/79
f 3230/1659/396 3228/1649/1927 3193/1641/1899
f 3230/1659/396 3226/1658/79 3228/1649/1927
f 3192/1644/398 3230/1659/396 3193/1641/1899
f 132/91/124 3231/1660/1928 133/92/125
f 3232/1661/254 135/92/127 3233/1660/1929
f 3232/1661/254 134/93/126 135/92/127
f 132/91/124 3234/1662/1930 3231/1660/1928
f 3235/1663/256 3233/1660/1929 3236/1662/1931
f 3235/1663/256 3232/1661/254 3233/1660/1929
f 132/91/124 3237/1664/1932 3234/1662/1930
f 3238/1665/421 3236/1662/1931 3239/1664/1933
f 3238/1665/421 3235/1663/256 3236/1662/1931
f 132/91/124 3240/1666/1934 3237/1664/1932
f 3241/1667/1697 3239/1664/1933 3242/1666/1935
f 3241/1667/1697 3238/1665/421 3239/1664/1933
f 3243/1668/1936 3244/1669/1937 3240/1666/1934
f 3245/1670/843 3242/1666/1935 3246/1669/1938
f 132/91/124 3243/1668/1936 3240/1666/1934
f 3245/1670/843 3241/1667/1697 3242/1666/1935
f 3243/1668/1936 3247/1671/1939 3244/1669/1937
f 3245/1670/843 3246/1669/1938 3248/1671/264
f 3243/1668/1936 3249/1672/1940 3247/1671/1939
f 3250/1673/264 3251/1671/264 3252/1672/1941
f 3253/1673/264 3245/1670/843 3248/1671/264
f 3243/1668/1936 3254/1674/1942 3249/1672/1940
f 3255/1675/1872 3252/1672/1941 3256/1674/1943
f 3255/1675/1872 3250/1673/264 3252/1672/1941
f 3243/1668/1936 3257/1676/1944 3254/1674/1942
f 3258/1677/290 3256/1674/1943 3259/1676/1945
f 3258/1677/290 3255/1675/1872 3256/1674/1943
f 3243/1668/1936 3260/1678/1946 3257/1676/1944
f 3258/1677/290 3259/1676/1945 3261/1678/1947
f 3243/1668/1936 3262/1679/1948 3260/1678/1946
f 3263/1680/293 3261/1678/1947 3264/1679/1949
f 3263/1680/293 3258/1677/290 3261/1678/1947
f 3265/1681/1950 3266/1682/1951 3262/1679/1948
f 3263/1680/293 3264/1679/1949 3267/1682/1952
f 3243/1668/1936 3265/1681/1950 3262/1679/1948
f 3265/1681/1950 3268/1683/1953 3266/1682/1951
f 3269/1684/296 3267/1682/1952 3270/1683/1954
f 3269/1684/296 3263/1680/293 3267/1682/1952
f 3265/1681/1950 3271/1685/1955 3268/1683/1953
f 3272/1686/1956 3270/1683/1954 3273/1685/1957
f 3272/1686/1956 3269/1684/296 3270/1683/1954
f 3265/1681/1950 3274/1687/1958 3271/1685/1955
f 3272/1686/1956 3273/1685/1957 3275/1687/1959
f 3265/1681/1950 3276/1688/1960 3274/1687/1958
f 3277/1689/305 3275/1687/1959 3278/1688/1961
f 3277/1689/305 3272/1686/1956 3275/1687/1959
f 3265/1681/1950 3279/1690/1962 3276/1688/1960
f 3280/1691/709 3278/1688/1961 3281/1690/1963
f 3280/1691/709 3277/1689/305 3278/1688/1961
f 3265/1681/1950 3282/1692/1964 3279/1690/1962
f 3280/1691/709 3281/1690/1963 3283/1692/1965
f 3265/1681/1950 3284/1693/1966 3282/1692/1964
f 3285/1694/718 3283/1692/1965 3286/1693/1967
f 3285/1694/718 3280/1691/709 3283/1692/1965
f 592/411/544 3287/1695/1968 3284/1693/1966
f 3288/1696/721 3286/1693/1967 3289/1695/1969
f 3265/1681/1950 592/411/544 3284/1693/1966
f 3288/1696/721 3285/1694/718 3286/1693/1967
f 592/411/544 3290/1697/1970 3287/1695/1968
f 3291/1698/724 3289/1695/1969 3292/1697/1971
f 3291/1698/724 3288/1696/721 3289/1695/1969
f 592/411/544 3293/1699/1972 3290/1697/1970
f 3291/1698/724 3292/1697/1971 3294/1699/1973
f 592/411/544 3295/1700/1974 3293/1699/1972
f 3296/1701/727 3294/1699/1973 3297/1700/1975
f 3296/1701/727 3291/1698/724 3294/1699/1973
f 592/411/544 599/415/551 3295/1700/1974
f 3298/1702/730 3297/1700/1975 601/415/553
f 3298/1702/730 3296/1701/727 3297/1700/1975
f 600/416/552 3298/1702/730 601/415/553
f 3299/1703/1976 3300/1704/1977 533/376/486
f 3301/1705/293 535/376/487 3302/1704/1978
f 530/375/483 3299/1703/1976 533/376/486
f 3301/1705/293 534/377/290 535/376/487
f 3299/1703/1976 3303/1706/1979 3300/1704/1977
f 3304/1707/296 3302/1704/1978 3305/1706/1980
f 3304/1707/296 3301/1705/293 3302/1704/1978
f 3299/1703/1976 3306/1708/1981 3303/1706/1979
f 3307/1709/299 3305/1706/1980 3308/1708/1982
f 3307/1709/299 3304/1707/296 3305/1706/1980
f 3299/1703/1976 3309/1710/1983 3306/1708/1981
f 3310/1711/305 3308/1708/1982 3311/1710/1984
f 3310/1711/305 3307/1709/299 3308/1708/1982
f 3299/1703/1976 3312/1712/1985 3309/1710/1983
f 3310/1711/305 3311/1710/1984 3313/1712/1986
f 3299/1703/1976 3314/1713/1987 3312/1712/1985
f 3315/1714/709 3313/1712/1986 3316/1713/1988
f 3315/1714/709 3310/1711/305 3313/1712/1986
f 3317/1715/1989 3318/1716/1990 3314/1713/1987
f 3319/1717/718 3316/1713/1988 3320/1716/1991
f 3299/1703/1976 3317/1715/1989 3314/1713/1987
f 3319/1717/718 3315/1714/709 3316/1713/1988
f 3317/1715/1989 3321/1718/1992 3318/1716/1990
f 3322/1719/721 3320/1716/1991 3323/1718/1993
f 3322/1719/721 3319/1717/718 3320/1716/1991
f 3317/1715/1989 3324/1720/1994 3321/1718/1992
f 3322/1719/721 3323/1718/1993 3325/1720/1995
f 3317/1715/1989 3326/1721/1996 3324/1720/1994
f 3327/1722/724 3325/1720/1995 3328/1721/1997
f 3327/1722/724 3322/1719/721 3325/1720/1995
f 3317/1715/1989 3329/1723/1998 3326/1721/1996
f 3330/1724/727 3328/1721/1997 3331/1723/1999
f 3330/1724/727 3327/1722/724 3328/1721/1997
f 3317/1715/1989 3332/1725/2000 3329/1723/1998
f 3330/1724/727 3331/1723/1999 3333/1725/2001
f 3317/1715/1989 3334/1726/2002 3332/1725/2000
f 3335/1727/730 3333/1725/2001 3336/1726/2003
f 3335/1727/730 3330/1724/727 3333/1725/2001
f 3337/1728/2004 3338/1729/2005 3334/1726/2002
f 3339/1730/552 3336/1726/2003 3340/1729/2006
f 3317/1715/1989 3337/1728/2004 3334/1726/2002
f 3339/1730/552 3335/1727/730 3336/1726/2003
f 3337/1728/2004 3341/1731/2007 3338/1729/2005
f 3339/1730/552 3340/1729/2006 3342/1731/2008
f 3337/1728/2004 3343/1732/2009 3341/1731/2007
f 3344/1733/736 3342/1731/2008 3345/1732/2010
f 3344/1733/736 3339/1730/552 3342/1731/2008
f 3337/1728/2004 3346/1734/2011 3343/1732/2009
f 3347/1735/554 3345/1732/2010 3348/1734/2012
f 3347/1735/554 3344/1733/736 3345/1732/2010
f 3337/1728/2004 3349/1736/2013 3346/1734/2011
f 3350/1737/557 3348/1734/2012 3351/1736/2014
f 3350/1737/557 3347/1735/554 3348/1734/2012
f 3337/1728/2004 3352/1738/2015 3349/1736/2013
f 3350/1737/557 3351/1736/2014 3353/1738/2016
f 464/334/432 3354/1738/2017 3355/1728/2018
f 3356/1739/1613 3350/1737/557 3353/1738/2016
f 3357/1740/2019 3356/1739/1613 3353/1738/2016
f 464/334/432 3358/1740/2020 3354/1738/2017
f 3359/1741/2021 3360/1728/2021 3361/1715/2022
f 3362/1742/2023 3363/334/2024 3364/1728/2021
f 3362/1742/2023 3364/1728/2021 3365/1741/2021
f 3366/1743/2025 3361/1715/2022 3367/1703/2026
f 3368/1744/2027 3359/1741/2021 3361/1715/2022
f 3366/1743/2025 3368/1744/2027 3361/1715/2022
f 3369/1745/2028 3367/1703/2026 3370/375/2029
f 3369/1745/2028 3366/1743/2025 3367/1703/2026
f 3371/1746/2030 3370/375/2029 3372/380/2031
f 3371/1746/2030 3369/1745/2028 3370/375/2029
f 3371/1746/2030 3372/380/2031 3373/383/2032
f 3374/1747/2033 3373/383/2032 3375/386/2034
f 3374/1747/2033 3371/1746/2030 3373/383/2032
f 3376/1748/2035 3375/386/2034 3377/389/2036
f 3376/1748/2035 3374/1747/2033 3375/386/2034
f 3378/1749/2037 3377/389/2036 3379/392/2038
f 3378/1749/2037 3376/1748/2035 3377/389/2036
f 3380/1750/2039 3379/392/2038 3381/395/2040
f 3380/1750/2039 3378/1749/2037 3379/392/2038
f 3382/1751/2041 3381/395/2040 3383/397/2042
f 3382/1751/2041 3380/1750/2039 3381/395/2040
f 3384/1752/2043 3383/397/2042 3385/400/2044
f 3384/1752/2043 3382/1751/2041 3383/397/2042
f 3386/1753/2045 3385/400/2044 3387/403/2046
f 3386/1753/2045 3384/1752/2043 3385/400/2044
f 3388/1754/2047 3387/403/2046 3389/404/2048
f 3388/1754/2047 3386/1753/2045 3387/403/2046
f 3390/1755/2049 3389/404/2048 3391/411/2050
f 3390/1755/2049 3388/1754/2047 3389/404/2048
f 3392/1756/2051 3391/411/2050 3393/1681/2052
f 3392/1756/2051 3390/1755/2049 3391/411/2050
f 3394/1757/2053 3393/1681/2052 3395/1668/2054
f 3394/1757/2053 3392/1756/2051 3393/1681/2052
f 3396/1758/2055 3395/1668/2054 3397/91/2056
f 3396/1758/2055 3394/1757/2053 3395/1668/2054
f 3398/1759/2057 3397/91/2056 3399/90/2058
f 3398/1759/2057 3396/1758/2055 3397/91/2056
f 3400/1760/2058 3399/90/2058 3401/424/2059
f 3400/1760/2058 3398/1759/2057 3399/90/2058
f 3402/1761/2060 3401/424/2059 3403/426/2061
f 3404/1762/2062 3400/1760/2058 3401/424/2059
f 3402/1761/2060 3404/1762/2062 3401/424/2059
f 3405/1763/2063 3403/426/2061 3406/538/2064
f 3405/1763/2063 3402/1761/2060 3403/426/2061
f 3407/1764/2065 3406/538/2064 3408/541/2066
f 3407/1764/2065 3405/1763/2063 3406/538/2064
f 3407/1764/2065 3408/541/2066 3409/558/79
f 3410/1765/79 3409/558/79 3411/559/2067
f 3410/1765/79 3407/1764/2065 3409/558/79
f 3412/1766/2068 3411/559/2067 3413/560/2069
f 3412/1766/2068 3410/1765/79 3411/559/2067
f 3414/1767/2070 3413/560/2069 3415/879/2071
f 3414/1767/2070 3412/1766/2068 3413/560/2069
f 3416/1768/2072 3415/879/2071 3417/798/2072
f 3418/1769/2073 3414/1767/2070 3415/879/2071
f 3416/1768/2072 3418/1769/2073 3415/879/2071
f 3419/1770/2074 3417/798/2072 3420/584/2075
f 3419/1770/2074 3416/1768/2072 3417/798/2072
f 3421/1771/2076 3422/1772/2077 982/584/712
f 3423/1773/2078 3420/584/2075 3424/1772/2079
f 3425/1774/2080 3421/1771/2076 982/584/712
f 3426/1775/2081 3425/1774/2080 982/584/712
f 985/585/715 3426/1775/2081 982/584/712
f 3423/1773/2078 3419/1770/2074 3420/584/2075
f 3427/1776/2082 3428/1777/2083 3422/1772/2077
f 3429/1778/2084 3424/1772/2079 3430/1777/2085
f 3431/1779/2086 3427/1776/2082 3422/1772/2077
f 3432/1780/2087 3431/1779/2086 3422/1772/2077
f 3433/1781/2088 3432/1780/2087 3422/1772/2077
f 3434/1782/2089 3433/1781/2088 3422/1772/2077
f 3435/1783/2090 3434/1782/2089 3422/1772/2077
f 3436/1784/2091 3435/1783/2090 3422/1772/2077
f 3421/1771/2076 3436/1784/2091 3422/1772/2077
f 3429/1778/2084 3423/1773/2078 3424/1772/2079
f 3437/1785/2092 3438/1786/2093 3428/1777/2083
f 3439/1787/2094 3430/1777/2085 3440/1786/2095
f 3441/1788/2096 3437/1785/2092 3428/1777/2083
f 3442/1789/2097 3441/1788/2096 3428/1777/2083
f 3443/1790/2098 3442/1789/2097 3428/1777/2083
f 3444/1791/2099 3443/1790/2098 3428/1777/2083
f 3445/1792/2100 3444/1791/2099 3428/1777/2083
f 3446/1793/2101 3445/1792/2100 3428/1777/2083
f 3447/1794/2102 3446/1793/2101 3428/1777/2083
f 3427/1776/2082 3447/1794/2102 3428/1777/2083
f 3439/1787/2094 3429/1778/2084 3430/1777/2085
f 1533/892/1048 1530/891/1045 3438/1786/2093
f 3448/1795/2103 3440/1786/2095 3449/891/2104
f 3450/1796/2105 1533/892/1048 3438/1786/2093
f 3451/1797/2106 3450/1796/2105 3438/1786/2093
f 3452/1798/2107 3451/1797/2106 3438/1786/2093
f 3453/1799/2108 3452/1798/2107 3438/1786/2093
f 3454/1800/2109 3453/1799/2108 3438/1786/2093
f 3437/1785/2092 3454/1800/2109 3438/1786/2093
f 3448/1795/2103 3439/1787/2094 3440/1786/2095
f 3455/1801/2110 3449/891/2104 3456/894/2111
f 3455/1801/2110 3448/1795/2103 3449/891/2104
f 3457/1802/2112 3456/894/2111 3458/967/2113
f 3457/1802/2112 3455/1801/2110 3456/894/2111
f 3459/1803/2114 3458/967/2113 3460/968/2115
f 3459/1803/2114 3457/1802/2112 3458/967/2113
f 3461/1804/2116 3460/968/2115 3462/969/2117
f 3461/1804/2116 3459/1803/2114 3460/968/2115
f 3463/1805/2118 3462/969/2117 3464/970/2119
f 3463/1805/2118 3461/1804/2116 3462/969/2117
f 3465/1806/2120 3464/970/2119 3466/971/2121
f 3465/1806/2120 3463/1805/2118 3464/970/2119
f 3467/1807/2122 3466/971/2121 3468/972/2123
f 3467/1807/2122 3465/1806/2120 3466/971/2121
f 3469/1808/2124 3468/972/2123 3470/973/2125
f 3469/1808/2124 3467/1807/2122 3468/972/2123
f 3471/1809/2126 3470/973/2125 3472/974/2127
f 3471/1809/2126 3469/1808/2124 3470/973/2125
f 3473/1810/2128 3472/974/2127 3474/975/2129
f 3473/1810/2128 3471/1809/2126 3472/974/2127
f 3473/1810/2128 3474/975/2129 3475/942/2130
f 3476/1811/2131 3477/1812/2132 1594/942/1107
f 3478/1813/2130 3475/942/2130 3479/1812/2133
f 3480/1814/2134 3476/1811/2131 1594/942/1107
f 3481/1815/2135 3480/1814/2134 1594/942/1107
f 3482/1816/2136 3481/1815/2135 1594/942/1107
f 3483/1817/2137 3482/1816/2136 1594/942/1107
f 1597/943/1110 3483/1817/2137 1594/942/1107
f 3478/1813/2130 3473/1810/2128 3475/942/2130
f 3484/1818/2138 3189/1643/1896 3477/1812/2132
f 3485/1819/2139 3479/1812/2133 3204/1643/1909
f 3486/1820/2140 3484/1818/2138 3477/1812/2132
f 3487/1821/2141 3486/1820/2140 3477/1812/2132
f 3488/1822/2142 3487/1821/2141 3477/1812/2132
f 3489/1823/2143 3488/1822/2142 3477/1812/2132
f 3490/1824/2144 3489/1823/2143 3477/1812/2132
f 3491/1825/2145 3490/1824/2144 3477/1812/2132
f 3476/1811/2131 3491/1825/2145 3477/1812/2132
f 3485/1819/2139 3478/1813/2130 3479/1812/2133
f 3492/1826/2146 3195/1645/1901 3189/1643/1896
f 3493/1827/2147 3492/1826/2146 3189/1643/1896
f 3494/1828/2148 3493/1827/2147 3189/1643/1896
f 3495/1829/2149 3494/1828/2148 3189/1643/1896
f 3496/1830/2150 3495/1829/2149 3189/1643/1896
f 3484/1818/2138 3496/1830/2150 3189/1643/1896
f 3203/1650/1908 3485/1819/2139 3204/1643/1909
f 3497/1831/400 3196/1645/1902 3498/1826/2151
f 3497/1831/400 3192/1644/398 3196/1645/1902
f 3499/1832/402 3498/1826/2151 3500/1827/2152
f 3499/1832/402 3497/1831/400 3498/1826/2151
f 3501/1833/440 3500/1827/2152 3502/1828/2153
f 3501/1833/440 3499/1832/402 3500/1827/2152
f 3501/1833/440 3502/1828/2153 3503/1829/2154
f 3504/1834/244 3503/1829/2154 3505/1830/2155
f 3504/1834/244 3501/1833/440 3503/1829/2154
f 3506/1835/104 3505/1830/2155 3507/1818/2156
f 3506/1835/104 3504/1834/244 3505/1830/2155
f 3506/1835/104 3507/1818/2156 3508/1820/2157
f 3509/1836/107 3508/1820/2157 3510/1821/2158
f 3509/1836/107 3506/1835/104 3508/1820/2157
f 3511/1837/110 3510/1821/2158 3512/1822/2159
f 3511/1837/110 3509/1836/107 3510/1821/2158
f 3511/1837/110 3512/1822/2159 3513/1823/2160
f 3514/1838/113 3513/1823/2160 3515/1824/2161
f 3514/1838/113 3511/1837/110 3513/1823/2160
f 3516/1839/116 3515/1824/2161 3517/1825/2162
f 3516/1839/116 3514/1838/113 3515/1824/2161
f 3516/1839/116 3517/1825/2162 3518/1811/2163
f 3519/1840/251 3518/1811/2163 3520/1814/2164
f 3519/1840/251 3516/1839/116 3518/1811/2163
f 3521/1841/2165 3520/1814/2164 3522/1815/2166
f 3521/1841/2165 3519/1840/251 3520/1814/2164
f 3523/1842/254 3522/1815/2166 3524/1816/2167
f 3523/1842/254 3521/1841/2165 3522/1815/2166
f 3525/1843/256 3524/1816/2167 3526/1817/2168
f 3525/1843/256 3523/1842/254 3524/1816/2167
f 3527/1844/421 3526/1817/2168 1599/943/1111
f 3527/1844/421 3525/1843/256 3526/1817/2168
f 1598/944/425 3527/1844/421 1599/943/1111
f 3528/1845/104 1535/892/1049 3529/1796/2169
f 3528/1845/104 1534/893/244 1535/892/1049
f 3530/1846/2170 3529/1796/2169 3531/1797/2171
f 3530/1846/2170 3528/1845/104 3529/1796/2169
f 3530/1846/2170 3531/1797/2171 3532/1798/2172
f 3533/1847/110 3532/1798/2172 3534/1799/2173
f 3533/1847/110 3530/1846/2170 3532/1798/2172
f 3535/1848/113 3534/1799/2173 3536/1800/2174
f 3535/1848/113 3533/1847/110 3534/1799/2173
f 3537/1849/116 3536/1800/2174 3538/1785/2175
f 3537/1849/116 3535/1848/113 3536/1800/2174
f 3537/1849/116 3538/1785/2175 3539/1788/2176
f 3540/1850/251 3539/1788/2176 3541/1789/2177
f 3540/1850/251 3537/1849/116 3539/1788/2176
f 3542/1851/126 3541/1789/2177 3543/1790/2178
f 3542/1851/126 3540/1850/251 3541/1789/2177
f 3542/1851/126 3543/1790/2178 3544/1791/2179
f 3545/1852/254 3544/1791/2179 3546/1792/2180
f 3545/1852/254 3542/1851/126 3544/1791/2179
f 3547/1853/256 3546/1792/2180 3548/1793/2181
f 3547/1853/256 3545/1852/254 3546/1792/2180
f 3547/1853/256 3548/1793/2181 3549/1794/2182
f 3550/1854/421 3549/1794/2182 3551/1776/2183
f 3550/1854/421 3547/1853/256 3549/1794/2182
f 3550/1854/421 3551/1776/2183 3552/1779/2184
f 3553/1855/425 3552/1779/2184 3554/1780/2185
f 3553/1855/425 3550/1854/421 3552/1779/2184
f 3555/1856/843 3554/1780/2185 3556/1781/2186
f 3555/1856/843 3553/1855/425 3554/1780/2185
f 3555/1856/843 3556/1781/2186 3557/1782/264
f 3558/1857/264 3559/1782/1011 3560/1783/2187
f 3561/1857/264 3555/1856/843 3557/1782/264
f 3562/1858/1872 3560/1783/2187 3563/1784/2188
f 3562/1858/1872 3558/1857/264 3560/1783/2187
f 3564/1859/290 3563/1784/2188 3565/1771/2189
f 3564/1859/290 3562/1858/1872 3563/1784/2188
f 3566/1860/293 3565/1771/2189 3567/1774/2190
f 3566/1860/293 3564/1859/290 3565/1771/2189
f 3568/1861/296 3567/1774/2190 3569/1775/2191
f 3568/1861/296 3566/1860/293 3567/1774/2190
f 3570/1862/1956 3569/1775/2191 987/585/716
f 3570/1862/1956 3568/1861/296 3569/1775/2191
f 986/586/305 3570/1862/1956 987/585/716
f 3571/1673/231 3572/64/231 3573/66/231
f 3574/1675/231 3572/64/231 3571/1673/231
f 3575/60/231 3572/64/231 3574/1675/231
f 3576/1670/231 3573/66/231 3577/68/231
f 3571/1673/231 3573/66/231 3576/1670/231
f 3578/1667/231 3577/68/231 3579/70/231
f 3576/1670/231 3577/68/231 3578/1667/231
f 3580/1665/231 3579/70/231 3581/72/231
f 3578/1667/231 3579/70/231 3580/1665/231
f 3582/1663/231 3581/72/231 3583/74/231
f 3580/1665/231 3581/72/231 3582/1663/231
f 3584/93/231 3583/74/231 3585/76/231
f 3586/1661/231 3583/74/231 3584/93/231
f 3582/1663/231 3583/74/231 3586/1661/231
f 3587/89/231 3585/76/231 3588/79/231
f 3584/93/231 3585/76/231 3587/89/231
f 3589/87/231 3588/79/231 3590/81/231
f 3587/89/231 3588/79/231 3589/87/231
f 3591/85/231 3590/81/231 3592/83/231
f 3589/87/231 3590/81/231 3591/85/231
f 3575/60/231 3574/1675/231 3593/1677/231
f 3594/419/231 3593/1677/231 3595/1680/231
f 3575/60/231 3593/1677/231 3594/419/231
f 3596/418/231 3595/1680/231 3597/1684/231
f 3594/419/231 3595/1680/231 3596/418/231
f 3598/417/231 3597/1684/231 3599/1686/231
f 3596/418/231 3597/1684/231 3598/417/231
f 3600/416/231 3599/1686/231 3601/1689/231
f 3602/414/231 3599/1686/231 3600/416/231
f 3598/417/231 3599/1686/231 3602/414/231
f 3603/1702/231 3601/1689/231 3604/1691/231
f 3600/416/231 3601/1689/231 3603/1702/231
f 3605/1701/231 3604/1691/231 3606/1694/231
f 3603/1702/231 3604/1691/231 3605/1701/231
f 3607/1698/231 3606/1694/231 3608/1696/231
f 3605/1701/231 3606/1694/231 3607/1698/231
f 3609/1863/231 3610/372/231 3611/374/231
f 3612/1864/231 3610/372/231 3609/1863/231
f 3613/368/231 3610/372/231 3612/1864/231
f 3614/1865/231 3611/374/231 3615/377/231
f 3609/1863/231 3611/374/231 3614/1865/231
f 3616/1739/231 3615/377/231 3617/1705/231
f 3614/1865/231 3615/377/231 3616/1739/231
f 3618/1737/231 3617/1705/231 3619/1707/231
f 3616/1739/231 3617/1705/231 3618/1737/231
f 3620/1735/231 3619/1707/231 3621/1709/231
f 3618/1737/231 3619/1707/231 3620/1735/231
f 3622/1730/231 3621/1709/231 3623/1711/231
f 3624/1733/231 3621/1709/231 3622/1730/231
f 3620/1735/231 3621/1709/231 3624/1733/231
f 3625/1727/231 3623/1711/231 3626/1714/231
f 3622/1730/231 3623/1711/231 3625/1727/231
f 3627/1724/231 3626/1714/231 3628/1717/231
f 3625/1727/231 3626/1714/231 3627/1724/231
f 3629/1722/231 3628/1717/231 3630/1719/231
f 3627/1724/231 3628/1717/231 3629/1722/231
f 3357/1740/2019 3631/1865/73 3356/1739/1613
f 3632/1866/79 3633/1863/79 3631/1865/73
f 3634/1867/2192 3632/1866/79 3631/1865/73
f 3357/1740/2019 3634/1867/2192 3631/1865/73
f 3635/1868/2193 3636/1863/79 3637/1866/79
f 3638/1864/1035 3636/1863/79 3635/1868/2193
f 464/334/432 3639/1866/2194 3640/1867/2195
f 464/334/432 3641/1868/2196 3639/1866/2194
f 464/334/432 3640/1867/2195 3358/1740/2020
f 3638/1864/1035 3635/1868/2193 468/336/435
f 464/334/432 469/336/436 3641/1868/2196
f 467/335/398 3638/1864/1035 468/336/435
f 3613/368/231 3612/1864/231 3642/335/231
f 3643/366/231 3642/335/231 3644/333/231
f 3613/368/231 3642/335/231 3643/366/231
f 3645/364/231 3644/333/231 3646/338/231
f 3643/366/231 3644/333/231 3645/364/231
f 3647/362/231 3646/338/231 3648/340/231
f 3645/364/231 3646/338/231 3647/362/231
f 3649/358/231 3648/340/231 3650/343/231
f 3651/360/231 3648/340/231 3649/358/231
f 3647/362/231 3648/340/231 3651/360/231
f 3652/355/231 3650/343/231 3653/345/231
f 3649/358/231 3650/343/231 3652/355/231
f 3654/353/231 3653/345/231 3655/347/231
f 3652/355/231 3653/345/231 3654/353/231
f 3656/351/231 3655/347/231 3657/349/231
f 3654/353/231 3655/347/231 3656/351/231
f 3658/1869/978 3659/33/978 3660/36/2197
f 3661/1870/978 3662/28/978 3663/33/978
f 3664/1869/978 3661/1870/978 3663/33/978
f 3665/1871/2198 3660/36/2197 3666/35/2199
f 3665/1871/2198 3658/1869/978 3660/36/2197
f 3665/1871/2198 3666/35/2199 3667/39/2200
f 3668/1872/2201 3667/39/2200 3669/38/2202
f 3668/1872/2201 3665/1871/2198 3667/39/2200
f 3668/1872/2201 3669/38/2202 3670/43/2203
f 3671/1873/2204 3670/43/2203 3672/420/2205
f 3671/1873/2204 3668/1872/2201 3670/43/2203
f 3671/1873/2204 3672/420/2205 3673/422/2206
f 3674/1874/2207 3673/422/2206 3675/421/2208
f 3674/1874/2207 3671/1873/2204 3673/422/2206
f 3676/1875/2209 3675/421/2208 3677/406/2210
f 3676/1875/2209 3674/1874/2207 3675/421/2208
f 3678/1876/2211 3677/406/2210 3679/405/2212
f 3678/1876/2211 3676/1875/2209 3677/406/2210
f 3362/1742/2023 3679/405/2212 3363/334/2024
f 3362/1742/2023 3678/1876/2211 3679/405/2212
f 3680/1877/978 2705/9/978 3681/12/978
f 2703/1409/978 2705/9/978 3680/1877/978
f 3682/1878/978 3681/12/978 3683/14/978
f 3684/1879/978 3680/1877/978 3681/12/978
f 3685/1880/978 3684/1879/978 3681/12/978
f 3682/1878/978 3685/1880/978 3681/12/978
f 3686/1881/978 3683/14/978 3687/17/978
f 3686/1881/978 3682/1878/978 3683/14/978
f 3688/1882/978 3687/17/978 3689/20/978
f 3688/1882/978 3686/1881/978 3687/17/978
f 3690/1883/978 3689/20/978 3691/22/978
f 3690/1883/978 3688/1882/978 3689/20/978
f 3690/1883/978 3691/22/978 3692/26/978
f 3693/1884/978 3692/26/978 3694/25/978
f 3693/1884/978 3690/1883/978 3692/26/978
f 3661/1870/978 3694/25/978 3662/28/978
f 3695/1885/978 3693/1884/978 3694/25/978
f 3661/1870/978 3695/1885/978 3694/25/978
f 3696/1886/2213 3697/1877/978 3698/1879/978
f 3699/1887/2214 3700/1409/2214 3701/1877/2214
f 3702/1887/2213 3697/1877/978 3696/1886/2213
f 3703/1888/978 3704/1889/978 3684/1879/978
f 3705/1886/231 3706/1879/231 3707/1889/231
f 3708/1890/978 3703/1888/978 3684/1879/978
f 3685/1880/978 3708/1890/978 3684/1879/978
f 3709/1891/2215 3710/1889/978 3711/1888/978
f 3712/1892/231 3707/1889/231 3713/1893/231
f 3714/1894/231 3713/1893/231 3707/1889/231
f 3715/1895/231 3707/1889/231 3712/1892/231
f 3716/1896/231 3707/1889/231 3715/1895/231
f 3717/1897/231 3707/1889/231 3716/1896/231
f 3718/1898/231 3707/1889/231 3717/1897/231
f 3719/1899/231 3707/1889/231 3718/1898/231
f 3720/1900/231 3707/1889/231 3719/1899/231
f 3721/1901/231 3707/1889/231 3720/1900/231
f 3722/1902/231 3707/1889/231 3721/1901/231
f 3723/1903/231 3707/1889/231 3722/1902/231
f 3724/1904/231 3707/1889/231 3723/1903/231
f 3705/1886/231 3707/1889/231 3724/1904/231
f 3709/1891/2215 3725/1894/2216 3710/1889/978
f 3726/1905/2217 3727/1888/2218 3728/1890/2219
f 3729/1906/2220 3730/1891/2221 3731/1888/2222
f 3732/1905/2223 3729/1906/2220 3731/1888/2222
f 3733/1907/2224 3728/1890/2219 3734/1880/2225
f 3733/1907/2224 3726/1905/2217 3728/1890/2219
f 3735/1908/2225 3734/1880/2225 3736/1878/2226
f 3733/1907/2224 3734/1880/2225 3735/1908/2225
f 3737/1909/2227 3736/1878/2226 3738/1881/2228
f 3735/1908/2225 3736/1878/2226 3737/1909/2227
f 3739/1910/2228 3738/1881/2228 3740/1882/2229
f 3737/1909/2227 3738/1881/2228 3739/1910/2228
f 3741/1911/2229 3740/1882/2229 3742/1883/2230
f 3739/1910/2228 3740/1882/2229 3741/1911/2229
f 3743/1912/2230 3742/1883/2230 3744/1884/2231
f 3741/1911/2229 3742/1883/2230 3743/1912/2230
f 3745/1913/2231 3744/1884/2231 3746/1885/2232
f 3743/1912/2230 3744/1884/2231 3745/1913/2231
f 3747/1914/978 3748/1915/978 3695/1885/978
f 3749/1916/2232 3746/1885/2232 3750/1915/2233
f 3661/1870/978 3747/1914/978 3695/1885/978
f 3745/1913/2231 3746/1885/2232 3749/1916/2232
f 3751/1917/978 3752/1918/978 3748/1915/978
f 3753/1919/2234 3750/1915/2233 3754/1918/2235
f 3747/1914/978 3751/1917/978 3748/1915/978
f 3749/1916/2232 3750/1915/2233 3753/1919/2234
f 3755/1920/2236 3756/1918/978 3757/1917/978
f 3753/1919/2234 3754/1918/2235 3758/1921/2237
f 3759/1922/2238 3760/1921/2237 3761/1918/2239
f 3762/1922/2240 3756/1918/978 3755/1920/2236
f 3763/1923/231 3764/1917/231 3765/1914/231
f 3766/1924/231 3767/1925/231 3764/1917/231
f 3768/1920/231 3764/1917/231 3767/1925/231
f 3769/1926/231 3766/1924/231 3764/1917/231
f 3770/1927/231 3769/1926/231 3764/1917/231
f 3771/1928/231 3770/1927/231 3764/1917/231
f 3772/1929/231 3771/1928/231 3764/1917/231
f 3773/1930/231 3772/1929/231 3764/1917/231
f 3774/1931/231 3773/1930/231 3764/1917/231
f 3775/1932/231 3774/1931/231 3764/1917/231
f 3776/1933/231 3775/1932/231 3764/1917/231
f 3777/1934/231 3776/1933/231 3764/1917/231
f 3778/1935/231 3777/1934/231 3764/1917/231
f 3779/1936/231 3778/1935/231 3764/1917/231
f 3763/1923/231 3779/1936/231 3764/1917/231
f 3780/1937/2241 3781/1914/978 3782/1870/978
f 3780/1937/2241 3783/1923/2241 3781/1914/978
f 3784/1937/2214 3785/1870/2214 3786/1869/2214
f 3787/1938/2214 3786/1869/2214 3788/1871/2214
f 3789/1939/2214 3784/1937/2214 3786/1869/2214
f 3790/1940/2214 3789/1939/2214 3786/1869/2214
f 3791/1941/2214 3790/1940/2214 3786/1869/2214
f 3792/1942/2214 3791/1941/2214 3786/1869/2214
f 3793/1943/2214 3792/1942/2214 3786/1869/2214
f 3794/1944/2214 3793/1943/2214 3786/1869/2214
f 3795/1945/2214 3794/1944/2214 3786/1869/2214
f 3796/1946/2214 3795/1945/2214 3786/1869/2214
f 3797/1947/2214 3796/1946/2214 3786/1869/2214
f 3798/1948/2214 3797/1947/2214 3786/1869/2214
f 3799/1949/2214 3798/1948/2214 3786/1869/2214
f 3787/1938/2214 3799/1949/2214 3786/1869/2214
f 3800/1950/2214 3700/1409/2214 3699/1887/2214
f 3801/1951/2214 3700/1409/2214 3800/1950/2214
f 3802/1952/2214 3700/1409/2214 3801/1951/2214
f 3803/1953/2214 3700/1409/2214 3802/1952/2214
f 3804/1954/2214 3700/1409/2214 3803/1953/2214
f 3805/1955/2214 3700/1409/2214 3804/1954/2214
f 3806/1956/2214 3700/1409/2214 3805/1955/2214
f 3807/1957/2214 3700/1409/2214 3806/1956/2214
f 3808/1958/2214 3700/1409/2214 3807/1957/2214
f 3809/1959/2214 3700/1409/2214 3808/1958/2214
f 3810/1960/2214 3700/1409/2214 3809/1959/2214
f 3811/1961/2214 3700/1409/2214 3810/1960/2214
f 3812/1624/2214 3700/1409/2214 3811/1961/2214
f 3812/1624/2214 3813/1408/2214 3700/1409/2214
f 3814/1960/2242 3815/1892/2242 3816/1893/264
f 3817/1961/264 3814/1960/2242 3816/1893/264
f 3818/1962/264 3819/1961/264 3820/1893/264
f 3821/1963/231 3713/1893/231 3714/1894/231
f 3818/1962/264 3820/1893/264 3822/1963/264
f 3814/1960/2242 3823/1895/2243 3815/1892/2242
f 3824/1958/2244 3825/1896/2244 3823/1895/2243
f 3826/1959/2243 3824/1958/2244 3823/1895/2243
f 3814/1960/2242 3826/1959/2243 3823/1895/2243
f 3827/1957/2245 3828/1897/2246 3825/1896/2244
f 3824/1958/2244 3827/1957/2245 3825/1896/2244
f 3829/1956/2247 3830/1898/2248 3828/1897/2246
f 3827/1957/2245 3829/1956/2247 3828/1897/2246
f 3831/1955/2249 3832/1899/2250 3830/1898/2248
f 3829/1956/2247 3831/1955/2249 3830/1898/2248
f 3833/1954/2251 3834/1900/2252 3832/1899/2250
f 3831/1955/2249 3833/1954/2251 3832/1899/2250
f 3835/1953/2253 3836/1901/2254 3834/1900/2252
f 3833/1954/2251 3835/1953/2253 3834/1900/2252
f 3837/1952/2255 3838/1902/2256 3836/1901/2254
f 3835/1953/2253 3837/1952/2255 3836/1901/2254
f 3839/1951/2257 3840/1903/2257 3838/1902/2256
f 3837/1952/2255 3839/1951/2257 3838/1902/2256
f 3841/1950/2258 3842/1904/2258 3840/1903/2257
f 3839/1951/2257 3841/1950/2258 3840/1903/2257
f 3841/1950/2258 3696/1886/2213 3842/1904/2258
f 3841/1950/2258 3702/1887/2213 3696/1886/2213
f 3843/1962/2214 3812/1624/2214 3811/1961/2214
f 3844/1964/231 3845/1965/231 3846/1966/231
f 3847/1967/1579 3848/1966/1579 3849/1965/2259
f 3850/1968/231 3844/1964/231 3846/1966/231
f 3851/1969/231 3850/1968/231 3846/1966/231
f 3852/1970/2260 3853/1969/2261 3854/1966/1579
f 3852/1970/2260 3854/1966/1579 3855/1967/1579
f 3856/1971/231 3857/1972/231 3845/1965/231
f 3858/1973/2262 3849/1965/2259 3859/1972/2263
f 3844/1964/231 3856/1971/231 3845/1965/231
f 3860/1974/2264 3847/1967/1579 3849/1965/2259
f 3858/1973/2262 3860/1974/2264 3849/1965/2259
f 3861/1975/231 3862/1976/231 3857/1972/231
f 3863/1977/2265 3859/1972/2263 3864/1976/2266
f 3856/1971/231 3861/1975/231 3857/1972/231
f 3863/1977/2265 3858/1973/2262 3859/1972/2263
f 3865/1978/231 3866/1979/231 3862/1976/231
f 3867/1980/2267 3864/1976/2266 3868/1979/2268
f 3861/1975/231 3865/1978/231 3862/1976/231
f 3867/1980/2267 3863/1977/2265 3864/1976/2266
f 3869/1981/231 3870/1982/231 3866/1979/231
f 3871/1983/2269 3868/1979/2268 3872/1982/2270
f 3865/1978/231 3869/1981/231 3866/1979/231
f 3871/1983/2269 3867/1980/2267 3868/1979/2268
f 3873/1984/231 3874/1985/231 3870/1982/231
f 3875/1986/2271 3872/1982/2270 3876/1985/2272
f 3869/1981/231 3873/1984/231 3870/1982/231
f 3875/1986/2271 3871/1983/2269 3872/1982/2270
f 3877/1987/231 3714/1894/231 3874/1985/231
f 3878/1988/2273 3876/1985/2272 3725/1894/2216
f 3873/1984/231 3877/1987/231 3874/1985/231
f 3878/1988/2273 3875/1986/2271 3876/1985/2272
f 3879/1989/231 3821/1963/231 3714/1894/231
f 3877/1987/231 3879/1989/231 3714/1894/231
f 3880/1990/2274 3878/1988/2273 3725/1894/2216
f 3709/1891/2215 3880/1990/2274 3725/1894/2216
f 3879/1989/231 3881/1991/231 3821/1963/231
f 3882/1962/264 3883/1963/264 3884/1991/2275
f 3879/1989/231 3885/1992/231 3881/1991/231
f 3886/1993/2276 3884/1991/2275 3887/1992/2276
f 3888/1994/2275 3882/1962/264 3884/1991/2275
f 3886/1993/2276 3888/1994/2275 3884/1991/2275
f 3879/1989/231 3889/1995/231 3885/1992/231
f 3886/1993/2276 3887/1992/2276 3890/1995/2277
f 3879/1989/231 3891/1996/231 3889/1995/231
f 3892/1997/2277 3890/1995/2277 3893/1996/2278
f 3892/1997/2277 3886/1993/2276 3890/1995/2277
f 3879/1989/231 3894/1998/231 3891/1996/231
f 3895/1999/2279 3893/1996/2278 3896/1998/2280
f 3895/1999/2279 3892/1997/2277 3893/1996/2278
f 3879/1989/231 3897/2000/231 3894/1998/231
f 3898/2001/2281 3896/1998/2280 3899/2000/2282
f 3898/2001/2281 3895/1999/2279 3896/1998/2280
f 3879/1989/231 3900/2002/231 3897/2000/231
f 3901/2003/2283 3899/2000/2282 3902/2002/2284
f 3901/2003/2283 3898/2001/2281 3899/2000/2282
f 3879/1989/231 3903/2004/231 3900/2002/231
f 3904/2005/2285 3902/2002/2284 3905/2004/2286
f 3904/2005/2285 3901/2003/2283 3902/2002/2284
f 3879/1989/231 3906/2006/231 3903/2004/231
f 3907/2007/2287 3905/2004/2286 3908/2006/2288
f 3907/2007/2287 3904/2005/2285 3905/2004/2286
f 3879/1989/231 3909/2008/231 3906/2006/231
f 3910/2009/2289 3908/2006/2288 3911/2008/2290
f 3910/2009/2289 3907/2007/2287 3908/2006/2288
f 3879/1989/231 3912/2010/231 3909/2008/231
f 3913/2011/2290 3911/2008/2290 3914/2010/2291
f 3913/2011/2290 3910/2009/2289 3911/2008/2290
f 3879/1989/231 3915/2012/231 3912/2010/231
f 3916/2013/2292 3914/2010/2291 3917/2012/2292
f 3918/2014/2291 3913/2011/2290 3914/2010/2291
f 3916/2013/2292 3918/2014/2291 3914/2010/2291
f 3879/1989/231 3919/2015/231 3915/2012/231
f 3916/2013/2292 3917/2012/2292 3920/2015/588
f 3921/2016/588 3922/2015/588 3923/1989/588
f 3921/2016/588 3185/1640/588 3922/2015/588
f 3145/1623/588 3922/2015/588 3185/1640/588
f 3916/2013/2292 3920/2015/588 3924/1623/588
f 3925/2017/588 3926/1989/588 3927/1987/2293
f 3921/2016/588 3923/1989/588 3928/2017/588
f 3929/2018/2294 3927/1987/2293 3930/1984/2295
f 3931/2019/2296 3927/1987/2293 3929/2018/2294
f 3925/2017/588 3927/1987/2293 3931/2019/2296
f 3932/2020/2297 3930/1984/2295 3933/1981/1883
f 3934/2021/1879 3930/1984/2295 3932/2020/2297
f 3929/2018/2294 3930/1984/2295 3934/2021/1879
f 3935/2022/2298 3933/1981/1883 3936/1978/2299
f 3937/2023/1882 3933/1981/1883 3935/2022/2298
f 3932/2020/2297 3933/1981/1883 3937/2023/1882
f 3938/2024/1887 3936/1978/2299 3939/1975/2300
f 3940/2025/1885 3936/1978/2299 3938/2024/1887
f 3935/2022/2298 3936/1978/2299 3940/2025/1885
f 3941/2026/1889 3939/1975/2300 3942/1971/2301
f 3943/2027/2302 3939/1975/2300 3941/2026/1889
f 3938/2024/1887 3939/1975/2300 3943/2027/2302
f 3944/2028/2303 3942/1971/2301 3945/1964/2304
f 3941/2026/1889 3942/1971/2301 3944/2028/2303
f 3946/2029/2305 3945/1964/2304 3947/1968/1700
f 3944/2028/2303 3945/1964/2304 3946/2029/2305
f 3851/1969/231 3948/2030/231 3850/1968/231
f 3949/2031/1700 3950/1968/1700 3951/2030/2306
f 3946/2029/2305 3947/1968/1700 3952/2031/1700
f 3953/2032/231 3954/2033/231 3948/2030/231
f 3955/2034/1701 3951/2030/2306 3956/2033/2307
f 3851/1969/231 3953/2032/231 3948/2030/231
f 3955/2034/1701 3949/2031/1700 3951/2030/2306
f 3957/2035/231 3958/2036/231 3954/2033/231
f 3959/2037/1705 3956/2033/2307 3960/2036/1708
f 3953/2032/231 3957/2035/231 3954/2033/231
f 3959/2037/1705 3955/2034/1701 3956/2033/2307
f 3961/2038/231 3962/2039/231 3958/2036/231
f 3963/2040/1708 3960/2036/1708 3964/2039/2308
f 3957/2035/231 3961/2038/231 3958/2036/231
f 3963/2040/1708 3959/2037/1705 3960/2036/1708
f 3965/2041/231 3966/2042/231 3962/2039/231
f 3967/2043/2309 3964/2039/2308 3968/2042/2310
f 3961/2038/231 3965/2041/231 3962/2039/231
f 3969/2044/1710 3963/2040/1708 3964/2039/2308
f 3967/2043/2309 3969/2044/1710 3964/2039/2308
f 3970/2045/231 3971/2046/231 3966/2042/231
f 3972/2047/1713 3968/2042/2310 3973/2046/2311
f 3965/2041/231 3970/2045/231 3966/2042/231
f 3972/2047/1713 3967/2043/2309 3968/2042/2310
f 3974/2048/231 3975/2049/231 3971/2046/231
f 3976/2050/2312 3973/2046/2311 3977/2049/2313
f 3970/2045/231 3974/2048/231 3971/2046/231
f 3976/2050/2312 3972/2047/1713 3973/2046/2311
f 3978/2051/231 3979/2052/231 3975/2049/231
f 3980/2053/2314 3977/2049/2313 3981/2052/2315
f 3974/2048/231 3978/2051/231 3975/2049/231
f 3980/2053/2314 3976/2050/2312 3977/2049/2313
f 3982/2054/231 3983/2055/231 3979/2052/231
f 3984/2056/2316 3981/2052/2315 3985/2055/2317
f 3978/2051/231 3982/2054/231 3979/2052/231
f 3984/2056/2316 3980/2053/2314 3981/2052/2315
f 3986/2057/231 3987/2058/231 3983/2055/231
f 3988/2059/2318 3985/2055/2317 3989/2058/2319
f 3982/2054/231 3986/2057/231 3983/2055/231
f 3988/2059/2318 3984/2056/2316 3985/2055/2317
f 3990/2060/231 3991/2061/231 3987/2058/231
f 3992/2062/2320 3989/2058/2319 3993/2061/2321
f 3986/2057/231 3990/2060/231 3987/2058/231
f 3992/2062/2320 3988/2059/2318 3989/2058/2319
f 3994/2063/231 3995/2064/231 3991/2061/231
f 3996/2065/2322 3993/2061/2321 3997/2064/2323
f 3990/2060/231 3994/2063/231 3991/2061/231
f 3996/2065/2322 3992/2062/2320 3993/2061/2321
f 3998/2066/231 3999/2067/231 3995/2064/231
f 4000/2068/2324 3997/2064/2323 4001/2067/2325
f 3994/2063/231 3998/2066/231 3995/2064/231
f 4000/2068/2324 3996/2065/2322 3997/2064/2323
f 4002/2069/231 4003/2070/231 3999/2067/231
f 4004/2071/2326 4001/2067/2325 4005/2070/2327
f 3998/2066/231 4002/2069/231 3999/2067/231
f 4004/2071/2326 4000/2068/2324 4001/2067/2325
f 4006/2072/231 4007/2073/231 4003/2070/231
f 4008/2074/2328 4005/2070/2327 4009/2073/2329
f 4002/2069/231 4006/2072/231 4003/2070/231
f 4008/2074/2328 4004/2071/2326 4005/2070/2327
f 4010/2075/231 4011/2076/231 4007/2073/231
f 4012/2077/2330 4009/2073/2329 4013/2076/2331
f 4006/2072/231 4010/2075/231 4007/2073/231
f 4012/2077/2330 4008/2074/2328 4009/2073/2329
f 4014/2078/231 4015/2079/231 4011/2076/231
f 4016/2080/2332 4013/2076/2331 4017/2079/2333
f 4010/2075/231 4014/2078/231 4011/2076/231
f 4016/2080/2332 4012/2077/2330 4013/2076/2331
f 4018/2081/231 4019/2082/231 4015/2079/231
f 4020/2083/2334 4017/2079/2333 4021/2082/2335
f 4014/2078/231 4018/2081/231 4015/2079/231
f 4020/2083/2334 4016/2080/2332 4017/2079/2333
f 4022/2084/231 4023/2085/231 4019/2082/231
f 4024/2086/2336 4021/2082/2335 4025/2085/2337
f 4018/2081/231 4022/2084/231 4019/2082/231
f 4024/2086/2336 4020/2083/2334 4021/2082/2335
f 4026/2087/231 4027/2088/231 4023/2085/231
f 4028/2089/2338 4025/2085/2337 4029/2088/1740
f 4022/2084/231 4026/2087/231 4023/2085/231
f 4028/2089/2338 4024/2086/2336 4025/2085/2337
f 4030/2090/231 4031/2091/231 4027/2088/231
f 4032/2092/2339 4029/2088/1740 4033/2091/2340
f 4026/2087/231 4030/2090/231 4027/2088/231
f 4032/2092/2339 4028/2089/2338 4029/2088/1740
f 4034/2093/231 4035/2094/231 4031/2091/231
f 4032/2092/2339 4033/2091/2340 4036/2094/2341
f 4030/2090/231 4034/2093/231 4031/2091/231
f 4034/2093/231 4037/2095/231 4035/2094/231
f 4038/2096/1744 4036/2094/2341 4039/2095/264
f 4038/2096/1744 4032/2092/2339 4036/2094/2341
f 4040/2097/264 4039/2095/264 4041/2093/2342
f 4040/2097/264 4038/2096/1744 4039/2095/264
f 4042/2098/2343 4041/2093/2342 4043/2090/2344
f 4044/2099/1745 4040/2097/264 4041/2093/2342
f 4042/2098/2343 4044/2099/1745 4041/2093/2342
f 4045/2100/2345 4043/2090/2344 4046/2087/2346
f 4045/2100/2345 4042/2098/2343 4043/2090/2344
f 4047/2101/2347 4046/2087/2346 4048/2084/2348
f 4047/2101/2347 4045/2100/2345 4046/2087/2346
f 4047/2101/2347 4048/2084/2348 4049/2081/1754
f 4050/2102/2349 4049/2081/1754 4051/2078/2350
f 4050/2102/2349 4047/2101/2347 4049/2081/1754
f 4052/2103/2351 4051/2078/2350 4053/2075/2352
f 4052/2103/2351 4050/2102/2349 4051/2078/2350
f 4054/2104/2353 4053/2075/2352 4055/2072/2354
f 4054/2104/2353 4052/2103/2351 4053/2075/2352
f 4056/2105/2355 4055/2072/2354 4057/2069/2356
f 4056/2105/2355 4054/2104/2353 4055/2072/2354
f 4058/2106/2357 4057/2069/2356 4059/2066/2358
f 4058/2106/2357 4056/2105/2355 4057/2069/2356
f 4060/2107/2359 4059/2066/2358 4061/2063/2360
f 4060/2107/2359 4058/2106/2357 4059/2066/2358
f 4062/2108/253 4061/2063/2360 4063/2060/2361
f 4062/2108/253 4060/2107/2359 4061/2063/2360
f 4064/2109/2362 4063/2060/2361 4065/2057/2363
f 4064/2109/2362 4062/2108/253 4063/2060/2361
f 4066/2110/2364 4065/2057/2363 4067/2054/2365
f 4066/2110/2364 4064/2109/2362 4065/2057/2363
f 4068/2111/2366 4067/2054/2365 4069/2051/2367
f 4068/2111/2366 4066/2110/2364 4067/2054/2365
f 4070/2112/2368 4069/2051/2367 4071/2048/2369
f 4070/2112/2368 4068/2111/2366 4069/2051/2367
f 4072/2113/1802 4071/2048/2369 4073/2045/2370
f 4072/2113/1802 4070/2112/2368 4071/2048/2369
f 4074/2114/2371 4073/2045/2370 4075/2041/2372
f 4074/2114/2371 4072/2113/1802 4073/2045/2370
f 4076/2115/1806 4075/2041/2372 4077/2038/2373
f 4076/2115/1806 4074/2114/2371 4075/2041/2372
f 4078/2116/1809 4077/2038/2373 4079/2035/2374
f 4080/2117/2373 4076/2115/1806 4077/2038/2373
f 4078/2116/1809 4080/2117/2373 4077/2038/2373
f 4081/2118/2375 4079/2035/2374 4082/2032/2376
f 4081/2118/2375 4078/2116/1809 4079/2035/2374
f 3852/1970/2260 4082/2032/2376 3853/1969/2261
f 3852/1970/2260 4081/2118/2375 4082/2032/2376
f 4083/2119/2377 4084/1970/2378 4085/1967/2379
f 4086/2120/2380 4087/1967/2381 4088/1974/2382
f 4089/2121/2383 4085/1967/2379 4090/2120/2384
f 4091/2122/2385 4085/1967/2379 4089/2121/2383
f 4092/2123/2386 4085/1967/2379 4091/2122/2385
f 4093/2124/2387 4085/1967/2379 4092/2123/2386
f 4094/2125/2388 4085/1967/2379 4093/2124/2387
f 4083/2119/2377 4085/1967/2379 4094/2125/2388
f 4095/2126/2389 4096/2031/2390 4097/2034/2391
f 4098/2127/2392 4099/2031/2393 4100/2126/2394
f 4101/2128/2395 4102/2129/2396 4099/2031/2393
f 4103/2130/2397 4099/2031/2393 4102/2129/2396
f 4101/2128/2395 4099/2031/2393 4098/2127/2392
f 4104/2131/2398 4105/2029/2399 4099/2031/2393
f 4103/2130/2397 4104/2131/2398 4099/2031/2393
f 4106/2132/2400 4097/2034/2391 4107/2037/2401
f 4108/2133/2402 4095/2126/2389 4097/2034/2391
f 4109/2134/2403 4108/2133/2402 4097/2034/2391
f 4110/2135/2404 4109/2134/2403 4097/2034/2391
f 4111/2136/2405 4110/2135/2404 4097/2034/2391
f 4112/2137/2406 4111/2136/2405 4097/2034/2391
f 4113/2138/2407 4112/2137/2406 4097/2034/2391
f 4106/2132/2400 4113/2138/2407 4097/2034/2391
f 4114/2139/2408 4107/2037/2401 4115/2040/2409
f 4116/2140/2410 4106/2132/2400 4107/2037/2401
f 4117/2141/2411 4116/2140/2410 4107/2037/2401
f 4118/2142/2412 4117/2141/2411 4107/2037/2401
f 4119/2143/2413 4118/2142/2412 4107/2037/2401
f 4120/2144/2414 4119/2143/2413 4107/2037/2401
f 4121/2145/2415 4120/2144/2414 4107/2037/2401
f 4114/2139/2408 4121/2145/2415 4107/2037/2401
f 4122/2146/2416 4115/2040/2409 4123/2044/2417
f 4124/2147/2418 4114/2139/2408 4115/2040/2409
f 4125/2148/2419 4124/2147/2418 4115/2040/2409
f 4126/2149/2420 4125/2148/2419 4115/2040/2409
f 4127/2150/2421 4126/2149/2420 4115/2040/2409
f 4128/2151/2422 4127/2150/2421 4115/2040/2409
f 4129/2152/2423 4128/2151/2422 4115/2040/2409
f 4130/2153/2424 4129/2152/2423 4115/2040/2409
f 4122/2146/2416 4130/2153/2424 4115/2040/2409
f 4131/2154/2425 4123/2044/2417 4132/2043/2426
f 4131/2154/2425 4122/2146/2416 4123/2044/2417
f 4133/2155/2427 4132/2043/2426 4134/2047/2428
f 4135/2156/2429 4131/2154/2425 4132/2043/2426
f 4133/2155/2427 4135/2156/2429 4132/2043/2426
f 4136/2157/2430 4134/2047/2428 4137/2050/2431
f 4138/2158/2432 4133/2155/2427 4134/2047/2428
f 4136/2157/2430 4138/2158/2432 4134/2047/2428
f 4139/2159/2433 4137/2050/2431 4140/2053/2434
f 4141/2160/2435 4136/2157/2430 4137/2050/2431
f 4139/2159/2433 4141/2160/2435 4137/2050/2431
f 4142/2161/2436 4140/2053/2434 4143/2056/2437
f 4144/2162/2438 4139/2159/2433 4140/2053/2434
f 4142/2161/2436 4144/2162/2438 4140/2053/2434
f 4145/2163/2439 4143/2056/2437 4146/2059/2440
f 4147/2164/2441 4142/2161/2436 4143/2056/2437
f 4145/2163/2439 4147/2164/2441 4143/2056/2437
f 4148/2165/2442 4146/2059/2440 4149/2062/2443
f 4148/2165/2442 4145/2163/2439 4146/2059/2440
f 4150/2166/2444 4149/2062/2443 4151/2065/2445
f 4152/2167/2446 4148/2165/2442 4149/2062/2443
f 4150/2166/2444 4152/2167/2446 4149/2062/2443
f 4153/2168/2447 4151/2065/2445 4154/2068/2448
f 4155/2169/2449 4150/2166/2444 4151/2065/2445
f 4153/2168/2447 4155/2169/2449 4151/2065/2445
f 4156/2170/2450 4154/2068/2448 4157/2071/2451
f 4158/2171/2452 4153/2168/2447 4154/2068/2448
f 4159/2172/2453 4158/2171/2452 4154/2068/2448
f 4156/2170/2450 4159/2172/2453 4154/2068/2448
f 4160/2173/2454 4157/2071/2451 4161/2074/2455
f 4162/2174/2456 4156/2170/2450 4157/2071/2451
f 4163/2175/2457 4162/2174/2456 4157/2071/2451
f 4164/2176/2458 4163/2175/2457 4157/2071/2451
f 4160/2173/2454 4164/2176/2458 4157/2071/2451
f 4165/2177/2459 4161/2074/2455 4166/2077/2460
f 4167/2178/2461 4160/2173/2454 4161/2074/2455
f 4168/2179/2462 4167/2178/2461 4161/2074/2455
f 4169/2180/2463 4168/2179/2462 4161/2074/2455
f 4170/2181/2464 4169/2180/2463 4161/2074/2455
f 4171/2182/2465 4170/2181/2464 4161/2074/2455
f 4165/2177/2459 4171/2182/2465 4161/2074/2455
f 4172/2183/2466 4166/2077/2460 4173/2080/2467
f 4174/2184/2468 4165/2177/2459 4166/2077/2460
f 4175/2185/2469 4174/2184/2468 4166/2077/2460
f 4176/2186/2470 4175/2185/2469 4166/2077/2460
f 4177/2187/2471 4176/2186/2470 4166/2077/2460
f 4178/2188/2472 4177/2187/2471 4166/2077/2460
f 4179/2189/2473 4178/2188/2472 4166/2077/2460
f 4172/2183/2466 4179/2189/2473 4166/2077/2460
f 4180/2190/2474 4173/2080/2467 4181/2083/2475
f 4182/2191/2476 4172/2183/2466 4173/2080/2467
f 4183/2192/2477 4182/2191/2476 4173/2080/2467
f 4184/2193/2478 4183/2192/2477 4173/2080/2467
f 4185/2194/2479 4184/2193/2478 4173/2080/2467
f 4186/2195/2480 4185/2194/2479 4173/2080/2467
f 4187/2196/2481 4186/2195/2480 4173/2080/2467
f 4180/2190/2474 4187/2196/2481 4173/2080/2467
f 4188/2197/2482 4181/2083/2475 4189/2086/2483
f 4188/2197/2482 4190/2198/2484 4181/2083/2475
f 4191/2199/2485 4181/2083/2475 4190/2198/2484
f 4192/2200/2486 4180/2190/2474 4181/2083/2475
f 4193/2201/2487 4192/2200/2486 4181/2083/2475
f 4194/2202/2488 4193/2201/2487 4181/2083/2475
f 4195/2203/2489 4194/2202/2488 4181/2083/2475
f 4191/2199/2485 4195/2203/2489 4181/2083/2475
f 4196/2204/2490 4189/2086/2483 4197/2089/2491
f 4196/2204/2490 4188/2197/2482 4189/2086/2483
f 4198/2205/2492 4197/2089/2491 4199/2092/2493
f 4200/2206/2494 4196/2204/2490 4197/2089/2491
f 4201/2207/2495 4200/2206/2494 4197/2089/2491
f 4198/2205/2492 4201/2207/2495 4197/2089/2491
f 4202/2208/2496 4199/2092/2493 4203/2096/2497
f 4204/2209/2498 4198/2205/2492 4199/2092/2493
f 4202/2208/2496 4204/2209/2498 4199/2092/2493
f 4205/2210/2499 4203/2096/2497 4206/2097/2500
f 4207/2211/2501 4202/2208/2496 4203/2096/2497
f 4208/2212/2502 4207/2211/2501 4203/2096/2497
f 4205/2210/2499 4208/2212/2502 4203/2096/2497
f 4209/2213/2500 4206/2097/2500 4210/2099/2503
f 4209/2213/2500 4205/2210/2499 4206/2097/2500
f 4211/2214/2504 4210/2099/2503 4212/2098/2505
f 4213/2215/2506 4209/2213/2500 4210/2099/2503
f 4211/2214/2504 4213/2215/2506 4210/2099/2503
f 4214/2216/2507 4212/2098/2505 4215/2100/2508
f 4216/2217/2509 4211/2214/2504 4212/2098/2505
f 4217/2218/2510 4216/2217/2509 4212/2098/2505
f 4214/2216/2507 4217/2218/2510 4212/2098/2505
f 4218/2219/2511 4215/2100/2508 4219/2101/2512
f 4220/2220/2513 4214/2216/2507 4215/2100/2508
f 4218/2219/2511 4220/2220/2513 4215/2100/2508
f 4221/2221/2514 4219/2101/2512 4222/2102/2515
f 4223/2222/2516 4218/2219/2511 4219/2101/2512
f 4224/2223/2517 4223/2222/2516 4219/2101/2512
f 4221/2221/2514 4224/2223/2517 4219/2101/2512
f 4225/2224/2518 4222/2102/2515 4226/2103/2519
f 4225/2224/2518 4221/2221/2514 4222/2102/2515
f 4227/2225/2520 4226/2103/2519 4228/2104/2521
f 4229/2226/2522 4225/2224/2518 4226/2103/2519
f 4230/2227/2523 4229/2226/2522 4226/2103/2519
f 4231/2228/2524 4230/2227/2523 4226/2103/2519
f 4232/2229/2525 4231/2228/2524 4226/2103/2519
f 4233/2230/2526 4232/2229/2525 4226/2103/2519
f 4227/2225/2520 4233/2230/2526 4226/2103/2519
f 4234/2231/2527 4228/2104/2521 4235/2105/2528
f 4236/2232/2529 4227/2225/2520 4228/2104/2521
f 4237/2233/2530 4236/2232/2529 4228/2104/2521
f 4238/2234/2531 4237/2233/2530 4228/2104/2521
f 4239/2235/2532 4238/2234/2531 4228/2104/2521
f 4240/2236/2533 4239/2235/2532 4228/2104/2521
f 4241/2237/2534 4240/2236/2533 4228/2104/2521
f 4234/2231/2527 4241/2237/2534 4228/2104/2521
f 4242/2238/2535 4235/2105/2528 4243/2106/2536
f 4244/2239/2537 4234/2231/2527 4235/2105/2528
f 4245/2240/2538 4244/2239/2537 4235/2105/2528
f 4246/2241/2539 4245/2240/2538 4235/2105/2528
f 4247/2242/2540 4246/2241/2539 4235/2105/2528
f 4248/2243/2541 4247/2242/2540 4235/2105/2528
f 4249/2244/2542 4248/2243/2541 4235/2105/2528
f 4242/2238/2535 4249/2244/2542 4235/2105/2528
f 4250/2245/2543 4243/2106/2536 4251/2107/2544
f 4252/2246/2545 4242/2238/2535 4243/2106/2536
f 4253/2247/2546 4252/2246/2545 4243/2106/2536
f 4254/2248/2547 4253/2247/2546 4243/2106/2536
f 4255/2249/2548 4254/2248/2547 4243/2106/2536
f 4256/2250/2549 4255/2249/2548 4243/2106/2536
f 4257/2251/2550 4256/2250/2549 4243/2106/2536
f 4258/2252/2551 4257/2251/2550 4243/2106/2536
f 4250/2245/2543 4258/2252/2551 4243/2106/2536
f 4259/2253/2552 4251/2107/2544 4260/2108/2553
f 4261/2254/2554 4250/2245/2543 4251/2107/2544
f 4259/2253/2552 4261/2254/2554 4251/2107/2544
f 4262/2255/2555 4260/2108/2553 4263/2109/2556
f 4264/2256/2557 4259/2253/2552 4260/2108/2553
f 4265/2257/2558 4264/2256/2557 4260/2108/2553
f 4262/2255/2555 4265/2257/2558 4260/2108/2553
f 4266/2258/2559 4263/2109/2556 4267/2110/2560
f 4268/2259/2561 4262/2255/2555 4263/2109/2556
f 4266/2258/2559 4268/2259/2561 4263/2109/2556
f 4269/2260/2562 4267/2110/2560 4270/2111/2563
f 4271/2261/2564 4266/2258/2559 4267/2110/2560
f 4269/2260/2562 4271/2261/2564 4267/2110/2560
f 4272/2262/2565 4270/2111/2563 4273/2112/2566
f 4272/2262/2565 4269/2260/2562 4270/2111/2563
f 4274/2263/2567 4273/2112/2566 4275/2113/2568
f 4276/2264/2569 4272/2262/2565 4273/2112/2566
f 4274/2263/2567 4276/2264/2569 4273/2112/2566
f 4277/2265/2570 4275/2113/2568 4278/2114/2571
f 4279/2266/2572 4274/2263/2567 4275/2113/2568
f 4277/2265/2570 4279/2266/2572 4275/2113/2568
f 4280/2267/2573 4278/2114/2571 4281/2115/2574
f 4282/2268/2575 4277/2265/2570 4278/2114/2571
f 4280/2267/2573 4282/2268/2575 4278/2114/2571
f 4283/2269/2576 4281/2115/2574 4284/2117/2577
f 4285/2270/2578 4280/2267/2573 4281/2115/2574
f 4283/2269/2576 4285/2270/2578 4281/2115/2574
f 4286/2271/2579 4284/2117/2577 4287/2116/2580
f 4288/2272/2581 4283/2269/2576 4284/2117/2577
f 4286/2271/2579 4288/2272/2581 4284/2117/2577
f 4289/2273/2582 4287/2116/2580 4290/2118/2583
f 4289/2273/2582 4286/2271/2579 4287/2116/2580
f 4291/2274/2584 4290/2118/2583 4084/1970/2378
f 4292/2275/2585 4290/2118/2583 4291/2274/2584
f 4293/2276/2586 4290/2118/2583 4292/2275/2585
f 4294/2277/2587 4290/2118/2583 4293/2276/2586
f 4295/2278/2588 4290/2118/2583 4294/2277/2587
f 4296/2279/2589 4290/2118/2583 4295/2278/2588
f 4297/2280/2590 4290/2118/2583 4296/2279/2589
f 4289/2273/2582 4290/2118/2583 4297/2280/2590
f 4298/2281/2591 4084/1970/2378 4083/2119/2377
f 4299/2282/2592 4084/1970/2378 4298/2281/2591
f 4300/2283/2593 4084/1970/2378 4299/2282/2592
f 4301/2284/2594 4084/1970/2378 4300/2283/2593
f 4302/2285/2595 4084/1970/2378 4301/2284/2594
f 4303/2286/2596 4084/1970/2378 4302/2285/2595
f 4291/2274/2584 4084/1970/2378 4303/2286/2596
f 4304/1397/2214 4305/1494/2214 4306/1497/2214
f 4307/1402/2214 4305/1494/2214 4304/1397/2214
f 4308/1495/2214 4305/1494/2214 4307/1402/2214
f 4309/1401/2214 4306/1497/2214 4310/1496/2214
f 4304/1397/2214 4306/1497/2214 4309/1401/2214
f 4311/1572/2214 4310/1496/2214 4312/1498/2214
f 4309/1401/2214 4310/1496/2214 4311/1572/2214
f 4313/1566/2214 4312/1498/2214 4314/1499/2214
f 4311/1572/2214 4312/1498/2214 4313/1566/2214
f 4315/1563/2214 4314/1499/2214 4316/1500/2214
f 4313/1566/2214 4314/1499/2214 4315/1563/2214
f 4317/1562/2214 4316/1500/2214 4318/1501/2214
f 4315/1563/2214 4316/1500/2214 4317/1562/2214
f 4319/1561/2214 4318/1501/2214 4320/1502/2214
f 4317/1562/2214 4318/1501/2214 4319/1561/2214
f 4321/1560/2214 4320/1502/2214 4322/1503/2214
f 4319/1561/2214 4320/1502/2214 4321/1560/2214
f 4323/1559/2214 4322/1503/2214 4324/1504/2214
f 4321/1560/2214 4322/1503/2214 4323/1559/2214
f 4325/1558/2214 4324/1504/2214 4326/1505/2214
f 4323/1559/2214 4324/1504/2214 4325/1558/2214
f 4327/1557/2214 4326/1505/2214 4328/1506/2214
f 4325/1558/2214 4326/1505/2214 4327/1557/2214
f 4329/1556/2214 4328/1506/2214 4330/1507/2214
f 4327/1557/2214 4328/1506/2214 4329/1556/2214
f 4331/1555/2214 4330/1507/2214 4332/1508/2214
f 4329/1556/2214 4330/1507/2214 4331/1555/2214
f 4333/1554/2214 4332/1508/2214 4334/1509/2214
f 4331/1555/2214 4332/1508/2214 4333/1554/2214
f 4335/1548/2214 4334/1509/2214 4336/1510/2214
f 4333/1554/2214 4334/1509/2214 4335/1548/2214
f 4337/1540/2214 4336/1510/2214 4338/1511/2214
f 4335/1548/2214 4336/1510/2214 4337/1540/2214
f 4339/1531/2214 4338/1511/2214 4340/1512/2214
f 4337/1540/2214 4338/1511/2214 4339/1531/2214
f 4341/1526/2214 4340/1512/2214 4342/1513/2214
f 4339/1531/2214 4340/1512/2214 4341/1526/2214
f 4343/1523/2214 4342/1513/2214 4344/1515/2214
f 4341/1526/2214 4342/1513/2214 4343/1523/2214
f 4345/1521/2214 4344/1515/2214 4346/1514/2214
f 4343/1523/2214 4344/1515/2214 4345/1521/2214
f 4347/1522/2214 4346/1514/2214 4348/1516/2214
f 4345/1521/2214 4346/1514/2214 4347/1522/2214
f 4349/1520/2214 4348/1516/2214 4350/1517/2214
f 4347/1522/2214 4348/1516/2214 4349/1520/2214
f 4351/1519/2214 4350/1517/2214 4352/1518/2214
f 4349/1520/2214 4350/1517/2214 4351/1519/2214
f 4353/2287/2597 4088/1974/2382 4354/1973/2598
f 4355/2288/2599 4356/2289/2600 4088/1974/2382
f 4357/2290/2601 4088/1974/2382 4356/2289/2600
f 4358/2291/2602 4355/2288/2599 4088/1974/2382
f 4359/2292/2603 4358/2291/2602 4088/1974/2382
f 4360/2293/2604 4359/2292/2603 4088/1974/2382
f 4353/2287/2597 4360/2293/2604 4088/1974/2382
f 4361/2294/2605 4086/2120/2380 4088/1974/2382
f 4357/2290/2601 4361/2294/2605 4088/1974/2382
f 4362/2295/2606 4354/1973/2598 4363/1977/2607
f 4364/2296/2608 4353/2287/2597 4354/1973/2598
f 4362/2295/2606 4364/2296/2608 4354/1973/2598
f 4365/2297/2609 4363/1977/2607 4366/1980/2610
f 4365/2297/2609 4362/2295/2606 4363/1977/2607
f 4367/2298/2611 4366/1980/2610 4368/1983/2612
f 4367/2298/2611 4365/2297/2609 4366/1980/2610
f 4369/2299/2613 4368/1983/2612 4370/1986/2614
f 4369/2299/2613 4367/2298/2611 4368/1983/2612
f 4371/2300/2615 4370/1986/2614 4372/1988/2616
f 4371/2300/2615 4369/2299/2613 4370/1986/2614
f 4371/2300/2615 4372/1988/2616 4373/1990/2617
f 3729/1906/2220 4373/1990/2617 3730/1891/2221
f 3729/1906/2220 4371/2300/2615 4373/1990/2617
f 4308/1495/2214 4307/1402/2214 4374/1403/2214
f 4375/1629/2214 4374/1403/2214 4376/1404/2214
f 4308/1495/2214 4374/1403/2214 4375/1629/2214
f 4377/1628/2214 4376/1404/2214 4378/1405/2214
f 4375/1629/2214 4376/1404/2214 4377/1628/2214
f 4379/1627/2214 4378/1405/2214 4380/1406/2214
f 4377/1628/2214 4378/1405/2214 4379/1627/2214
f 4381/1626/2214 4380/1406/2214 4382/1407/2214
f 4379/1627/2214 4380/1406/2214 4381/1626/2214
f 4383/1625/2214 4382/1407/2214 3813/1408/2214
f 4381/1626/2214 4382/1407/2214 4383/1625/2214
f 4383/1625/2214 3813/1408/2214 3812/1624/2214
f 4384/2301/264 4385/2289/264 4386/2288/2618
f 4387/2302/2619 4388/2290/2620 4389/2289/264
f 4387/2302/2619 4389/2289/264 4390/2301/264
f 4391/2303/2621 4386/2288/2618 4392/2291/2622
f 4391/2303/2621 4384/2301/264 4386/2288/2618
f 4393/2304/2623 4392/2291/2622 4394/2292/2624
f 4393/2304/2623 4391/2303/2621 4392/2291/2622
f 4395/2305/2625 4394/2292/2624 4396/2293/2626
f 4395/2305/2625 4393/2304/2623 4394/2292/2624
f 4397/2306/2627 4398/2293/2628 4399/2287/2629
f 4400/2307/2630 4395/2305/2625 4396/2293/2626
f 4401/2306/2631 4400/2307/2630 4396/2293/2626
f 4402/2308/2632 4399/2287/2629 4403/2296/2633
f 4404/2309/2634 4399/2287/2629 4405/2310/2635
f 4402/2308/2632 4405/2310/2635 4399/2287/2629
f 4397/2306/2627 4399/2287/2629 4404/2309/2634
f 4406/2311/2636 4403/2296/2633 4407/2295/2637
f 4408/2312/2638 4402/2308/2632 4403/2296/2633
f 4406/2311/2636 4408/2312/2638 4403/2296/2633
f 4406/2311/2636 4407/2295/2637 4409/2297/2639
f 4406/2311/2636 4409/2297/2639 4410/2298/2640
f 4411/2313/2641 4410/2298/2640 4412/2299/2642
f 4411/2313/2641 4406/2311/2636 4410/2298/2640
f 4411/2313/2641 4412/2299/2642 4413/2300/2643
f 4411/2313/2641 4413/2300/2643 4414/1906/2644
f 4415/2314/2645 4414/1906/2644 4416/1905/2646
f 4415/2314/2645 4411/2313/2641 4414/1906/2644
f 4417/1907/2647 4415/2314/2645 4416/1905/2646
f 4418/2315/2648 4419/2120/2649 4420/2294/2650
f 4418/2315/2648 4421/2316/2651 4419/2120/2649
f 4422/2121/2652 4419/2120/2649 4421/2316/2651
f 4387/2302/2619 4420/2294/2650 4388/2290/2620
f 4387/2302/2619 4418/2315/2648 4420/2294/2650
f 4423/2317/2214 4424/2301/2214 4425/2303/2214
f 4426/2318/2214 4424/2301/2214 4423/2317/2214
f 4427/2302/2214 4424/2301/2214 4426/2318/2214
f 4428/2319/2214 4425/2303/2214 4429/2304/2214
f 4423/2317/2214 4425/2303/2214 4428/2319/2214
f 4430/2320/2214 4429/2304/2214 4431/2305/2214
f 4428/2319/2214 4429/2304/2214 4430/2320/2214
f 4432/2321/2214 4431/2305/2214 4433/2307/2214
f 4430/2320/2214 4431/2305/2214 4432/2321/2214
f 4434/2322/2214 4433/2307/2214 4435/2323/2214
f 4401/2306/2631 4436/2323/2653 4400/2307/2630
f 4432/2321/2214 4433/2307/2214 4434/2322/2214
f 4437/2324/2214 4435/2323/2214 4438/2325/2214
f 4439/2309/2654 4440/2325/2655 4436/2323/2653
f 4441/2326/2214 4435/2323/2214 4437/2324/2214
f 4434/2322/2214 4435/2323/2214 4441/2326/2214
f 4401/2306/2631 4439/2309/2654 4436/2323/2653
f 4442/2327/2214 4438/2325/2214 4443/2328/2214
f 4444/2310/2656 4445/2328/2657 4440/2325/2655
f 4437/2324/2214 4438/2325/2214 4442/2327/2214
f 4439/2309/2654 4444/2310/2656 4440/2325/2655
f 4446/2329/2214 4443/2328/2214 4447/2330/2214
f 4448/2331/2658 4449/2330/2659 4445/2328/2657
f 4442/2327/2214 4443/2328/2214 4446/2329/2214
f 4444/2310/2656 4448/2331/2658 4445/2328/2657
f 4450/2332/2214 4447/2330/2214 4451/2333/2214
f 4452/2334/2660 4453/2333/2661 4449/2330/2659
f 4446/2329/2214 4447/2330/2214 4450/2332/2214
f 4448/2331/2658 4452/2334/2660 4449/2330/2659
f 4454/2335/2662 4455/2332/2663 4453/2333/2661
f 4452/2334/2660 4454/2335/2662 4453/2333/2661
f 4456/2336/2664 4457/2329/2665 4455/2332/2663
f 4454/2335/2662 4456/2336/2664 4455/2332/2663
f 4458/2337/2666 4459/2327/2667 4457/2329/2665
f 4456/2336/2664 4458/2337/2666 4457/2329/2665
f 4460/2338/2668 4461/2324/2669 4459/2327/2667
f 4458/2337/2666 4460/2338/2668 4459/2327/2667
f 4462/2339/2670 4463/2326/2671 4461/2324/2669
f 4460/2338/2668 4462/2339/2670 4461/2324/2669
f 4464/2340/2672 4465/2322/2673 4463/2326/2671
f 4462/2339/2670 4464/2340/2672 4463/2326/2671
f 4466/2341/2674 4467/2321/2675 4465/2322/2673
f 4464/2340/2672 4466/2341/2674 4465/2322/2673
f 4468/2342/2676 4469/2320/2677 4467/2321/2675
f 4466/2341/2674 4468/2342/2676 4467/2321/2675
f 4470/2343/2678 4471/2319/2679 4469/2320/2677
f 4468/2342/2676 4470/2343/2678 4469/2320/2677
f 4472/2344/79 4473/2317/79 4471/2319/2679
f 4474/2345/2680 4472/2344/79 4471/2319/2679
f 4470/2343/2678 4474/2345/2680 4471/2319/2679
f 4475/2346/2681 4476/2317/79 4477/2344/79
f 4475/2346/2681 4478/2347/2682 4476/2317/79
f 4479/2318/2683 4476/2317/79 4478/2347/2682
f 4480/2348/2684 4481/2344/2685 4482/2345/2686
f 4483/2273/2687 4484/2346/2688 4481/2344/2685
f 4480/2348/2684 4483/2273/2687 4481/2344/2685
f 4480/2348/2684 4482/2345/2686 4485/2343/2689
f 4480/2348/2684 4485/2343/2689 4486/2342/2690
f 4480/2348/2684 4486/2342/2690 4487/2341/2691
f 4480/2348/2684 4487/2341/2691 4488/2340/2692
f 4402/2308/2632 4488/2340/2692 4489/2339/2693
f 4402/2308/2632 4480/2348/2684 4488/2340/2692
f 4402/2308/2632 4489/2339/2693 4490/2338/2694
f 4402/2308/2632 4490/2338/2694 4491/2337/2695
f 4402/2308/2632 4491/2337/2695 4492/2336/2696
f 4402/2308/2632 4492/2336/2696 4493/2335/2697
f 4402/2308/2632 4493/2335/2697 4494/2334/2698
f 4402/2308/2632 4494/2334/2698 4495/2331/2699
f 4402/2308/2632 4495/2331/2699 4405/2310/2635
f 4483/2273/2687 4496/2347/2700 4484/2346/2688
f 4497/2349/2701 4479/2318/2683 4478/2347/2682
f 4289/2273/2582 4498/2349/2702 4499/2347/2703
f 4427/2302/2214 4426/2318/2214 4500/2350/2214
f 4497/2349/2701 4501/2350/2704 4479/2318/2683
f 4502/2315/2214 4500/2350/2214 4503/2351/2214
f 4504/2352/2705 4505/2351/2706 4501/2350/2704
f 4427/2302/2214 4500/2350/2214 4502/2315/2214
f 4497/2349/2701 4504/2352/2705 4501/2350/2704
f 4506/2316/2214 4503/2351/2214 4507/2353/2214
f 4508/2279/2707 4509/2353/2708 4505/2351/2706
f 4502/2315/2214 4503/2351/2214 4506/2316/2214
f 4510/2280/2709 4508/2279/2707 4505/2351/2706
f 4504/2352/2705 4510/2280/2709 4505/2351/2706
f 4511/2354/2214 4507/2353/2214 4512/2355/2214
f 4513/2278/2710 4514/2355/2711 4509/2353/2708
f 4506/2316/2214 4507/2353/2214 4511/2354/2214
f 4508/2279/2707 4513/2278/2710 4509/2353/2708
f 4515/2356/2214 4512/2355/2214 4516/2357/2214
f 4517/2277/2712 4518/2357/2713 4514/2355/2711
f 4519/2358/2214 4512/2355/2214 4515/2356/2214
f 4511/2354/2214 4512/2355/2214 4519/2358/2214
f 4513/2278/2710 4517/2277/2712 4514/2355/2711
f 4520/2359/2214 4516/2357/2214 4521/2360/2214
f 4522/2276/2714 4523/2360/2715 4518/2357/2713
f 4515/2356/2214 4516/2357/2214 4520/2359/2214
f 4517/2277/2712 4522/2276/2714 4518/2357/2713
f 4524/2361/2214 4521/2360/2214 4525/2362/2214
f 4526/2274/2716 4527/2362/2717 4523/2360/2715
f 4520/2359/2214 4521/2360/2214 4524/2361/2214
f 4528/2275/2718 4526/2274/2716 4523/2360/2715
f 4522/2276/2714 4528/2275/2718 4523/2360/2715
f 4529/2363/2214 4525/2362/2214 4530/2364/2214
f 4531/2286/2719 4532/2364/2720 4527/2362/2717
f 4524/2361/2214 4525/2362/2214 4529/2363/2214
f 4526/2274/2716 4531/2286/2719 4527/2362/2717
f 4533/2284/2721 4534/2363/2722 4532/2364/2720
f 4535/2285/2723 4533/2284/2721 4532/2364/2720
f 4531/2286/2719 4535/2285/2723 4532/2364/2720
f 4536/2283/2724 4537/2361/2725 4534/2363/2722
f 4533/2284/2721 4536/2283/2724 4534/2363/2722
f 4538/2281/2726 4539/2359/2727 4537/2361/2725
f 4540/2282/2728 4538/2281/2726 4537/2361/2725
f 4536/2283/2724 4540/2282/2728 4537/2361/2725
f 4541/2119/2729 4542/2356/2730 4539/2359/2727
f 4538/2281/2726 4541/2119/2729 4539/2359/2727
f 4543/2124/2731 4544/2358/2732 4542/2356/2730
f 4545/2125/2733 4543/2124/2731 4542/2356/2730
f 4541/2119/2729 4545/2125/2733 4542/2356/2730
f 4546/2123/2734 4547/2354/2735 4544/2358/2732
f 4543/2124/2731 4546/2123/2734 4544/2358/2732
f 4548/2122/2736 4421/2316/2651 4547/2354/2735
f 4546/2123/2734 4548/2122/2736 4547/2354/2735
f 4548/2122/2736 4422/2121/2652 4421/2316/2651
f 4289/2273/2582 4297/2280/2590 4549/2352/2737
f 4289/2273/2582 4549/2352/2737 4498/2349/2702
f 4191/2199/2485 4190/2198/2484 4550/2365/2738
f 4551/2366/2739 4552/2365/2740 4553/2198/2741
f 4554/2367/2742 4555/2199/2743 4556/2365/2744
f 4551/2366/2739 4557/2368/2745 4552/2365/2740
f 4558/2369/2746 4556/2365/2744 4559/2368/2747
f 4558/2369/2746 4554/2367/2742 4556/2365/2744
f 4551/2366/2739 4553/2198/2741 4560/2197/2748
f 4551/2366/2739 4560/2197/2748 4561/2204/2749
f 4551/2366/2739 4561/2204/2749 4562/2206/2750
f 4563/2370/2751 4562/2206/2750 4564/2207/2752
f 4551/2366/2739 4562/2206/2750 4563/2370/2751
f 4563/2370/2751 4564/2207/2752 4565/2205/2753
f 4563/2370/2751 4565/2205/2753 4566/2209/2754
f 4563/2370/2751 4566/2209/2754 4567/2208/2755
f 4563/2370/2751 4567/2208/2755 4568/2211/2756
f 4569/2217/2757 4568/2211/2756 4570/2212/2758
f 4571/2371/2759 4568/2211/2756 4569/2217/2757
f 4563/2370/2751 4568/2211/2756 4571/2371/2759
f 4572/2214/2760 4570/2212/2758 4573/2210/2761
f 4569/2217/2757 4570/2212/2758 4572/2214/2760
f 4574/2215/2762 4573/2210/2761 4575/2213/2763
f 4572/2214/2760 4573/2210/2761 4574/2215/2762
f 4576/2216/2764 4569/2217/2757 4577/2218/2765
f 4578/2220/2766 4569/2217/2757 4576/2216/2764
f 4579/2219/2767 4569/2217/2757 4578/2220/2766
f 4580/2222/2768 4569/2217/2757 4579/2219/2767
f 4571/2371/2759 4569/2217/2757 4580/2222/2768
f 4581/2221/2769 4580/2222/2768 4582/2223/2770
f 4583/2224/2771 4580/2222/2768 4581/2221/2769
f 4584/2372/2772 4580/2222/2768 4583/2224/2771
f 4585/2373/2773 4580/2222/2768 4584/2372/2772
f 4586/2374/2774 4587/2375/2775 4580/2222/2768
f 4588/2376/2776 4580/2222/2768 4587/2375/2775
f 4589/2377/2777 4586/2374/2774 4580/2222/2768
f 4590/2378/2778 4589/2377/2777 4580/2222/2768
f 4591/2379/2779 4590/2378/2778 4580/2222/2768
f 4592/2380/2780 4591/2379/2779 4580/2222/2768
f 4585/2373/2773 4592/2380/2780 4580/2222/2768
f 4571/2371/2759 4580/2222/2768 4588/2376/2776
f 4593/2381/2781 4594/2372/2522 4225/2224/2518
f 4229/2226/2522 4593/2381/2781 4225/2224/2518
f 4595/2382/2782 4596/2372/2783 4597/2381/2784
f 4598/2383/2665 4599/2373/2785 4596/2372/2783
f 4595/2382/2782 4598/2383/2665 4596/2372/2783
f 4595/2382/2782 4597/2381/2784 4600/2226/2786
f 4601/2384/2787 4600/2226/2786 4602/2227/2788
f 4601/2384/2787 4595/2382/2782 4600/2226/2786
f 4603/2385/2671 4602/2227/2788 4604/2228/2789
f 4603/2385/2671 4601/2384/2787 4602/2227/2788
f 4605/2386/2790 4604/2228/2789 4606/2229/2791
f 4605/2386/2790 4603/2385/2671 4604/2228/2789
f 4607/2387/2792 4606/2229/2791 4608/2230/2793
f 4607/2387/2792 4605/2386/2790 4606/2229/2791
f 4609/2388/2794 4608/2230/2793 4610/2225/2795
f 4609/2388/2794 4607/2387/2792 4608/2230/2793
f 4611/2389/2796 4610/2225/2795 4612/2232/2797
f 4611/2389/2796 4609/2388/2794 4610/2225/2795
f 4611/2389/2796 4612/2232/2797 4613/2233/79
f 4614/2390/79 4615/2233/79 4616/2234/2798
f 4611/2389/2796 4613/2233/79 4617/2390/79
f 4618/2391/2683 4616/2234/2798 4619/2235/2799
f 4618/2391/2683 4614/2390/79 4616/2234/2798
f 4620/2392/2704 4619/2235/2799 4621/2236/2800
f 4620/2392/2704 4618/2391/2683 4619/2235/2799
f 4620/2392/2704 4621/2236/2800 4622/2237/2801
f 4623/2393/2802 4622/2237/2801 4624/2231/2803
f 4623/2393/2802 4620/2392/2704 4622/2237/2801
f 4625/2394/2708 4624/2231/2803 4626/2239/2804
f 4625/2394/2708 4623/2393/2802 4624/2231/2803
f 4625/2394/2708 4626/2239/2804 4627/2240/2805
f 4628/2395/2711 4627/2240/2805 4629/2241/2806
f 4628/2395/2711 4625/2394/2708 4627/2240/2805
f 4630/2396/2713 4629/2241/2806 4631/2242/2807
f 4630/2396/2713 4628/2395/2711 4629/2241/2806
f 4630/2396/2713 4631/2242/2807 4632/2243/2808
f 4633/2397/2809 4632/2243/2808 4634/2244/2810
f 4633/2397/2809 4630/2396/2713 4632/2243/2808
f 4635/2398/2717 4634/2244/2810 4636/2238/2811
f 4635/2398/2717 4633/2397/2809 4634/2244/2810
f 4635/2398/2717 4636/2238/2811 4637/2246/2812
f 4638/2399/2813 4637/2246/2812 4639/2247/2814
f 4638/2399/2813 4635/2398/2717 4637/2246/2812
f 4640/2400/2722 4639/2247/2814 4641/2248/2815
f 4640/2400/2722 4638/2399/2813 4639/2247/2814
f 4642/2401/2816 4641/2248/2815 4643/2249/2817
f 4642/2401/2816 4640/2400/2722 4641/2248/2815
f 4644/2402/2727 4643/2249/2817 4645/2250/2818
f 4644/2402/2727 4642/2401/2816 4643/2249/2817
f 4646/2403/2730 4645/2250/2818 4647/2251/2819
f 4646/2403/2730 4644/2402/2727 4645/2250/2818
f 4648/2404/2732 4647/2251/2819 4649/2252/2820
f 4648/2404/2732 4646/2403/2730 4647/2251/2819
f 4250/2245/2543 4650/2405/2821 4258/2252/2551
f 4648/2404/2732 4649/2252/2820 4651/2405/2822
f 4652/2406/2823 4653/2405/2824 4654/2245/2825
f 4655/2407/2735 4651/2405/2822 4656/2406/2826
f 4655/2407/2735 4648/2404/2732 4651/2405/2822
f 4657/2408/2827 4654/2245/2825 4658/2254/2828
f 4659/2409/2829 4652/2406/2823 4654/2245/2825
f 4660/2410/2830 4659/2409/2829 4654/2245/2825
f 4661/2411/2831 4660/2410/2830 4654/2245/2825
f 4657/2408/2827 4661/2411/2831 4654/2245/2825
f 4662/2412/2832 4658/2254/2828 4663/2253/2833
f 4662/2412/2832 4657/2408/2827 4658/2254/2828
f 4664/2257/2834 4663/2253/2833 4665/2256/2835
f 4666/2255/2836 4663/2253/2833 4664/2257/2834
f 4667/2259/2837 4663/2253/2833 4666/2255/2836
f 4668/2258/2838 4663/2253/2833 4667/2259/2837
f 4669/2261/2839 4663/2253/2833 4668/2258/2838
f 4670/2260/2840 4663/2253/2833 4669/2261/2839
f 4671/2262/2841 4663/2253/2833 4670/2260/2840
f 4672/2264/2842 4663/2253/2833 4671/2262/2841
f 4673/2263/2843 4663/2253/2833 4672/2264/2842
f 4674/2266/2844 4663/2253/2833 4673/2263/2843
f 4480/2348/2684 4663/2253/2833 4674/2266/2844
f 4675/2413/2845 4663/2253/2833 4480/2348/2684
f 4676/2414/2846 4662/2412/2832 4663/2253/2833
f 4675/2413/2845 4676/2414/2846 4663/2253/2833
f 4480/2348/2684 4674/2266/2844 4677/2265/2847
f 4480/2348/2684 4677/2265/2847 4678/2268/2848
f 4480/2348/2684 4678/2268/2848 4679/2267/2849
f 4480/2348/2684 4679/2267/2849 4680/2270/2850
f 4480/2348/2684 4680/2270/2850 4681/2269/2851
f 4480/2348/2684 4681/2269/2851 4682/2272/2852
f 4480/2348/2684 4682/2272/2852 4683/2271/2853
f 4480/2348/2684 4683/2271/2853 4483/2273/2687
f 4684/2415/2854 4685/2126/2855 4686/2133/2856
f 4687/2127/2857 4685/2126/2855 4684/2415/2854
f 4688/2416/2858 4686/2133/2856 4689/2134/2859
f 4688/2416/2858 4684/2415/2854 4686/2133/2856
f 4690/2417/2860 4689/2134/2859 4691/2135/2861
f 4690/2417/2860 4688/2416/2858 4689/2134/2859
f 4692/2418/2653 4691/2135/2861 4693/2136/2862
f 4692/2418/2653 4690/2417/2860 4691/2135/2861
f 4692/2418/2653 4693/2136/2862 4694/2137/2863
f 4695/2419/2655 4694/2137/2863 4696/2138/2864
f 4695/2419/2655 4692/2418/2653 4694/2137/2863
f 4697/2420/2865 4696/2138/2864 4698/2132/2866
f 4697/2420/2865 4695/2419/2655 4696/2138/2864
f 4697/2420/2865 4698/2132/2866 4699/2140/2867
f 4700/2421/2659 4699/2140/2867 4701/2141/2868
f 4700/2421/2659 4697/2420/2865 4699/2140/2867
f 4702/2422/2869 4701/2141/2868 4703/2142/2870
f 4702/2422/2869 4700/2421/2659 4701/2141/2868
f 4702/2422/2869 4703/2142/2870 4704/2143/2871
f 4705/2423/2663 4704/2143/2871 4706/2144/2872
f 4705/2423/2663 4702/2422/2869 4704/2143/2871
f 4707/2424/2873 4706/2144/2872 4708/2145/2874
f 4707/2424/2873 4705/2423/2663 4706/2144/2872
f 4707/2424/2873 4708/2145/2874 4709/2139/2875
f 4710/2425/2782 4709/2139/2875 4711/2147/2876
f 4710/2425/2782 4707/2424/2873 4709/2139/2875
f 4712/2426/2669 4711/2147/2876 4713/2148/2877
f 4712/2426/2669 4710/2425/2782 4711/2147/2876
f 4714/2427/2671 4713/2148/2877 4715/2149/2878
f 4714/2427/2671 4712/2426/2669 4713/2148/2877
f 4716/2428/2790 4715/2149/2878 4717/2150/2879
f 4716/2428/2790 4714/2427/2671 4715/2149/2878
f 4716/2428/2790 4717/2150/2879 4718/2151/2880
f 4719/2429/2881 4718/2151/2880 4720/2152/2882
f 4719/2429/2881 4716/2428/2790 4718/2151/2880
f 4130/2153/2424 4721/2430/2883 4129/2152/2423
f 4722/2431/2794 4720/2152/2882 4723/2430/2884
f 4722/2431/2794 4719/2429/2881 4720/2152/2882
f 4130/2153/2424 4724/2432/2885 4721/2430/2883
f 4725/2433/2886 4723/2430/2884 4726/2432/2887
f 4725/2433/2886 4722/2431/2794 4723/2430/2884
f 4727/2434/2888 4728/2432/2889 4729/2153/2890
f 4725/2433/2886 4726/2432/2887 4730/2434/2891
f 4731/2435/2892 4729/2153/2890 4732/2146/2893
f 4733/2436/2894 4729/2153/2890 4731/2435/2892
f 4734/2437/2895 4727/2434/2888 4729/2153/2890
f 4735/2438/2896 4734/2437/2895 4729/2153/2890
f 4733/2436/2894 4735/2438/2896 4729/2153/2890
f 4731/2435/2892 4732/2146/2893 4736/2154/2897
f 4731/2435/2892 4736/2154/2897 4737/2156/2898
f 4731/2435/2892 4737/2156/2898 4738/2155/2899
f 4731/2435/2892 4738/2155/2899 4739/2158/2900
f 4731/2435/2892 4739/2158/2900 4740/2157/2901
f 4731/2435/2892 4740/2157/2901 4741/2160/2902
f 4742/2439/2903 4741/2160/2902 4743/2159/2904
f 4731/2435/2892 4741/2160/2902 4742/2439/2903
f 4742/2439/2903 4743/2159/2904 4744/2162/2905
f 4742/2439/2903 4744/2162/2905 4745/2161/2906
f 4742/2439/2903 4745/2161/2906 4746/2164/2907
f 4742/2439/2903 4746/2164/2907 4747/2163/2908
f 4742/2439/2903 4747/2163/2908 4748/2165/2909
f 4742/2439/2903 4748/2165/2909 4749/2167/2910
f 4742/2439/2903 4749/2167/2910 4750/2166/2911
f 4742/2439/2903 4750/2166/2911 4751/2169/2912
f 4742/2439/2903 4751/2169/2912 4752/2168/2913
f 4742/2439/2903 4752/2168/2913 4753/2171/2914
f 4742/2439/2903 4753/2171/2914 4754/2172/2915
f 4755/2440/2916 4754/2172/2915 4756/2170/2917
f 4742/2439/2903 4754/2172/2915 4755/2440/2916
f 4755/2440/2916 4756/2170/2917 4757/2174/2918
f 4163/2175/2457 4758/2441/2919 4162/2174/2456
f 4759/2442/2920 4757/2174/2918 4760/2441/2921
f 4761/2443/2922 4755/2440/2916 4757/2174/2918
f 4762/2444/2923 4761/2443/2922 4757/2174/2918
f 4763/2445/2924 4762/2444/2923 4757/2174/2918
f 4764/2446/2925 4763/2445/2924 4757/2174/2918
f 4759/2442/2920 4764/2446/2925 4757/2174/2918
f 4765/2447/2860 4766/2441/2926 4767/2175/2927
f 4765/2447/2860 4768/2442/2928 4766/2441/2926
f 4769/2448/2929 4767/2175/2927 4770/2176/2930
f 4769/2448/2929 4765/2447/2860 4767/2175/2927
f 4771/2449/2931 4770/2176/2930 4772/2173/2932
f 4771/2449/2931 4769/2448/2929 4770/2176/2930
f 4773/2450/2865 4772/2173/2932 4774/2178/2933
f 4773/2450/2865 4771/2449/2931 4772/2173/2932
f 4775/2451/2934 4774/2178/2933 4776/2179/2935
f 4775/2451/2934 4773/2450/2865 4774/2178/2933
f 4777/2452/2869 4776/2179/2935 4778/2180/2936
f 4777/2452/2869 4775/2451/2934 4776/2179/2935
f 4777/2452/2869 4778/2180/2936 4779/2181/2937
f 4780/2453/2663 4779/2181/2937 4781/2182/2938
f 4780/2453/2663 4777/2452/2869 4779/2181/2937
f 4782/2454/2873 4781/2182/2938 4783/2177/2939
f 4782/2454/2873 4780/2453/2663 4781/2182/2938
f 4784/2455/2782 4783/2177/2939 4785/2184/2940
f 4784/2455/2782 4782/2454/2873 4783/2177/2939
f 4784/2455/2782 4785/2184/2940 4786/2185/2786
f 4787/2456/2669 4786/2185/2786 4788/2186/2941
f 4787/2456/2669 4784/2455/2782 4786/2185/2786
f 4789/2457/2671 4788/2186/2941 4790/2187/2942
f 4789/2457/2671 4787/2456/2669 4788/2186/2941
f 4789/2457/2671 4790/2187/2942 4791/2188/2943
f 4792/2458/2790 4791/2188/2943 4793/2189/2944
f 4792/2458/2790 4789/2457/2671 4791/2188/2943
f 4794/2459/2792 4793/2189/2944 4795/2183/2945
f 4794/2459/2792 4792/2458/2790 4793/2189/2944
f 4794/2459/2792 4795/2183/2945 4796/2191/2946
f 4797/2460/2947 4796/2191/2946 4798/2192/2948
f 4797/2460/2947 4794/2459/2792 4796/2191/2946
f 4799/2461/2886 4798/2192/2948 4800/2193/2949
f 4799/2461/2886 4797/2460/2947 4798/2192/2948
f 4799/2461/2886 4800/2193/2949 4801/2194/79
f 4802/2462/79 4803/2194/79 4804/2195/2950
f 4799/2461/2886 4801/2194/79 4805/2462/79
f 4806/2463/2951 4804/2195/2950 4807/2196/2952
f 4806/2463/2951 4802/2462/79 4804/2195/2950
f 4808/2464/2704 4807/2196/2952 4809/2190/2953
f 4808/2464/2704 4806/2463/2951 4807/2196/2952
f 4810/2465/2802 4809/2190/2953 4811/2200/2954
f 4810/2465/2802 4808/2464/2704 4809/2190/2953
f 4812/2466/2955 4811/2200/2954 4813/2201/2956
f 4812/2466/2955 4810/2465/2802 4811/2200/2954
f 4814/2467/2711 4813/2201/2956 4815/2202/2957
f 4814/2467/2711 4812/2466/2955 4813/2201/2956
f 4816/2468/2958 4815/2202/2957 4817/2203/2959
f 4816/2468/2958 4814/2467/2711 4815/2202/2957
f 4816/2468/2958 4817/2203/2959 4555/2199/2743
f 4554/2367/2742 4816/2468/2958 4555/2199/2743
f 4675/2413/2845 4480/2348/2684 4402/2308/2632
f 4408/2312/2638 4675/2413/2845 4402/2308/2632
f 4818/2469/2651 4656/2406/2826 4819/2409/2960
f 4818/2469/2651 4655/2407/2735 4656/2406/2826
f 4820/2470/2961 4819/2409/2960 4821/2410/2962
f 4820/2470/2961 4818/2469/2651 4819/2409/2960
f 4822/2471/2963 4821/2410/2962 4823/2411/2964
f 4822/2471/2963 4820/2470/2961 4821/2410/2962
f 4822/2471/2963 4823/2411/2964 4824/2408/264
f 4825/2472/264 4826/2408/264 4827/2412/2965
f 4828/2472/264 4822/2471/2963 4824/2408/264
f 4829/2473/2966 4827/2412/2965 4830/2414/2967
f 4829/2473/2966 4825/2472/264 4827/2412/2965
f 4675/2413/2845 4831/2474/2968 4676/2414/2846
f 4832/2475/2854 4830/2414/2967 4833/2474/2969
f 4832/2475/2854 4829/2473/2966 4830/2414/2967
f 4588/2376/2776 4831/2474/2968 4675/2413/2845
f 4588/2376/2776 4834/2476/2970 4831/2474/2968
f 4832/2475/2854 4833/2474/2969 4835/2476/2971
f 4836/2477/2972 4675/2413/2845 4408/2312/2638
f 4836/2477/2972 4588/2376/2776 4675/2413/2845
f 4837/2478/2973 4408/2312/2638 4406/2311/2636
f 4837/2478/2973 4836/2477/2972 4408/2312/2638
f 4838/2479/2974 4406/2311/2636 4411/2313/2641
f 4838/2479/2974 4837/2478/2973 4406/2311/2636
f 4839/2480/2975 4411/2313/2641 4415/2314/2645
f 4839/2480/2975 4838/2479/2974 4411/2313/2641
f 4417/1907/2647 4840/2481/2976 4415/2314/2645
f 4841/2482/2977 4415/2314/2645 4840/2481/2976
f 4841/2482/2977 4839/2480/2975 4415/2314/2645
f 4842/1908/2978 4843/2483/2979 4840/2481/2976
f 4844/2484/2980 4840/2481/2976 4843/2483/2979
f 4417/1907/2647 4842/1908/2978 4840/2481/2976
f 4844/2484/2980 4841/2482/2977 4840/2481/2976
f 4845/1910/2981 4846/2485/2982 4843/2483/2979
f 4847/2486/2983 4843/2483/2979 4846/2485/2982
f 4848/1909/2984 4845/1910/2981 4843/2483/2979
f 4842/1908/2978 4848/1909/2984 4843/2483/2979
f 4847/2486/2983 4844/2484/2980 4843/2483/2979
f 4849/1911/2985 4850/2487/2986 4846/2485/2982
f 4851/2488/2987 4846/2485/2982 4850/2487/2986
f 4845/1910/2981 4849/1911/2985 4846/2485/2982
f 4851/2488/2987 4847/2486/2983 4846/2485/2982
f 4852/1913/2988 4853/2489/2989 4850/2487/2986
f 4854/2490/2990 4850/2487/2986 4853/2489/2989
f 4855/1912/2991 4852/1913/2988 4850/2487/2986
f 4849/1911/2985 4855/1912/2991 4850/2487/2986
f 4854/2490/2990 4851/2488/2987 4850/2487/2986
f 4856/1916/2992 4857/2491/2993 4853/2489/2989
f 4858/2492/2994 4853/2489/2989 4857/2491/2993
f 4852/1913/2988 4856/1916/2992 4853/2489/2989
f 4858/2492/2994 4854/2490/2990 4853/2489/2989
f 4859/1921/2995 4860/2493/2996 4857/2491/2993
f 4861/2494/2997 4857/2491/2993 4860/2493/2996
f 4862/1919/2998 4859/1921/2995 4857/2491/2993
f 4856/1916/2992 4862/1919/2998 4857/2491/2993
f 4861/2494/2997 4858/2492/2994 4857/2491/2993
f 4863/2495/2999 4864/2496/3000 4860/2493/2996
f 4865/2497/3001 4860/2493/2996 4864/2496/3000
f 4866/2498/3002 4863/2495/2999 4860/2493/2996
f 4859/1921/2995 4866/2498/3002 4860/2493/2996
f 4865/2497/3001 4861/2494/2997 4860/2493/2996
f 4867/2499/3003 4868/2500/3004 4864/2496/3000
f 4869/2501/3005 4864/2496/3000 4868/2500/3004
f 4870/2502/3006 4867/2499/3003 4864/2496/3000
f 4871/2503/3007 4870/2502/3006 4864/2496/3000
f 4872/2504/3008 4871/2503/3007 4864/2496/3000
f 4863/2495/2999 4872/2504/3008 4864/2496/3000
f 4869/2501/3005 4865/2497/3001 4864/2496/3000
f 4873/2505/3009 4874/2506/3010 4868/2500/3004
f 4875/2507/3011 4868/2500/3004 4874/2506/3010
f 4867/2499/3003 4873/2505/3009 4868/2500/3004
f 4875/2507/3011 4869/2501/3005 4868/2500/3004
f 4876/2508/3012 4877/2509/3013 4874/2506/3010
f 4878/2510/3014 4874/2506/3010 4877/2509/3013
f 4879/2511/3015 4876/2508/3012 4874/2506/3010
f 4873/2505/3009 4879/2511/3015 4874/2506/3010
f 4878/2510/3014 4875/2507/3011 4874/2506/3010
f 4880/2512/3016 4881/2513/3017 4877/2509/3013
f 4882/2514/3018 4877/2509/3013 4881/2513/3017
f 4883/2515/3019 4880/2512/3016 4877/2509/3013
f 4884/2516/3020 4883/2515/3019 4877/2509/3013
f 4885/2517/3021 4884/2516/3020 4877/2509/3013
f 4886/2518/3022 4885/2517/3021 4877/2509/3013
f 4887/2519/3023 4886/2518/3022 4877/2509/3013
f 4876/2508/3012 4887/2519/3023 4877/2509/3013
f 4882/2514/3018 4878/2510/3014 4877/2509/3013
f 4888/2520/3024 4889/2513/3025 4890/2512/3026
f 4891/2521/3027 4882/2514/3018 4881/2513/3017
f 4892/2522/2792 4893/2521/3028 4889/2513/3025
f 4888/2520/3024 4892/2522/2792 4889/2513/3025
f 4894/2523/2886 4890/2512/3026 4895/2515/3029
f 4894/2523/2886 4888/2520/3024 4890/2512/3026
f 4894/2523/2886 4895/2515/3029 4896/2516/79
f 4885/2517/3021 4897/2524/3030 4884/2516/3020
f 4898/2525/79 4899/2516/79 4900/2524/3031
f 4894/2523/2886 4896/2516/79 4901/2525/79
f 4885/2517/3021 4902/2526/3032 4897/2524/3030
f 4903/2527/3033 4900/2524/3031 4904/2526/3034
f 4903/2527/3033 4898/2525/79 4900/2524/3031
f 4885/2517/3021 4905/2528/3035 4902/2526/3032
f 4906/2529/3036 4904/2526/3034 4907/2528/3037
f 4906/2529/3036 4903/2527/3033 4904/2526/3034
f 4885/2517/3021 4908/2530/3038 4905/2528/3035
f 4909/2531/2706 4907/2528/3037 4910/2530/3039
f 4909/2531/2706 4906/2529/3036 4907/2528/3037
f 4885/2517/3021 4911/2532/3040 4908/2530/3038
f 4912/2533/3041 4910/2530/3039 4913/2532/3042
f 4912/2533/3041 4909/2531/2706 4910/2530/3039
f 4914/2534/3043 4915/2532/3044 4916/2517/3045
f 4912/2533/3041 4913/2532/3042 4917/2534/3046
f 4918/2535/3047 4916/2517/3045 4919/2518/3048
f 4914/2534/3043 4916/2517/3045 4918/2535/3047
f 4920/2536/3049 4919/2518/3048 4921/2519/3050
f 4918/2535/3047 4919/2518/3048 4920/2536/3049
f 4922/2537/3051 4887/2519/3023 4876/2508/3012
f 4920/2536/3049 4921/2519/3050 4923/2537/3052
f 4924/2538/3053 4876/2508/3012 4879/2511/3015
f 4925/2539/3054 4922/2537/3051 4876/2508/3012
f 4926/2540/3055 4925/2539/3054 4876/2508/3012
f 4927/2541/3056 4926/2540/3055 4876/2508/3012
f 4928/2542/3057 4927/2541/3056 4876/2508/3012
f 4929/2543/3058 4928/2542/3057 4876/2508/3012
f 4930/2544/3059 4929/2543/3058 4876/2508/3012
f 4931/2545/3060 4930/2544/3059 4876/2508/3012
f 4932/2546/3061 4931/2545/3060 4876/2508/3012
f 4933/2547/3062 4932/2546/3061 4876/2508/3012
f 4924/2538/3053 4933/2547/3062 4876/2508/3012
f 4934/2548/3063 4879/2511/3015 4873/2505/3009
f 4935/2549/3064 4936/2550/3065 4879/2511/3015
f 4937/2551/3066 4879/2511/3015 4936/2550/3065
f 4938/2552/3067 4935/2549/3064 4879/2511/3015
f 4939/2553/3068 4938/2552/3067 4879/2511/3015
f 4940/2554/3069 4939/2553/3068 4879/2511/3015
f 4941/2555/3070 4940/2554/3069 4879/2511/3015
f 4942/2556/3071 4941/2555/3070 4879/2511/3015
f 4934/2548/3063 4942/2556/3071 4879/2511/3015
f 4943/2557/3072 4924/2538/3053 4879/2511/3015
f 4944/2558/3073 4943/2557/3072 4879/2511/3015
f 4945/2559/3074 4944/2558/3073 4879/2511/3015
f 4946/2560/3075 4945/2559/3074 4879/2511/3015
f 4947/2561/3076 4946/2560/3075 4879/2511/3015
f 4948/2562/3077 4947/2561/3076 4879/2511/3015
f 4937/2551/3066 4948/2562/3077 4879/2511/3015
f 4949/2563/3078 4950/2505/3079 4951/2499/3080
f 4952/2564/3081 4934/2548/3063 4873/2505/3009
f 4953/2565/3082 4952/2564/3081 4873/2505/3009
f 4954/2566/3083 4953/2565/3082 4873/2505/3009
f 4955/2567/3084 4954/2566/3083 4873/2505/3009
f 4956/2568/3085 4955/2567/3084 4873/2505/3009
f 4957/2569/3086 4956/2568/3085 4873/2505/3009
f 4958/2570/3087 4957/2569/3086 4873/2505/3009
f 4959/2571/3088 4960/2570/3089 4950/2505/3079
f 4959/2571/3088 4950/2505/3079 4949/2563/3078
f 4961/2572/3090 4951/2499/3080 4962/2502/3091
f 4949/2563/3078 4951/2499/3080 4961/2572/3090
f 4963/2573/3092 4962/2502/3091 4964/2503/3093
f 4961/2572/3090 4962/2502/3091 4963/2573/3092
f 4965/2574/3094 4964/2503/3093 4966/2504/3095
f 4963/2573/3092 4964/2503/3093 4965/2574/3094
f 4967/2575/3096 4966/2504/3095 4968/2495/3097
f 4965/2574/3094 4966/2504/3095 4967/2575/3096
f 4969/2576/3098 4968/2495/3097 4970/2498/3099
f 4967/2575/3096 4968/2495/3097 4969/2576/3098
f 3759/1922/2238 4970/2498/3099 3760/1921/2237
f 4971/2577/3100 4970/2498/3099 3759/1922/2238
f 4969/2576/3098 4970/2498/3099 4971/2577/3100
f 4588/2376/2776 4972/2578/3101 4834/2476/2970
f 4973/2579/2858 4835/2476/2971 4974/2578/3102
f 4973/2579/2858 4832/2475/2854 4835/2476/2971
f 4588/2376/2776 4587/2375/2775 4972/2578/3101
f 4975/2580/3103 4974/2578/3102 4976/2375/3104
f 4975/2580/3103 4973/2579/2858 4974/2578/3102
f 4977/2581/2929 4976/2375/3104 4978/2374/3105
f 4977/2581/2929 4975/2580/3103 4976/2375/3104
f 4979/2582/2655 4978/2374/3105 4980/2377/3106
f 4979/2582/2655 4977/2581/2929 4978/2374/3105
f 4981/2583/2865 4980/2377/3106 4982/2378/3107
f 4981/2583/2865 4979/2582/2655 4980/2377/3106
f 4983/2584/2659 4982/2378/3107 4984/2379/3108
f 4983/2584/2659 4981/2583/2865 4982/2378/3107
f 4985/2585/3109 4984/2379/3108 4986/2380/3110
f 4985/2585/3109 4983/2584/2659 4984/2379/3108
f 4987/2586/2663 4986/2380/3110 4599/2373/2785
f 4987/2586/2663 4985/2585/3109 4986/2380/3110
f 4598/2383/2665 4987/2586/2663 4599/2373/2785
f 4988/2587/3111 4588/2376/2776 4836/2477/2972
f 4988/2587/3111 4571/2371/2759 4588/2376/2776
f 4989/2588/3112 4836/2477/2972 4837/2478/2973
f 4989/2588/3112 4988/2587/3111 4836/2477/2972
f 4990/2589/3113 4837/2478/2973 4838/2479/2974
f 4990/2589/3113 4989/2588/3112 4837/2478/2973
f 4991/2590/3114 4838/2479/2974 4839/2480/2975
f 4992/2591/3115 4990/2589/3113 4838/2479/2974
f 4991/2590/3114 4992/2591/3115 4838/2479/2974
f 4993/2592/3116 4839/2480/2975 4841/2482/2977
f 4994/2593/3117 4991/2590/3114 4839/2480/2975
f 4995/2594/3118 4994/2593/3117 4839/2480/2975
f 4996/2595/3119 4995/2594/3118 4839/2480/2975
f 4997/2596/3120 4996/2595/3119 4839/2480/2975
f 4998/2597/3121 4997/2596/3120 4839/2480/2975
f 4999/2598/3122 4998/2597/3121 4839/2480/2975
f 5000/2599/3123 4999/2598/3122 4839/2480/2975
f 4993/2592/3116 5000/2599/3123 4839/2480/2975
f 5001/2600/3124 4841/2482/2977 4844/2484/2980
f 5002/2601/3125 4993/2592/3116 4841/2482/2977
f 5003/2602/3126 5002/2601/3125 4841/2482/2977
f 5004/2603/3127 5003/2602/3126 4841/2482/2977
f 5005/2604/3128 5004/2603/3127 4841/2482/2977
f 5006/2605/3129 5005/2604/3128 4841/2482/2977
f 5007/2606/3130 5006/2605/3129 4841/2482/2977
f 5008/2607/3131 5007/2606/3130 4841/2482/2977
f 5009/2608/3132 5008/2607/3131 4841/2482/2977
f 5010/2609/3133 5009/2608/3132 4841/2482/2977
f 5011/2610/3134 5010/2609/3133 4841/2482/2977
f 5012/2611/3135 5011/2610/3134 4841/2482/2977
f 5013/2612/3136 5012/2611/3135 4841/2482/2977
f 5014/2613/3137 5013/2612/3136 4841/2482/2977
f 5015/2614/3138 5014/2613/3137 4841/2482/2977
f 5016/2615/3139 5015/2614/3138 4841/2482/2977
f 5017/2616/3140 5016/2615/3139 4841/2482/2977
f 5001/2600/3124 5017/2616/3140 4841/2482/2977
f 5018/2617/3141 4844/2484/2980 4847/2486/2983
f 5019/2618/3142 5001/2600/3124 4844/2484/2980
f 5020/2619/3143 5019/2618/3142 4844/2484/2980
f 5021/2620/3144 5020/2619/3143 4844/2484/2980
f 5022/2621/3145 5021/2620/3144 4844/2484/2980
f 5023/2622/3146 5022/2621/3145 4844/2484/2980
f 5024/2623/3147 5023/2622/3146 4844/2484/2980
f 5025/2624/3148 5024/2623/3147 4844/2484/2980
f 5026/2625/3149 5025/2624/3148 4844/2484/2980
f 5027/2626/3150 5026/2625/3149 4844/2484/2980
f 5028/2627/3151 5027/2626/3150 4844/2484/2980
f 5029/2628/3152 5028/2627/3151 4844/2484/2980
f 5030/2629/3153 5029/2628/3152 4844/2484/2980
f 5031/2630/3154 5030/2629/3153 4844/2484/2980
f 5018/2617/3141 5031/2630/3154 4844/2484/2980
f 5032/2631/3155 4847/2486/2983 4851/2488/2987
f 5033/2632/3156 5018/2617/3141 4847/2486/2983
f 5034/2633/3157 5033/2632/3156 4847/2486/2983
f 5035/2634/3158 5034/2633/3157 4847/2486/2983
f 5036/2635/3159 5035/2634/3158 4847/2486/2983
f 5037/2636/3160 5036/2635/3159 4847/2486/2983
f 5038/2637/3161 5037/2636/3160 4847/2486/2983
f 5039/2638/3162 5038/2637/3161 4847/2486/2983
f 5040/2639/3163 5039/2638/3162 4847/2486/2983
f 5041/2640/3164 5040/2639/3163 4847/2486/2983
f 5032/2631/3155 5041/2640/3164 4847/2486/2983
f 5042/2641/3165 4851/2488/2987 4854/2490/2990
f 5043/2642/3166 5032/2631/3155 4851/2488/2987
f 5044/2643/3167 5043/2642/3166 4851/2488/2987
f 5045/2644/3168 5044/2643/3167 4851/2488/2987
f 5046/2645/3169 5045/2644/3168 4851/2488/2987
f 5042/2641/3165 5046/2645/3169 4851/2488/2987
f 5047/2646/3170 4854/2490/2990 4858/2492/2994
f 5048/2647/3171 5042/2641/3165 4854/2490/2990
f 5049/2648/3172 5048/2647/3171 4854/2490/2990
f 5050/2649/3173 5049/2648/3172 4854/2490/2990
f 5047/2646/3170 5050/2649/3173 4854/2490/2990
f 5051/2650/3174 4858/2492/2994 4861/2494/2997
f 5052/2651/3175 5047/2646/3170 4858/2492/2994
f 5051/2650/3174 5052/2651/3175 4858/2492/2994
f 5053/2652/3176 4861/2494/2997 4865/2497/3001
f 5054/2653/3177 5051/2650/3174 4861/2494/2997
f 5055/2654/3178 5054/2653/3177 4861/2494/2997
f 5056/2655/3179 5055/2654/3178 4861/2494/2997
f 5057/2656/3180 5056/2655/3179 4861/2494/2997
f 5058/2657/3181 5057/2656/3180 4861/2494/2997
f 5059/2658/3182 5058/2657/3181 4861/2494/2997
f 5060/2659/3183 5059/2658/3182 4861/2494/2997
f 5061/2660/3184 5060/2659/3183 4861/2494/2997
f 5062/2661/3185 5061/2660/3184 4861/2494/2997
f 5063/2662/3186 5062/2661/3185 4861/2494/2997
f 5053/2652/3176 5063/2662/3186 4861/2494/2997
f 5064/2663/3187 4865/2497/3001 4869/2501/3005
f 5065/2664/3188 5053/2652/3176 4865/2497/3001
f 5066/2665/3189 5065/2664/3188 4865/2497/3001
f 5067/2666/3190 5066/2665/3189 4865/2497/3001
f 5068/2667/3191 5067/2666/3190 4865/2497/3001
f 5069/2668/3192 5068/2667/3191 4865/2497/3001
f 5064/2663/3187 5069/2668/3192 4865/2497/3001
f 5070/2669/3193 4869/2501/3005 4875/2507/3011
f 5071/2670/3194 5064/2663/3187 4869/2501/3005
f 5072/2671/3195 5071/2670/3194 4869/2501/3005
f 5073/2672/3196 5072/2671/3195 4869/2501/3005
f 5070/2669/3193 5073/2672/3196 4869/2501/3005
f 5074/2673/3197 4875/2507/3011 4878/2510/3014
f 5074/2673/3197 5070/2669/3193 4875/2507/3011
f 5075/2674/3198 4878/2510/3014 4882/2514/3018
f 5075/2674/3198 5074/2673/3197 4878/2510/3014
f 5076/2675/3199 5077/2676/3200 4882/2514/3018
f 5078/2677/3201 4882/2514/3018 5077/2676/3200
f 5079/2678/3202 5076/2675/3199 4882/2514/3018
f 5080/2679/3203 5079/2678/3202 4882/2514/3018
f 5081/2680/3204 5080/2679/3203 4882/2514/3018
f 5082/2681/3205 5081/2680/3204 4882/2514/3018
f 5083/2682/3206 5082/2681/3205 4882/2514/3018
f 5084/2683/3207 5083/2682/3206 4882/2514/3018
f 5085/2684/3208 5084/2683/3207 4882/2514/3018
f 5086/2685/3209 5085/2684/3208 4882/2514/3018
f 5087/2686/3210 5086/2685/3209 4882/2514/3018
f 5088/2687/3211 5087/2686/3210 4882/2514/3018
f 4891/2521/3027 5088/2687/3211 4882/2514/3018
f 5078/2677/3201 5075/2674/3198 4882/2514/3018
f 5089/2688/3212 5090/2676/3213 5091/2675/3214
f 5092/2689/3215 5078/2677/3201 5077/2676/3200
f 5093/2690/3216 5094/2689/3217 5090/2676/3213
f 5093/2690/3216 5090/2676/3213 5089/2688/3212
f 5095/2691/3218 5091/2675/3214 5096/2678/3219
f 5089/2688/3212 5091/2675/3214 5095/2691/3218
f 5097/2692/3220 5096/2678/3219 5098/2679/3221
f 5097/2692/3220 5095/2691/3218 5096/2678/3219
f 5099/2693/2659 5100/2679/3222 5101/2680/3223
f 5102/2694/3224 5103/2692/3225 5100/2679/3222
f 5099/2693/2659 5102/2694/3224 5100/2679/3222
f 5104/2695/2661 5101/2680/3223 5105/2681/3226
f 5104/2695/2661 5099/2693/2659 5101/2680/3223
f 5106/2696/3227 5105/2681/3226 5107/2682/3228
f 5106/2696/3227 5104/2695/2661 5105/2681/3226
f 5108/2697/2873 5107/2682/3228 5109/2683/3229
f 5108/2697/2873 5106/2696/3227 5107/2682/3228
f 5110/2698/2782 5109/2683/3229 5111/2684/3230
f 5110/2698/2782 5108/2697/2873 5109/2683/3229
f 5112/2699/2669 5111/2684/3230 5113/2685/3231
f 5112/2699/2669 5110/2698/2782 5111/2684/3230
f 5114/2700/3232 5113/2685/3231 5115/2686/3233
f 5114/2700/3232 5112/2699/2669 5113/2685/3231
f 5116/2701/2790 5115/2686/3233 5117/2687/3234
f 5116/2701/2790 5114/2700/3232 5115/2686/3233
f 4892/2522/2792 5117/2687/3234 4893/2521/3028
f 4892/2522/2792 5116/2701/2790 5117/2687/3234
f 4563/2370/2751 4571/2371/2759 4988/2587/3111
f 5118/2702/3235 4988/2587/3111 4989/2588/3112
f 5118/2702/3235 4563/2370/2751 4988/2587/3111
f 5119/2703/3236 4989/2588/3112 4990/2589/3113
f 5119/2703/3236 5118/2702/3235 4989/2588/3112
f 5120/2704/3237 4990/2589/3113 4992/2591/3115
f 5120/2704/3237 5119/2703/3236 4990/2589/3113
f 5121/2705/1323 5122/2591/1323 5123/2590/1323
f 2116/1189/231 2117/821/231 2567/1336/231
f 5124/1335/231 5125/1323/231 5126/1326/231
f 5127/2706/1382 5128/2590/1382 5129/2593/1382
f 5121/2705/1323 5123/2590/1323 5130/2706/1323
f 5127/2706/1382 5129/2593/1382 5131/2594/1382
f 5132/2707/591 5133/2594/591 5134/2595/591
f 5127/2706/1382 5131/2594/1382 5135/2707/1382
f 5132/2707/591 5134/2595/591 5136/2596/591
f 5137/2708/590 5138/2596/590 5139/2597/590
f 5132/2707/591 5136/2596/591 5140/2708/591
f 5137/2708/590 5139/2597/590 5141/2598/590
f 5142/2709/589 5143/2598/589 5144/2599/589
f 5137/2708/590 5141/2598/590 5145/2709/590
f 5142/2709/589 5144/2599/589 5146/2592/589
f 5147/2710/588 5148/2592/588 5149/2601/588
f 5142/2709/589 5146/2592/589 5150/2710/589
f 5147/2710/588 5149/2601/588 5151/2602/588
f 5152/2711/587 5153/2602/587 5154/2603/587
f 5147/2710/588 5151/2602/588 5155/2711/588
f 5152/2711/587 5154/2603/587 5156/2604/587
f 5157/2712/586 5158/2604/586 5159/2605/586
f 5152/2711/587 5156/2604/587 5160/2712/587
f 5157/2712/586 5159/2605/586 5161/2606/586
f 5162/2713/584 5163/2606/584 5164/2607/584
f 5157/2712/586 5161/2606/586 5165/2713/586
f 5162/2713/584 5164/2607/584 5166/2608/584
f 5167/2714/676 5168/2608/676 5169/2609/676
f 5162/2713/584 5166/2608/584 5170/2714/584
f 5167/2714/676 5169/2609/676 5171/2610/676
f 5172/2715/3238 5173/2716/3239 5011/2610/3134
f 5174/2717/978 5175/2610/978 5176/2716/978
f 5177/2718/3240 5172/2715/3238 5011/2610/3134
f 5012/2611/3135 5177/2718/3240 5011/2610/3134
f 5167/2714/676 5171/2610/676 5178/2717/676
f 5172/2715/3238 5179/2719/3241 5173/2716/3239
f 5174/2717/978 5176/2716/978 5180/2719/978
f 5181/2720/1457 5182/2719/1457 5183/2721/3242
f 5172/2715/3238 5184/2721/3243 5179/2719/3241
f 5185/2722/1457 5182/2719/1457 5181/2720/1457
f 5186/2723/978 5174/2717/978 5180/2719/978
f 5187/2723/1457 5182/2719/1457 5185/2722/1457
f 5172/2715/3238 5188/2720/3244 5184/2721/3243
f 5172/2715/3238 5189/2724/3245 5188/2720/3244
f 5190/2722/1342 5191/2720/1342 5192/2724/1342
f 5172/2715/3238 5193/2725/3246 5189/2724/3245
f 5190/2722/1342 5192/2724/1342 5194/2725/1342
f 5172/2715/3238 5195/2726/3247 5193/2725/3246
f 5196/2727/1339 5197/2725/1339 5198/2726/1339
f 5190/2722/1342 5194/2725/1342 5199/2727/1342
f 5172/2715/3238 5200/2728/3248 5195/2726/3247
f 5196/2727/1339 5198/2726/1339 5201/2728/1339
f 5172/2715/3238 5202/2729/3249 5200/2728/3248
f 5203/2730/978 5204/2728/978 5205/2729/978
f 5196/2727/1339 5201/2728/1339 5206/2730/1339
f 5172/2715/3238 5207/2731/3250 5202/2729/3249
f 5203/2730/978 5205/2729/978 5208/2731/978
f 5172/2715/3238 5209/2732/3251 5207/2731/3250
f 5210/2733/1334 5211/2731/1334 5212/2732/1334
f 5203/2730/978 5208/2731/978 5213/2733/978
f 5172/2715/3238 5214/2734/3252 5209/2732/3251
f 5210/2733/1334 5212/2732/1334 5215/2734/1334
f 5172/2715/3238 5216/2735/3253 5214/2734/3252
f 5217/2736/1331 5218/2734/1331 5219/2735/1331
f 5210/2733/1334 5215/2734/1334 5220/2736/1334
f 5172/2715/3238 5221/2737/3254 5216/2735/3253
f 5217/2736/1331 5219/2735/1331 5222/2737/1331
f 5172/2715/3238 5223/2738/3255 5221/2737/3254
f 5224/2739/1436 5225/2737/1436 5226/2738/1436
f 5217/2736/1331 5222/2737/1331 5227/2739/1331
f 5172/2715/3238 5228/2740/3256 5223/2738/3255
f 5224/2739/1436 5226/2738/1436 5229/2740/1436
f 5230/2741/1434 5231/2740/1434 5232/2715/1434
f 5224/2739/1436 5229/2740/1436 5233/2741/1436
f 5234/2742/3257 5172/2715/3238 5177/2718/3240
f 5235/2743/3258 5172/2715/3238 5234/2742/3257
f 5236/2744/3259 5172/2715/3238 5235/2743/3258
f 5230/2741/1434 5232/2715/1434 5237/2744/1434
f 5238/2745/1323 5239/2718/1323 5240/2611/1323
f 5241/2746/3260 5234/2742/3257 5177/2718/3240
f 5238/2745/1323 5242/2746/3261 5239/2718/1323
f 5243/2747/1382 5244/2611/1382 5245/2612/1382
f 5238/2745/1323 5240/2611/1323 5246/2747/1323
f 5243/2747/1382 5245/2612/1382 5247/2613/1382
f 5248/2748/591 5249/2613/591 5250/2614/591
f 5243/2747/1382 5247/2613/1382 5251/2748/1382
f 5248/2748/591 5250/2614/591 5252/2615/591
f 5253/2749/590 5254/2615/590 5255/2616/590
f 5248/2748/591 5252/2615/591 5256/2749/591
f 5253/2749/590 5255/2616/590 5257/2600/590
f 5258/2750/589 5259/2600/589 5260/2618/589
f 5253/2749/590 5257/2600/590 5261/2750/590
f 5258/2750/589 5260/2618/589 5262/2619/589
f 5263/2751/588 5264/2619/588 5265/2620/588
f 5258/2750/589 5262/2619/589 5266/2751/589
f 5263/2751/588 5265/2620/588 5267/2621/588
f 5268/2752/587 5269/2621/587 5270/2622/587
f 5263/2751/588 5267/2621/588 5271/2752/588
f 5268/2752/587 5270/2622/587 5272/2623/587
f 5273/2753/586 5274/2623/586 5275/2624/586
f 5268/2752/587 5272/2623/587 5276/2753/587
f 5273/2753/586 5275/2624/586 5277/2625/586
f 5278/2754/584 5279/2625/584 5280/2626/584
f 5273/2753/586 5277/2625/586 5281/2754/586
f 5278/2754/584 5280/2626/584 5282/2627/584
f 5283/2755/677 5284/2627/677 5285/2628/677
f 5286/2756/677 5284/2627/677 5283/2755/677
f 5278/2754/584 5282/2627/584 5287/2756/584
f 5283/2755/677 5285/2628/677 5288/2629/677
f 5289/2755/676 5290/2629/676 5291/2630/3262
f 5018/2617/3141 5292/2757/3263 5031/2630/3154
f 5293/2758/3264 5031/2630/3154 5292/2757/3263
f 5289/2755/676 5291/2630/3262 5294/2758/3265
f 5295/2759/79 5296/2757/79 5297/2617/79
f 5298/2760/3266 5292/2757/3263 5299/2761/3267
f 5300/2762/3268 5299/2761/3267 5292/2757/3263
f 5301/2763/3269 5302/2764/3270 5292/2757/3263
f 5293/2758/3264 5292/2757/3263 5302/2764/3270
f 5303/2765/3271 5301/2763/3269 5292/2757/3263
f 5298/2760/3266 5303/2765/3271 5292/2757/3263
f 5295/2759/79 5304/2762/79 5296/2757/79
f 5305/2766/588 5306/2617/588 5307/2632/588
f 5295/2759/79 5297/2617/79 5308/2766/79
f 5305/2766/588 5307/2632/588 5309/2633/588
f 5310/2767/264 5311/2633/264 5312/2634/264
f 5305/2766/588 5309/2633/588 5313/2767/588
f 5310/2767/264 5312/2634/264 5314/2635/264
f 5037/2636/3160 5315/2768/3272 5036/2635/3159
f 5316/2769/3273 5036/2635/3159 5315/2768/3272
f 5310/2767/264 5314/2635/264 5317/2769/264
f 5037/2636/3160 5318/2770/3274 5315/2768/3272
f 5319/2771/3275 5320/2768/3275 5321/2770/3275
f 5322/2772/3276 5315/2768/3272 5323/2773/3277
f 5319/2771/3275 5324/2773/3275 5320/2768/3275
f 5322/2772/3276 5316/2769/3273 5315/2768/3272
f 5319/2771/3275 5321/2770/3275 5325/2636/3275
f 5326/2774/588 5327/2636/588 5328/2637/588
f 5319/2771/3275 5325/2636/3275 5329/2774/3275
f 5326/2774/588 5328/2637/588 5330/2638/588
f 5331/2775/3278 5332/2638/3278 5333/2639/3278
f 5326/2774/588 5330/2638/588 5334/2775/588
f 5331/2775/3278 5333/2639/3278 5335/2640/3278
f 5032/2631/3155 5336/2776/3279 5041/2640/3164
f 5337/2777/3280 5041/2640/3164 5336/2776/3279
f 5338/2778/3281 5339/2779/3282 5041/2640/3164
f 5331/2775/3278 5335/2640/3278 5340/2779/3278
f 5337/2777/3280 5338/2778/3281 5041/2640/3164
f 5341/2780/79 5342/2776/79 5343/2631/79
f 5344/2781/3283 5336/2776/3279 5345/2782/3284
f 5346/2783/3285 5345/2782/3284 5336/2776/3279
f 5347/2784/3286 5337/2777/3280 5336/2776/3279
f 5348/2785/3287 5347/2784/3286 5336/2776/3279
f 5349/2786/3288 5348/2785/3287 5336/2776/3279
f 5344/2781/3283 5349/2786/3288 5336/2776/3279
f 5341/2780/79 5350/2783/79 5342/2776/79
f 5351/2787/588 5352/2631/588 5353/2642/588
f 5341/2780/79 5343/2631/79 5354/2787/79
f 5351/2787/588 5353/2642/588 5355/2643/588
f 5356/2788/264 5357/2643/264 5358/2644/264
f 5351/2787/588 5355/2643/588 5359/2788/588
f 5356/2788/264 5358/2644/264 5360/2645/264
f 5361/2789/3289 5362/2790/3290 5046/2645/3169
f 5363/2791/978 5364/2645/978 5365/2790/978
f 5042/2641/3165 5361/2789/3289 5046/2645/3169
f 5356/2788/264 5360/2645/264 5366/2791/264
f 5367/2792/3291 5368/2793/3292 5362/2790/3290
f 5363/2791/978 5365/2790/978 5369/2793/978
f 5361/2789/3289 5367/2792/3291 5362/2790/3290
f 5370/2794/264 5371/2793/264 5372/2792/264
f 5373/2794/978 5363/2791/978 5369/2793/978
f 5374/2795/3293 5367/2792/3291 5361/2789/3289
f 5370/2794/264 5372/2792/264 5375/2795/264
f 5042/2641/3165 5376/2796/3294 5361/2789/3289
f 5377/2797/3295 5361/2789/3289 5376/2796/3294
f 5378/2798/3296 5361/2789/3289 5377/2797/3295
f 5379/2799/3297 5374/2795/3293 5361/2789/3289
f 5380/2800/3298 5379/2799/3297 5361/2789/3289
f 5381/2801/3299 5380/2800/3298 5361/2789/3289
f 5382/2802/3300 5381/2801/3299 5361/2789/3289
f 5378/2798/3296 5382/2802/3300 5361/2789/3289
f 5383/2803/79 5384/2796/79 5385/2641/79
f 5386/2804/3301 5377/2797/3295 5376/2796/3294
f 5383/2803/79 5387/2804/3302 5384/2796/79
f 5388/2805/588 5389/2641/588 5390/2647/588
f 5383/2803/79 5385/2641/79 5391/2805/79
f 5388/2805/588 5390/2647/588 5392/2648/588
f 5393/2806/264 5394/2648/264 5395/2649/264
f 5388/2805/588 5392/2648/588 5396/2806/588
f 5047/2646/3170 5397/2807/3303 5050/2649/3173
f 5398/2808/3304 5050/2649/3173 5397/2807/3303
f 5393/2806/264 5395/2649/264 5399/2808/264
f 5400/2809/79 5401/2807/79 5402/2646/79
f 5403/2810/3305 5397/2807/3303 5404/2811/3306
f 5405/2812/3307 5404/2811/3306 5397/2807/3303
f 5403/2810/3305 5398/2808/3304 5397/2807/3303
f 5400/2809/79 5406/2812/79 5401/2807/79
f 5407/2813/588 5408/2646/588 5409/2651/588
f 5400/2809/79 5402/2646/79 5410/2813/79
f 5407/2813/588 5409/2651/588 5411/2650/588
f 5412/2814/264 5413/2650/264 5414/2653/264
f 5407/2813/588 5411/2650/588 5415/2814/588
f 5412/2814/264 5414/2653/264 5416/2654/264
f 5417/2815/3308 5418/2816/3309 5055/2654/3178
f 5419/2817/978 5420/2654/978 5421/2816/978
f 5422/2818/3310 5417/2815/3308 5055/2654/3178
f 5423/2819/3311 5422/2818/3310 5055/2654/3178
f 5424/2820/3312 5423/2819/3311 5055/2654/3178
f 5425/2821/3313 5424/2820/3312 5055/2654/3178
f 5426/2822/3314 5425/2821/3313 5055/2654/3178
f 5056/2655/3179 5426/2822/3314 5055/2654/3178
f 5412/2814/264 5416/2654/264 5427/2817/264
f 5417/2815/3308 5428/2823/3315 5418/2816/3309
f 5419/2817/978 5421/2816/978 5429/2823/978
f 5430/2824/264 5431/2823/264 5432/2815/264
f 5433/2824/978 5419/2817/978 5429/2823/978
f 5434/2825/3316 5417/2815/3308 5422/2818/3310
f 5430/2824/264 5432/2815/264 5435/2825/264
f 5436/2826/1323 5437/2818/3317 5438/2819/1323
f 5439/2827/3318 5434/2825/3316 5422/2818/3310
f 5440/2828/3319 5439/2827/3318 5422/2818/3310
f 5441/2829/3320 5440/2828/3319 5422/2818/3310
f 5442/2830/3321 5441/2829/3320 5422/2818/3310
f 5443/2831/3322 5442/2830/3321 5422/2818/3310
f 5444/2832/3323 5443/2831/3322 5422/2818/3310
f 5436/2826/1323 5445/2832/3324 5437/2818/3317
f 5446/2833/1382 5447/2819/1382 5448/2820/1382
f 5449/2834/1382 5447/2819/1382 5446/2833/1382
f 5436/2826/1323 5438/2819/1323 5450/2834/1323
f 5425/2821/3313 5451/2835/3325 5424/2820/3312
f 5452/2833/591 5453/2820/591 5454/2835/591
f 5452/2833/591 5454/2835/591 5455/2821/591
f 5456/2836/590 5457/2821/590 5458/2822/590
f 5452/2833/591 5455/2821/591 5459/2836/591
f 5456/2836/590 5458/2822/590 5460/2655/590
f 5461/2837/589 5462/2655/589 5463/2656/589
f 5456/2836/590 5460/2655/590 5464/2837/590
f 5461/2837/589 5463/2656/589 5465/2657/589
f 5466/2838/588 5467/2657/588 5468/2658/588
f 5461/2837/589 5465/2657/589 5469/2838/589
f 5466/2838/588 5468/2658/588 5470/2659/588
f 5471/2839/587 5472/2659/587 5473/2660/587
f 5466/2838/588 5470/2659/588 5474/2839/588
f 5471/2839/587 5473/2660/587 5475/2661/587
f 5476/2840/586 5477/2661/586 5478/2662/586
f 5471/2839/587 5475/2661/587 5479/2840/587
f 5476/2840/586 5478/2662/586 5480/2652/586
f 5065/2664/3188 5481/2841/3326 5053/2652/3176
f 5482/2842/584 5483/2652/584 5484/2841/584
f 5476/2840/586 5480/2652/586 5485/2842/586
f 5065/2664/3188 5486/2843/3327 5481/2841/3326
f 5482/2842/584 5484/2841/584 5487/2843/584
f 5065/2664/3188 5488/2844/3328 5486/2843/3327
f 5489/2845/676 5490/2843/3329 5491/2844/676
f 5482/2842/584 5487/2843/584 5492/2845/584
f 5065/2664/3188 5493/2846/3330 5488/2844/3328
f 5489/2845/676 5491/2844/676 5494/2846/676
f 5495/2847/3331 5496/2848/3332 5493/2846/3330
f 5497/2849/978 5498/2846/978 5499/2848/978
f 5500/2850/3333 5495/2847/3331 5493/2846/3330
f 5065/2664/3188 5500/2850/3333 5493/2846/3330
f 5489/2845/676 5494/2846/676 5501/2849/676
f 5495/2847/3331 5502/2851/3334 5496/2848/3332
f 5497/2849/978 5499/2848/978 5503/2851/978
f 5504/2852/3335 5505/2851/3335 5506/2853/3336
f 5495/2847/3331 5507/2853/3337 5502/2851/3334
f 5508/2854/3335 5505/2851/3335 5504/2852/3335
f 5509/2855/978 5497/2849/978 5503/2851/978
f 5510/2855/3335 5505/2851/3335 5508/2854/3335
f 5495/2847/3331 5511/2852/3338 5507/2853/3337
f 5495/2847/3331 5512/2856/3339 5511/2852/3338
f 5513/2857/1342 5514/2852/1342 5515/2856/1342
f 5516/2854/1342 5514/2852/1342 5513/2857/1342
f 5495/2847/3331 5517/2858/3340 5512/2856/3339
f 5513/2857/1342 5515/2856/1342 5518/2858/1342
f 5495/2847/3331 5519/2859/3341 5517/2858/3340
f 5520/2857/1339 5521/2858/1339 5522/2859/1339
f 5495/2847/3331 5523/2860/3342 5519/2859/3341
f 5520/2857/1339 5522/2859/1339 5524/2860/1339
f 5495/2847/3331 5525/2861/3343 5523/2860/3342
f 5526/2862/978 5527/2860/978 5528/2861/978
f 5520/2857/1339 5524/2860/1339 5529/2862/1339
f 5495/2847/3331 5530/2863/3344 5525/2861/3343
f 5526/2862/978 5528/2861/978 5531/2863/978
f 5495/2847/3331 5532/2864/3345 5530/2863/3344
f 5533/2865/1334 5534/2863/1334 5535/2864/1334
f 5536/2866/1334 5534/2863/1334 5533/2865/1334
f 5526/2862/978 5531/2863/978 5537/2866/978
f 5495/2847/3331 5538/2867/3346 5532/2864/3345
f 5533/2865/1334 5535/2864/1334 5539/2867/1334
f 5495/2847/3331 5540/2868/3347 5538/2867/3346
f 5541/2869/1331 5542/2867/1331 5543/2868/1331
f 5544/2865/1331 5542/2867/1331 5541/2869/1331
f 5495/2847/3331 5545/2870/3348 5540/2868/3347
f 5541/2869/1331 5543/2868/1331 5546/2870/1331
f 5495/2847/3331 5547/2871/3349 5545/2870/3348
f 5548/2872/1436 5549/2870/1436 5550/2871/1436
f 5551/2869/1436 5549/2870/1436 5548/2872/1436
f 5495/2847/3331 5552/2873/3350 5547/2871/3349
f 5548/2872/1436 5550/2871/1436 5553/2873/1436
f 5554/2874/1434 5555/2873/1434 5556/2847/1434
f 5557/2872/1434 5555/2873/1434 5554/2874/1434
f 5558/2875/3351 5495/2847/3331 5500/2850/3333
f 5559/2876/3352 5495/2847/3331 5558/2875/3351
f 5560/2877/3353 5495/2847/3331 5559/2876/3352
f 5554/2874/1434 5556/2847/1434 5561/2877/1434
f 5562/2878/79 5563/2850/79 5564/2664/79
f 5565/2879/3354 5558/2875/3351 5500/2850/3333
f 5562/2878/79 5566/2879/79 5563/2850/79
f 5567/2880/588 5568/2664/588 5569/2665/588
f 5562/2878/79 5564/2664/79 5570/2880/79
f 5567/2880/588 5569/2665/588 5571/2666/588
f 5572/2881/264 5573/2666/264 5574/2667/264
f 5567/2880/588 5571/2666/588 5575/2881/588
f 5572/2881/264 5574/2667/264 5576/2668/264
f 5577/2882/3355 5578/2883/3356 5069/2668/3192
f 5579/2884/3357 5069/2668/3192 5578/2883/3356
f 5064/2663/3187 5577/2882/3355 5069/2668/3192
f 5572/2881/264 5576/2668/264 5580/2884/264
f 5581/2885/79 5582/2883/3302 5583/2882/79
f 5584/2886/3358 5579/2884/3357 5578/2883/3356
f 5585/2887/3359 5584/2886/3358 5578/2883/3356
f 5581/2885/79 5586/2887/79 5582/2883/3302
f 5581/2885/79 5583/2882/79 5587/2663/79
f 5588/2888/588 5589/2663/588 5590/2670/588
f 5581/2885/79 5587/2663/79 5591/2888/79
f 5588/2888/588 5590/2670/588 5592/2671/588
f 5593/2889/264 5594/2671/264 5595/2672/3360
f 5588/2888/588 5592/2671/588 5596/2889/588
f 5597/2890/3361 5073/2672/3196 5070/2669/3193
f 5593/2889/264 5595/2672/3360 5598/2890/264
f 5599/2891/3362 5070/2669/3193 5074/2673/3197
f 5600/2892/3363 5070/2669/3193 5599/2891/3362
f 5601/2893/3364 5070/2669/3193 5600/2892/3363
f 5602/2894/3365 5070/2669/3193 5601/2893/3364
f 5602/2894/3365 5597/2890/3361 5070/2669/3193
f 5603/2895/3366 5074/2673/3197 5075/2674/3198
f 5599/2891/3362 5074/2673/3197 5603/2895/3366
f 5604/2896/3367 5075/2674/3198 5078/2677/3201
f 5603/2895/3366 5075/2674/3198 5604/2896/3367
f 5605/2897/3368 5606/2898/3369 5078/2677/3201
f 5607/2899/3370 5078/2677/3201 5606/2898/3369
f 5608/2900/3371 5605/2897/3368 5078/2677/3201
f 5092/2689/3215 5608/2900/3371 5078/2677/3201
f 5604/2896/3367 5078/2677/3201 5607/2899/3370
f 5609/2901/3372 5610/2898/3373 5611/2897/3374
f 5612/2902/3375 5607/2899/3370 5606/2898/3369
f 5613/2903/3376 5614/2902/3377 5610/2898/3373
f 5613/2903/3376 5610/2898/3373 5609/2901/3372
f 5609/2901/3372 5611/2897/3374 5615/2900/3378
f 5093/2690/3216 5615/2900/3378 5094/2689/3217
f 5609/2901/3372 5615/2900/3378 5093/2690/3216
f 4551/2366/2739 4563/2370/2751 5118/2702/3235
f 5616/2904/3379 5118/2702/3235 5119/2703/3236
f 4551/2366/2739 5118/2702/3235 5616/2904/3379
f 5617/2905/3380 5119/2703/3236 5120/2704/3237
f 5616/2904/3379 5119/2703/3236 5617/2905/3380
f 5618/2906/3381 5619/2907/3382 5120/2704/3237
f 5620/2908/3383 5120/2704/3237 5619/2907/3382
f 5621/2909/3384 5618/2906/3381 5120/2704/3237
f 5622/2910/3385 5621/2909/3384 5120/2704/3237
f 5623/2911/3386 5622/2910/3385 5120/2704/3237
f 4992/2591/3115 5623/2911/3386 5120/2704/3237
f 5617/2905/3380 5120/2704/3237 5620/2908/3383
f 5624/2912/1381 5625/2907/3387 5626/2906/1381
f 5627/2913/3388 5620/2908/3383 5619/2907/3382
f 5624/2912/1381 5628/2913/1381 5625/2907/3387
f 5624/2912/1381 5626/2906/1381 5629/2909/1381
f 5630/2914/79 5631/2909/79 5632/2910/79
f 5624/2912/1381 5629/2909/1381 5633/2914/1381
f 5630/2914/79 5632/2910/79 5634/2911/79
f 5121/2705/1323 5635/2911/1323 5122/2591/1323
f 5630/2914/79 5634/2911/79 5636/2705/79
f 4551/2366/2739 5637/2915/3389 4557/2368/2745
f 5638/2916/2720 4559/2368/2747 5639/2915/3390
f 5638/2916/2720 4558/2369/2746 4559/2368/2747
f 4551/2366/2739 5640/2917/3391 5637/2915/3389
f 5641/2918/2722 5639/2915/3390 5642/2917/3392
f 5641/2918/2722 5638/2916/2720 5639/2915/3390
f 4551/2366/2739 5643/2919/3393 5640/2917/3391
f 5644/2920/2725 5642/2917/3392 5645/2919/3394
f 5644/2920/2725 5641/2918/2722 5642/2917/3392
f 4551/2366/2739 5646/2921/3395 5643/2919/3393
f 5647/2922/2727 5645/2919/3394 5648/2921/3396
f 5647/2922/2727 5644/2920/2725 5645/2919/3394
f 4551/2366/2739 5649/2923/3397 5646/2921/3395
f 5650/2924/2730 5648/2921/3396 5651/2923/3398
f 5650/2924/2730 5647/2922/2727 5648/2921/3396
f 4551/2366/2739 5652/2925/3399 5649/2923/3397
f 5653/2926/2732 5651/2923/3398 5654/2925/3400
f 5653/2926/2732 5650/2924/2730 5651/2923/3398
f 4551/2366/2739 5655/2927/3401 5652/2925/3399
f 5656/2928/2735 5654/2925/3400 5657/2927/3402
f 5656/2928/2735 5653/2926/2732 5654/2925/3400
f 4551/2366/2739 5658/2929/3403 5655/2927/3401
f 5659/2930/2651 5657/2927/3402 5660/2929/3404
f 5659/2930/2651 5656/2928/2735 5657/2927/3402
f 4551/2366/2739 5661/2931/3405 5658/2929/3403
f 5662/2932/2648 5660/2929/3404 5663/2931/3406
f 5662/2932/2648 5659/2930/2651 5660/2929/3404
f 4551/2366/2739 4755/2440/2916 5661/2931/3405
f 5664/2933/3407 5661/2931/3405 4755/2440/2916
f 5662/2932/2648 5663/2931/3406 5665/2933/3408
f 5616/2904/3379 5666/2934/3409 4755/2440/2916
f 4742/2439/2903 4755/2440/2916 5666/2934/3409
f 4551/2366/2739 5616/2904/3379 4755/2440/2916
f 5667/2935/3410 5664/2933/3407 4755/2440/2916
f 4761/2443/2922 5667/2935/3410 4755/2440/2916
f 5617/2905/3380 5668/2936/3411 5666/2934/3409
f 5669/2937/3412 5666/2934/3409 5668/2936/3411
f 5616/2904/3379 5617/2905/3380 5666/2934/3409
f 4731/2435/2892 4742/2439/2903 5666/2934/3409
f 5669/2937/3412 4731/2435/2892 5666/2934/3409
f 5620/2908/3383 5670/2938/3413 5668/2936/3411
f 5671/2939/3414 5668/2936/3411 5670/2938/3413
f 5617/2905/3380 5620/2908/3383 5668/2936/3411
f 5671/2939/3414 5669/2937/3412 5668/2936/3411
f 5672/2940/3415 5673/2941/3416 5670/2938/3413
f 5674/2942/3417 5670/2938/3413 5673/2941/3416
f 5620/2908/3383 5672/2940/3415 5670/2938/3413
f 5675/2943/3418 5671/2939/3414 5670/2938/3413
f 5676/2944/3419 5675/2943/3418 5670/2938/3413
f 5677/2945/3420 5676/2944/3419 5670/2938/3413
f 5674/2942/3417 5677/2945/3420 5670/2938/3413
f 5678/2946/3421 5679/2947/3422 5673/2941/3416
f 5680/2948/3423 5673/2941/3416 5679/2947/3422
f 5672/2940/3415 5678/2946/3421 5673/2941/3416
f 5681/2949/3424 5674/2942/3417 5673/2941/3416
f 5680/2948/3423 5681/2949/3424 5673/2941/3416
f 5682/2950/3425 5683/2951/3426 5679/2947/3422
f 5684/2952/3427 5679/2947/3422 5683/2951/3426
f 5678/2946/3421 5682/2950/3425 5679/2947/3422
f 5685/2953/3428 5680/2948/3423 5679/2947/3422
f 5684/2952/3427 5685/2953/3428 5679/2947/3422
f 5686/2954/3429 5687/2955/3430 5683/2951/3426
f 5688/2956/3431 5683/2951/3426 5687/2955/3430
f 5682/2950/3425 5686/2954/3429 5683/2951/3426
f 5688/2956/3431 5684/2952/3427 5683/2951/3426
f 5689/2957/3432 5690/2958/3433 5687/2955/3430
f 5691/2959/3434 5687/2955/3430 5690/2958/3433
f 5686/2954/3429 5689/2957/3432 5687/2955/3430
f 5692/2960/3435 5688/2956/3431 5687/2955/3430
f 5691/2959/3434 5692/2960/3435 5687/2955/3430
f 5693/2961/3436 5694/2962/3437 5690/2958/3433
f 5695/2963/3438 5690/2958/3433 5694/2962/3437
f 5689/2957/3432 5693/2961/3436 5690/2958/3433
f 5695/2963/3438 5691/2959/3434 5690/2958/3433
f 5696/2964/3439 5697/2965/3440 5694/2962/3437
f 5698/2966/3441 5694/2962/3437 5697/2965/3440
f 5693/2961/3436 5696/2964/3439 5694/2962/3437
f 5699/2967/3442 5695/2963/3438 5694/2962/3437
f 5698/2966/3441 5699/2967/3442 5694/2962/3437
f 5700/2968/3443 5701/2969/3444 5697/2965/3440
f 5702/2970/3445 5697/2965/3440 5701/2969/3444
f 5696/2964/3439 5700/2968/3443 5697/2965/3440
f 5702/2970/3445 5698/2966/3441 5697/2965/3440
f 5703/2971/3446 5704/2972/3447 5701/2969/3444
f 5705/2973/3448 5701/2969/3444 5704/2972/3447
f 5700/2968/3443 5703/2971/3446 5701/2969/3444
f 5706/2974/3449 5702/2970/3445 5701/2969/3444
f 5705/2973/3448 5706/2974/3449 5701/2969/3444
f 5707/2975/3450 5708/2976/3451 5704/2972/3447
f 5709/2977/3452 5704/2972/3447 5708/2976/3451
f 5703/2971/3446 5707/2975/3450 5704/2972/3447
f 5710/2978/3453 5705/2973/3448 5704/2972/3447
f 5711/2979/3454 5710/2978/3453 5704/2972/3447
f 5709/2977/3452 5711/2979/3454 5704/2972/3447
f 5712/2980/3455 5713/2981/3456 5708/2976/3451
f 5714/2982/3457 5708/2976/3451 5713/2981/3456
f 5707/2975/3450 5712/2980/3455 5708/2976/3451
f 5715/2983/3458 5709/2977/3452 5708/2976/3451
f 5716/2984/3459 5715/2983/3458 5708/2976/3451
f 5714/2982/3457 5716/2984/3459 5708/2976/3451
f 5717/2985/3460 5718/2986/3461 5713/2981/3456
f 5719/2987/3462 5713/2981/3456 5718/2986/3461
f 5712/2980/3455 5717/2985/3460 5713/2981/3456
f 5719/2987/3462 5714/2982/3457 5713/2981/3456
f 5720/2988/3463 5721/2989/3464 5718/2986/3461
f 5722/2990/3465 5718/2986/3461 5721/2989/3464
f 5717/2985/3460 5720/2988/3463 5718/2986/3461
f 5723/2991/3466 5719/2987/3462 5718/2986/3461
f 5724/2992/3467 5723/2991/3466 5718/2986/3461
f 5722/2990/3465 5724/2992/3467 5718/2986/3461
f 5720/2988/3463 5725/2993/3468 5721/2989/3464
f 5726/2994/3036 5727/2989/3469 5728/2993/3470
f 5726/2994/3036 5729/2990/3471 5727/2989/3469
f 5720/2988/3463 5730/2995/3472 5725/2993/3468
f 5731/2996/2802 5728/2993/3470 5732/2995/3473
f 5731/2996/2802 5726/2994/3036 5728/2993/3470
f 5720/2988/3463 5733/2997/3474 5730/2995/3472
f 5734/2998/3475 5732/2995/3473 5735/2997/3476
f 5734/2998/3475 5731/2996/2802 5732/2995/3473
f 5736/2999/3477 5737/3000/3478 5733/2997/3474
f 5738/3001/2711 5735/2997/3476 5739/3000/3479
f 5720/2988/3463 5736/2999/3477 5733/2997/3474
f 5738/3001/2711 5734/2998/3475 5735/2997/3476
f 5736/2999/3477 5740/3002/3480 5737/3000/3478
f 5741/3003/2713 5739/3000/3479 5742/3002/3481
f 5741/3003/2713 5738/3001/2711 5739/3000/3479
f 5736/2999/3477 5743/3004/3482 5740/3002/3480
f 5744/3005/2715 5742/3002/3481 5745/3004/3483
f 5744/3005/2715 5741/3003/2713 5742/3002/3481
f 5736/2999/3477 5746/3006/3484 5743/3004/3482
f 5747/3007/2717 5745/3004/3483 5748/3006/3485
f 5747/3007/2717 5744/3005/2715 5745/3004/3483
f 5736/2999/3477 5749/3008/3486 5746/3006/3484
f 5750/3009/2720 5748/3006/3485 5751/3008/3487
f 5750/3009/2720 5747/3007/2717 5748/3006/3485
f 5736/2999/3477 5752/3010/3488 5749/3008/3486
f 5753/3011/3489 5751/3008/3487 5754/3010/3490
f 5753/3011/3489 5750/3009/2720 5751/3008/3487
f 5736/2999/3477 5755/3012/3491 5752/3010/3488
f 5756/3013/3492 5754/3010/3490 5757/3012/3493
f 5756/3013/3492 5753/3011/3489 5754/3010/3490
f 5736/2999/3477 5758/3014/3494 5755/3012/3491
f 5759/3015/3495 5760/3012/3496 5761/3014/3497
f 5762/3016/3498 5757/3012/3493 5763/3015/3499
f 5762/3016/3498 5756/3013/3492 5757/3012/3493
f 5736/2999/3477 5764/3017/3500 5758/3014/3494
f 5765/3018/3501 5761/3014/3497 5766/3017/3502
f 5767/3019/3503 5761/3014/3497 5765/3018/3501
f 5768/3020/3496 5761/3014/3497 5767/3019/3503
f 5768/3020/3496 5759/3015/3495 5761/3014/3497
f 5769/3021/3504 5766/3017/3502 5770/2999/3505
f 5765/3018/3501 5766/3017/3502 5769/3021/3504
f 5604/2896/3367 5736/2999/3477 5720/2988/3463
f 5607/2899/3370 5771/3022/3506 5736/2999/3477
f 5769/3021/3504 5770/2999/3505 5772/3022/3507
f 5604/2896/3367 5607/2899/3370 5736/2999/3477
f 5603/2895/3366 5720/2988/3463 5717/2985/3460
f 5603/2895/3366 5604/2896/3367 5720/2988/3463
f 5599/2891/3362 5717/2985/3460 5712/2980/3455
f 5599/2891/3362 5603/2895/3366 5717/2985/3460
f 5600/2892/3363 5712/2980/3455 5707/2975/3450
f 5600/2892/3363 5599/2891/3362 5712/2980/3455
f 5773/3023/3508 5707/2975/3450 5703/2971/3446
f 5773/3023/3508 5600/2892/3363 5707/2975/3450
f 5774/3024/3509 5703/2971/3446 5700/2968/3443
f 5775/3025/3510 5773/3023/3508 5703/2971/3446
f 5776/3026/3511 5775/3025/3510 5703/2971/3446
f 5777/3027/3512 5776/3026/3511 5703/2971/3446
f 5778/3028/3513 5777/3027/3512 5703/2971/3446
f 5774/3024/3509 5778/3028/3513 5703/2971/3446
f 5779/3029/3514 5700/2968/3443 5696/2964/3439
f 5780/3030/3515 5774/3024/3509 5700/2968/3443
f 5781/3031/3516 5780/3030/3515 5700/2968/3443
f 5782/3032/3517 5781/3031/3516 5700/2968/3443
f 5783/3033/3518 5782/3032/3517 5700/2968/3443
f 5784/3034/3519 5783/3033/3518 5700/2968/3443
f 5785/3035/3520 5784/3034/3519 5700/2968/3443
f 5786/3036/3521 5785/3035/3520 5700/2968/3443
f 5779/3029/3514 5786/3036/3521 5700/2968/3443
f 5787/3037/3522 5696/2964/3439 5693/2961/3436
f 5788/3038/3523 5779/3029/3514 5696/2964/3439
f 5789/3039/3524 5788/3038/3523 5696/2964/3439
f 5790/3040/3525 5789/3039/3524 5696/2964/3439
f 5791/3041/3526 5790/3040/3525 5696/2964/3439
f 5792/3042/3527 5791/3041/3526 5696/2964/3439
f 5793/3043/3528 5792/3042/3527 5696/2964/3439
f 5794/3044/3529 5793/3043/3528 5696/2964/3439
f 5795/3045/3530 5794/3044/3529 5696/2964/3439
f 5796/3046/3531 5795/3045/3530 5696/2964/3439
f 5797/3047/3532 5796/3046/3531 5696/2964/3439
f 5798/3048/3533 5797/3047/3532 5696/2964/3439
f 5799/3049/3534 5798/3048/3533 5696/2964/3439
f 5800/3050/3535 5799/3049/3534 5696/2964/3439
f 5801/3051/3536 5800/3050/3535 5696/2964/3439
f 5787/3037/3522 5801/3051/3536 5696/2964/3439
f 5802/3052/3537 5693/2961/3436 5689/2957/3432
f 5803/3053/3538 5787/3037/3522 5693/2961/3436
f 5804/3054/3539 5803/3053/3538 5693/2961/3436
f 5805/3055/3540 5804/3054/3539 5693/2961/3436
f 5802/3052/3537 5805/3055/3540 5693/2961/3436
f 5806/3056/3541 5689/2957/3432 5686/2954/3429
f 5807/3057/3542 5802/3052/3537 5689/2957/3432
f 5808/3058/3543 5807/3057/3542 5689/2957/3432
f 5809/3059/3544 5808/3058/3543 5689/2957/3432
f 5806/3056/3541 5809/3059/3544 5689/2957/3432
f 5810/3060/3545 5686/2954/3429 5682/2950/3425
f 5811/3061/3546 5806/3056/3541 5686/2954/3429
f 5812/3062/3547 5811/3061/3546 5686/2954/3429
f 5813/3063/3548 5812/3062/3547 5686/2954/3429
f 5814/3064/3549 5813/3063/3548 5686/2954/3429
f 5815/3065/3550 5814/3064/3549 5686/2954/3429
f 5816/3066/3551 5815/3065/3550 5686/2954/3429
f 5817/3067/3552 5816/3066/3551 5686/2954/3429
f 5818/3068/3553 5817/3067/3552 5686/2954/3429
f 5819/3069/3554 5818/3068/3553 5686/2954/3429
f 5810/3060/3545 5819/3069/3554 5686/2954/3429
f 5820/3070/3555 5682/2950/3425 5678/2946/3421
f 5821/3071/3556 5810/3060/3545 5682/2950/3425
f 5822/3072/3557 5821/3071/3556 5682/2950/3425
f 5823/3073/3558 5822/3072/3557 5682/2950/3425
f 5824/3074/3559 5823/3073/3558 5682/2950/3425
f 5825/3075/3560 5824/3074/3559 5682/2950/3425
f 5299/2761/3267 5825/3075/3560 5682/2950/3425
f 5826/3076/3561 5299/2761/3267 5682/2950/3425
f 5827/3077/3562 5826/3076/3561 5682/2950/3425
f 5828/3078/3563 5827/3077/3562 5682/2950/3425
f 5829/3079/3564 5828/3078/3563 5682/2950/3425
f 5830/3080/3565 5829/3079/3564 5682/2950/3425
f 5820/3070/3555 5830/3080/3565 5682/2950/3425
f 5831/3081/3566 5678/2946/3421 5672/2940/3415
f 5832/3082/3567 5820/3070/3555 5678/2946/3421
f 5833/3083/3568 5832/3082/3567 5678/2946/3421
f 5834/3084/3569 5833/3083/3568 5678/2946/3421
f 5835/3085/3570 5834/3084/3569 5678/2946/3421
f 5836/3086/3571 5835/3085/3570 5678/2946/3421
f 5837/3087/3572 5836/3086/3571 5678/2946/3421
f 5838/3088/3573 5837/3087/3572 5678/2946/3421
f 5839/3089/3574 5838/3088/3573 5678/2946/3421
f 5840/3090/3575 5839/3089/3574 5678/2946/3421
f 5831/3081/3566 5840/3090/3575 5678/2946/3421
f 5841/3091/3576 5672/2940/3415 5620/2908/3383
f 5842/3092/3577 5831/3081/3566 5672/2940/3415
f 5843/3093/3578 5842/3092/3577 5672/2940/3415
f 5844/3094/3579 5843/3093/3578 5672/2940/3415
f 5845/3095/3580 5844/3094/3579 5672/2940/3415
f 5846/3096/3581 5845/3095/3580 5672/2940/3415
f 5847/3097/3582 5846/3096/3581 5672/2940/3415
f 5848/3098/3583 5847/3097/3582 5672/2940/3415
f 5841/3091/3576 5848/3098/3583 5672/2940/3415
f 5849/3099/3584 5841/3091/3576 5620/2908/3383
f 5850/3100/3585 5849/3099/3584 5620/2908/3383
f 5851/3101/3586 5850/3100/3585 5620/2908/3383
f 5852/3102/3587 5851/3101/3586 5620/2908/3383
f 5627/2913/3388 5852/3102/3587 5620/2908/3383
f 5607/2899/3370 5853/3103/3588 5771/3022/3506
f 5854/3104/3589 5772/3022/3507 5855/3103/3590
f 5769/3021/3504 5772/3022/3507 5854/3104/3589
f 5607/2899/3370 5856/3105/3591 5853/3103/3588
f 5854/3104/3589 5855/3103/3590 5857/3105/3592
f 5858/3106/3593 5857/3105/3592 5859/2899/3594
f 5854/3104/3589 5857/3105/3592 5858/3106/3593
f 5612/2902/3375 5860/3107/3595 5607/2899/3370
f 5858/3106/3593 5859/2899/3594 5861/3107/3596
f 5773/3023/3508 5601/2893/3364 5600/2892/3363
f 5593/2889/264 5862/2893/264 5863/3023/264
f 5593/2889/264 5864/2894/264 5862/2893/264
f 5865/3108/978 5866/3023/978 5867/3025/978
f 5593/2889/264 5863/3023/264 5868/3108/264
f 5865/3108/978 5867/3025/978 5869/3026/978
f 5870/3109/79 5871/3026/79 5872/3027/79
f 5865/3108/978 5869/3026/978 5873/3109/978
f 5870/3109/79 5872/3027/79 5874/3028/79
f 5875/3110/3597 5876/3111/3598 5778/3028/3513
f 5877/3112/3599 5778/3028/3513 5876/3111/3598
f 5774/3024/3509 5875/3110/3597 5778/3028/3513
f 5870/3109/79 5874/3028/79 5878/3112/79
f 5879/3113/264 5880/3111/264 5881/3110/264
f 5882/3114/3600 5877/3112/3599 5876/3111/3598
f 5883/3115/3601 5882/3114/3600 5876/3111/3598
f 5879/3113/264 5884/3115/264 5880/3111/264
f 5879/3113/264 5881/3110/264 5885/3024/264
f 5886/3116/978 5887/3024/978 5888/3030/978
f 5879/3113/264 5885/3024/264 5889/3116/264
f 5886/3116/978 5888/3030/978 5890/3031/978
f 5562/2878/79 5891/3031/79 5892/3032/79
f 5886/3116/978 5890/3031/978 5893/2878/978
f 5894/3117/3602 5558/2875/3351 5782/3032/3517
f 5895/3118/3603 5782/3032/3517 5558/2875/3351
f 5896/3119/3604 5894/3117/3602 5782/3032/3517
f 5897/3120/3605 5896/3119/3604 5782/3032/3517
f 5898/3121/3606 5897/3120/3605 5782/3032/3517
f 5899/3122/3607 5898/3121/3606 5782/3032/3517
f 5900/3123/3608 5899/3122/3607 5782/3032/3517
f 5783/3033/3518 5900/3123/3608 5782/3032/3517
f 5562/2878/79 5892/3032/79 5901/3118/79
f 5902/3124/1404 5903/2875/3609 5904/3117/1404
f 5905/2876/3610 5903/2875/3609 5902/3124/1404
f 5565/2879/3354 5895/3118/3603 5558/2875/3351
f 5906/3125/1401 5907/3117/1401 5908/3119/3611
f 5909/3126/1401 5907/3117/1401 5906/3125/1401
f 5910/3127/1404 5902/3124/1404 5904/3117/1404
f 5911/3127/1401 5907/3117/1401 5909/3126/1401
f 5897/3120/3605 5912/3125/3612 5896/3119/3604
f 5913/3128/1376 5914/3125/1376 5915/3129/3613
f 5897/3120/3605 5916/3129/3614 5912/3125/3612
f 5917/3130/1376 5914/3125/1376 5913/3128/1376
f 5918/3126/1376 5914/3125/1376 5917/3130/1376
f 5897/3120/3605 5919/3128/3615 5916/3129/3614
f 5920/3131/1373 5921/3132/1373 5922/3133/1373
f 5897/3120/3605 5923/3131/3616 5919/3128/3615
f 5922/3133/1373 5924/3128/1373 5920/3131/1373
f 5925/3130/1373 5924/3128/1373 5922/3133/1373
f 5897/3120/3605 5926/3132/3617 5923/3131/3616
f 5897/3120/3605 5927/3134/3618 5926/3132/3617
f 5928/3133/588 5929/3132/588 5930/3134/588
f 5897/3120/3605 5931/3135/3619 5927/3134/3618
f 5928/3133/588 5930/3134/588 5932/3135/588
f 5897/3120/3605 5933/3136/3620 5931/3135/3619
f 5934/3137/1371 5935/3135/1371 5936/3136/1371
f 5928/3133/588 5932/3135/588 5937/3137/588
f 5897/3120/3605 5938/3138/3621 5933/3136/3620
f 5934/3137/1371 5936/3136/1371 5939/3138/1371
f 5940/3139/1370 5941/3138/1370 5942/3140/3622
f 5897/3120/3605 5943/3140/3623 5938/3138/3621
f 5944/3141/1370 5941/3138/1370 5940/3139/1370
f 5945/3142/1370 5941/3138/1370 5944/3141/1370
f 5934/3137/1371 5939/3138/1371 5946/3142/1371
f 5947/3143/3624 5948/3139/3625 5943/3140/3623
f 5897/3120/3605 5947/3143/3624 5943/3140/3623
f 5949/3144/3626 5950/3139/3626 5951/3143/3626
f 5952/3141/1454 5950/3139/3626 5949/3144/3626
f 5949/3144/3626 5951/3143/3626 5953/3120/3627
f 5954/3144/588 5955/3120/588 5956/3121/588
f 5954/3144/588 5956/3121/588 5957/3122/588
f 5958/3145/706 5959/3122/706 5960/3123/706
f 5954/3144/588 5957/3122/588 5961/3145/588
f 5958/3145/706 5960/3123/706 5962/3033/706
f 5963/3146/703 5964/3033/703 5965/3034/703
f 5958/3145/706 5962/3033/706 5966/3146/706
f 5963/3146/703 5965/3034/703 5967/3035/703
f 5968/3147/990 5969/3035/990 5970/3036/990
f 5963/3146/703 5967/3035/703 5971/3147/703
f 5968/3147/990 5970/3036/990 5972/3029/990
f 5973/3148/989 5974/3029/989 5975/3038/989
f 5968/3147/990 5972/3029/990 5976/3148/990
f 5973/3148/989 5975/3038/989 5977/3039/989
f 5978/3149/978 5979/3039/978 5980/3040/978
f 5973/3148/989 5977/3039/989 5981/3149/989
f 5978/3149/978 5980/3040/978 5982/3041/978
f 5983/3150/988 5984/3041/988 5985/3042/988
f 5978/3149/978 5982/3041/978 5986/3150/978
f 5983/3150/988 5985/3042/988 5987/3043/988
f 5988/3151/987 5989/3043/987 5990/3044/987
f 5983/3150/988 5987/3043/988 5991/3151/988
f 5988/3151/987 5990/3044/987 5992/3045/987
f 5993/3152/985 5994/3045/985 5995/3046/985
f 5988/3151/987 5992/3045/987 5996/3152/987
f 5993/3152/985 5995/3046/985 5997/3047/985
f 5998/3153/1389 5999/3047/1389 6000/3048/1389
f 6001/3154/1389 5999/3047/1389 5998/3153/1389
f 5993/3152/985 5997/3047/985 6002/3154/985
f 5998/3153/1389 6000/3048/1389 6003/3049/1389
f 6004/3153/1381 6005/3049/1381 6006/3050/1381
f 6007/3155/3628 6008/3156/3629 5800/3050/3535
f 6009/3157/3630 5800/3050/3535 6008/3156/3629
f 6010/3158/3631 6007/3155/3628 5800/3050/3535
f 6011/3159/3632 6010/3158/3631 5800/3050/3535
f 6012/3160/3633 6011/3159/3632 5800/3050/3535
f 6013/3161/3634 6012/3160/3633 5800/3050/3535
f 5801/3051/3536 6013/3161/3634 5800/3050/3535
f 6004/3153/1381 6006/3050/1381 6014/3157/1381
f 6015/3162/264 6016/3156/264 6017/3155/264
f 6018/3163/3635 5443/2831/3322 6008/3156/3629
f 6019/3164/3636 6008/3156/3629 5443/2831/3322
f 6020/3165/3637 6018/3163/3635 6008/3156/3629
f 6015/3162/264 6021/3165/264 6016/3156/264
f 6019/3164/3636 6009/3157/3630 6008/3156/3629
f 6015/3162/264 6017/3155/264 6022/3158/264
f 6023/3166/588 6024/3158/588 6025/3159/588
f 6015/3162/264 6022/3158/264 6026/3166/264
f 6023/3166/588 6025/3159/588 6027/3160/588
f 6028/3167/264 6029/3160/264 6030/3161/264
f 6023/3166/588 6027/3160/588 6031/3167/588
f 6028/3167/264 6030/3161/264 6032/3051/264
f 6033/3168/978 6034/3051/978 6035/3037/978
f 6028/3167/264 6032/3051/264 6036/3168/264
f 6033/3168/978 6035/3037/978 6037/3053/978
f 5400/2809/79 6038/3053/79 6039/3054/79
f 6033/3168/978 6037/3053/978 6040/2809/978
f 6041/3169/3638 5404/2811/3306 5804/3054/3539
f 6042/3170/3639 5804/3054/3539 5404/2811/3306
f 6043/3171/3640 6041/3169/3638 5804/3054/3539
f 6044/3172/3641 6043/3171/3640 5804/3054/3539
f 6045/3173/3642 6044/3172/3641 5804/3054/3539
f 5805/3055/3540 6045/3173/3642 5804/3054/3539
f 5400/2809/79 6039/3054/79 6046/3170/79
f 5393/2806/264 6047/2811/264 6048/3169/264
f 5393/2806/264 6049/2810/264 6047/2811/264
f 5405/2812/3307 6042/3170/3639 5404/2811/3306
f 6050/3174/588 6051/3169/588 6052/3171/588
f 5393/2806/264 6048/3169/264 6053/3174/264
f 6050/3174/588 6052/3171/588 6054/3172/588
f 6055/3055/264 6056/3172/264 6057/3173/3643
f 6058/3175/264 6056/3172/264 6055/3055/264
f 6059/3176/264 6056/3172/264 6058/3175/264
f 6050/3174/588 6054/3172/588 6060/3176/588
f 6061/3175/978 6062/3055/978 6063/3052/978
f 6061/3175/978 6063/3052/978 6064/3057/978
f 6065/3177/79 6066/3057/79 6067/3058/79
f 6068/3178/978 6061/3175/978 6064/3057/978
f 6069/3178/79 6066/3057/79 6065/3177/79
f 6065/3177/79 6067/3058/79 6070/3059/79
f 6071/3179/3644 6072/3180/3645 5809/3059/3544
f 6073/3177/588 6074/3059/588 6075/3180/588
f 6076/3181/3646 6071/3179/3644 5809/3059/3544
f 5806/3056/3541 6076/3181/3646 5809/3059/3544
f 6071/3179/3644 6077/3182/3647 6072/3180/3645
f 6073/3177/588 6075/3180/588 6078/3182/588
f 5383/2803/79 6079/3182/79 6080/3179/79
f 6073/3177/588 6078/3182/588 6081/2803/588
f 6082/3183/3648 5377/2797/3295 6071/3179/3644
f 6083/3184/3649 6071/3179/3644 5377/2797/3295
f 6076/3181/3646 6082/3183/3648 6071/3179/3644
f 5383/2803/79 6080/3179/79 6084/3184/79
f 6085/3185/3650 6086/3186/3651 5377/2797/3295
f 5378/2798/3296 5377/2797/3295 6086/3186/3651
f 6087/3187/3652 6085/3185/3650 5377/2797/3295
f 6088/3188/3653 6087/3187/3652 5377/2797/3295
f 6082/3183/3648 6088/3188/3653 5377/2797/3295
f 5386/2804/3301 6083/3184/3649 5377/2797/3295
f 6089/3189/264 6090/3186/264 6091/3185/264
f 6092/3190/3654 5378/2798/3296 6086/3186/3651
f 6093/3191/3655 6092/3190/3654 6086/3186/3651
f 6089/3189/264 6094/3191/264 6090/3186/264
f 6089/3189/264 6091/3185/264 6095/3187/264
f 6096/3192/588 6097/3187/588 6098/3188/588
f 6089/3189/264 6095/3187/264 6099/3192/264
f 6096/3192/588 6098/3188/588 6100/3183/588
f 6101/3193/264 6102/3183/264 6103/3181/264
f 6096/3192/588 6100/3183/588 6104/3193/588
f 6101/3193/264 6103/3181/264 6105/3056/264
f 6106/3194/978 6107/3056/978 6108/3061/978
f 6101/3193/264 6105/3056/264 6109/3194/264
f 6106/3194/978 6108/3061/978 6110/3062/978
f 5341/2780/79 6111/3062/79 6112/3063/79
f 6106/3194/978 6110/3062/978 6113/2780/978
f 6114/3195/3656 5345/2782/3284 5813/3063/3548
f 6115/3196/3657 5813/3063/3548 5345/2782/3284
f 5814/3064/3549 6114/3195/3656 5813/3063/3548
f 5341/2780/79 6112/3063/79 6116/3196/79
f 6117/3064/264 6118/2782/3658 6119/3195/3659
f 6120/2781/264 6118/2782/3658 6117/3064/264
f 5346/2783/3285 6115/3196/3657 5345/2782/3284
f 6121/3066/1325 6122/3064/1325 6123/3065/3660
f 6124/3197/1325 6122/3064/1325 6121/3066/1325
f 6125/3198/264 6120/2781/264 6117/3064/264
f 6126/3198/1325 6122/3064/1325 6124/3197/1325
f 6127/3068/3661 6128/3066/3661 6129/3067/3662
f 6130/3199/3661 6128/3066/3661 6127/3068/3661
f 6131/3197/3661 6128/3066/3661 6130/3199/3661
f 6132/3060/3663 6133/3068/3663 6134/3069/3664
f 6135/3200/3663 6133/3068/3663 6132/3060/3663
f 6136/3199/3663 6133/3068/3663 6135/3200/3663
f 6137/3200/989 6138/3060/989 6139/3071/989
f 6137/3200/989 6139/3071/989 6140/3072/989
f 6141/3201/978 6142/3072/978 6143/3073/978
f 6137/3200/989 6140/3072/989 6144/3201/989
f 6141/3201/978 6143/3073/978 6145/3074/978
f 5295/2759/79 6146/3074/79 6147/3075/79
f 6141/3201/978 6145/3074/978 6148/2759/978
f 6149/3202/3665 5825/3075/3560 5299/2761/3267
f 5295/2759/79 6147/3075/79 6150/3202/79
f 6151/3203/706 6152/2761/706 6153/3076/706
f 6151/3203/706 6154/2760/706 6152/2761/706
f 5300/2762/3268 6149/3202/3665 5299/2761/3267
f 6155/3078/705 6156/3076/705 6157/3077/3666
f 6158/3204/705 6156/3076/705 6155/3078/705
f 6159/3205/705 6156/3076/705 6158/3204/705
f 6151/3203/706 6153/3076/706 6160/3205/706
f 5829/3079/3564 6161/3206/3667 5828/3078/3563
f 6162/3204/703 6163/3078/703 6164/3206/703
f 6162/3204/703 6164/3206/703 6165/3079/703
f 6166/3207/990 6167/3079/990 6168/3080/990
f 6162/3204/703 6165/3079/703 6169/3207/703
f 6166/3207/990 6168/3080/990 6170/3070/990
f 6171/3208/989 6172/3070/989 6173/3082/989
f 6166/3207/990 6170/3070/990 6174/3208/990
f 6171/3208/989 6173/3082/989 6175/3083/989
f 6176/3209/978 6177/3083/978 6178/3084/978
f 6171/3208/989 6175/3083/989 6179/3209/989
f 6176/3209/978 6178/3084/978 6180/3085/978
f 6181/3210/988 6182/3085/988 6183/3086/988
f 6176/3209/978 6180/3085/978 6184/3210/978
f 6181/3210/988 6183/3086/988 6185/3087/988
f 6186/3211/987 6187/3087/987 6188/3088/987
f 6189/3211/988 6181/3210/988 6185/3087/988
f 6186/3211/987 6188/3088/987 6190/3089/987
f 6191/3212/985 6192/3089/985 6193/3090/985
f 6186/3211/987 6190/3089/987 6194/3212/987
f 6191/3212/985 6193/3090/985 6195/3081/985
f 5842/3092/3577 6196/3213/3668 5831/3081/3566
f 6197/3214/1389 6198/3081/1389 6199/3213/1389
f 6191/3212/985 6195/3081/985 6200/3214/985
f 6201/3215/3669 6202/3216/3670 6196/3213/3668
f 6197/3214/1389 6199/3213/1389 6203/3216/1389
f 6204/3217/3671 6201/3215/3669 6196/3213/3668
f 5842/3092/3577 6204/3217/3671 6196/3213/3668
f 6201/3215/3669 6205/3218/3672 6202/3216/3670
f 6206/3219/1381 6207/3216/1381 6208/3218/3673
f 6197/3214/1389 6203/3216/1389 6209/3219/1389
f 6210/3220/3674 5234/2742/3257 6205/3218/3672
f 6211/3221/3675 6205/3218/3672 5234/2742/3257
f 6212/3222/3676 6210/3220/3674 6205/3218/3672
f 6213/3223/3677 6212/3222/3676 6205/3218/3672
f 6214/3224/3678 6213/3223/3677 6205/3218/3672
f 6215/3225/3679 6214/3224/3678 6205/3218/3672
f 6216/3226/3680 6215/3225/3679 6205/3218/3672
f 6217/3227/3681 6216/3226/3680 6205/3218/3672
f 6218/3228/3682 6217/3227/3681 6205/3218/3672
f 6201/3215/3669 6218/3228/3682 6205/3218/3672
f 6206/3219/1381 6208/3218/3673 6219/3221/1381
f 6220/3229/1404 6221/2742/1404 6222/3220/1404
f 6220/3229/1404 6223/2743/1404 6221/2742/1404
f 6224/3230/3683 6211/3221/3675 5234/2742/3257
f 6225/3231/3684 6224/3230/3683 5234/2742/3257
f 6226/3232/3685 6225/3231/3684 5234/2742/3257
f 5241/2746/3260 6226/3232/3685 5234/2742/3257
f 6227/3233/1401 6228/3220/1401 6229/3222/1401
f 6220/3229/1404 6222/3220/1404 6230/3233/1404
f 6213/3223/3677 6231/3234/3686 6212/3222/3676
f 6227/3233/1401 6229/3222/1401 6232/3234/1401
f 6213/3223/3677 6233/3235/3687 6231/3234/3686
f 6234/3236/1376 6235/3234/1376 6236/3235/1376
f 6227/3233/1401 6232/3234/1401 6237/3236/1401
f 6213/3223/3677 6238/3237/3688 6233/3235/3687
f 6234/3236/1376 6236/3235/1376 6239/3237/1376
f 6213/3223/3677 6240/3238/3689 6238/3237/3688
f 6241/3239/1373 6242/3237/1373 6243/3238/1373
f 6234/3236/1376 6239/3237/1376 6244/3239/1376
f 6213/3223/3677 6245/3240/3690 6240/3238/3689
f 6241/3239/1373 6243/3238/1373 6246/3240/1373
f 6213/3223/3677 6247/3241/3691 6245/3240/3690
f 6248/3242/588 6249/3240/588 6250/3241/588
f 6241/3239/1373 6246/3240/1373 6251/3242/1373
f 6213/3223/3677 6252/3243/3692 6247/3241/3691
f 6248/3242/588 6250/3241/588 6253/3243/588
f 6213/3223/3677 6254/3244/3693 6252/3243/3692
f 6255/3245/1371 6256/3243/1371 6257/3244/1371
f 6248/3242/588 6253/3243/588 6258/3245/588
f 6213/3223/3677 6259/3246/3694 6254/3244/3693
f 6255/3245/1371 6257/3244/1371 6260/3246/1371
f 6213/3223/3677 6261/3247/3695 6259/3246/3694
f 6262/3248/1370 6263/3246/1370 6264/3247/1370
f 6255/3245/1371 6260/3246/1371 6265/3248/1371
f 6266/3249/3696 6267/3250/3697 6261/3247/3695
f 6262/3248/1370 6264/3247/1370 6268/3250/1370
f 6213/3223/3677 6266/3249/3696 6261/3247/3695
f 6269/3251/1454 6270/3250/1454 6271/3249/1454
f 6272/3252/1454 6270/3250/1454 6269/3251/1454
f 6262/3248/1370 6268/3250/1370 6273/3252/1370
f 6269/3251/1454 6271/3249/1454 6274/3223/1454
f 6275/3251/588 6276/3223/588 6277/3224/588
f 6275/3251/588 6277/3224/588 6278/3225/588
f 6279/3253/706 6280/3225/706 6281/3226/706
f 6275/3251/588 6278/3225/588 6282/3253/588
f 6279/3253/706 6281/3226/706 6283/3227/706
f 6284/3254/703 6285/3227/703 6286/3228/703
f 6279/3253/706 6283/3227/706 6287/3254/706
f 6284/3254/703 6286/3228/703 6288/3215/703
f 6289/3255/990 6290/3215/990 6291/3217/990
f 6284/3254/703 6288/3215/703 6292/3255/703
f 6289/3255/990 6291/3217/990 6293/3092/990
f 6294/3256/989 6295/3092/989 6296/3093/989
f 6289/3255/990 6293/3092/990 6297/3256/990
f 6294/3256/989 6296/3093/989 6298/3094/989
f 6299/3257/978 6300/3094/978 6301/3095/978
f 6294/3256/989 6298/3094/989 6302/3257/989
f 6299/3257/978 6301/3095/978 6303/3096/978
f 6304/3258/988 6305/3096/988 6306/3097/988
f 6299/3257/978 6303/3096/978 6307/3258/978
f 6304/3258/988 6306/3097/988 6308/3098/988
f 6309/3259/987 6310/3098/987 6311/3091/987
f 6304/3258/988 6308/3098/988 6312/3259/988
f 6309/3259/987 6311/3091/987 6313/3099/987
f 6314/3260/985 6315/3099/985 6316/3100/985
f 6309/3259/987 6313/3099/987 6317/3260/987
f 6314/3260/985 6316/3100/985 6318/3101/985
f 6319/3261/1389 6320/3101/1389 6321/3102/1389
f 6314/3260/985 6318/3101/985 6322/3261/985
f 6319/3261/1389 6321/3102/1389 6323/2913/1389
f 6319/3261/1389 6323/2913/1389 6324/2912/1389
f 6325/3262/3698 5665/2933/3408 6326/2935/3699
f 6325/3262/3698 5662/2932/2648 5665/2933/3408
f 6325/3262/3698 6326/2935/3699 6327/2443/264
f 6328/3263/264 6329/2443/264 6330/2444/1938
f 6331/3263/264 6325/3262/3698 6327/2443/264
f 6332/3264/3700 6330/2444/1938 6333/2445/3701
f 6332/3264/3700 6328/3263/264 6330/2444/1938
f 6334/3265/3702 6333/2445/3701 6335/2446/3703
f 6334/3265/3702 6332/3264/3700 6333/2445/3701
f 6336/3266/2858 6335/2446/3703 4768/2442/2928
f 6336/3266/2858 6334/3265/3702 6335/2446/3703
f 4765/2447/2860 6336/3266/2858 4768/2442/2928
f 6337/3267/3704 4731/2435/2892 5669/2937/3412
f 6338/3268/3705 4733/2436/2894 4731/2435/2892
f 6339/3269/3706 6338/3268/3705 4731/2435/2892
f 6340/3270/3707 6339/3269/3706 4731/2435/2892
f 6341/3271/3708 6340/3270/3707 4731/2435/2892
f 6342/3272/3709 6341/3271/3708 4731/2435/2892
f 6343/3273/3710 6342/3272/3709 4731/2435/2892
f 6337/3267/3704 6343/3273/3710 4731/2435/2892
f 6344/2028/3711 6345/2937/3712 6346/2939/3713
f 6347/3274/3714 6337/3267/3704 5669/2937/3412
f 6348/3275/3715 6347/3274/3714 5669/2937/3412
f 6349/3276/3716 6348/3275/3715 5669/2937/3412
f 6350/3277/3717 6349/3276/3716 5669/2937/3412
f 6351/3278/3718 6350/3277/3717 5669/2937/3412
f 6352/3279/3719 6351/3278/3718 5669/2937/3412
f 6353/3280/3720 6352/3279/3719 5669/2937/3412
f 4105/2029/2399 6354/3280/3721 6345/2937/3712
f 6344/2028/3711 4105/2029/2399 6345/2937/3712
f 6355/2026/3722 6346/2939/3713 6356/2943/3723
f 6355/2026/3722 6344/2028/3711 6346/2939/3713
f 6357/2027/3724 6356/2943/3723 6358/2944/3725
f 6357/2027/3724 6355/2026/3722 6356/2943/3723
f 6359/2025/3726 6358/2944/3725 6360/2945/3727
f 6361/2024/3728 6357/2027/3724 6358/2944/3725
f 6359/2025/3726 6361/2024/3728 6358/2944/3725
f 6362/2023/3729 6360/2945/3727 6363/2942/3730
f 6364/2022/3731 6359/2025/3726 6360/2945/3727
f 6362/2023/3729 6364/2022/3731 6360/2945/3727
f 6365/2021/3732 6363/2942/3730 6366/2949/3733
f 6367/2020/3734 6362/2023/3729 6363/2942/3730
f 6365/2021/3732 6367/2020/3734 6363/2942/3730
f 6368/2019/3735 6366/2949/3733 6369/2948/3736
f 6370/2018/3737 6365/2021/3732 6366/2949/3733
f 6368/2019/3735 6370/2018/3737 6366/2949/3733
f 6371/2017/3738 6372/2948/3736 6373/2953/3739
f 6374/2017/3740 6368/2019/3735 6369/2948/3736
f 6375/2016/3741 6373/2953/3739 6376/2952/3742
f 6375/2016/3741 6371/2017/3738 6373/2953/3739
f 6377/1640/3742 6376/2952/3742 6378/2956/3743
f 6375/2016/3741 6376/2952/3742 6377/1640/3742
f 6379/1639/3743 6378/2956/3743 6380/2960/3744
f 6377/1640/3742 6378/2956/3743 6379/1639/3743
f 6381/1638/3744 6380/2960/3744 6382/2959/3745
f 6379/1639/3743 6380/2960/3744 6381/1638/3744
f 6383/1637/3745 6382/2959/3745 6384/2963/3746
f 6381/1638/3744 6382/2959/3745 6383/1637/3745
f 6385/1636/3746 6384/2963/3746 6386/2967/3747
f 6383/1637/3745 6384/2963/3746 6385/1636/3746
f 6387/1634/3748 6386/2967/3747 6388/2966/3748
f 6389/1633/3747 6386/2967/3747 6387/1634/3748
f 6385/1636/3746 6386/2967/3747 6389/1633/3747
f 6390/3281/3749 6388/2966/3748 6391/2970/3750
f 6387/1634/3748 6388/2966/3748 6390/3281/3749
f 6390/3281/3749 6391/2970/3750 6392/2974/3751
f 6393/3282/3752 6394/2974/3751 6395/2973/3753
f 6390/3281/3749 6392/2974/3751 6396/3282/3754
f 6397/3283/3755 6395/2973/3753 6398/2978/3756
f 6399/3284/3757 6393/3282/3752 6395/2973/3753
f 6399/3284/3757 6395/2973/3753 6397/3283/3755
f 6400/3285/3758 6398/2978/3756 6401/2979/3759
f 6402/3286/3760 6398/2978/3756 6400/3285/3758
f 6397/3283/3755 6398/2978/3756 6402/3286/3760
f 6403/3287/3761 6401/2979/3759 6404/2977/3762
f 6405/3288/3763 6401/2979/3759 6403/3287/3761
f 6400/3285/3758 6401/2979/3759 6405/3288/3763
f 6406/3289/3764 6404/2977/3762 6407/2983/3765
f 6408/3290/3766 6404/2977/3762 6406/3289/3764
f 6403/3287/3761 6404/2977/3762 6408/3290/3766
f 6409/3291/3767 6407/2983/3765 6410/2984/3768
f 6406/3289/3764 6407/2983/3765 6409/3291/3767
f 6411/3292/3769 6410/2984/3768 6412/2982/3770
f 6409/3291/3767 6410/2984/3768 6411/3292/3769
f 6413/3293/3771 5714/2982/3457 5719/2987/3462
f 6411/3292/3769 6412/2982/3770 6414/3293/3772
f 6415/3294/3773 5719/2987/3462 5723/2991/3466
f 6416/3295/3774 6417/3296/3775 5719/2987/3462
f 6413/3293/3771 5719/2987/3462 6417/3296/3775
f 6418/3297/3776 6416/3295/3774 5719/2987/3462
f 6419/3298/3777 6418/3297/3776 5719/2987/3462
f 6420/3299/3778 6419/3298/3777 5719/2987/3462
f 6421/3300/3779 6420/3299/3778 5719/2987/3462
f 6422/3301/3780 6421/3300/3779 5719/2987/3462
f 6423/3302/3781 6422/3301/3780 5719/2987/3462
f 6415/3294/3773 6423/3302/3781 5719/2987/3462
f 6424/3303/3782 5723/2991/3466 5724/2992/3467
f 6425/3304/3783 6415/3294/3773 5723/2991/3466
f 6426/3305/3784 6425/3304/3783 5723/2991/3466
f 6427/3306/3785 6426/3305/3784 5723/2991/3466
f 6428/3307/3786 6427/3306/3785 5723/2991/3466
f 6429/3308/3787 6428/3307/3786 5723/2991/3466
f 6430/3309/3788 6429/3308/3787 5723/2991/3466
f 6431/3310/3789 6430/3309/3788 5723/2991/3466
f 6432/3311/3790 6431/3310/3789 5723/2991/3466
f 6433/3312/3791 6432/3311/3790 5723/2991/3466
f 6434/3313/3792 6433/3312/3791 5723/2991/3466
f 6435/3314/3793 6434/3313/3792 5723/2991/3466
f 6436/3315/3794 6435/3314/3793 5723/2991/3466
f 6437/3316/3795 6436/3315/3794 5723/2991/3466
f 6424/3303/3782 6437/3316/3795 5723/2991/3466
f 6438/3317/3796 6439/3318/3797 5724/2992/3467
f 6440/3319/3798 6441/2992/3799 6442/3318/3800
f 5722/2990/3465 6438/3317/3796 5724/2992/3467
f 6443/3320/3801 6424/3303/3782 5724/2992/3467
f 6444/3321/3802 6443/3320/3801 5724/2992/3467
f 6445/3322/3803 6444/3321/3802 5724/2992/3467
f 6446/3323/3804 6445/3322/3803 5724/2992/3467
f 6447/3324/3805 6446/3323/3804 5724/2992/3467
f 6448/3325/3806 6447/3324/3805 5724/2992/3467
f 6449/3326/3807 6448/3325/3806 5724/2992/3467
f 6450/3327/3808 6449/3326/3807 5724/2992/3467
f 6451/3328/3809 6450/3327/3808 5724/2992/3467
f 6452/3329/3810 6453/3328/3811 6441/2992/3799
f 6452/3329/3810 6441/2992/3799 6440/3319/3798
f 6454/3330/3812 6455/3331/3813 6439/3318/3797
f 6440/3319/3798 6442/3318/3800 6456/3331/3814
f 6438/3317/3796 6454/3330/3812 6439/3318/3797
f 6457/3332/3815 6458/3333/3816 6455/3331/3813
f 6459/3334/3817 6456/3331/3814 6460/3333/3818
f 6461/3335/3819 6457/3332/3815 6455/3331/3813
f 6462/3336/3820 6461/3335/3819 6455/3331/3813
f 6463/3337/3821 6462/3336/3820 6455/3331/3813
f 6454/3330/3812 6463/3337/3821 6455/3331/3813
f 6440/3319/3798 6456/3331/3814 6464/3338/3822
f 6459/3334/3817 6464/3338/3822 6456/3331/3814
f 6465/3339/3823 6466/3333/3824 6467/3332/3825
f 6468/3340/3826 6469/3334/3827 6466/3333/3824
f 6465/3339/3823 6468/3340/3826 6466/3333/3824
f 6470/3341/3828 6467/3332/3825 6471/3335/3829
f 6470/3341/3828 6465/3339/3823 6467/3332/3825
f 6472/3342/2794 6471/3335/3829 6473/3336/3830
f 6472/3342/2794 6470/3341/3828 6471/3335/3829
f 6474/3343/2796 6473/3336/3830 6475/3337/3831
f 6474/3343/2796 6472/3342/2794 6473/3336/3830
f 6474/3343/2796 6475/3337/3831 6476/3330/79
f 6477/3344/79 6478/3330/79 6479/3317/3832
f 6474/3343/2796 6476/3330/79 6480/3344/79
f 6481/3345/3033 6479/3317/3832 5729/2990/3471
f 6481/3345/3033 6477/3344/79 6479/3317/3832
f 5726/2994/3036 6481/3345/3033 5729/2990/3471
f 4725/2433/2886 4730/2434/2891 6482/2437/79
f 6483/3346/79 6484/2437/79 6485/2438/3833
f 6486/3346/79 4725/2433/2886 6482/2437/79
f 6487/3347/3834 6485/2438/3833 6488/2436/3835
f 6487/3347/3834 6483/3346/79 6485/2438/3833
f 6489/3348/2704 6488/2436/3835 6490/3268/3836
f 6489/3348/2704 6487/3347/3834 6488/2436/3835
f 6491/3349/3837 6490/3268/3836 6492/3269/3838
f 6491/3349/3837 6489/3348/2704 6490/3268/3836
f 6493/3350/2708 6492/3269/3838 6494/3270/3839
f 6493/3350/2708 6491/3349/3837 6492/3269/3838
f 6495/3351/2711 6494/3270/3839 6496/3271/3840
f 6495/3351/2711 6493/3350/2708 6494/3270/3839
f 6497/3352/3841 6496/3271/3840 6498/3272/3842
f 6497/3352/3841 6495/3351/2711 6496/3271/3840
f 6499/3353/2809 6498/3272/3842 6500/3273/3843
f 6499/3353/2809 6497/3352/3841 6498/3272/3842
f 6501/3354/2746 6500/3273/3843 6502/3267/3844
f 6501/3354/2746 6499/3353/2809 6500/3273/3843
f 6503/3355/2720 6502/3267/3844 6504/3274/3845
f 6503/3355/2720 6501/3354/2746 6502/3267/3844
f 6505/3356/2722 6504/3274/3845 6506/3275/3846
f 6505/3356/2722 6503/3355/2720 6504/3274/3845
f 6507/3357/2816 6506/3275/3846 6508/3276/3847
f 6507/3357/2816 6505/3356/2722 6506/3275/3846
f 6509/3358/2727 6508/3276/3847 6510/3277/3848
f 6509/3358/2727 6507/3357/2816 6508/3276/3847
f 6511/3359/3849 6510/3277/3848 6512/3278/3850
f 6511/3359/3849 6509/3358/2727 6510/3277/3848
f 6513/3360/2732 6512/3278/3850 6514/3279/3851
f 6513/3360/2732 6511/3359/3849 6512/3278/3850
f 6353/3280/3720 6515/3361/3852 6352/3279/3719
f 6516/3362/3853 6514/3279/3851 6517/3361/3854
f 6516/3362/3853 6513/3360/2732 6514/3279/3851
f 6518/3363/3855 6519/3361/3856 6354/3280/3721
f 6520/3364/3857 6517/3361/3854 6521/3363/3858
f 6520/3364/3857 6516/3362/3853 6517/3361/3854
f 6518/3363/3855 6354/3280/3721 4105/2029/2399
f 6413/3293/3771 6522/3365/3859 6523/3366/3860
f 6524/3367/2708 6525/3366/3861 6526/3365/3862
f 6527/3368/3863 6414/3293/3772 6528/3366/3864
f 6529/3369/3865 6527/3368/3863 6528/3366/3864
f 6524/3367/2708 6530/3370/3866 6525/3366/3861
f 6531/3369/3867 6525/3366/3861 6530/3370/3866
f 6413/3293/3771 6532/3371/3868 6522/3365/3859
f 6533/3372/3869 6526/3365/3862 6534/3371/3870
f 6533/3372/3869 6524/3367/2708 6526/3365/3862
f 6413/3293/3771 6417/3296/3775 6532/3371/3868
f 6535/3373/3841 6534/3371/3870 6536/3296/3871
f 6535/3373/3841 6533/3372/3869 6534/3371/3870
f 6537/3374/3872 6536/3296/3871 6538/3295/3873
f 6537/3374/3872 6535/3373/3841 6536/3296/3871
f 6539/3375/3874 6538/3295/3873 6540/3297/3875
f 6539/3375/3874 6537/3374/3872 6538/3295/3873
f 6541/3376/2720 6540/3297/3875 6542/3298/3876
f 6541/3376/2720 6539/3375/3874 6540/3297/3875
f 6543/3377/2722 6542/3298/3876 6544/3299/3877
f 6543/3377/2722 6541/3376/2720 6542/3298/3876
f 6545/3378/2816 6544/3299/3877 6546/3300/3878
f 6545/3378/2816 6543/3377/2722 6544/3299/3877
f 6547/3379/2727 6546/3300/3878 6548/3301/3879
f 6547/3379/2727 6545/3378/2816 6546/3300/3878
f 6549/3380/3880 6548/3301/3879 6550/3302/3881
f 6549/3380/3880 6547/3379/2727 6548/3301/3879
f 6551/3381/2732 6550/3302/3881 6552/3294/3882
f 6551/3381/2732 6549/3380/3880 6550/3302/3881
f 6553/3382/3883 6552/3294/3882 6554/3304/3884
f 6553/3382/3883 6551/3381/2732 6552/3294/3882
f 6555/3383/3885 6554/3304/3884 6556/3305/3886
f 6555/3383/3885 6553/3382/3883 6554/3304/3884
f 6557/3384/3887 6556/3305/3886 6558/3306/3888
f 6557/3384/3887 6555/3383/3885 6556/3305/3886
f 6559/3385/3889 6558/3306/3888 6560/3307/3890
f 6559/3385/3889 6557/3384/3887 6558/3306/3888
f 6559/3385/3889 6560/3307/3890 6561/3308/264
f 6430/3309/3788 6562/3386/3891 6429/3308/3787
f 6563/3387/264 6564/3308/3892 6565/3386/3893
f 6559/3385/3889 6561/3308/264 6566/3387/264
f 6430/3309/3788 6567/3388/3894 6562/3386/3891
f 6563/3387/264 6565/3386/3893 6568/3388/3895
f 6569/3389/3896 6570/3388/3897 6571/3309/3898
f 6572/3390/3899 6568/3388/3895 6573/3389/3900
f 6572/3390/3899 6563/3387/264 6568/3388/3895
f 6574/3391/3901 6571/3309/3898 6575/3310/3902
f 6576/3392/3903 6571/3309/3898 6574/3391/3901
f 6577/3393/3904 6571/3309/3898 6576/3392/3903
f 6578/3394/3905 6569/3389/3896 6571/3309/3898
f 6577/3393/3904 6578/3394/3905 6571/3309/3898
f 6579/3395/3906 6575/3310/3902 6580/3311/3907
f 6574/3391/3901 6575/3310/3902 6579/3395/3906
f 6579/3395/3906 6580/3311/3907 6581/3312/3908
f 6582/3396/3909 6581/3312/3908 6583/3313/3910
f 6579/3395/3906 6581/3312/3908 6582/3396/3909
f 6582/3396/3909 6583/3313/3910 6584/3314/3911
f 6585/3397/3912 6584/3314/3911 6586/3315/3913
f 6582/3396/3909 6584/3314/3911 6585/3397/3912
f 6585/3397/3912 6586/3315/3913 6587/3316/3914
f 6588/3398/3915 6587/3316/3914 6589/3303/3916
f 6585/3397/3912 6587/3316/3914 6588/3398/3915
f 6588/3398/3915 6589/3303/3916 6590/3320/3917
f 6591/3399/3918 6590/3320/3917 6592/3321/3919
f 6588/3398/3915 6590/3320/3917 6591/3399/3918
f 6591/3399/3918 6592/3321/3919 6593/3322/3920
f 6594/3400/3921 6593/3322/3920 6595/3323/3922
f 6591/3399/3918 6593/3322/3920 6594/3400/3921
f 6596/3401/3923 6595/3323/3922 6597/3324/3924
f 6594/3400/3921 6595/3323/3922 6596/3401/3923
f 6596/3401/3923 6597/3324/3924 6598/3325/3925
f 6599/3402/3926 6598/3325/3925 6600/3326/3927
f 6596/3401/3923 6598/3325/3925 6599/3402/3926
f 6599/3402/3926 6600/3326/3927 6601/3327/3928
f 6452/3329/3810 6601/3327/3928 6453/3328/3811
f 6599/3402/3926 6601/3327/3928 6452/3329/3810
f 6411/3292/3769 6414/3293/3772 6527/3368/3863
f 6602/3403/3929 6603/3404/3930 5860/3107/3595
f 6604/3405/3931 5861/3107/3596 6605/3404/3932
f 5612/2902/3375 6602/3403/3929 5860/3107/3595
f 5858/3106/3593 5861/3107/3596 6604/3405/3931
f 6602/3403/3929 6606/3406/3933 6603/3404/3930
f 6604/3405/3931 6605/3404/3932 6607/3406/3934
f 6608/3407/3935 6607/3406/3934 6609/3403/3936
f 6604/3405/3931 6607/3406/3934 6608/3407/3935
f 5613/2903/3376 6609/3403/3936 5614/2902/3377
f 6608/3407/3935 6609/3403/3936 5613/2903/3376
f 5593/2889/264 5598/2890/264 5864/2894/264
f 4937/2551/3066 6610/3408/3937 6611/3409/3938
f 6612/3410/3698 6613/3409/3939 6614/3408/3940
f 6615/3411/3941 6616/2551/3942 6617/3409/3943
f 6618/3411/3944 6613/3409/3939 6612/3410/3698
f 4937/2551/3066 6619/3412/3945 6610/3408/3937
f 6612/3410/3698 6614/3408/3940 6620/3412/3892
f 4937/2551/3066 6621/3413/3946 6619/3412/3945
f 6622/3414/264 6623/3412/264 6624/3413/3947
f 6625/3414/264 6612/3410/3698 6620/3412/3892
f 4937/2551/3066 4936/2550/3065 6621/3413/3946
f 6626/3415/3948 6624/3413/3947 6627/2550/3949
f 6626/3415/3948 6622/3414/264 6624/3413/3947
f 6628/3416/3702 6627/2550/3949 6629/2549/3950
f 6628/3416/3702 6626/3415/3948 6627/2550/3949
f 6630/3417/3951 6629/2549/3950 6631/2552/3952
f 6630/3417/3951 6628/3416/3702 6629/2549/3950
f 6632/3418/3953 6631/2552/3952 6633/2553/3954
f 6632/3418/3953 6630/3417/3951 6631/2552/3952
f 6634/3419/3955 6633/2553/3954 6635/2554/3956
f 6634/3419/3955 6632/3418/3953 6633/2553/3954
f 6636/3420/3957 6635/2554/3956 6637/2555/3958
f 6636/3420/3957 6634/3419/3955 6635/2554/3956
f 6638/3421/2657 6637/2555/3958 6639/2556/3959
f 6638/3421/2657 6636/3420/3957 6637/2555/3958
f 6640/3422/3960 6639/2556/3959 6641/2548/3961
f 6640/3422/3960 6638/3421/2657 6639/2556/3959
f 6642/3423/2869 6641/2548/3961 6643/2564/3962
f 6642/3423/2869 6640/3422/3960 6641/2548/3961
f 6644/3424/2663 6643/2564/3962 6645/2565/3963
f 6644/3424/2663 6642/3423/2869 6643/2564/3962
f 6646/3425/2665 6645/2565/3963 6647/2566/3964
f 6646/3425/2665 6644/3424/2663 6645/2565/3963
f 6648/3426/2782 6647/2566/3964 6649/2567/3965
f 6648/3426/2782 6646/3425/2665 6647/2566/3964
f 6650/3427/2787 6649/2567/3965 6651/2568/98
f 6650/3427/2787 6648/3426/2782 6649/2567/3965
f 6652/3428/3232 6651/2568/98 6653/2569/3966
f 6652/3428/3232 6650/3427/2787 6651/2568/98
f 4958/2570/3087 6654/3429/3967 4957/2569/3086
f 6655/3430/2790 6653/2569/3966 6656/3429/3968
f 6655/3430/2790 6652/3428/3232 6653/2569/3966
f 6657/3431/3969 6658/3429/3970 4960/2570/3089
f 6659/3432/3971 6656/3429/3968 6660/3431/3972
f 6659/3432/3971 6655/3430/2790 6656/3429/3968
f 6657/3431/3969 4960/2570/3089 4959/2571/3088
f 6661/3433/3973 4923/2537/3052 6662/2539/3974
f 4920/2536/3049 4923/2537/3052 6661/3433/3973
f 6661/3433/3973 6662/2539/3974 6663/2540/3975
f 6664/3434/3976 6663/2540/3975 6665/2541/3977
f 6661/3433/3973 6663/2540/3975 6664/3434/3976
f 6664/3434/3976 6665/2541/3977 6666/2542/3978
f 6667/3435/3979 6666/2542/3978 6668/2543/3980
f 6664/3434/3976 6666/2542/3978 6667/3435/3979
f 6669/3436/3981 6668/2543/3980 6670/2544/3982
f 6667/3435/3979 6668/2543/3980 6669/3436/3981
f 6669/3436/3981 6670/2544/3982 6671/2545/3983
f 6672/3437/3984 6671/2545/3983 6673/2546/3985
f 6669/3436/3981 6671/2545/3983 6672/3437/3984
f 6672/3437/3984 6673/2546/3985 6674/2547/3986
f 6675/3438/3987 6674/2547/3986 6676/2538/3988
f 6672/3437/3984 6674/2547/3986 6675/3438/3987
f 6675/3438/3987 6676/2538/3988 6677/2557/3989
f 6678/3439/3990 6677/2557/3989 6679/2558/3991
f 6675/3438/3987 6677/2557/3989 6678/3439/3990
f 6678/3439/3990 6679/2558/3991 6680/2559/3992
f 6681/3440/3993 6680/2559/3992 6682/2560/3994
f 6678/3439/3990 6680/2559/3992 6681/3440/3993
f 6681/3440/3993 6682/2560/3994 6683/2561/3995
f 6684/3441/3996 6683/2561/3995 6685/2562/3997
f 6681/3440/3993 6683/2561/3995 6684/3441/3996
f 6686/3442/3998 6685/2562/3997 6616/2551/3942
f 6684/3441/3996 6685/2562/3997 6686/3442/3998
f 6687/3443/3999 6686/3442/3998 6616/2551/3942
f 6687/3443/3999 6616/2551/3942 6615/3411/3941
f 5236/2744/3259 6688/3444/4000 6689/3445/4001
f 6690/3446/264 6691/3445/264 6692/3444/264
f 5230/2741/1434 5237/2744/1434 6693/3445/1434
f 5230/2741/1434 6693/3445/1434 6694/3446/1434
f 5236/2744/3259 6695/3447/4002 6688/3444/4000
f 6690/3446/264 6692/3444/264 6696/3447/264
f 5236/2744/3259 5235/2743/3258 6695/3447/4002
f 6220/3229/1404 6697/3447/1404 6223/2743/1404
f 6690/3446/264 6696/3447/264 6698/3229/264
f 6206/3219/1381 6219/3221/1381 6699/3230/1381
f 6700/3448/79 6701/3230/79 6702/3231/79
f 6206/3219/1381 6699/3230/1381 6703/3448/1381
f 6700/3448/79 6702/3231/79 6704/3232/79
f 5238/2745/1323 6705/3232/1323 5242/2746/3261
f 6700/3448/79 6704/3232/79 6706/2745/79
f 6707/3449/264 6708/2764/264 6709/2763/264
f 5289/2755/676 5294/2758/3265 6710/2764/676
f 5289/2755/676 6710/2764/676 6711/3449/676
f 6707/3449/264 6709/2763/264 6712/2765/264
f 6151/3203/706 6713/2765/706 6154/2760/706
f 6707/3449/264 6712/2765/264 6714/3203/264
f 5295/2759/79 6150/3202/79 5304/2762/79
f 6715/3450/4003 6716/3451/4004 6717/3452/4005
f 6718/3453/1371 6719/3452/1371 6720/3451/1371
f 6721/3454/4006 6715/3450/4003 6717/3452/4005
f 6722/3455/588 6723/3454/588 6724/3452/588
f 6725/3456/588 6722/3455/588 6724/3452/588
f 6726/3456/1371 6719/3452/1371 6718/3453/1371
f 6715/3450/4003 6727/3457/4007 6716/3451/4004
f 6718/3453/1371 6720/3451/1371 6728/3457/1371
f 6715/3450/4003 6729/3458/4008 6727/3457/4007
f 6730/3459/1370 6731/3457/1370 6732/3458/1370
f 6733/3453/1370 6731/3457/1370 6730/3459/1370
f 6715/3450/4003 6734/3460/4009 6729/3458/4008
f 6730/3459/1370 6732/3458/1370 6735/3460/1370
f 6715/3450/4003 6736/3461/4010 6734/3460/4009
f 6737/3462/1369 6738/3460/1369 6739/3461/1369
f 6740/3459/1369 6738/3460/1369 6737/3462/1369
f 6715/3450/4003 6741/3463/4011 6736/3461/4010
f 6737/3462/1369 6739/3461/1369 6742/3463/1369
f 6743/3464/1367 6744/3463/1368 6745/3450/1368
f 6746/3462/1367 6744/3463/1368 6743/3464/1367
f 6747/3465/4012 6748/3466/4013 6715/3450/4003
f 6749/3467/4014 6715/3450/4003 6748/3466/4013
f 6750/3468/4015 6747/3465/4012 6715/3450/4003
f 6751/3469/4016 6750/3468/4015 6715/3450/4003
f 6752/3470/4017 6751/3469/4016 6715/3450/4003
f 6753/3471/4018 6752/3470/4017 6715/3450/4003
f 6754/3472/4019 6753/3471/4018 6715/3450/4003
f 6755/3473/4020 6754/3472/4019 6715/3450/4003
f 6721/3454/4006 6755/3473/4020 6715/3450/4003
f 6749/3467/4014 6756/3474/4021 6715/3450/4003
f 6757/3475/4022 6715/3450/4003 6756/3474/4021
f 6743/3464/1367 6745/3450/1368 6758/3475/1367
f 6759/3476/1404 6760/3466/1404 6761/3465/1404
f 6762/3477/4023 6749/3467/4014 6748/3466/4013
f 6763/3478/4024 6762/3477/4023 6748/3466/4013
f 6759/3476/1404 6764/3478/1404 6760/3466/1404
f 6765/3469/1401 6766/3465/1401 6767/3468/4025
f 6768/3479/1401 6766/3465/1401 6765/3469/1401
f 6769/3480/1401 6766/3465/1401 6768/3479/1401
f 6759/3476/1404 6761/3465/1404 6770/3480/1404
f 6771/3481/1376 6772/3469/1376 6773/3470/1376
f 6774/3479/1376 6772/3469/1376 6771/3481/1376
f 6771/3481/1376 6773/3470/1376 6775/3471/1376
f 6776/3481/1373 6777/3471/1373 6778/3472/1373
f 6776/3481/1373 6778/3472/1373 6779/3473/1373
f 6722/3455/588 6780/3473/588 6723/3454/588
f 6776/3481/1373 6779/3473/1373 6781/3455/1373
f 6757/3475/4022 6782/3482/4026 6783/3483/4027
f 6784/3464/79 6785/3483/79 6786/3482/79
f 6743/3464/1367 6758/3475/1367 6787/3483/1367
f 6757/3475/4022 6788/3484/4028 6782/3482/4026
f 6784/3464/79 6786/3482/79 6789/3484/79
f 6790/3467/4029 6791/3484/1348 6792/3474/4030
f 6757/3475/4022 6756/3474/4021 6788/3484/4028
f 6793/3485/1348 6791/3484/1348 6790/3467/4029
f 6794/3486/1348 6791/3484/1348 6793/3485/1348
f 6795/3487/1348 6791/3484/1348 6794/3486/1348
f 6784/3464/79 6789/3484/79 6796/3487/79
f 6797/3485/4031 6749/3467/4014 6762/3477/4023
f 6763/3478/4024 6798/3488/4032 6762/3477/4023
f 6799/3489/1434 6800/3477/1434 6801/3488/1434
f 6802/3490/4033 6797/3485/4031 6762/3477/4023
f 6803/3491/4034 6802/3490/4033 6762/3477/4023
f 6804/3492/4035 6803/3491/4034 6762/3477/4023
f 6805/3493/4036 6804/3492/4035 6762/3477/4023
f 6806/3494/4037 6805/3493/4036 6762/3477/4023
f 6807/3495/4038 6806/3494/4037 6762/3477/4023
f 6808/3496/4039 6807/3495/4038 6762/3477/4023
f 6809/3497/4040 6808/3496/4039 6762/3477/4023
f 6810/3498/4041 6809/3497/4040 6762/3477/4023
f 6811/3499/4042 6810/3498/4041 6762/3477/4023
f 6812/3500/4043 6811/3499/4042 6762/3477/4023
f 6813/3501/4044 6812/3500/4043 6762/3477/4023
f 6814/3502/4045 6813/3501/4044 6762/3477/4023
f 6815/3503/4046 6814/3502/4045 6762/3477/4023
f 6799/3489/1434 6816/3503/1434 6800/3477/1434
f 6817/3504/4047 6818/3505/4048 6798/3488/4032
f 6799/3489/1434 6801/3488/1434 6819/3505/1434
f 6820/3506/4049 6817/3504/4047 6798/3488/4032
f 6763/3478/4024 6820/3506/4049 6798/3488/4032
f 6821/3507/264 6822/3505/264 6823/3504/264
f 6799/3489/1434 6819/3505/1434 6824/3507/1434
f 6821/3507/264 6823/3504/264 6825/3506/264
f 6759/3476/1404 6826/3506/1404 6764/3478/1404
f 6821/3507/264 6825/3506/264 6827/3476/264
f 6828/3491/1345 6829/3485/1345 6830/3490/4050
f 6831/3508/1345 6829/3485/1345 6828/3491/1345
f 6832/3486/1345 6829/3485/1345 6831/3508/1345
f 6833/3493/1342 6834/3491/1342 6835/3492/4051
f 6836/3509/1342 6834/3491/1342 6833/3493/1342
f 6837/3508/1342 6834/3491/1342 6836/3509/1342
f 6838/3494/1339 6839/3495/1339 6840/3510/1339
f 6840/3510/1339 6841/3493/1339 6838/3494/1339
f 6842/3509/1339 6841/3493/1339 6840/3510/1339
f 6843/3510/978 6844/3495/978 6845/3496/978
f 6843/3510/978 6845/3496/978 6846/3497/978
f 6847/3511/1334 6848/3497/1334 6849/3498/1334
f 6843/3510/978 6846/3497/978 6850/3511/978
f 6847/3511/1334 6849/3498/1334 6851/3499/1334
f 6852/3501/1331 6853/3499/1331 6854/3500/4052
f 6855/3512/1331 6853/3499/1331 6852/3501/1331
f 6856/3513/1331 6853/3499/1331 6855/3512/1331
f 6847/3511/1334 6851/3499/1334 6857/3513/1334
f 6858/3489/1436 6859/3501/1436 6860/3502/1436
f 6861/3512/1436 6859/3501/1436 6858/3489/1436
f 6858/3489/1436 6860/3502/1436 6862/3503/1436
f 6863/3514/588 6864/2772/588 6865/2773/588
f 6866/2771/588 6863/3514/588 6865/2773/588
f 6863/3514/588 6867/2769/588 6864/2772/588
f 5310/2767/264 5317/2769/264 6868/3514/264
f 6869/3515/586 6870/2779/586 6871/2778/586
f 6872/3516/586 6870/2779/586 6869/3515/586
f 5331/2775/3278 5340/2779/3278 6873/3516/3278
f 6869/3515/586 6871/2778/586 6874/2777/586
f 6875/2785/4053 6876/2777/4053 6877/2784/4054
f 6878/3517/4053 6876/2777/4053 6875/2785/4053
f 6879/3515/4053 6876/2777/4053 6878/3517/4053
f 6880/2781/1379 6881/2785/1379 6882/2786/4055
f 6883/3518/1379 6881/2785/1379 6880/2781/1379
f 6884/3517/1379 6881/2785/1379 6883/3518/1379
f 6885/3518/264 6120/2781/264 6125/3198/264
f 5341/2780/79 6116/3196/79 5350/2783/79
f 6886/3519/4056 6887/3520/4057 6888/3521/4058
f 6889/3522/264 6890/3521/264 6891/3520/264
f 6892/3523/978 6893/3519/978 6894/3521/978
f 6895/3522/978 6892/3523/978 6894/3521/978
f 6896/3524/4059 6897/3525/4060 6887/3520/4057
f 6898/3526/4061 6887/3520/4057 6897/3525/4060
f 6899/3527/4062 6896/3524/4059 6887/3520/4057
f 6900/3528/4063 6899/3527/4062 6887/3520/4057
f 6901/3529/4064 6900/3528/4063 6887/3520/4057
f 6902/3530/4065 6901/3529/4064 6887/3520/4057
f 6903/3531/4066 6902/3530/4065 6887/3520/4057
f 6904/3532/4067 6903/3531/4066 6887/3520/4057
f 6886/3519/4056 6904/3532/4067 6887/3520/4057
f 6889/3522/264 6891/3520/264 6905/3526/264
f 6906/3533/79 6907/3525/79 6908/3524/79
f 6909/3534/4068 6898/3526/4061 6897/3525/4060
f 6910/3535/4069 6909/3534/4068 6897/3525/4060
f 6911/3536/4070 6910/3535/4069 6897/3525/4060
f 6912/3537/4071 6911/3536/4070 6897/3525/4060
f 6913/3538/4072 6912/3537/4071 6897/3525/4060
f 6914/3539/4073 6913/3538/4072 6897/3525/4060
f 6915/3540/4074 6914/3539/4073 6897/3525/4060
f 6916/3541/4075 6915/3540/4074 6897/3525/4060
f 6917/3542/4076 6916/3541/4075 6897/3525/4060
f 6906/3533/79 6918/3542/79 6907/3525/79
f 6919/3543/1457 6920/3524/1457 6921/3527/1457
f 6922/3533/1457 6920/3524/1457 6919/3543/1457
f 6919/3543/1457 6921/3527/1457 6923/3528/3335
f 6924/3530/985 6925/3528/985 6926/3529/4077
f 6927/3544/985 6925/3528/985 6924/3530/985
f 6928/3543/985 6925/3528/985 6927/3544/985
f 6929/3531/4078 6930/3532/4078 6931/3523/4078
f 6931/3523/4078 6932/3530/4078 6929/3531/4078
f 6933/3544/4079 6932/3530/4078 6931/3523/4078
f 6892/3523/978 6934/3532/978 6893/3519/978
f 6889/3522/264 6905/3526/264 6935/3534/264
f 6936/3545/588 6937/3534/588 6938/3535/588
f 6889/3522/264 6935/3534/264 6939/3545/264
f 6936/3545/588 6938/3535/588 6940/3536/588
f 6941/3546/4080 6942/3536/4081 6943/3537/4081
f 6944/3547/4080 6942/3536/4081 6941/3546/4080
f 6936/3545/588 6940/3536/588 6945/3547/588
f 6941/3546/4080 6943/3537/4081 6946/3538/4080
f 6947/3548/591 6948/3538/591 6949/3539/591
f 6950/3546/591 6948/3538/591 6947/3548/591
f 6947/3548/591 6949/3539/591 6951/3540/591
f 6952/3549/1454 6953/3540/3626 6954/3541/1454
f 6955/3548/1454 6953/3540/3626 6952/3549/1454
f 6917/3542/4076 6956/3550/4082 6916/3541/4075
f 6952/3549/1454 6954/3541/1454 6957/3550/1454
f 6906/3533/79 6958/3550/79 6918/3542/79
f 6959/3549/79 6958/3550/79 6906/3533/79
f 5370/2794/264 5375/2795/264 6960/2799/264
f 6961/3551/588 6962/2799/588 6963/2800/588
f 5370/2794/264 6960/2799/264 6964/3551/264
f 6961/3551/588 6963/2800/588 6965/2801/588
f 6966/3552/264 6967/2801/264 6968/2802/264
f 6961/3551/588 6965/2801/588 6969/3552/588
f 6966/3552/264 6968/2802/264 6970/2798/264
f 6971/3553/978 6972/2798/978 6973/3190/978
f 6966/3552/264 6970/2798/264 6974/3553/264
f 6971/3553/978 6973/3190/978 6975/3191/978
f 6971/3553/978 6975/3191/978 6976/3189/978
f 5383/2803/79 6084/3184/79 5387/2804/3302
f 5393/2806/264 5399/2808/264 6049/2810/264
f 5400/2809/79 6046/3170/79 5406/2812/79
f 5430/2824/264 5435/2825/264 6977/2827/264
f 6978/3554/588 6979/2827/588 6980/2828/588
f 5430/2824/264 6977/2827/264 6981/3554/264
f 6978/3554/588 6980/2828/588 6982/2829/588
f 6983/3555/264 6984/2829/264 6985/2830/264
f 6978/3554/588 6982/2829/588 6986/3555/588
f 6983/3555/264 6985/2830/264 6987/2831/264
f 6988/3556/978 6989/2831/978 6990/3163/978
f 6991/3557/4083 6019/3164/3636 5443/2831/3322
f 6992/3558/4084 6991/3557/4083 5443/2831/3322
f 5444/2832/3323 6992/3558/4084 5443/2831/3322
f 6983/3555/264 6987/2831/264 6993/3556/264
f 6988/3556/978 6990/3163/978 6994/3165/978
f 6988/3556/978 6994/3165/978 6995/3162/978
f 6004/3153/1381 6014/3157/1381 6996/3164/1381
f 6997/3559/79 6998/3164/79 6999/3557/79
f 6004/3153/1381 6996/3164/1381 7000/3559/1381
f 6997/3559/79 6999/3557/79 7001/3558/79
f 5436/2826/1323 7002/3558/1323 5445/2832/3324
f 6997/3559/79 7001/3558/79 7003/2826/79
f 5560/2877/3353 7004/3560/4085 7005/3561/4086
f 7006/2874/264 7007/3561/264 7008/3560/264
f 5554/2874/1434 5561/2877/1434 7009/3561/1434
f 5560/2877/3353 7010/3124/4087 7004/3560/4085
f 7006/2874/264 7008/3560/264 7011/3124/264
f 5560/2877/3353 5559/2876/3352 7010/3124/4087
f 7012/3562/1404 5902/3124/1404 5910/3127/1404
f 7006/2874/264 7011/3124/264 7013/3562/264
f 5562/2878/79 5901/3118/79 5566/2879/79
f 7014/3563/588 7015/2884/588 7016/2886/588
f 7017/3563/264 5572/2881/264 5580/2884/264
f 7014/3563/588 7016/2886/588 7018/2887/588
f 7014/3563/588 7018/2887/588 7019/2885/588
f 7020/3564/978 7021/3112/978 7022/3114/978
f 5870/3109/79 5878/3112/79 7023/3564/79
f 7020/3564/978 7022/3114/978 7024/3115/978
f 7020/3564/978 7024/3115/978 7025/3113/978
f 7026/2472/2214 7027/2390/2214 7028/2391/2214
f 7029/2473/2214 7027/2390/2214 7026/2472/2214
f 7030/2389/2214 7027/2390/2214 7029/2473/2214
f 7031/2471/2214 7028/2391/2214 7032/2392/2214
f 7026/2472/2214 7028/2391/2214 7031/2471/2214
f 7033/2470/2214 7032/2392/2214 7034/2393/2214
f 7031/2471/2214 7032/2392/2214 7033/2470/2214
f 7035/2469/2214 7034/2393/2214 7036/2394/2214
f 7033/2470/2214 7034/2393/2214 7035/2469/2214
f 7037/2407/2214 7036/2394/2214 7038/2395/2214
f 7035/2469/2214 7036/2394/2214 7037/2407/2214
f 7039/2403/2214 7038/2395/2214 7040/2396/2214
f 7041/2404/2214 7038/2395/2214 7039/2403/2214
f 7037/2407/2214 7038/2395/2214 7041/2404/2214
f 7042/2402/2214 7040/2396/2214 7043/2397/2214
f 7039/2403/2214 7040/2396/2214 7042/2402/2214
f 7044/2401/2214 7043/2397/2214 7045/2398/2214
f 7042/2402/2214 7043/2397/2214 7044/2401/2214
f 7046/2400/2214 7045/2398/2214 7047/2399/2214
f 7044/2401/2214 7045/2398/2214 7046/2400/2214
f 7030/2389/2214 7029/2473/2214 7048/2475/2214
f 7049/2388/2214 7048/2475/2214 7050/2579/2214
f 7030/2389/2214 7048/2475/2214 7049/2388/2214
f 7051/2387/2214 7050/2579/2214 7052/2580/2214
f 7049/2388/2214 7050/2579/2214 7051/2387/2214
f 7053/2386/2214 7052/2580/2214 7054/2581/2214
f 7051/2387/2214 7052/2580/2214 7053/2386/2214
f 7055/2384/2214 7054/2581/2214 7056/2582/2214
f 7057/2385/2214 7054/2581/2214 7055/2384/2214
f 7053/2386/2214 7054/2581/2214 7057/2385/2214
f 7058/2382/2214 7056/2582/2214 7059/2583/2214
f 7055/2384/2214 7056/2582/2214 7058/2382/2214
f 7060/2383/2214 7059/2583/2214 7061/2584/2214
f 7058/2382/2214 7059/2583/2214 7060/2383/2214
f 7062/2586/2214 7061/2584/2214 7063/2585/2214
f 7060/2383/2214 7061/2584/2214 7062/2586/2214
f 7064/3263/2214 7065/2462/2214 7066/2463/2214
f 7067/3264/2214 7065/2462/2214 7064/3263/2214
f 7068/2461/2214 7065/2462/2214 7067/3264/2214
f 7069/3262/2214 7066/2463/2214 7070/2464/2214
f 7064/3263/2214 7066/2463/2214 7069/3262/2214
f 7071/2932/2214 7070/2464/2214 7072/2465/2214
f 7069/3262/2214 7070/2464/2214 7071/2932/2214
f 7073/2930/2214 7072/2465/2214 7074/2466/2214
f 7071/2932/2214 7072/2465/2214 7073/2930/2214
f 7075/2928/2214 7074/2466/2214 7076/2467/2214
f 7073/2930/2214 7074/2466/2214 7075/2928/2214
f 7077/2924/2214 7076/2467/2214 7078/2468/2214
f 7079/2926/2214 7076/2467/2214 7077/2924/2214
f 7075/2928/2214 7076/2467/2214 7079/2926/2214
f 7080/2922/2214 7078/2468/2214 7081/2367/2214
f 7077/2924/2214 7078/2468/2214 7080/2922/2214
f 7082/2920/2214 7081/2367/2214 7083/2369/2214
f 7080/2922/2214 7081/2367/2214 7082/2920/2214
f 7084/2918/2214 7083/2369/2214 7085/2916/2214
f 7082/2920/2214 7083/2369/2214 7084/2918/2214
f 7068/2461/2214 7067/3264/2214 7086/3265/2214
f 7087/2460/2214 7086/3265/2214 7088/3266/2214
f 7068/2461/2214 7086/3265/2214 7087/2460/2214
f 7089/2459/2214 7088/3266/2214 7090/2447/2214
f 7087/2460/2214 7088/3266/2214 7089/2459/2214
f 7091/2458/2214 7090/2447/2214 7092/2448/2214
f 7089/2459/2214 7090/2447/2214 7091/2458/2214
f 7093/2456/2214 7092/2448/2214 7094/2449/2214
f 7095/2457/2214 7092/2448/2214 7093/2456/2214
f 7091/2458/2214 7092/2448/2214 7095/2457/2214
f 7096/2455/2214 7094/2449/2214 7097/2450/2214
f 7093/2456/2214 7094/2449/2214 7096/2455/2214
f 7098/2454/2214 7097/2450/2214 7099/2451/2214
f 7096/2455/2214 7097/2450/2214 7098/2454/2214
f 7100/2453/2214 7099/2451/2214 7101/2452/2214
f 7098/2454/2214 7099/2451/2214 7100/2453/2214
f 7102/2128/4088 7103/3565/264 7104/2129/264
f 7105/3566/4089 7106/2129/264 7107/3565/264
f 7105/3566/4089 7108/2130/4090 7106/2129/264
f 7109/3346/2214 7110/3565/2214 7111/3567/2214
f 7102/2128/4088 7112/3567/4091 7103/3565/264
f 7113/3347/2214 7110/3565/2214 7109/3346/2214
f 7114/3566/2214 7110/3565/2214 7113/3347/2214
f 7115/2433/2214 7111/3567/2214 7116/2415/2214
f 4687/2127/2857 4684/2415/2854 7112/3567/4091
f 7109/3346/2214 7111/3567/2214 7115/2433/2214
f 7102/2128/4088 4687/2127/2857 7112/3567/4091
f 7117/2431/2214 7116/2415/2214 7118/2416/2214
f 7115/2433/2214 7116/2415/2214 7117/2431/2214
f 7119/2429/2214 7118/2416/2214 7120/2417/2214
f 7117/2431/2214 7118/2416/2214 7119/2429/2214
f 7121/2428/2214 7120/2417/2214 7122/2418/2214
f 7119/2429/2214 7120/2417/2214 7121/2428/2214
f 7123/2426/2214 7122/2418/2214 7124/2419/2214
f 7125/2427/2214 7122/2418/2214 7123/2426/2214
f 7121/2428/2214 7122/2418/2214 7125/2427/2214
f 7126/2425/2214 7124/2419/2214 7127/2420/2214
f 7123/2426/2214 7124/2419/2214 7126/2425/2214
f 7128/2424/2214 7127/2420/2214 7129/2421/2214
f 7126/2425/2214 7127/2420/2214 7128/2424/2214
f 7130/2423/2214 7129/2421/2214 7131/2422/2214
f 7128/2424/2214 7129/2421/2214 7130/2423/2214
f 4104/2131/2398 6518/3363/3855 4105/2029/2399
f 7132/3568/4092 6521/3363/3858 7133/2131/4093
f 7132/3568/4092 6520/3364/3857 6521/3363/3858
f 7105/3566/4089 7133/2131/4093 7108/2130/4090
f 7105/3566/4089 7132/3568/4092 7133/2131/4093
f 3843/1962/2214 7134/1622/2214 3812/1624/2214
f 7135/2013/2214 7136/1623/2214 7134/1622/2214
f 7137/1994/4094 7134/1622/2214 3843/1962/2214
f 7138/1993/2214 7134/1622/2214 7137/1994/4094
f 7139/1997/2214 7134/1622/2214 7138/1993/2214
f 7140/1999/2214 7134/1622/2214 7139/1997/2214
f 7141/2001/2214 7134/1622/2214 7140/1999/2214
f 7142/2003/2214 7134/1622/2214 7141/2001/2214
f 7143/2005/2214 7134/1622/2214 7142/2003/2214
f 7144/2007/2214 7134/1622/2214 7143/2005/2214
f 7145/2009/2214 7134/1622/2214 7144/2007/2214
f 7146/2011/2214 7134/1622/2214 7145/2009/2214
f 7147/2014/2214 7134/1622/2214 7146/2011/2214
f 7135/2013/2214 7134/1622/2214 7147/2014/2214
f 3176/1635/588 7148/3282/588 7149/3569/588
f 7150/3284/4095 7151/3569/588 7152/3282/588
f 7153/3570/231 7154/1635/231 7155/3569/231
f 7150/3284/4095 7156/1925/4096 7151/3569/588
f 7157/3571/231 7155/3569/231 3767/1925/231
f 7158/3572/231 7153/3570/231 7155/3569/231
f 7159/3573/231 7158/3572/231 7155/3569/231
f 7160/3574/231 7159/3573/231 7155/3569/231
f 7161/3575/231 7160/3574/231 7155/3569/231
f 7162/3576/231 7161/3575/231 7155/3569/231
f 7163/3577/231 7162/3576/231 7155/3569/231
f 7164/3578/231 7163/3577/231 7155/3569/231
f 7165/3579/231 7164/3578/231 7155/3569/231
f 7166/3580/231 7165/3579/231 7155/3569/231
f 7167/3581/231 7166/3580/231 7155/3569/231
f 7168/3582/231 7167/3581/231 7155/3569/231
f 7157/3571/231 7168/3582/231 7155/3569/231
f 3176/1635/588 7169/3281/588 7148/3282/588
f 3176/1635/588 3175/1634/588 7169/3281/588
f 7170/3583/2214 7171/1630/2214 7172/1632/2214
f 3788/1871/2214 7173/1631/2214 7171/1630/2214
f 7174/3584/2214 3788/1871/2214 7171/1630/2214
f 7175/3585/2214 7174/3584/2214 7171/1630/2214
f 7176/3586/2214 7175/3585/2214 7171/1630/2214
f 7177/3587/2214 7176/3586/2214 7171/1630/2214
f 7178/3588/2214 7177/3587/2214 7171/1630/2214
f 7179/3589/2214 7178/3588/2214 7171/1630/2214
f 7180/3590/2214 7179/3589/2214 7171/1630/2214
f 7181/3591/2214 7180/3590/2214 7171/1630/2214
f 7182/3592/2214 7181/3591/2214 7171/1630/2214
f 7183/3593/2214 7182/3592/2214 7171/1630/2214
f 7184/3594/2214 7183/3593/2214 7171/1630/2214
f 7185/3595/2214 7184/3594/2214 7171/1630/2214
f 7170/3583/2214 7185/3595/2214 7171/1630/2214
f 7186/3570/4097 7187/1632/588 7188/1635/588
f 7189/3583/4097 7187/1632/588 7186/3570/4097
f 7190/3286/1924 7191/3596/1923 7156/1925/4096
f 3768/1920/231 3767/1925/231 7192/3596/231
f 7193/3283/1925 7190/3286/1924 7156/1925/4096
f 7150/3284/4095 7193/3283/1925 7156/1925/4096
f 3766/1924/231 7157/3571/231 3767/1925/231
f 7194/3288/4098 7195/3597/4099 7191/3596/1923
f 7196/3598/231 7192/3596/231 7197/3597/231
f 7198/3285/4100 7194/3288/4098 7191/3596/1923
f 7190/3286/1924 7198/3285/4100 7191/3596/1923
f 7196/3598/231 3768/1920/231 7192/3596/231
f 7199/3290/4101 7200/3599/4102 7195/3597/4099
f 7201/3600/231 7197/3597/231 7202/3599/231
f 7203/3287/4103 7199/3290/4101 7195/3597/4099
f 7194/3288/4098 7203/3287/4103 7195/3597/4099
f 7201/3600/231 7196/3598/231 7197/3597/231
f 7204/3289/1916 7205/3601/4104 7200/3599/4102
f 7206/3602/231 7202/3599/231 7207/3601/231
f 7199/3290/4101 7204/3289/1916 7200/3599/4102
f 7206/3602/231 7201/3600/231 7202/3599/231
f 7208/3291/1913 7209/3603/4105 7205/3601/4104
f 7210/3604/231 7207/3601/231 7211/3603/231
f 7204/3289/1916 7208/3291/1913 7205/3601/4104
f 7210/3604/231 7206/3602/231 7207/3601/231
f 7212/3292/1911 7213/3605/4106 7209/3603/4105
f 7214/3606/231 7211/3603/231 7215/3605/231
f 7208/3291/1913 7212/3292/1911 7209/3603/4105
f 7214/3606/231 7210/3604/231 7211/3603/231
f 7216/3607/1903 7217/3608/1903 7213/3605/4106
f 7218/3609/231 7215/3605/231 7219/3608/231
f 7220/3368/4107 7216/3607/1903 7213/3605/4106
f 7212/3292/1911 7220/3368/4107 7213/3605/4106
f 7218/3609/231 7214/3606/231 7215/3605/231
f 7221/3610/4108 7222/3608/1903 7223/3607/1903
f 7224/3611/231 7218/3609/231 7219/3608/231
f 7225/3612/231 7224/3611/231 7219/3608/231
f 7221/3610/4108 7226/3612/4109 7222/3608/1903
f 7227/3613/4110 7228/3607/4111 6527/3368/3863
f 7229/3614/4112 7230/3610/4113 7231/3607/4114
f 7232/3615/4115 7229/3614/4112 7231/3607/4114
f 7233/3616/4116 7232/3615/4115 7231/3607/4114
f 7234/3617/4117 7233/3616/4116 7231/3607/4114
f 7235/3618/4118 7234/3617/4117 7231/3607/4114
f 7236/3619/4119 7235/3618/4118 7231/3607/4114
f 7237/3613/4120 7236/3619/4119 7231/3607/4114
f 7238/3620/4121 7227/3613/4110 6527/3368/3863
f 7239/3621/4122 6527/3368/3863 7240/3622/4123
f 7241/3623/4124 7240/3622/4123 6527/3368/3863
f 7238/3620/4121 6527/3368/3863 7239/3621/4122
f 7242/3624/4125 6527/3368/3863 6529/3369/3865
f 7241/3623/4124 6527/3368/3863 7242/3624/4125
f 7243/1741/2214 7244/1646/2214 7245/1651/2214
f 7246/1744/2214 7244/1646/2214 7243/1741/2214
f 7247/1650/2214 7244/1646/2214 7246/1744/2214
f 7248/1742/2214 7245/1651/2214 7249/1652/2214
f 7248/1742/2214 7243/1741/2214 7245/1651/2214
f 7250/1876/2214 7249/1652/2214 7251/1653/2214
f 7248/1742/2214 7249/1652/2214 7250/1876/2214
f 7252/1875/2214 7251/1653/2214 7253/1654/2214
f 7250/1876/2214 7251/1653/2214 7252/1875/2214
f 7254/1874/2214 7253/1654/2214 7255/1655/2214
f 7252/1875/2214 7253/1654/2214 7254/1874/2214
f 7256/1873/2214 7255/1655/2214 7257/1656/2214
f 7254/1874/2214 7255/1655/2214 7256/1873/2214
f 7258/1872/2214 7257/1656/2214 7173/1631/2214
f 7256/1873/2214 7257/1656/2214 7258/1872/2214
f 7258/1872/2214 7173/1631/2214 3788/1871/2214
f 7259/3595/4126 7186/3570/4097 7260/3572/4126
f 7189/3583/4097 7186/3570/4097 7259/3595/4126
f 7259/3595/4126 7260/3572/4126 7261/3573/4127
f 7262/3594/4127 7261/3573/4127 7263/3574/4128
f 7259/3595/4126 7261/3573/4127 7262/3594/4127
f 7264/3593/4129 7263/3574/4128 7265/3575/4130
f 7262/3594/4127 7263/3574/4128 7264/3593/4129
f 7266/3592/4131 7265/3575/4130 7267/3576/4132
f 7264/3593/4129 7265/3575/4130 7266/3592/4131
f 7268/3591/4133 7267/3576/4132 7269/3577/4134
f 7266/3592/4131 7267/3576/4132 7268/3591/4133
f 7270/3590/4135 7269/3577/4134 7271/3578/4136
f 7268/3591/4133 7269/3577/4134 7270/3590/4135
f 7272/3589/4137 7271/3578/4136 7273/3579/4138
f 7270/3590/4135 7271/3578/4136 7272/3589/4137
f 7274/3588/4139 7273/3579/4138 7275/3580/4140
f 7272/3589/4137 7273/3579/4138 7274/3588/4139
f 7276/3587/4140 7275/3580/4140 7277/3581/4141
f 7274/3588/4139 7275/3580/4140 7276/3587/4140
f 7278/3585/4142 7277/3581/4141 7279/3582/4142
f 7280/3586/4141 7277/3581/4141 7278/3585/4142
f 7276/3587/4140 7277/3581/4141 7280/3586/4141
f 7278/3585/4142 7279/3582/4142 7281/3571/79
f 7282/1938/79 7283/3571/79 7284/1924/79
f 7278/3585/4142 7281/3571/79 7285/3584/79
f 7282/1938/79 7286/3584/79 7283/3571/79
f 7287/1938/79 7288/1924/79 7289/1926/4143
f 7290/1948/4144 7289/1926/4143 7291/1927/4144
f 7292/1949/4143 7289/1926/4143 7290/1948/4144
f 7287/1938/79 7289/1926/4143 7292/1949/4143
f 7290/1948/4144 7291/1927/4144 7293/1928/4145
f 7294/1947/4145 7293/1928/4145 7295/1929/4146
f 7290/1948/4144 7293/1928/4145 7294/1947/4145
f 7296/1946/4147 7295/1929/4146 7297/1930/4148
f 7294/1947/4145 7295/1929/4146 7296/1946/4147
f 7298/1945/4149 7297/1930/4148 7299/1931/4150
f 7296/1946/4147 7297/1930/4148 7298/1945/4149
f 7300/1944/4151 7299/1931/4150 7301/1932/4152
f 7298/1945/4149 7299/1931/4150 7300/1944/4151
f 7302/1943/4153 7301/1932/4152 7303/1933/4154
f 7300/1944/4151 7301/1932/4152 7302/1943/4153
f 7304/1942/4155 7303/1933/4154 7305/1934/4156
f 7302/1943/4153 7303/1933/4154 7304/1942/4155
f 7306/1941/4157 7305/1934/4156 7307/1935/4158
f 7304/1942/4155 7305/1934/4156 7306/1941/4157
f 7308/1940/4158 7307/1935/4158 7309/1936/4159
f 7306/1941/4157 7307/1935/4158 7308/1940/4158
f 3780/1937/2241 7309/1936/4159 3783/1923/2241
f 7310/1939/4159 7309/1936/4159 3780/1937/2241
f 7308/1940/4158 7309/1936/4159 7310/1939/4159
f 7311/2577/4160 3755/1920/2236 7312/3598/4161
f 7311/2577/4160 3762/1922/2240 3755/1920/2236
f 7313/2575/4162 7312/3598/4161 7314/3600/2204
f 7315/2576/4163 7311/2577/4160 7312/3598/4161
f 7313/2575/4162 7315/2576/4163 7312/3598/4161
f 7316/2574/4164 7314/3600/2204 7317/3602/4165
f 7316/2574/4164 7313/2575/4162 7314/3600/2204
f 7318/2573/4166 7317/3602/4165 7319/3604/4167
f 7318/2573/4166 7316/2574/4164 7317/3602/4165
f 7320/2572/4168 7319/3604/4167 7321/3606/4169
f 7320/2572/4168 7318/2573/4166 7319/3604/4167
f 7322/2563/4170 7321/3606/4169 7323/3609/4171
f 7322/2563/4170 7320/2572/4168 7321/3606/4169
f 7324/2571/4172 7323/3609/4171 7325/3611/2021
f 7324/2571/4172 7322/2563/4170 7323/3609/4171
f 7225/3612/231 7326/3625/231 7224/3611/231
f 7327/3626/2021 7328/3611/2021 7329/3625/4173
f 7324/2571/4172 7325/3611/2021 7330/3626/2021
f 7331/3627/231 7332/3628/231 7326/3625/231
f 7333/3629/2022 7329/3625/4173 7334/3628/4174
f 7225/3612/231 7331/3627/231 7326/3625/231
f 7333/3629/2022 7327/3626/2021 7329/3625/4173
f 7335/3630/231 7336/3631/231 7332/3628/231
f 7337/3632/2026 7334/3628/4174 7338/3631/2029
f 7331/3627/231 7335/3630/231 7332/3628/231
f 7337/3632/2026 7333/3629/2022 7334/3628/4174
f 7339/3633/231 7340/3634/231 7336/3631/231
f 7341/3442/2029 7338/3631/2029 7342/3634/4175
f 7335/3630/231 7339/3633/231 7336/3631/231
f 7341/3442/2029 7337/3632/2026 7338/3631/2029
f 7343/3635/231 7344/3636/231 7340/3634/231
f 7345/3440/4176 7342/3634/4175 7346/3636/4177
f 7339/3633/231 7343/3635/231 7340/3634/231
f 7347/3441/4175 7341/3442/2029 7342/3634/4175
f 7345/3440/4176 7347/3441/4175 7342/3634/4175
f 7348/3637/231 7349/3638/231 7344/3636/231
f 7350/3439/4178 7346/3636/4177 7351/3638/4179
f 7343/3635/231 7348/3637/231 7344/3636/231
f 7350/3439/4178 7345/3440/4176 7346/3636/4177
f 7352/3639/231 7353/3640/231 7349/3638/231
f 7354/3438/4180 7351/3638/4179 7355/3640/4181
f 7348/3637/231 7352/3639/231 7349/3638/231
f 7354/3438/4180 7350/3439/4178 7351/3638/4179
f 7356/3641/231 7357/3642/231 7353/3640/231
f 7358/3437/4182 7355/3640/4181 7359/3642/4183
f 7352/3639/231 7356/3641/231 7353/3640/231
f 7358/3437/4182 7354/3438/4180 7355/3640/4181
f 7360/3643/231 7361/3644/231 7357/3642/231
f 7362/3436/4184 7359/3642/4183 7363/3644/4185
f 7356/3641/231 7360/3643/231 7357/3642/231
f 7362/3436/4184 7358/3437/4182 7359/3642/4183
f 7364/3645/231 7365/3646/231 7361/3644/231
f 7366/3435/4186 7363/3644/4185 7367/3646/4187
f 7360/3643/231 7364/3645/231 7361/3644/231
f 7366/3435/4186 7362/3436/4184 7363/3644/4185
f 7368/3647/231 7369/3648/231 7365/3646/231
f 7370/3434/4188 7367/3646/4187 7371/3648/4189
f 7364/3645/231 7368/3647/231 7365/3646/231
f 7370/3434/4188 7366/3435/4186 7367/3646/4187
f 7372/3649/231 7373/3650/231 7369/3648/231
f 7374/3433/4190 7371/3648/4189 7375/3650/4191
f 7368/3647/231 7372/3649/231 7369/3648/231
f 7374/3433/4190 7370/3434/4188 7371/3648/4189
f 7376/3651/231 7377/3652/231 7373/3650/231
f 7378/2536/4192 7375/3650/4191 7379/3652/4193
f 7372/3649/231 7376/3651/231 7373/3650/231
f 7378/2536/4192 7374/3433/4190 7375/3650/4191
f 7380/3653/231 7381/3654/231 7377/3652/231
f 7382/2535/4194 7379/3652/4193 7383/3654/4195
f 7376/3651/231 7380/3653/231 7377/3652/231
f 7382/2535/4194 7378/2536/4192 7379/3652/4193
f 7384/3655/231 7385/3656/231 7381/3654/231
f 7386/3657/4196 7383/3654/4195 7387/3656/4197
f 7380/3653/231 7384/3655/231 7381/3654/231
f 7386/3657/4196 7382/2535/4194 7383/3654/4195
f 7388/3658/231 7389/3659/231 7385/3656/231
f 7390/3660/4198 7387/3656/4197 7391/3659/4199
f 7384/3655/231 7388/3658/231 7385/3656/231
f 7390/3660/4198 7386/3657/4196 7387/3656/4197
f 7392/3661/231 7393/3662/231 7389/3659/231
f 7394/3663/4200 7391/3659/4199 7395/3662/4201
f 7388/3658/231 7392/3661/231 7389/3659/231
f 7394/3663/4200 7390/3660/4198 7391/3659/4199
f 7396/3664/231 7397/3665/231 7393/3662/231
f 7398/2691/2058 7395/3662/4201 7399/3665/4202
f 7392/3661/231 7396/3664/231 7393/3662/231
f 7398/2691/2058 7394/3663/4200 7395/3662/4201
f 7400/3666/231 7401/3667/231 7397/3665/231
f 7402/2688/4203 7399/3665/4202 7403/3667/4204
f 7396/3664/231 7400/3666/231 7397/3665/231
f 7402/2688/4203 7398/2691/2058 7399/3665/4202
f 7404/3668/231 7405/3669/231 7401/3667/231
f 7406/2690/4205 7403/3667/4204 7407/3669/2061
f 7400/3666/231 7404/3668/231 7401/3667/231
f 7406/2690/4205 7402/2688/4203 7403/3667/4204
f 7408/3670/231 7409/3671/231 7405/3669/231
f 7410/2901/4206 7407/3669/2061 7411/3671/4207
f 7404/3668/231 7408/3670/231 7405/3669/231
f 7410/2901/4206 7406/2690/4205 7407/3669/2061
f 7412/3672/231 7413/3673/231 7409/3671/231
f 7414/2903/2066 7411/3671/4207 7415/3673/4208
f 7408/3670/231 7412/3672/231 7409/3671/231
f 7414/2903/2066 7410/2901/4206 7411/3671/4207
f 7412/3672/231 7416/3674/231 7413/3673/231
f 7414/2903/2066 7415/3673/4208 7417/3674/79
f 7418/3407/79 7417/3674/79 7419/3672/4209
f 7418/3407/79 7414/2903/2066 7417/3674/79
f 7420/3106/4210 7419/3672/4209 7421/3670/4211
f 7422/3405/2067 7418/3407/79 7419/3672/4209
f 7420/3106/4210 7422/3405/2067 7419/3672/4209
f 7423/3104/4212 7421/3670/4211 7424/3668/4213
f 7423/3104/4212 7420/3106/4210 7421/3670/4211
f 7425/3021/4214 7424/3668/4213 7426/3666/4215
f 7425/3021/4214 7423/3104/4212 7424/3668/4213
f 7425/3021/4214 7426/3666/4215 7427/3664/2075
f 7428/3018/2075 7427/3664/2075 7429/3661/4216
f 7428/3018/2075 7425/3021/4214 7427/3664/2075
f 7430/3019/4217 7429/3661/4216 7431/3658/4218
f 7430/3019/4217 7428/3018/2075 7429/3661/4216
f 7432/3675/4219 7431/3658/4218 7433/3655/4220
f 7432/3675/4219 7430/3019/4217 7431/3658/4218
f 7434/3676/4221 7433/3655/4220 7435/3653/4222
f 7434/3676/4221 7432/3675/4219 7433/3655/4220
f 7436/3338/4223 7435/3653/4222 7437/3651/4224
f 7436/3338/4223 7434/3676/4221 7435/3653/4222
f 7438/3319/4225 7437/3651/4224 7439/3649/4226
f 7438/3319/4225 7436/3338/4223 7437/3651/4224
f 7440/3329/3870 7439/3649/4226 7441/3647/4227
f 7440/3329/3870 7438/3319/4225 7439/3649/4226
f 7442/3402/4228 7441/3647/4227 7443/3645/4229
f 7442/3402/4228 7440/3329/3870 7441/3647/4227
f 7444/3401/4230 7443/3645/4229 7445/3643/4231
f 7444/3401/4230 7442/3402/4228 7443/3645/4229
f 7446/3400/4232 7445/3643/4231 7447/3641/4233
f 7446/3400/4232 7444/3401/4230 7445/3643/4231
f 7448/3399/4234 7447/3641/4233 7449/3639/4235
f 7448/3399/4234 7446/3400/4232 7447/3641/4233
f 7450/3398/4236 7449/3639/4235 7451/3637/4237
f 7450/3398/4236 7448/3399/4234 7449/3639/4235
f 7452/3397/2125 7451/3637/4237 7453/3635/4238
f 7452/3397/2125 7450/3398/4236 7451/3637/4237
f 7454/3396/2127 7453/3635/4238 7455/3633/4239
f 7454/3396/2127 7452/3397/2125 7453/3635/4238
f 7456/3391/4240 7455/3633/4239 7457/3630/4241
f 7458/3395/4242 7454/3396/2127 7455/3633/4239
f 7456/3391/4240 7458/3395/4242 7455/3633/4239
f 7459/3392/2133 7457/3630/4241 7460/3627/4243
f 7459/3392/2133 7456/3391/4240 7457/3630/4241
f 7221/3610/4108 7460/3627/4243 7226/3612/4109
f 7221/3610/4108 7459/3392/2133 7460/3627/4243
f 7461/3677/4244 7462/3626/4245 7463/3629/4246
f 7464/3678/4247 4959/2571/3088 7465/3626/4248
f 7466/3679/4249 7467/3680/4250 7465/3626/4248
f 7468/3681/4251 7465/3626/4248 7467/3680/4250
f 7469/3682/4252 7466/3679/4249 7465/3626/4248
f 7470/3677/4253 7469/3682/4252 7465/3626/4248
f 7468/3681/4251 7464/3678/4247 7465/3626/4248
f 7471/3683/4254 7463/3629/4246 7472/3632/4255
f 7473/3684/4256 7461/3677/4244 7463/3629/4246
f 7474/3685/4257 7463/3629/4246 7471/3683/4254
f 7475/3686/4258 7463/3629/4246 7474/3685/4257
f 7476/3687/4259 7463/3629/4246 7475/3686/4258
f 7477/3688/4260 7463/3629/4246 7476/3687/4259
f 7478/3689/4261 7463/3629/4246 7477/3688/4260
f 7473/3684/4256 7463/3629/4246 7478/3689/4261
f 7479/3690/4262 7472/3632/4255 6686/3442/3998
f 7480/3691/4263 7472/3632/4255 7479/3690/4262
f 7481/3692/4264 7472/3632/4255 7480/3691/4263
f 7482/3693/4265 7472/3632/4255 7481/3692/4264
f 7483/3694/4266 7472/3632/4255 7482/3693/4265
f 7484/3695/4267 7472/3632/4255 7483/3694/4266
f 7485/3696/4268 7472/3632/4255 7484/3695/4267
f 7471/3683/4254 7472/3632/4255 7485/3696/4268
f 7486/3697/4269 6686/3442/3998 6687/3443/3999
f 7487/3698/4270 6686/3442/3998 7486/3697/4269
f 7488/3699/4271 6686/3442/3998 7487/3698/4270
f 7489/3700/4272 6686/3442/3998 7488/3699/4271
f 7490/3701/4273 6686/3442/3998 7489/3700/4272
f 7479/3690/4262 6686/3442/3998 7490/3701/4273
f 7491/3702/4274 4918/2535/3047 7492/3657/4275
f 7493/3703/4276 4914/2534/3043 4918/2535/3047
f 7491/3702/4274 7493/3703/4276 4918/2535/3047
f 7494/3704/4277 7492/3657/4275 7495/3660/4278
f 7496/3705/4279 7491/3702/4274 7492/3657/4275
f 7497/3706/4280 7496/3705/4279 7492/3657/4275
f 7498/3707/4281 7497/3706/4280 7492/3657/4275
f 7499/3708/4282 7498/3707/4281 7492/3657/4275
f 7500/3709/4283 7499/3708/4282 7492/3657/4275
f 7494/3704/4277 7500/3709/4283 7492/3657/4275
f 7501/3710/4284 7495/3660/4278 7502/3663/4285
f 7503/3711/4286 7494/3704/4277 7495/3660/4278
f 7504/3712/4287 7503/3711/4286 7495/3660/4278
f 7505/3713/4288 7504/3712/4287 7495/3660/4278
f 7506/3714/4289 7505/3713/4288 7495/3660/4278
f 7507/3715/4290 7506/3714/4289 7495/3660/4278
f 7508/3716/4291 7507/3715/4290 7495/3660/4278
f 7501/3710/4284 7508/3716/4291 7495/3660/4278
f 7509/3717/4292 7502/3663/4285 5095/2691/3218
f 7510/3718/4293 7501/3710/4284 7502/3663/4285
f 7511/3719/4294 7510/3718/4293 7502/3663/4285
f 7512/3720/4295 7511/3719/4294 7502/3663/4285
f 7513/3721/4296 7512/3720/4295 7502/3663/4285
f 7514/3722/4297 7513/3721/4296 7502/3663/4285
f 7515/3723/4298 7514/3722/4297 7502/3663/4285
f 7509/3717/4292 7515/3723/4298 7502/3663/4285
f 7516/3724/4299 7509/3717/4292 5095/2691/3218
f 7517/3725/4300 7516/3724/4299 5095/2691/3218
f 7518/3726/4301 7517/3725/4300 5095/2691/3218
f 7519/3727/4302 7518/3726/4301 5095/2691/3218
f 5097/2692/3220 7519/3727/4302 5095/2691/3218
f 7520/3728/4303 5767/3019/3503 7521/3675/4304
f 7522/3729/4305 5768/3020/3496 5767/3019/3503
f 7523/3730/4306 7522/3729/4305 5767/3019/3503
f 7524/3731/4307 7523/3730/4306 5767/3019/3503
f 7525/3732/4308 7524/3731/4307 5767/3019/3503
f 7520/3728/4303 7525/3732/4308 5767/3019/3503
f 7526/3733/4309 7521/3675/4304 7527/3676/4310
f 7528/3734/4311 7520/3728/4303 7521/3675/4304
f 7529/3735/4312 7528/3734/4311 7521/3675/4304
f 7530/3736/4313 7529/3735/4312 7521/3675/4304
f 7531/3737/4314 7530/3736/4313 7521/3675/4304
f 7532/3738/4315 7531/3737/4314 7521/3675/4304
f 7533/3739/4316 7532/3738/4315 7521/3675/4304
f 7526/3733/4309 7533/3739/4316 7521/3675/4304
f 7534/3740/4317 7527/3676/4310 6464/3338/3822
f 7535/3741/4318 7526/3733/4309 7527/3676/4310
f 7536/3742/4319 7535/3741/4318 7527/3676/4310
f 7537/3743/4320 7536/3742/4319 7527/3676/4310
f 7538/3744/4321 7537/3743/4320 7527/3676/4310
f 7539/3745/4322 7538/3744/4321 7527/3676/4310
f 7540/3746/4323 7539/3745/4322 7527/3676/4310
f 7534/3740/4317 7540/3746/4323 7527/3676/4310
f 7541/3747/4324 7534/3740/4317 6464/3338/3822
f 7542/3748/4325 7541/3747/4324 6464/3338/3822
f 7543/3749/4326 7542/3748/4325 6464/3338/3822
f 7544/3750/4327 7543/3749/4326 6464/3338/3822
f 7545/3751/4328 7544/3750/4327 6464/3338/3822
f 7546/3752/4329 7545/3751/4328 6464/3338/3822
f 6459/3334/3817 7546/3752/4329 6464/3338/3822
f 7547/3753/4330 6576/3392/3903 7230/3610/4113
f 7548/3754/4331 6577/3393/3904 6576/3392/3903
f 7549/3755/4332 7548/3754/4331 6576/3392/3903
f 7550/3756/4333 7549/3755/4332 6576/3392/3903
f 7551/3757/4334 7550/3756/4333 6576/3392/3903
f 7552/3758/4335 7551/3757/4334 6576/3392/3903
f 7547/3753/4330 7552/3758/4335 6576/3392/3903
f 7553/3759/4336 7547/3753/4330 7230/3610/4113
f 7554/3760/4337 7553/3759/4336 7230/3610/4113
f 7555/3761/4338 7554/3760/4337 7230/3610/4113
f 7556/3762/4339 7555/3761/4338 7230/3610/4113
f 7557/3763/4340 7556/3762/4339 7230/3610/4113
f 7558/3764/4341 7557/3763/4340 7230/3610/4113
f 7229/3614/4112 7558/3764/4341 7230/3610/4113
f 7247/1650/2214 7246/1744/2214 7559/1743/2214
f 7560/1819/2214 7559/1743/2214 7561/1745/2214
f 7247/1650/2214 7559/1743/2214 7560/1819/2214
f 7562/1813/2214 7561/1745/2214 7563/1746/2214
f 7560/1819/2214 7561/1745/2214 7562/1813/2214
f 7564/1810/2214 7563/1746/2214 7565/1747/2214
f 7562/1813/2214 7563/1746/2214 7564/1810/2214
f 7566/1809/2214 7565/1747/2214 7567/1748/2214
f 7564/1810/2214 7565/1747/2214 7566/1809/2214
f 7568/1808/2214 7567/1748/2214 7569/1749/2214
f 7566/1809/2214 7567/1748/2214 7568/1808/2214
f 7570/1807/2214 7569/1749/2214 7571/1750/2214
f 7568/1808/2214 7569/1749/2214 7570/1807/2214
f 7572/1806/2214 7571/1750/2214 7573/1751/2214
f 7570/1807/2214 7571/1750/2214 7572/1806/2214
f 7574/1805/2214 7573/1751/2214 7575/1752/2214
f 7572/1806/2214 7573/1751/2214 7574/1805/2214
f 7576/1804/2214 7575/1752/2214 7577/1753/2214
f 7574/1805/2214 7575/1752/2214 7576/1804/2214
f 7578/1803/2214 7577/1753/2214 7579/1754/2214
f 7576/1804/2214 7577/1753/2214 7578/1803/2214
f 7580/1802/2214 7579/1754/2214 7581/1755/2214
f 7578/1803/2214 7579/1754/2214 7580/1802/2214
f 7582/1801/2214 7581/1755/2214 7583/1756/2214
f 7580/1802/2214 7581/1755/2214 7582/1801/2214
f 7584/1795/2214 7583/1756/2214 7585/1757/2214
f 7582/1801/2214 7583/1756/2214 7584/1795/2214
f 7586/1787/2214 7585/1757/2214 7587/1758/2214
f 7584/1795/2214 7585/1757/2214 7586/1787/2214
f 7588/1778/2214 7587/1758/2214 7589/1759/2214
f 7586/1787/2214 7587/1758/2214 7588/1778/2214
f 7590/1773/2214 7589/1759/2214 7591/1760/2214
f 7588/1778/2214 7589/1759/2214 7590/1773/2214
f 7592/1770/2214 7591/1760/2214 7593/1762/2214
f 7590/1773/2214 7591/1760/2214 7592/1770/2214
f 7594/1768/2214 7593/1762/2214 7595/1761/2214
f 7592/1770/2214 7593/1762/2214 7594/1768/2214
f 7596/1769/2214 7595/1761/2214 7597/1763/2214
f 7594/1768/2214 7595/1761/2214 7596/1769/2214
f 7598/1767/2214 7597/1763/2214 7599/1764/2214
f 7596/1769/2214 7597/1763/2214 7598/1767/2214
f 7600/1766/2214 7599/1764/2214 7601/1765/2214
f 7598/1767/2214 7599/1764/2214 7600/1766/2214
f 7464/3678/4247 6657/3431/3969 4959/2571/3088
f 3787/1938/2214 3788/1871/2214 7174/3584/2214
f 7602/3765/79 7603/3680/79 7604/3679/4342
f 7605/3766/4343 7606/3681/4344 7607/3680/79
f 7605/3766/4343 7607/3680/79 7608/3765/79
f 7609/3767/2683 7604/3679/4342 7610/3682/4345
f 7609/3767/2683 7602/3765/79 7604/3679/4342
f 7611/3768/2704 7610/3682/4345 7612/3677/4346
f 7611/3768/2704 7609/3767/2683 7610/3682/4345
f 7613/3684/4347 7611/3768/2704 7612/3677/4346
f 7614/3769/4348 6660/3431/3972 7615/3678/4349
f 7614/3769/4348 6659/3432/3971 6660/3431/3972
f 7605/3766/4343 7615/3678/4349 7606/3681/4344
f 7605/3766/4343 7614/3769/4348 7615/3678/4349
f 7616/3414/2214 7617/3765/2214 7618/3767/2214
f 7619/3415/2214 7617/3765/2214 7616/3414/2214
f 7620/3766/2214 7617/3765/2214 7619/3415/2214
f 7621/3410/2214 7618/3767/2214 7622/3768/2214
f 7616/3414/2214 7618/3767/2214 7621/3410/2214
f 7623/3770/2214 7622/3768/2214 7624/3771/2214
f 7613/3684/4347 7625/3771/2802 7611/3768/2704
f 7621/3410/2214 7622/3768/2214 7623/3770/2214
f 7626/3772/2214 7624/3771/2214 7627/3773/2214
f 7628/3689/4350 7629/3773/2708 7625/3771/2802
f 7623/3770/2214 7624/3771/2214 7626/3772/2214
f 7613/3684/4347 7628/3689/4350 7625/3771/2802
f 7630/3774/2214 7627/3773/2214 7631/3775/2214
f 7632/3688/4351 7633/3775/2711 7629/3773/2708
f 7626/3772/2214 7627/3773/2214 7630/3774/2214
f 7628/3689/4350 7632/3688/4351 7629/3773/2708
f 7634/3776/2214 7631/3775/2214 7635/3777/2214
f 7636/3686/4352 7637/3777/3841 7633/3775/2711
f 7638/3778/2214 7631/3775/2214 7634/3776/2214
f 7630/3774/2214 7631/3775/2214 7638/3778/2214
f 7639/3687/4353 7636/3686/4352 7633/3775/2711
f 7632/3688/4351 7639/3687/4353 7633/3775/2711
f 7640/3779/2214 7635/3777/2214 7641/3780/2214
f 7642/3685/4354 7643/3780/2715 7637/3777/3841
f 7634/3776/2214 7635/3777/2214 7640/3779/2214
f 7636/3686/4352 7642/3685/4354 7637/3777/3841
f 7644/3781/2214 7641/3780/2214 7645/3782/2214
f 7646/3696/4355 7647/3782/2746 7643/3780/2715
f 7640/3779/2214 7641/3780/2214 7644/3781/2214
f 7648/3683/4356 7646/3696/4355 7643/3780/2715
f 7642/3685/4354 7648/3683/4356 7643/3780/2715
f 7649/3783/2214 7645/3782/2214 7650/3784/2214
f 7651/3695/4357 7652/3784/2720 7647/3782/2746
f 7644/3781/2214 7645/3782/2214 7649/3783/2214
f 7646/3696/4355 7651/3695/4357 7647/3782/2746
f 7653/3693/4358 7654/3783/2722 7652/3784/2720
f 7655/3694/4359 7653/3693/4358 7652/3784/2720
f 7651/3695/4357 7655/3694/4359 7652/3784/2720
f 7656/3692/4360 7657/3781/2725 7654/3783/2722
f 7653/3693/4358 7656/3692/4360 7654/3783/2722
f 7658/3690/4361 7659/3779/2727 7657/3781/2725
f 7660/3691/4362 7658/3690/4361 7657/3781/2725
f 7656/3692/4360 7660/3691/4362 7657/3781/2725
f 7661/3701/4363 7662/3776/4364 7659/3779/2727
f 7658/3690/4361 7661/3701/4363 7659/3779/2727
f 7663/3700/4365 7664/3778/4366 7662/3776/4364
f 7661/3701/4363 7663/3700/4365 7662/3776/4364
f 7665/3699/4367 7666/3774/4368 7664/3778/4366
f 7663/3700/4365 7665/3699/4367 7664/3778/4366
f 7667/3697/4369 7668/3772/4370 7666/3774/4368
f 7669/3698/4371 7667/3697/4369 7666/3774/4368
f 7665/3699/4367 7669/3698/4371 7666/3774/4368
f 7670/3443/4372 7671/3770/4373 7668/3772/4370
f 7667/3697/4369 7670/3443/4372 7668/3772/4370
f 6618/3411/3944 6612/3410/3698 7671/3770/4373
f 7670/3443/4372 6618/3411/3944 7671/3770/4373
f 7620/3766/2214 7619/3415/2214 7672/3416/2214
f 7673/3769/2214 7672/3416/2214 7674/3417/2214
f 7620/3766/2214 7672/3416/2214 7673/3769/2214
f 7675/3432/2214 7674/3417/2214 7676/3418/2214
f 7673/3769/2214 7674/3417/2214 7675/3432/2214
f 7677/3430/2214 7676/3418/2214 7678/3419/2214
f 7675/3432/2214 7676/3418/2214 7677/3430/2214
f 7679/3427/2214 7678/3419/2214 7680/3420/2214
f 7681/3428/2214 7678/3419/2214 7679/3427/2214
f 7677/3430/2214 7678/3419/2214 7681/3428/2214
f 7682/3426/2214 7680/3420/2214 7683/3421/2214
f 7679/3427/2214 7680/3420/2214 7682/3426/2214
f 7684/3425/2214 7683/3421/2214 7685/3422/2214
f 7682/3426/2214 7683/3421/2214 7684/3425/2214
f 7686/3424/2214 7685/3422/2214 7687/3423/2214
f 7684/3425/2214 7685/3422/2214 7686/3424/2214
f 5762/3016/3498 5763/3015/3499 7688/3020/4374
f 7689/3785/4375 7688/3020/4374 7690/3729/4376
f 7689/3785/4375 5762/3016/3498 7688/3020/4374
f 7691/3786/2732 7690/3729/4376 7692/3730/4377
f 7691/3786/2732 7689/3785/4375 7690/3729/4376
f 7693/3787/2735 7692/3730/4377 7694/3731/4378
f 7693/3787/2735 7691/3786/2732 7692/3730/4377
f 7695/3788/2651 7694/3731/4378 7696/3732/4379
f 7695/3788/2651 7693/3787/2735 7694/3731/4378
f 7697/3789/2648 7696/3732/4379 7698/3728/2338
f 7697/3789/2648 7695/3788/2651 7696/3732/4379
f 7699/3790/3698 7698/3728/2338 7700/3734/4380
f 7699/3790/3698 7697/3789/2648 7698/3728/2338
f 7699/3790/3698 7700/3734/4380 7701/3735/1011
f 7702/3791/264 7703/3735/3892 7704/3736/4381
f 7705/3791/264 7699/3790/3698 7701/3735/1011
f 7706/3792/3700 7704/3736/4381 7707/3737/4382
f 7706/3792/3700 7702/3791/264 7704/3736/4381
f 7708/3793/2854 7707/3737/4382 7709/3738/4383
f 7708/3793/2854 7706/3792/3700 7707/3737/4382
f 7708/3793/2854 7709/3738/4383 7710/3739/4384
f 7711/3794/2858 7710/3739/4384 7712/3733/4385
f 7711/3794/2858 7708/3793/2854 7710/3739/4384
f 7713/3795/4386 7712/3733/4385 7714/3741/4387
f 7713/3795/4386 7711/3794/2858 7712/3733/4385
f 7713/3795/4386 7714/3741/4387 7715/3742/4388
f 7716/3796/2929 7715/3742/4388 7717/3743/4389
f 7716/3796/2929 7713/3795/4386 7715/3742/4388
f 7718/3797/2655 7717/3743/4389 7719/3744/4390
f 7718/3797/2655 7716/3796/2929 7717/3743/4389
f 7718/3797/2655 7719/3744/4390 7720/3745/4391
f 7721/3798/2865 7720/3745/4391 7722/3746/4392
f 7721/3798/2865 7718/3797/2655 7720/3745/4391
f 7723/3799/2659 7722/3746/4392 7724/3740/4393
f 7723/3799/2659 7721/3798/2865 7722/3746/4392
f 7723/3799/2659 7724/3740/4393 7725/3747/4394
f 7726/3800/3109 7725/3747/4394 7727/3748/4395
f 7726/3800/3109 7723/3799/2659 7725/3747/4394
f 7728/3801/4396 7727/3748/4395 7729/3749/4397
f 7728/3801/4396 7726/3800/3109 7727/3748/4395
f 7730/3802/2665 7729/3749/4397 7731/3750/4398
f 7730/3802/2665 7728/3801/4396 7729/3749/4397
f 7732/3803/2782 7731/3750/4398 7733/3751/4399
f 7732/3803/2782 7730/3802/2665 7731/3750/4398
f 7734/3804/4400 7733/3751/4399 7735/3752/4401
f 7734/3804/4400 7732/3803/2782 7733/3751/4399
f 6468/3340/3826 7735/3752/4401 6469/3334/3827
f 6468/3340/3826 7734/3804/4400 7735/3752/4401
f 7736/3805/2854 6573/3389/3900 7737/3394/4402
f 7736/3805/2854 6572/3390/3899 6573/3389/3900
f 7738/3806/4403 7737/3394/4402 7739/3393/4404
f 7738/3806/4403 7736/3805/2854 7737/3394/4402
f 7738/3806/4403 7739/3393/4404 7740/3754/4405
f 7741/3807/2860 7740/3754/4405 7742/3755/4406
f 7741/3807/2860 7738/3806/4403 7740/3754/4405
f 7743/3808/4407 7742/3755/4406 7744/3756/4408
f 7743/3808/4407 7741/3807/2860 7742/3755/4406
f 7745/3809/2931 7744/3756/4408 7746/3757/4409
f 7745/3809/2931 7743/3808/4407 7744/3756/4408
f 7747/3810/2865 7746/3757/4409 7748/3758/4410
f 7747/3810/2865 7745/3809/2931 7746/3757/4409
f 7747/3810/2865 7748/3758/4410 7749/3753/4411
f 7750/3811/2659 7749/3753/4411 7751/3759/4412
f 7750/3811/2659 7747/3810/2865 7749/3753/4411
f 7752/3812/3109 7751/3759/4412 7753/3760/4413
f 7752/3812/3109 7750/3811/2659 7751/3759/4412
f 7752/3812/3109 7753/3760/4413 7754/3761/4414
f 7755/3813/2663 7754/3761/4414 7756/3762/4415
f 7755/3813/2663 7752/3812/3109 7754/3761/4414
f 7757/3814/2873 7756/3762/4415 7758/3763/4416
f 7757/3814/2873 7755/3813/2663 7756/3762/4415
f 7757/3814/2873 7758/3763/4416 7759/3764/4417
f 7760/3815/2782 7759/3764/4417 7761/3614/4418
f 7760/3815/2782 7757/3814/2873 7759/3764/4417
f 7762/3816/2669 7761/3614/4418 7763/3615/4419
f 7762/3816/2669 7760/3815/2782 7761/3614/4418
f 7762/3816/2669 7763/3615/4419 7764/3616/4420
f 7765/3817/2671 7764/3616/4420 7766/3617/4421
f 7765/3817/2671 7762/3816/2669 7764/3616/4420
f 7767/3818/2790 7766/3617/4421 7768/3618/4422
f 7767/3818/2790 7765/3817/2671 7766/3617/4421
f 7769/3819/3828 7768/3618/4422 7770/3619/4423
f 7769/3819/3828 7767/3818/2790 7768/3618/4422
f 7769/3819/3828 7770/3619/4423 7771/3613/4424
f 7772/3820/4425 7769/3819/3828 7771/3613/4424
f 7773/3620/4426 7772/3820/4425 7771/3613/4424
f 7774/3821/3869 4917/2534/3046 7775/3703/4427
f 7774/3821/3869 4912/2533/3041 4917/2534/3046
f 7776/3822/2713 7775/3703/4427 7777/3702/4428
f 7776/3822/2713 7774/3821/3869 7775/3703/4427
f 7778/3823/2715 7777/3702/4428 7779/3705/4429
f 7778/3823/2715 7776/3822/2713 7777/3702/4428
f 7780/3824/3874 7779/3705/4429 7781/3706/4430
f 7780/3824/3874 7778/3823/2715 7779/3705/4429
f 7782/3825/2720 7781/3706/4430 7783/3707/4431
f 7782/3825/2720 7780/3824/3874 7781/3706/4430
f 7782/3825/2720 7783/3707/4431 7784/3708/4432
f 7785/3826/4433 7784/3708/4432 7786/3709/4434
f 7785/3826/4433 7782/3825/2720 7784/3708/4432
f 7787/3827/2725 7786/3709/4434 7788/3704/4435
f 7787/3827/2725 7785/3826/4433 7786/3709/4434
f 7789/3828/2727 7788/3704/4435 7790/3711/4436
f 7789/3828/2727 7787/3827/2725 7788/3704/4435
f 7789/3828/2727 7790/3711/4436 7791/3712/4437
f 7792/3829/3880 7791/3712/4437 7793/3713/4438
f 7792/3829/3880 7789/3828/2727 7791/3712/4437
f 7794/3830/2732 7793/3713/4438 7795/3714/4439
f 7794/3830/2732 7792/3829/3880 7793/3713/4438
f 7794/3830/2732 7795/3714/4439 7796/3715/4440
f 7797/3831/2735 7796/3715/4440 7798/3716/4441
f 7797/3831/2735 7794/3830/2732 7796/3715/4440
f 7799/3832/2651 7798/3716/4441 7800/3710/4442
f 7799/3832/2651 7797/3831/2735 7798/3716/4441
f 7799/3832/2651 7800/3710/4442 7801/3718/4443
f 7802/3833/4444 7801/3718/4443 7803/3719/4445
f 7802/3833/4444 7799/3832/2651 7801/3718/4443
f 7804/3834/3698 7803/3719/4445 7805/3720/4446
f 7804/3834/3698 7802/3833/4444 7803/3719/4445
f 7804/3834/3698 7805/3720/4446 7806/3721/264
f 7807/3835/264 7808/3721/264 7809/3722/4447
f 7810/3835/264 7804/3834/3698 7806/3721/264
f 7811/3836/3700 7809/3722/4447 7812/3723/4448
f 7811/3836/3700 7807/3835/264 7809/3722/4447
f 7813/3837/2854 7812/3723/4448 7814/3717/4449
f 7813/3837/2854 7811/3836/3700 7812/3723/4448
f 7815/3838/4450 7814/3717/4449 7816/3724/4451
f 7815/3838/4450 7813/3837/2854 7814/3717/4449
f 7817/3839/3953 7816/3724/4451 7818/3725/4452
f 7817/3839/3953 7815/3838/4450 7816/3724/4451
f 7819/3840/2929 7818/3725/4452 7820/3726/4453
f 7819/3840/2929 7817/3839/3953 7818/3725/4452
f 7821/3841/2931 7820/3726/4453 7822/3727/4454
f 7821/3841/2931 7819/3840/2929 7820/3726/4453
f 7821/3841/2931 7822/3727/4454 5103/2692/3225
f 5102/2694/3224 7821/3841/2931 5103/2692/3225
f 7823/3791/2214 7824/3344/2214 7825/3345/2214
f 7826/3792/2214 7824/3344/2214 7823/3791/2214
f 7827/3343/2214 7824/3344/2214 7826/3792/2214
f 7828/3790/2214 7825/3345/2214 7829/2994/2214
f 7823/3791/2214 7825/3345/2214 7828/3790/2214
f 7830/3789/2214 7829/2994/2214 7831/2996/2214
f 7828/3790/2214 7829/2994/2214 7830/3789/2214
f 7832/3788/2214 7831/2996/2214 7833/2998/2214
f 7830/3789/2214 7831/2996/2214 7832/3788/2214
f 7834/3787/2214 7833/2998/2214 7835/3001/2214
f 7832/3788/2214 7833/2998/2214 7834/3787/2214
f 7836/3785/2214 7835/3001/2214 7837/3003/2214
f 7838/3786/2214 7835/3001/2214 7836/3785/2214
f 7834/3787/2214 7835/3001/2214 7838/3786/2214
f 7839/3016/2214 7837/3003/2214 7840/3005/2214
f 7836/3785/2214 7837/3003/2214 7839/3016/2214
f 7841/3013/2214 7840/3005/2214 7842/3007/2214
f 7839/3016/2214 7840/3005/2214 7841/3013/2214
f 7843/3011/2214 7842/3007/2214 7844/3009/2214
f 7841/3013/2214 7842/3007/2214 7843/3011/2214
f 7827/3343/2214 7826/3792/2214 7845/3793/2214
f 7846/3342/2214 7845/3793/2214 7847/3794/2214
f 7827/3343/2214 7845/3793/2214 7846/3342/2214
f 7848/3341/2214 7847/3794/2214 7849/3795/2214
f 7846/3342/2214 7847/3794/2214 7848/3341/2214
f 7850/3339/2214 7849/3795/2214 7851/3796/2214
f 7848/3341/2214 7849/3795/2214 7850/3339/2214
f 7852/3804/2214 7851/3796/2214 7853/3797/2214
f 7854/3340/2214 7851/3796/2214 7852/3804/2214
f 7850/3339/2214 7851/3796/2214 7854/3340/2214
f 7855/3803/2214 7853/3797/2214 7856/3798/2214
f 7852/3804/2214 7853/3797/2214 7855/3803/2214
f 7857/3802/2214 7856/3798/2214 7858/3799/2214
f 7855/3803/2214 7856/3798/2214 7857/3802/2214
f 7859/3801/2214 7858/3799/2214 7860/3800/2214
f 7857/3802/2214 7858/3799/2214 7859/3801/2214
f 7861/3842/2214 7862/3387/2214 7863/3390/2214
f 7864/3843/2214 7862/3387/2214 7861/3842/2214
f 7865/3385/2214 7862/3387/2214 7864/3843/2214
f 7866/3844/2214 7863/3390/2214 7867/3805/2214
f 7861/3842/2214 7863/3390/2214 7866/3844/2214
f 7868/3820/2214 7867/3805/2214 7869/3806/2214
f 7866/3844/2214 7867/3805/2214 7868/3820/2214
f 7870/3819/2214 7869/3806/2214 7871/3807/2214
f 7868/3820/2214 7869/3806/2214 7870/3819/2214
f 7872/3818/2214 7871/3807/2214 7873/3808/2214
f 7870/3819/2214 7871/3807/2214 7872/3818/2214
f 7874/3816/2214 7873/3808/2214 7875/3809/2214
f 7876/3817/2214 7873/3808/2214 7874/3816/2214
f 7872/3818/2214 7873/3808/2214 7876/3817/2214
f 7877/3815/2214 7875/3809/2214 7878/3810/2214
f 7874/3816/2214 7875/3809/2214 7877/3815/2214
f 7879/3814/2214 7878/3810/2214 7880/3811/2214
f 7877/3815/2214 7878/3810/2214 7879/3814/2214
f 7881/3813/2214 7880/3811/2214 7882/3812/2214
f 7879/3814/2214 7880/3811/2214 7881/3813/2214
f 7773/3620/4426 7883/3844/4455 7772/3820/4425
f 7884/3622/81 7885/3842/79 7883/3844/4455
f 7886/3621/4456 7884/3622/81 7883/3844/4455
f 7773/3620/4426 7886/3621/4456 7883/3844/4455
f 7887/3623/4457 7888/3842/79 7889/3622/79
f 7887/3623/4457 7890/3843/4458 7888/3842/79
f 7865/3385/2214 7864/3843/2214 7891/3845/2214
f 7892/3624/4459 7893/3845/4460 7890/3843/4458
f 7887/3623/4457 7892/3624/4459 7890/3843/4458
f 7894/3384/2214 7891/3845/2214 7895/3370/2214
f 6531/3369/3867 6530/3370/3866 7893/3845/4460
f 7865/3385/2214 7891/3845/2214 7894/3384/2214
f 7892/3624/4459 6531/3369/3867 7893/3845/4460
f 7896/3383/2214 7895/3370/2214 7897/3367/2214
f 7894/3384/2214 7895/3370/2214 7896/3383/2214
f 7898/3382/2214 7897/3367/2214 7899/3372/2214
f 7896/3383/2214 7897/3367/2214 7898/3382/2214
f 7900/3380/2214 7899/3372/2214 7901/3373/2214
f 7902/3381/2214 7899/3372/2214 7900/3380/2214
f 7898/3382/2214 7899/3372/2214 7902/3381/2214
f 7903/3379/2214 7901/3373/2214 7904/3374/2214
f 7900/3380/2214 7901/3373/2214 7903/3379/2214
f 7905/3378/2214 7904/3374/2214 7906/3375/2214
f 7903/3379/2214 7904/3374/2214 7905/3378/2214
f 7907/3377/2214 7906/3375/2214 7908/3376/2214
f 7905/3378/2214 7906/3375/2214 7907/3377/2214
f 7909/3835/2214 7910/2525/2214 7911/2527/2214
f 7912/3836/2214 7910/2525/2214 7909/3835/2214
f 7913/2523/2214 7910/2525/2214 7912/3836/2214
f 7914/3834/2214 7911/2527/2214 7915/2529/2214
f 7909/3835/2214 7911/2527/2214 7914/3834/2214
f 7916/3833/2214 7915/2529/2214 7917/2531/2214
f 7914/3834/2214 7915/2529/2214 7916/3833/2214
f 7918/3832/2214 7917/2531/2214 7919/2533/2214
f 7916/3833/2214 7917/2531/2214 7918/3832/2214
f 7920/3831/2214 7919/2533/2214 7921/3821/2214
f 7918/3832/2214 7919/2533/2214 7920/3831/2214
f 7922/3829/2214 7921/3821/2214 7923/3822/2214
f 7924/3830/2214 7921/3821/2214 7922/3829/2214
f 7920/3831/2214 7921/3821/2214 7924/3830/2214
f 7925/3828/2214 7923/3822/2214 7926/3823/2214
f 7922/3829/2214 7923/3822/2214 7925/3828/2214
f 7927/3827/2214 7926/3823/2214 7928/3824/2214
f 7925/3828/2214 7926/3823/2214 7927/3827/2214
f 7929/3826/2214 7928/3824/2214 7930/3825/2214
f 7927/3827/2214 7928/3824/2214 7929/3826/2214
f 7913/2523/2214 7912/3836/2214 7931/3837/2214
f 7932/2520/2214 7931/3837/2214 7933/3838/2214
f 7913/2523/2214 7931/3837/2214 7932/2520/2214
f 7934/2522/2214 7933/3838/2214 7935/3839/2214
f 7932/2520/2214 7933/3838/2214 7934/2522/2214
f 7936/2701/2214 7935/3839/2214 7937/3840/2214
f 7934/2522/2214 7935/3839/2214 7936/2701/2214
f 7938/2699/2214 7937/3840/2214 7939/3841/2214
f 7940/2700/2214 7937/3840/2214 7938/2699/2214
f 7936/2701/2214 7937/3840/2214 7940/2700/2214
f 7941/2698/2214 7939/3841/2214 7942/2694/2214
f 7938/2699/2214 7939/3841/2214 7941/2698/2214
f 7943/2697/2214 7942/2694/2214 7944/2693/2214
f 7941/2698/2214 7942/2694/2214 7943/2697/2214
f 7945/2696/2214 7944/2693/2214 7946/2695/2214
f 7943/2697/2214 7944/2693/2214 7945/2696/2214
f 7114/3566/2214 7113/3347/2214 7947/3348/2214
f 7948/3568/2214 7947/3348/2214 7949/3349/2214
f 7114/3566/2214 7947/3348/2214 7948/3568/2214
f 7950/3364/2214 7949/3349/2214 7951/3350/2214
f 7948/3568/2214 7949/3349/2214 7950/3364/2214
f 7952/3362/2214 7951/3350/2214 7953/3351/2214
f 7950/3364/2214 7951/3350/2214 7952/3362/2214
f 7954/3359/2214 7953/3351/2214 7955/3352/2214
f 7956/3360/2214 7953/3351/2214 7954/3359/2214
f 7952/3362/2214 7953/3351/2214 7956/3360/2214
f 7957/3358/2214 7955/3352/2214 7958/3353/2214
f 7954/3359/2214 7955/3352/2214 7957/3358/2214
f 7959/3357/2214 7958/3353/2214 7960/3354/2214
f 7957/3358/2214 7958/3353/2214 7959/3357/2214
f 7961/3356/2214 7960/3354/2214 7962/3355/2214
f 7959/3357/2214 7960/3354/2214 7961/3356/2214
f 7963/946/231 7964/1658/231 7965/1659/231
f 7966/947/231 7964/1658/231 7963/946/231
f 7967/1657/231 7964/1658/231 7966/947/231
f 7968/941/231 7965/1659/231 7969/1644/231
f 7963/946/231 7965/1659/231 7968/941/231
f 7970/944/231 7969/1644/231 7971/1831/231
f 7968/941/231 7969/1644/231 7970/944/231
f 7972/1844/231 7971/1831/231 7973/1832/231
f 7970/944/231 7971/1831/231 7972/1844/231
f 7974/1843/231 7973/1832/231 7975/1833/231
f 7972/1844/231 7973/1832/231 7974/1843/231
f 7976/1841/231 7975/1833/231 7977/1834/231
f 7978/1842/231 7975/1833/231 7976/1841/231
f 7974/1843/231 7975/1833/231 7978/1842/231
f 7979/1840/231 7977/1834/231 7980/1835/231
f 7976/1841/231 7977/1834/231 7979/1840/231
f 7981/1839/231 7980/1835/231 7982/1836/231
f 7979/1840/231 7980/1835/231 7981/1839/231
f 7983/1838/231 7982/1836/231 7984/1837/231
f 7981/1839/231 7982/1836/231 7983/1838/231
f 7967/1657/231 7966/947/231 7985/948/231
f 7986/966/231 7985/948/231 7987/949/231
f 7967/1657/231 7985/948/231 7986/966/231
f 7988/963/231 7987/949/231 7989/950/231
f 7986/966/231 7987/949/231 7988/963/231
f 7990/961/231 7989/950/231 7991/951/231
f 7988/963/231 7989/950/231 7990/961/231
f 7992/959/231 7991/951/231 7993/952/231
f 7994/960/231 7991/951/231 7992/959/231
f 7990/961/231 7991/951/231 7994/960/231
f 7995/958/231 7993/952/231 7996/953/231
f 7992/959/231 7993/952/231 7995/958/231
f 7997/957/231 7996/953/231 7998/954/231
f 7995/958/231 7996/953/231 7997/957/231
f 7999/956/231 7998/954/231 8000/955/231
f 7997/957/231 7998/954/231 7999/956/231
f 8001/1857/231 8002/611/231 8003/882/231
f 8004/1858/231 8002/611/231 8001/1857/231
f 8005/608/231 8002/611/231 8004/1858/231
f 8006/1856/231 8003/882/231 8007/884/231
f 8001/1857/231 8003/882/231 8006/1856/231
f 8008/1855/231 8007/884/231 8009/886/231
f 8006/1856/231 8007/884/231 8008/1855/231
f 8010/1854/231 8009/886/231 8011/888/231
f 8008/1855/231 8009/886/231 8010/1854/231
f 8012/1853/231 8011/888/231 8013/890/231
f 8010/1854/231 8011/888/231 8012/1853/231
f 8014/1851/231 8013/890/231 8015/893/231
f 8016/1852/231 8013/890/231 8014/1851/231
f 8012/1853/231 8013/890/231 8016/1852/231
f 8017/1850/231 8015/893/231 8018/1845/231
f 8014/1851/231 8015/893/231 8017/1850/231
f 8019/1849/231 8018/1845/231 8020/1846/231
f 8017/1850/231 8018/1845/231 8019/1849/231
f 8021/1848/231 8020/1846/231 8022/1847/231
f 8019/1849/231 8020/1846/231 8021/1848/231
f 8005/608/231 8004/1858/231 8023/1859/231
f 8024/606/231 8023/1859/231 8025/1860/231
f 8005/608/231 8023/1859/231 8024/606/231
f 8026/604/231 8025/1860/231 8027/1861/231
f 8024/606/231 8025/1860/231 8026/604/231
f 8028/602/231 8027/1861/231 8029/1862/231
f 8026/604/231 8027/1861/231 8028/602/231
f 8030/598/231 8029/1862/231 8031/586/231
f 8032/600/231 8029/1862/231 8030/598/231
f 8028/602/231 8029/1862/231 8032/600/231
f 8033/596/231 8031/586/231 8034/583/231
f 8030/598/231 8031/586/231 8033/596/231
f 8035/594/231 8034/583/231 8036/588/231
f 8033/596/231 8034/583/231 8035/594/231
f 8037/592/231 8036/588/231 8038/590/231
f 8035/594/231 8036/588/231 8037/592/231
f 8039/310/231 8040/1411/231 8041/1412/231
f 8042/311/231 8040/1411/231 8039/310/231
f 8043/1410/231 8040/1411/231 8042/311/231
f 8044/307/231 8041/1412/231 8045/1395/231
f 8039/310/231 8041/1412/231 8044/307/231
f 8046/309/231 8045/1395/231 8047/1584/231
f 8044/307/231 8045/1395/231 8046/309/231
f 8048/1597/231 8047/1584/231 8049/1585/231
f 8046/309/231 8047/1584/231 8048/1597/231
f 8050/1596/231 8049/1585/231 8051/1586/231
f 8048/1597/231 8049/1585/231 8050/1596/231
f 8052/1594/231 8051/1586/231 8053/1587/231
f 8054/1595/231 8051/1586/231 8052/1594/231
f 8050/1596/231 8051/1586/231 8054/1595/231
f 8055/1593/231 8053/1587/231 8056/1588/231
f 8052/1594/231 8053/1587/231 8055/1593/231
f 8057/1592/231 8056/1588/231 8058/1589/231
f 8055/1593/231 8056/1588/231 8057/1592/231
f 8059/1591/231 8058/1589/231 8060/1590/231
f 8057/1592/231 8058/1589/231 8059/1591/231
f 8043/1410/231 8042/311/231 8061/312/231
f 8062/329/231 8061/312/231 8063/313/231
f 8043/1410/231 8061/312/231 8062/329/231
f 8064/326/231 8063/313/231 8065/314/231
f 8062/329/231 8063/313/231 8064/326/231
f 8066/325/231 8065/314/231 8067/315/231
f 8064/326/231 8065/314/231 8066/325/231
f 8068/323/231 8067/315/231 8069/316/231
f 8070/324/231 8067/315/231 8068/323/231
f 8066/325/231 8067/315/231 8070/324/231
f 8071/322/231 8069/316/231 8072/317/231
f 8068/323/231 8069/316/231 8071/322/231
f 8073/321/231 8072/317/231 8074/318/231
f 8071/322/231 8072/317/231 8073/321/231
f 8075/320/231 8074/318/231 8076/319/231
f 8073/321/231 8074/318/231 8075/320/231
f 8077/1610/231 8078/218/231 8079/224/231
f 8080/1611/231 8078/218/231 8077/1610/231
f 8081/217/231 8078/218/231 8080/1611/231
f 8082/1609/231 8079/224/231 8083/240/231
f 8077/1610/231 8079/224/231 8082/1609/231
f 8084/1608/231 8083/240/231 8085/242/231
f 8082/1609/231 8083/240/231 8084/1608/231
f 8086/1607/231 8085/242/231 8087/244/231
f 8084/1608/231 8085/242/231 8086/1607/231
f 8088/1606/231 8087/244/231 8089/246/231
f 8086/1607/231 8087/244/231 8088/1606/231
f 8090/1604/231 8089/246/231 8091/249/231
f 8092/1605/231 8089/246/231 8090/1604/231
f 8088/1606/231 8089/246/231 8092/1605/231
f 8093/1603/231 8091/249/231 8094/1598/231
f 8090/1604/231 8091/249/231 8093/1603/231
f 8095/1602/231 8094/1598/231 8096/1599/231
f 8093/1603/231 8094/1598/231 8095/1602/231
f 8097/1601/231 8096/1599/231 8098/1600/231
f 8095/1602/231 8096/1599/231 8097/1601/231
f 8081/217/231 8080/1611/231 8099/1612/231
f 8100/216/231 8099/1612/231 8101/1613/231
f 8081/217/231 8099/1612/231 8100/216/231
f 8102/215/231 8101/1613/231 8103/1614/231
f 8100/216/231 8101/1613/231 8102/215/231
f 8104/214/231 8103/1614/231 8105/1615/231
f 8102/215/231 8103/1614/231 8104/214/231
f 8106/212/231 8105/1615/231 8107/206/231
f 8108/213/231 8105/1615/231 8106/212/231
f 8104/214/231 8105/1615/231 8108/213/231
f 8109/211/231 8107/206/231 8110/204/231
f 8106/212/231 8107/206/231 8109/211/231
f 8111/210/231 8110/204/231 8112/207/231
f 8109/211/231 8110/204/231 8111/210/231
f 8113/209/231 8112/207/231 8114/208/231
f 8111/210/231 8112/207/231 8113/209/231
f 8115/2723/2214 8116/2714/2214 8117/2717/2214
f 8115/2723/2214 8118/2713/2214 8116/2714/2214
f 8119/2722/2214 8120/2712/2214 8118/2713/2214
f 8115/2723/2214 8119/2722/2214 8118/2713/2214
f 8121/2730/2214 8122/2711/2214 8120/2712/2214
f 8123/2727/2214 8121/2730/2214 8120/2712/2214
f 8119/2722/2214 8123/2727/2214 8120/2712/2214
f 8124/2733/2214 8125/2710/2214 8122/2711/2214
f 8121/2730/2214 8124/2733/2214 8122/2711/2214
f 8126/2736/2214 8127/2709/2214 8125/2710/2214
f 8124/2733/2214 8126/2736/2214 8125/2710/2214
f 8128/2741/2214 8129/2708/2214 8127/2709/2214
f 8130/2739/2214 8128/2741/2214 8127/2709/2214
f 8126/2736/2214 8130/2739/2214 8127/2709/2214
f 8131/3261/2214 8132/2707/2214 8129/2708/2214
f 8133/3446/4094 8131/3261/2214 8129/2708/2214
f 8128/2741/2214 8133/3446/4094 8129/2708/2214
f 8134/2912/2214 8135/2706/2214 8132/2707/2214
f 8131/3261/2214 8134/2912/2214 8132/2707/2214
f 8136/2914/2214 8137/2705/2214 8135/2706/2214
f 8134/2912/2214 8136/2914/2214 8135/2706/2214
f 8138/3233/2214 8139/3260/2214 8131/3261/2214
f 8140/3229/2214 8138/3233/2214 8131/3261/2214
f 8133/3446/4094 8140/3229/2214 8131/3261/2214
f 8141/3236/2214 8142/3259/2214 8139/3260/2214
f 8138/3233/2214 8141/3236/2214 8139/3260/2214
f 8143/3242/2214 8144/3258/2214 8142/3259/2214
f 8145/3239/2214 8143/3242/2214 8142/3259/2214
f 8141/3236/2214 8145/3239/2214 8142/3259/2214
f 8146/3245/2214 8147/3257/2214 8144/3258/2214
f 8143/3242/2214 8146/3245/2214 8144/3258/2214
f 8148/3248/2214 8149/3256/2214 8147/3257/2214
f 8146/3245/2214 8148/3248/2214 8147/3257/2214
f 8150/3251/2214 8151/3255/2214 8149/3256/2214
f 8152/3252/2214 8150/3251/2214 8149/3256/2214
f 8148/3248/2214 8152/3252/2214 8149/3256/2214
f 8153/3253/2214 8154/3254/2214 8151/3255/2214
f 8150/3251/2214 8153/3253/2214 8151/3255/2214
f 8155/3456/2214 8156/3209/2214 8157/3210/2214
f 8158/3455/2214 8157/3210/2214 8159/3211/2214
f 8155/3456/2214 8157/3210/2214 8158/3455/2214
f 8160/3453/2214 8161/3208/2214 8156/3209/2214
f 8155/3456/2214 8160/3453/2214 8156/3209/2214
f 8162/3462/2214 8163/3207/2214 8161/3208/2214
f 8164/3459/2214 8162/3462/2214 8161/3208/2214
f 8160/3453/2214 8164/3459/2214 8161/3208/2214
f 8165/2756/2214 8166/3204/2214 8163/3207/2214
f 8167/3464/2214 8165/2756/2214 8163/3207/2214
f 8162/3462/2214 8167/3464/2214 8163/3207/2214
f 8168/2755/2214 8169/3205/2214 8166/3204/2214
f 8165/2756/2214 8168/2755/2214 8166/3204/2214
f 8170/3449/2214 8171/3203/2214 8169/3205/2214
f 8168/2755/2214 8170/3449/2214 8169/3205/2214
f 8172/3486/2214 8173/2754/2214 8165/2756/2214
f 8174/3487/2214 8172/3486/2214 8165/2756/2214
f 8167/3464/2214 8174/3487/2214 8165/2756/2214
f 8175/3508/2214 8176/2753/2214 8173/2754/2214
f 8172/3486/2214 8175/3508/2214 8173/2754/2214
f 8177/3510/2214 8178/2752/2214 8176/2753/2214
f 8179/3509/2214 8177/3510/2214 8176/2753/2214
f 8175/3508/2214 8179/3509/2214 8176/2753/2214
f 8180/3511/2214 8181/2751/2214 8178/2752/2214
f 8177/3510/2214 8180/3511/2214 8178/2752/2214
f 8182/3513/2214 8183/2750/2214 8181/2751/2214
f 8180/3511/2214 8182/3513/2214 8181/2751/2214
f 8184/3489/2214 8185/2749/2214 8183/2750/2214
f 8186/3512/2214 8184/3489/2214 8183/2750/2214
f 8182/3513/2214 8186/3512/2214 8183/2750/2214
f 8187/3214/2214 8188/2748/2214 8185/2749/2214
f 8189/3507/4094 8187/3214/2214 8185/2749/2214
f 8184/3489/2214 8189/3507/4094 8185/2749/2214
f 8190/3219/2214 8191/2747/2214 8188/2748/2214
f 8187/3214/2214 8190/3219/2214 8188/2748/2214
f 8192/3448/2214 8193/2745/2214 8191/2747/2214
f 8190/3219/2214 8192/3448/2214 8191/2747/2214
f 8194/3480/2214 8195/3212/2214 8187/3214/2214
f 8196/3476/2214 8194/3480/2214 8187/3214/2214
f 8189/3507/4094 8196/3476/2214 8187/3214/2214
f 8197/3479/2214 8159/3211/2214 8195/3212/2214
f 8194/3480/2214 8197/3479/2214 8195/3212/2214
f 8198/3481/2214 8158/3455/2214 8159/3211/2214
f 8197/3479/2214 8198/3481/2214 8159/3211/2214
f 8199/2759/2214 8200/2767/2214 8201/3514/2214
f 8202/3522/2214 8199/2759/2214 8201/3514/2214
f 8202/3522/2214 8201/3514/2214 8203/2771/2214
f 8199/2759/2214 8204/2766/2214 8200/2767/2214
f 8205/3545/2214 8206/3201/2214 8199/2759/2214
f 8202/3522/2214 8205/3545/2214 8199/2759/2214
f 8207/3546/2214 8208/3200/2214 8206/3201/2214
f 8209/3547/2214 8207/3546/2214 8206/3201/2214
f 8205/3545/2214 8209/3547/2214 8206/3201/2214
f 8210/3549/2214 8211/3199/2214 8208/3200/2214
f 8212/3548/4461 8210/3549/2214 8208/3200/2214
f 8207/3546/2214 8212/3548/4461 8208/3200/2214
f 8213/3517/2214 8214/3197/2214 8211/3199/2214
f 8215/3515/2214 8213/3517/2214 8211/3199/2214
f 8210/3549/2214 8215/3515/2214 8211/3199/2214
f 8216/3518/2214 8217/3198/2214 8214/3197/2214
f 8213/3517/2214 8216/3518/2214 8214/3197/2214
f 8218/3543/2214 8219/3516/2214 8215/3515/2214
f 8220/3533/2214 8218/3543/2214 8215/3515/2214
f 8210/3549/2214 8220/3533/2214 8215/3515/2214
f 8221/2774/2214 8222/2775/2214 8219/3516/2214
f 8223/3544/2214 8221/2774/2214 8219/3516/2214
f 8218/3543/2214 8223/3544/2214 8219/3516/2214
f 8224/3523/2214 8203/2771/2214 8221/2774/2214
f 8223/3544/2214 8224/3523/2214 8221/2774/2214
f 8202/3522/2214 8203/2771/2214 8224/3523/2214
f 8225/2794/2214 8226/2788/2214 8227/2791/2214
f 8225/2794/2214 8228/2787/2214 8226/2788/2214
f 8225/2794/2214 8229/2780/2214 8228/2787/2214
f 8230/3193/2214 8231/3194/2214 8229/2780/2214
f 8232/3192/2214 8230/3193/2214 8229/2780/2214
f 8233/3189/2214 8232/3192/2214 8229/2780/2214
f 8234/3551/2214 8233/3189/2214 8229/2780/2214
f 8225/2794/2214 8234/3551/2214 8229/2780/2214
f 8235/3552/2214 8236/3553/2214 8233/3189/2214
f 8234/3551/2214 8235/3552/2214 8233/3189/2214
f 8237/3178/2214 8238/3176/2214 8239/3175/2214
f 8237/3178/2214 8240/3174/2214 8238/3176/2214
f 8241/2803/2214 8242/2806/2214 8240/3174/2214
f 8237/3178/2214 8241/2803/2214 8240/3174/2214
f 8241/2803/2214 8243/2805/2214 8242/2806/2214
f 8237/3178/2214 8244/3177/2214 8241/2803/2214
f 8245/2824/2214 8246/2814/2214 8247/2817/2214
f 8245/2824/2214 8248/2813/2214 8246/2814/2214
f 8245/2824/2214 8249/2809/2214 8248/2813/2214
f 8250/3167/2214 8251/3168/2214 8249/2809/2214
f 8252/3166/2214 8250/3167/2214 8249/2809/2214
f 8253/3162/2214 8252/3166/2214 8249/2809/2214
f 8254/3554/2214 8253/3162/2214 8249/2809/2214
f 8245/2824/2214 8254/3554/2214 8249/2809/2214
f 8255/3555/2214 8256/3556/2214 8253/3162/2214
f 8254/3554/2214 8255/3555/2214 8253/3162/2214
f 8257/2855/2214 8258/2845/2214 8259/2849/2214
f 8257/2855/2214 8260/2842/2214 8258/2845/2214
f 8261/2854/2214 8262/2840/2214 8260/2842/2214
f 8257/2855/2214 8261/2854/2214 8260/2842/2214
f 8263/2862/2214 8264/2839/2214 8262/2840/2214
f 8265/2857/2214 8263/2862/2214 8262/2840/2214
f 8261/2854/2214 8265/2857/2214 8262/2840/2214
f 8266/2866/2214 8267/2838/2214 8264/2839/2214
f 8263/2862/2214 8266/2866/2214 8264/2839/2214
f 8268/2865/2214 8269/2837/2214 8267/2838/2214
f 8266/2866/2214 8268/2865/2214 8267/2838/2214
f 8270/2872/2214 8271/2836/2214 8269/2837/2214
f 8272/2869/2214 8270/2872/2214 8269/2837/2214
f 8268/2865/2214 8272/2869/2214 8269/2837/2214
f 8273/3154/2214 8274/2833/2214 8271/2836/2214
f 8275/2874/2214 8273/3154/2214 8271/2836/2214
f 8270/2872/2214 8275/2874/2214 8271/2836/2214
f 8276/3153/2214 8277/2834/2214 8274/2833/2214
f 8273/3154/2214 8276/3153/2214 8274/2833/2214
f 8278/3559/2214 8279/2826/2214 8277/2834/2214
f 8276/3153/2214 8278/3559/2214 8277/2834/2214
f 8280/3127/2214 8281/3152/2214 8273/3154/2214
f 8282/3562/2214 8280/3127/2214 8273/3154/2214
f 8275/2874/2214 8282/3562/2214 8273/3154/2214
f 8283/3126/2214 8284/3151/2214 8281/3152/2214
f 8280/3127/2214 8283/3126/2214 8281/3152/2214
f 8285/3133/2214 8286/3150/2214 8284/3151/2214
f 8287/3130/2214 8285/3133/2214 8284/3151/2214
f 8283/3126/2214 8287/3130/2214 8284/3151/2214
f 8288/3137/2214 8289/3149/2214 8286/3150/2214
f 8285/3133/2214 8288/3137/2214 8286/3150/2214
f 8290/3142/2214 8291/3148/2214 8289/3149/2214
f 8288/3137/2214 8290/3142/2214 8289/3149/2214
f 8292/3144/2214 8293/3147/2214 8291/3148/2214
f 8294/3141/2214 8292/3144/2214 8291/3148/2214
f 8290/3142/2214 8294/3141/2214 8291/3148/2214
f 8295/3145/2214 8296/3146/2214 8293/3147/2214
f 8292/3144/2214 8295/3145/2214 8293/3147/2214
f 8297/2878/2214 8298/2880/2214 8299/2881/2214
f 8300/3563/2214 8297/2878/2214 8299/2881/2214
f 8301/3113/2214 8302/3116/2214 8297/2878/2214
f 8300/3563/2214 8301/3113/2214 8297/2878/2214
f 8303/2885/2214 8304/3564/2214 8301/3113/2214
f 8300/3563/2214 8303/2885/2214 8301/3113/2214
f 8305/2889/2214 8306/3109/2214 8304/3564/2214
f 8303/2885/2214 8305/2889/2214 8304/3564/2214
f 8305/2889/2214 8307/3108/2214 8306/3109/2214
f 8303/2885/2214 8308/2888/2214 8305/2889/2214
f 8309/1095/231 8310/1090/231 8311/1084/231
f 8309/1095/231 8312/445/231 8310/1090/231
f 8313/1094/231 8314/444/231 8312/445/231
f 8309/1095/231 8313/1094/231 8312/445/231
f 8315/1102/231 8316/443/231 8314/444/231
f 8317/1099/231 8315/1102/231 8314/444/231
f 8313/1094/231 8317/1099/231 8314/444/231
f 8318/1105/231 8319/442/231 8316/443/231
f 8315/1102/231 8318/1105/231 8316/443/231
f 8320/1108/231 8321/441/231 8319/442/231
f 8318/1105/231 8320/1108/231 8319/442/231
f 8322/1114/231 8323/440/231 8321/441/231
f 8324/1111/231 8322/1114/231 8321/441/231
f 8320/1108/231 8324/1111/231 8321/441/231
f 8325/579/231 8326/439/231 8323/440/231
f 8327/1116/4462 8325/579/231 8323/440/231
f 8322/1114/231 8327/1116/4462 8323/440/231
f 8328/580/231 8329/557/231 8326/439/231
f 8325/579/231 8328/580/231 8326/439/231
f 8330/553/231 8331/556/231 8329/557/231
f 8328/580/231 8330/553/231 8329/557/231
f 8332/1140/231 8333/577/231 8325/579/231
f 8334/1139/231 8332/1140/231 8325/579/231
f 8327/1116/4462 8334/1139/231 8325/579/231
f 8335/1141/231 8336/878/231 8333/577/231
f 8332/1140/231 8335/1141/231 8333/577/231
f 8337/1143/231 8338/877/231 8336/878/231
f 8339/1142/231 8337/1143/231 8336/878/231
f 8335/1141/231 8339/1142/231 8336/878/231
f 8340/1145/231 8341/876/231 8338/877/231
f 8337/1143/231 8340/1145/231 8338/877/231
f 8342/1148/231 8343/875/231 8341/876/231
f 8340/1145/231 8342/1148/231 8341/876/231
f 8344/1151/231 8345/874/231 8343/875/231
f 8346/1152/231 8344/1151/231 8343/875/231
f 8342/1148/231 8346/1152/231 8343/875/231
f 8347/1153/231 8348/867/231 8345/874/231
f 8344/1151/231 8347/1153/231 8345/874/231
f 8349/1178/231 8350/862/231 8351/863/231
f 8352/1172/231 8351/863/231 8353/864/231
f 8349/1178/231 8351/863/231 8352/1172/231
f 8354/1177/231 8355/861/231 8350/862/231
f 8349/1178/231 8354/1177/231 8350/862/231
f 8356/1184/231 8357/860/231 8355/861/231
f 8358/1181/231 8356/1184/231 8355/861/231
f 8354/1177/231 8358/1181/231 8355/861/231
f 8359/1157/231 8360/858/231 8357/860/231
f 8361/1187/231 8359/1157/231 8357/860/231
f 8356/1184/231 8361/1187/231 8357/860/231
f 8362/1156/231 8363/1168/231 8360/858/231
f 8359/1157/231 8362/1156/231 8360/858/231
f 8364/1158/231 8365/1167/231 8363/1168/231
f 8362/1156/231 8364/1158/231 8363/1168/231
f 8366/1221/231 8367/457/231 8359/1157/231
f 8368/1222/231 8366/1221/231 8359/1157/231
f 8361/1187/231 8368/1222/231 8359/1157/231
f 8369/1223/231 8370/456/231 8367/457/231
f 8366/1221/231 8369/1223/231 8367/457/231
f 8371/1225/231 8372/455/231 8370/456/231
f 8373/1224/231 8371/1225/231 8370/456/231
f 8369/1223/231 8373/1224/231 8370/456/231
f 8374/1226/231 8375/454/231 8372/455/231
f 8371/1225/231 8374/1226/231 8372/455/231
f 8376/1228/231 8377/453/231 8375/454/231
f 8374/1226/231 8376/1228/231 8375/454/231
f 8378/1229/231 8379/452/231 8377/453/231
f 8380/1227/231 8378/1229/231 8377/453/231
f 8376/1228/231 8380/1227/231 8377/453/231
f 8381/1154/231 8382/447/231 8379/452/231
f 8383/1217/4462 8381/1154/231 8379/452/231
f 8378/1229/231 8383/1217/4462 8379/452/231
f 8384/1155/231 8385/1138/231 8382/447/231
f 8381/1154/231 8384/1155/231 8382/447/231
f 8386/1119/231 8387/1137/231 8385/1138/231
f 8384/1155/231 8386/1119/231 8385/1138/231
f 8388/1220/231 8389/865/231 8381/1154/231
f 8390/1218/231 8388/1220/231 8381/1154/231
f 8383/1217/4462 8390/1218/231 8381/1154/231
f 8391/1219/231 8353/864/231 8389/865/231
f 8388/1220/231 8391/1219/231 8389/865/231
f 8392/1174/231 8352/1172/231 8353/864/231
f 8391/1219/231 8392/1174/231 8353/864/231
f 8393/460/231 8394/469/231 8395/1230/231
f 8396/1258/231 8393/460/231 8395/1230/231
f 8396/1258/231 8395/1230/231 8397/472/231
f 8393/460/231 8398/468/231 8394/469/231
f 8399/1259/231 8400/856/231 8393/460/231
f 8396/1258/231 8399/1259/231 8393/460/231
f 8401/1261/231 8402/854/231 8400/856/231
f 8403/1262/231 8401/1261/231 8400/856/231
f 8399/1259/231 8403/1262/231 8400/856/231
f 8404/1271/231 8405/855/231 8402/854/231
f 8406/1266/231 8404/1271/231 8402/854/231
f 8401/1261/231 8406/1266/231 8402/854/231
f 8407/1244/231 8408/1247/231 8405/855/231
f 8409/1232/231 8407/1244/231 8405/855/231
f 8404/1271/231 8409/1232/231 8405/855/231
f 8410/1245/231 8411/1246/231 8408/1247/231
f 8407/1244/231 8410/1245/231 8408/1247/231
f 8412/1276/231 8413/1233/231 8409/1232/231
f 8414/1275/231 8412/1276/231 8409/1232/231
f 8404/1271/231 8414/1275/231 8409/1232/231
f 8415/477/231 8416/479/231 8413/1233/231
f 8417/1277/231 8415/477/231 8413/1233/231
f 8412/1276/231 8417/1277/231 8413/1233/231
f 8418/1251/231 8397/472/231 8415/477/231
f 8417/1277/231 8418/1251/231 8415/477/231
f 8396/1258/231 8397/472/231 8418/1251/231
f 8419/1285/231 8420/486/231 8421/1280/231
f 8419/1285/231 8422/485/231 8420/486/231
f 8419/1285/231 8423/483/231 8422/485/231
f 8424/847/231 8425/850/231 8423/483/231
f 8426/1299/231 8424/847/231 8423/483/231
f 8427/1298/231 8426/1299/231 8423/483/231
f 8428/1286/231 8427/1298/231 8423/483/231
f 8419/1285/231 8428/1286/231 8423/483/231
f 8429/1287/231 8430/1294/231 8427/1298/231
f 8428/1286/231 8429/1287/231 8427/1298/231
f 8431/843/231 8432/1303/231 8433/841/231
f 8431/843/231 8434/1302/231 8432/1303/231
f 8435/489/231 8436/493/231 8434/1302/231
f 8431/843/231 8435/489/231 8434/1302/231
f 8435/489/231 8437/492/231 8436/493/231
f 8431/843/231 8438/842/231 8435/489/231
f 8439/1319/231 8440/500/231 8441/1308/231
f 8439/1319/231 8442/499/231 8440/500/231
f 8439/1319/231 8443/496/231 8442/499/231
f 8444/825/231 8445/835/231 8443/496/231
f 8446/1334/231 8444/825/231 8443/496/231
f 8447/1333/231 8446/1334/231 8443/496/231
f 8448/1320/231 8447/1333/231 8443/496/231
f 8439/1319/231 8448/1320/231 8443/496/231
f 8449/1321/231 8450/1329/231 8447/1333/231
f 8448/1320/231 8449/1321/231 8447/1333/231
f 8451/1345/231 8452/1340/231 8453/1339/231
f 8451/1345/231 8454/510/231 8452/1340/231
f 8455/1344/231 8456/509/231 8454/510/231
f 8451/1345/231 8455/1344/231 8454/510/231
f 8457/1352/231 8458/508/231 8456/509/231
f 8459/1347/231 8457/1352/231 8456/509/231
f 8455/1344/231 8459/1347/231 8456/509/231
f 8460/1356/231 8461/507/231 8458/508/231
f 8457/1352/231 8460/1356/231 8458/508/231
f 8462/1355/231 8463/506/231 8461/507/231
f 8460/1356/231 8462/1355/231 8461/507/231
f 8464/1362/231 8465/505/231 8463/506/231
f 8466/1359/231 8464/1362/231 8463/506/231
f 8462/1355/231 8466/1359/231 8463/506/231
f 2567/1336/231 8467/503/231 8465/505/231
f 2565/1365/231 2567/1336/231 8465/505/231
f 8464/1362/231 2565/1365/231 8465/505/231
f 5124/1335/231 5126/1326/231 8467/503/231
f 2567/1336/231 5124/1335/231 8467/503/231
f 5125/1323/231 8468/1325/231 5126/1326/231
